{
  "precision peptides": 0.43478260869565216,
  "recall peptides": 0.30303030303030304,
  "f1 peptides": 0.35714285714285715,
  "precision propeptides": 0.5909090909090909,
  "recall propeptides": 0.43333333333333335,
  "f1 propeptides": 0.5,
  "precision all": 0.5373134328358209,
  "recall all": 0.3870967741935484,
  "f1 all": 0.45,
  "residue mcc peptides": 0.5550201274539037,
  "residue positives peptides": 764,
  "residue total peptides": 32854,
  "residue roc_auc peptides": 0.8422103899536479,
  "residue mcc propeptides": 0.7012836517276004,
  "residue positives propeptides": 1500,
  "residue total propeptides": 32854,
  "residue roc_auc propeptides": 0.6103058514596755,
  "residue mcc all": 0.7052069347013781,
  "residue positives all": 2264,
  "residue total all": 32854,
  "residue roc_auc all": 0.7026847875180346,
  "loss": 14.650806903839111
}