{
  "precision peptides": 0.43478260869565216,
  "recall peptides": 0.30303030303030304,
  "f1 peptides": 0.35714285714285715,
  "precision propeptides": 0.5909090909090909,
  "recall propeptides": 0.43333333333333335,
  "f1 propeptides": 0.5,
  "precision all": 0.5373134328358209,
  "recall all": 0.3870967741935484,
  "f1 all": 0.45
}