{
  "f1 all": 0.45,
  "precision all": 0.5373134328358209,
  "recall all": 0.3870967741935484,
  "f1 peptides": 0.35714285714285715,
  "precision peptides": 0.43478260869565216,
  "recall peptides": 0.30303030303030304,
  "f1 propeptides": 0.5,
  "precision propeptides": 0.5909090909090909,
  "recall propeptides": 0.43333333333333335,
  "residue mcc all": 0.6949047544623171,
  "residue positives all": 2223,
  "residue total all": 32854,
  "residue roc_auc all": 0.702606738550717,
  "residue mcc peptides": 0.5963038618508101,
  "residue positives peptides": 723,
  "residue total peptides": 32854,
  "residue roc_auc peptides": 0.850873819499212,
  "residue mcc propeptides": 0.7012836517276004,
  "residue positives propeptides": 1500,
  "residue total propeptides": 32854,
  "residue roc_auc propeptides": 0.6103058514596755,
  "loss": 14.437203407287598
}