{
  "precision peptides": 0.15625,
  "recall peptides": 0.2,
  "f1 peptides": 0.17543859649122806,
  "precision propeptides": 0.56,
  "recall propeptides": 0.5,
  "f1 propeptides": 0.5283018867924528,
  "precision all": 0.3333333333333333,
  "recall all": 0.3584905660377358,
  "f1 all": 0.34545454545454546,
  "residue mcc peptides": 0.4514378665096774,
  "residue positives peptides": 557,
  "residue total peptides": 11924,
  "residue roc_auc peptides": 0.8992105087342979,
  "residue mcc propeptides": 0.6795128613990574,
  "residue positives propeptides": 661,
  "residue total propeptides": 11924,
  "residue roc_auc propeptides": 0.472126410187562,
  "residue mcc all": 0.6032141818541874,
  "residue positives all": 1218,
  "residue total all": 11924,
  "residue roc_auc all": 0.6806193724679653,
  "loss": 39.037628173828125
}