{
  "precision peptides": 0.15625,
  "recall peptides": 0.2,
  "f1 peptides": 0.17543859649122806,
  "precision propeptides": 0.56,
  "recall propeptides": 0.5,
  "f1 propeptides": 0.5283018867924528,
  "precision all": 0.3333333333333333,
  "recall all": 0.3584905660377358,
  "f1 all": 0.34545454545454546,
  "residue mcc peptides": 0.4911187286305793,
  "residue positives peptides": 536,
  "residue total peptides": 11924,
  "residue roc_auc peptides": 0.9436212640695365,
  "residue mcc propeptides": 0.6795128613990574,
  "residue positives propeptides": 661,
  "residue total propeptides": 11924,
  "residue roc_auc propeptides": 0.9391510338095781,
  "residue mcc all": 0.624877952679413,
  "residue positives all": 1197,
  "residue total all": 11924,
  "residue roc_auc all": 0.9320952391855621,
  "loss": 37.85502624511719
}