{
  "precision peptides": 0.3426791277258567,
  "recall peptides": 0.3806228373702422,
  "f1 peptides": 0.36065573770491804,
  "precision propeptides": 0.5573770491803278,
  "recall propeptides": 0.3953488372093023,
  "f1 propeptides": 0.4625850340136054,
  "precision all": 0.4353982300884956,
  "recall all": 0.3886255924170616,
  "f1 all": 0.41068447412353926
}