{
  "precision peptides": 0.33275862068965517,
  "recall peptides": 0.3541284403669725,
  "f1 peptides": 0.3431111111111111,
  "precision propeptides": 0.5752380952380952,
  "recall propeptides": 0.43768115942028984,
  "f1 propeptides": 0.49711934156378595,
  "precision all": 0.4479638009049774,
  "recall all": 0.4008097165991903,
  "f1 all": 0.4230769230769231,
  "residue mcc peptides": 0.5396285441358661,
  "residue positives peptides": 12824,
  "residue total peptides": 162968,
  "residue roc_auc peptides": 0.8696441164870163,
  "residue mcc propeptides": 0.6299337219699407,
  "residue positives propeptides": 14843,
  "residue total propeptides": 162968,
  "residue roc_auc propeptides": 0.6603239974176975,
  "residue mcc all": 0.6452512981794394,
  "residue positives all": 27667,
  "residue total all": 162968,
  "residue roc_auc all": 0.7939458525745052,
  "loss": 29.03969705104828
}