{
  "precision peptides": 0.4,
  "recall peptides": 0.24242424242424243,
  "f1 peptides": 0.30188679245283023,
  "precision propeptides": 0.7575757575757576,
  "recall propeptides": 0.4716981132075472,
  "f1 propeptides": 0.5813953488372093,
  "precision all": 0.6226415094339622,
  "recall all": 0.38372093023255816,
  "f1 all": 0.4748201438848922,
  "residue mcc peptides": 0.5275206779172807,
  "residue positives peptides": 778,
  "residue total peptides": 22018,
  "residue roc_auc peptides": 0.8286803649320532,
  "residue mcc propeptides": 0.7301921499854093,
  "residue positives propeptides": 1316,
  "residue total propeptides": 22018,
  "residue roc_auc propeptides": 0.4582003735744663,
  "residue mcc all": 0.705028693320221,
  "residue positives all": 2094,
  "residue total all": 22018,
  "residue roc_auc all": 0.6144919701551665,
  "loss": 8.681790113449097
}