{
  "precision peptides": 0.4,
  "recall peptides": 0.24242424242424243,
  "f1 peptides": 0.30188679245283023,
  "precision propeptides": 0.7575757575757576,
  "recall propeptides": 0.4716981132075472,
  "f1 propeptides": 0.5813953488372093,
  "precision all": 0.6226415094339622,
  "recall all": 0.38372093023255816,
  "f1 all": 0.4748201438848922
}