{
  "precision peptides": 0.4,
  "recall peptides": 0.24242424242424243,
  "f1 peptides": 0.30188679245283023,
  "precision propeptides": 0.7575757575757576,
  "recall propeptides": 0.4716981132075472,
  "f1 propeptides": 0.5813953488372093,
  "precision all": 0.6226415094339622,
  "recall all": 0.38372093023255816,
  "f1 all": 0.4748201438848922,
  "residue mcc peptides": 0.5363773398156878,
  "residue positives peptides": 775,
  "residue total peptides": 22018,
  "residue roc_auc peptides": 0.8280166369794679,
  "residue mcc propeptides": 0.7301921499854093,
  "residue positives propeptides": 1316,
  "residue total propeptides": 22018,
  "residue roc_auc propeptides": 0.4582003735744663,
  "residue mcc all": 0.7087537311887573,
  "residue positives all": 2091,
  "residue total all": 22018,
  "residue roc_auc all": 0.6139139806731683,
  "loss": 8.642585515975952
}