{
  "precision peptides": 0.34782608695652173,
  "recall peptides": 0.24242424242424243,
  "f1 peptides": 0.28571428571428575,
  "precision propeptides": 0.7,
  "recall propeptides": 0.5283018867924528,
  "f1 propeptides": 0.6021505376344085,
  "precision all": 0.5714285714285714,
  "recall all": 0.4186046511627907,
  "f1 all": 0.48322147651006714,
  "residue mcc peptides": 0.610248351781721,
  "residue positives peptides": 778,
  "residue total peptides": 22018,
  "residue roc_auc peptides": 0.8727312777463097,
  "residue mcc propeptides": 0.7198770115941666,
  "residue positives propeptides": 1316,
  "residue total propeptides": 22018,
  "residue roc_auc propeptides": 0.9044067295672649,
  "residue mcc all": 0.724190749603831,
  "residue positives all": 2094,
  "residue total all": 22018,
  "residue roc_auc all": 0.9011933983329586,
  "loss": 11.391581535339355
}