{
  "f1 all": 0.48322147651006714,
  "precision all": 0.5714285714285714,
  "recall all": 0.4186046511627907,
  "f1 peptides": 0.28571428571428575,
  "precision peptides": 0.34782608695652173,
  "recall peptides": 0.24242424242424243,
  "f1 propeptides": 0.6021505376344085,
  "precision propeptides": 0.7,
  "recall propeptides": 0.5283018867924528
}