{
  "precision peptides": 0.3939393939393939,
  "recall peptides": 0.40625,
  "f1 peptides": 0.4,
  "precision propeptides": 0.6756756756756757,
  "recall propeptides": 0.4716981132075472,
  "f1 propeptides": 0.5555555555555556,
  "precision all": 0.5428571428571428,
  "recall all": 0.4470588235294118,
  "f1 all": 0.49032258064516127,
  "residue mcc peptides": 0.5933199955500597,
  "residue positives peptides": 778,
  "residue total peptides": 22018,
  "residue roc_auc peptides": 0.8615320864740823,
  "residue mcc propeptides": 0.7247857938905677,
  "residue positives propeptides": 1316,
  "residue total propeptides": 22018,
  "residue roc_auc propeptides": 0.35518015600742214,
  "residue mcc all": 0.6874499877072817,
  "residue positives all": 2094,
  "residue total all": 22018,
  "residue roc_auc all": 0.5589058623341765,
  "loss": 16.312811851501465
}