{
  "precision peptides": 0.3939393939393939,
  "recall peptides": 0.40625,
  "f1 peptides": 0.4,
  "precision propeptides": 0.6756756756756757,
  "recall propeptides": 0.4716981132075472,
  "f1 propeptides": 0.5555555555555556,
  "precision all": 0.5428571428571428,
  "recall all": 0.4470588235294118,
  "f1 all": 0.49032258064516127
}