{
  "precision peptides": 0.36666666666666664,
  "recall peptides": 0.3333333333333333,
  "f1 peptides": 0.3492063492063492,
  "precision propeptides": 0.5777777777777777,
  "recall propeptides": 0.49056603773584906,
  "f1 propeptides": 0.5306122448979591,
  "precision all": 0.49333333333333335,
  "recall all": 0.43023255813953487,
  "f1 all": 0.45962732919254656
}