{
  "precision peptides": 0.36666666666666664,
  "recall peptides": 0.3333333333333333,
  "f1 peptides": 0.3492063492063492,
  "precision propeptides": 0.5777777777777777,
  "recall propeptides": 0.49056603773584906,
  "f1 propeptides": 0.5306122448979591,
  "precision all": 0.49333333333333335,
  "recall all": 0.43023255813953487,
  "f1 all": 0.45962732919254656,
  "residue mcc peptides": 0.5425950007882152,
  "residue positives peptides": 726,
  "residue total peptides": 22018,
  "residue roc_auc peptides": 0.8397693891936289,
  "residue mcc propeptides": 0.7096783900473352,
  "residue positives propeptides": 1316,
  "residue total propeptides": 22018,
  "residue roc_auc propeptides": 0.32285704154980843,
  "residue mcc all": 0.6849535512561303,
  "residue positives all": 2042,
  "residue total all": 22018,
  "residue roc_auc all": 0.519054881038441,
  "loss": 23.163456916809082
}