{
  "precision peptides": 0.3548387096774194,
  "recall peptides": 0.3333333333333333,
  "f1 peptides": 0.34375,
  "precision propeptides": 0.5869565217391305,
  "recall propeptides": 0.5094339622641509,
  "f1 propeptides": 0.5454545454545454,
  "precision all": 0.4935064935064935,
  "recall all": 0.4418604651162791,
  "f1 all": 0.4662576687116564,
  "residue mcc peptides": 0.5117051387101722,
  "residue positives peptides": 760,
  "residue total peptides": 22018,
  "residue roc_auc peptides": 0.8289405598387727,
  "residue mcc propeptides": 0.7112148965935843,
  "residue positives propeptides": 1316,
  "residue total propeptides": 22018,
  "residue roc_auc propeptides": 0.30740354367183,
  "residue mcc all": 0.6707836173772184,
  "residue positives all": 2076,
  "residue total all": 22018,
  "residue roc_auc all": 0.510456141693377,
  "loss": 23.55524253845215
}