{
  "precision peptides": 0.391304347826087,
  "recall peptides": 0.2727272727272727,
  "f1 peptides": 0.32142857142857145,
  "precision propeptides": 0.7105263157894737,
  "recall propeptides": 0.5094339622641509,
  "f1 propeptides": 0.5934065934065935,
  "precision all": 0.5901639344262295,
  "recall all": 0.4186046511627907,
  "f1 all": 0.4897959183673469
}