{
  "precision peptides": 0.391304347826087,
  "recall peptides": 0.2727272727272727,
  "f1 peptides": 0.32142857142857145,
  "precision propeptides": 0.7105263157894737,
  "recall propeptides": 0.5094339622641509,
  "f1 propeptides": 0.5934065934065935,
  "precision all": 0.5901639344262295,
  "recall all": 0.4186046511627907,
  "f1 all": 0.4897959183673469,
  "residue mcc peptides": 0.5794180930711614,
  "residue positives peptides": 778,
  "residue total peptides": 22018,
  "residue roc_auc peptides": 0.9470243368722737,
  "residue mcc propeptides": 0.739835294326697,
  "residue positives propeptides": 1316,
  "residue total propeptides": 22018,
  "residue roc_auc propeptides": 0.961776632597059,
  "residue mcc all": 0.7044482827179052,
  "residue positives all": 2094,
  "residue total all": 22018,
  "residue roc_auc all": 0.9526717764371853,
  "loss": 12.734529495239258
}