{
  "precision peptides": 0.4230769230769231,
  "recall peptides": 0.34375,
  "f1 peptides": 0.3793103448275862,
  "precision propeptides": 0.8,
  "recall propeptides": 0.5423728813559322,
  "f1 propeptides": 0.6464646464646464,
  "precision all": 0.6515151515151515,
  "recall all": 0.4725274725274725,
  "f1 all": 0.5477707006369427,
  "residue mcc peptides": 0.5948452548066273,
  "residue positives peptides": 778,
  "residue total peptides": 29231,
  "residue roc_auc peptides": 0.9525747462305807,
  "residue mcc propeptides": 0.7417639598296539,
  "residue positives propeptides": 1488,
  "residue total propeptides": 29231,
  "residue roc_auc propeptides": 0.9786769809995663,
  "residue mcc all": 0.7468310444403292,
  "residue positives all": 2266,
  "residue total all": 29231,
  "residue roc_auc all": 0.9671712652912662,
  "loss": 9.376178979873657
}