{
  "precision peptides": 0.4230769230769231,
  "recall peptides": 0.34375,
  "f1 peptides": 0.3793103448275862,
  "precision propeptides": 0.8,
  "recall propeptides": 0.5423728813559322,
  "f1 propeptides": 0.6464646464646464,
  "precision all": 0.6515151515151515,
  "recall all": 0.4725274725274725,
  "f1 all": 0.5477707006369427
}