{
  "precision peptides": 0.25806451612903225,
  "recall peptides": 0.32,
  "f1 peptides": 0.2857142857142857,
  "precision propeptides": 0.625,
  "recall propeptides": 0.5357142857142857,
  "f1 propeptides": 0.576923076923077,
  "precision all": 0.41818181818181815,
  "recall all": 0.4339622641509434,
  "f1 all": 0.42592592592592593,
  "residue mcc peptides": 0.5504650477476258,
  "residue positives peptides": 517,
  "residue total peptides": 11924,
  "residue roc_auc peptides": 0.8973756146544783,
  "residue mcc propeptides": 0.7732916015532615,
  "residue positives propeptides": 661,
  "residue total propeptides": 11924,
  "residue roc_auc propeptides": 0.6344131770139412,
  "residue mcc all": 0.6771801943532749,
  "residue positives all": 1178,
  "residue total all": 11924,
  "residue roc_auc all": 0.7705676088421735,
  "loss": 24.407655715942383
}