{
  "precision peptides": 0.41367521367521365,
  "recall peptides": 0.4432234432234432,
  "f1 peptides": 0.42793987621573826,
  "precision propeptides": 0.5965811965811966,
  "recall propeptides": 0.5057971014492754,
  "f1 propeptides": 0.5474509803921569,
  "precision all": 0.5051282051282051,
  "recall all": 0.47815533980582525,
  "f1 all": 0.49127182044887785,
  "residue mcc peptides": 0.6480204916841678,
  "residue positives peptides": 12794,
  "residue total peptides": 162968,
  "residue roc_auc peptides": 0.858972791707521,
  "residue mcc propeptides": 0.6905511983493006,
  "residue positives propeptides": 14843,
  "residue total propeptides": 162968,
  "residue roc_auc propeptides": 0.7144415155988517,
  "residue mcc all": 0.702572165301062,
  "residue positives all": 27637,
  "residue total all": 162968,
  "residue roc_auc all": 0.8233904155479439,
  "loss": 21.036478340625763
}