{
  "precision peptides": 0.25806451612903225,
  "recall peptides": 0.32,
  "f1 peptides": 0.2857142857142857,
  "precision propeptides": 0.625,
  "recall propeptides": 0.5357142857142857,
  "f1 propeptides": 0.576923076923077,
  "precision all": 0.41818181818181815,
  "recall all": 0.4339622641509434,
  "f1 all": 0.42592592592592593,
  "residue mcc peptides": 0.5680848586524258,
  "residue positives peptides": 536,
  "residue total peptides": 11924,
  "residue roc_auc peptides": 0.9420778418235484,
  "residue mcc propeptides": 0.7732916015532615,
  "residue positives propeptides": 661,
  "residue total propeptides": 11924,
  "residue roc_auc propeptides": 0.9609982373033253,
  "residue mcc all": 0.6849358422389702,
  "residue positives all": 1197,
  "residue total all": 11924,
  "residue roc_auc all": 0.9422284775672439,
  "loss": 24.216829299926758
}