{
  "precision peptides": 0.4375,
  "recall peptides": 0.21212121212121213,
  "f1 peptides": 0.2857142857142857,
  "precision propeptides": 0.6904761904761905,
  "recall propeptides": 0.5471698113207547,
  "f1 propeptides": 0.6105263157894737,
  "precision all": 0.6206896551724138,
  "recall all": 0.4186046511627907,
  "f1 all": 0.5,
  "residue mcc peptides": 0.6138911699523563,
  "residue positives peptides": 762,
  "residue total peptides": 22018,
  "residue roc_auc peptides": 0.9040209242756962,
  "residue mcc propeptides": 0.7327097720471321,
  "residue positives propeptides": 1316,
  "residue total propeptides": 22018,
  "residue roc_auc propeptides": 0.5400422745229085,
  "residue mcc all": 0.7141807639467742,
  "residue positives all": 2078,
  "residue total all": 22018,
  "residue roc_auc all": 0.6943344229029726,
  "loss": 13.21904468536377
}