{
  "precision peptides": 0.4375,
  "recall peptides": 0.21212121212121213,
  "f1 peptides": 0.2857142857142857,
  "precision propeptides": 0.6904761904761905,
  "recall propeptides": 0.5471698113207547,
  "f1 propeptides": 0.6105263157894737,
  "precision all": 0.6206896551724138,
  "recall all": 0.4186046511627907,
  "f1 all": 0.5
}