{
  "precision peptides": 0.35,
  "recall peptides": 0.21212121212121213,
  "f1 peptides": 0.26415094339622636,
  "precision propeptides": 0.6285714285714286,
  "recall propeptides": 0.41509433962264153,
  "f1 propeptides": 0.5000000000000001,
  "precision all": 0.5272727272727272,
  "recall all": 0.3372093023255814,
  "f1 all": 0.41134751773049644,
  "residue mcc peptides": 0.5207091756383416,
  "residue positives peptides": 712,
  "residue total peptides": 22018,
  "residue roc_auc peptides": 0.8973473210584771,
  "residue mcc propeptides": 0.6624928689615008,
  "residue positives propeptides": 1316,
  "residue total propeptides": 22018,
  "residue roc_auc propeptides": 0.5919684316068312,
  "residue mcc all": 0.6545652184880882,
  "residue positives all": 2028,
  "residue total all": 22018,
  "residue roc_auc all": 0.7204515472726502,
  "loss": 13.319692611694336
}