{
  "precision peptides": 0.35,
  "recall peptides": 0.21212121212121213,
  "f1 peptides": 0.26415094339622636,
  "precision propeptides": 0.6285714285714286,
  "recall propeptides": 0.41509433962264153,
  "f1 propeptides": 0.5000000000000001,
  "precision all": 0.5272727272727272,
  "recall all": 0.3372093023255814,
  "f1 all": 0.41134751773049644
}