{
  "precision peptides": 0.36363636363636365,
  "recall peptides": 0.24242424242424243,
  "f1 peptides": 0.2909090909090909,
  "precision propeptides": 0.7419354838709677,
  "recall propeptides": 0.4339622641509434,
  "f1 propeptides": 0.5476190476190477,
  "precision all": 0.5849056603773585,
  "recall all": 0.36046511627906974,
  "f1 all": 0.4460431654676259,
  "residue mcc peptides": 0.6142130679726855,
  "residue positives peptides": 726,
  "residue total peptides": 22018,
  "residue roc_auc peptides": 0.7365102142632756,
  "residue mcc propeptides": 0.6767707173176718,
  "residue positives propeptides": 1316,
  "residue total propeptides": 22018,
  "residue roc_auc propeptides": 0.17322768691276616,
  "residue mcc all": 0.6779374499794006,
  "residue positives all": 2042,
  "residue total all": 22018,
  "residue roc_auc all": 0.38520655491781125,
  "loss": 20.832548141479492
}