{
  "f1 all": 0.46043165467625896,
  "precision all": 0.6037735849056604,
  "recall all": 0.37209302325581395,
  "f1 peptides": 0.2909090909090909,
  "precision peptides": 0.36363636363636365,
  "recall peptides": 0.24242424242424243,
  "f1 propeptides": 0.5714285714285714,
  "precision propeptides": 0.7741935483870968,
  "recall propeptides": 0.4528301886792453,
  "residue mcc all": 0.6806194063902766,
  "residue positives all": 2028,
  "residue total all": 22018,
  "residue roc_auc all": 0.37201144951173815,
  "residue mcc peptides": 0.6082631038775732,
  "residue positives peptides": 712,
  "residue total peptides": 22018,
  "residue roc_auc peptides": 0.7412272496432403,
  "residue mcc propeptides": 0.6895176213633347,
  "residue positives propeptides": 1316,
  "residue total propeptides": 22018,
  "residue roc_auc propeptides": 0.15369229262608874,
  "loss": 21.138020515441895
}