{
  "precision peptides": 0.36363636363636365,
  "recall peptides": 0.24242424242424243,
  "f1 peptides": 0.2909090909090909,
  "precision propeptides": 0.7419354838709677,
  "recall propeptides": 0.4339622641509434,
  "f1 propeptides": 0.5476190476190477,
  "precision all": 0.5849056603773585,
  "recall all": 0.36046511627906974,
  "f1 all": 0.4460431654676259
}