{
  "precision peptides": 0.375,
  "recall peptides": 0.28125,
  "f1 peptides": 0.32142857142857145,
  "precision propeptides": 0.5434782608695652,
  "recall propeptides": 0.4716981132075472,
  "f1 propeptides": 0.5050505050505051,
  "precision all": 0.4857142857142857,
  "recall all": 0.4,
  "f1 all": 0.43870967741935485,
  "residue mcc peptides": 0.5632510926971128,
  "residue positives peptides": 778,
  "residue total peptides": 22018,
  "residue roc_auc peptides": 0.9458767833887656,
  "residue mcc propeptides": 0.7232874477586941,
  "residue positives propeptides": 1316,
  "residue total propeptides": 22018,
  "residue roc_auc propeptides": 0.9600589410476471,
  "residue mcc all": 0.6857992331699797,
  "residue positives all": 2094,
  "residue total all": 22018,
  "residue roc_auc all": 0.9492054525439267,
  "loss": 14.683151721954346
}