{
  "precision peptides": 0.375,
  "recall peptides": 0.28125,
  "f1 peptides": 0.32142857142857145,
  "precision propeptides": 0.5434782608695652,
  "recall propeptides": 0.4716981132075472,
  "f1 propeptides": 0.5050505050505051,
  "precision all": 0.4857142857142857,
  "recall all": 0.4,
  "f1 all": 0.43870967741935485
}