{
  "precision peptides": 0.17857142857142858,
  "recall peptides": 0.15151515151515152,
  "f1 peptides": 0.16393442622950818,
  "precision propeptides": 0.5116279069767442,
  "recall propeptides": 0.41509433962264153,
  "f1 propeptides": 0.45833333333333337,
  "precision all": 0.38028169014084506,
  "recall all": 0.313953488372093,
  "f1 all": 0.34394904458598724
}