{
  "precision peptides": 0.17857142857142858,
  "recall peptides": 0.15151515151515152,
  "f1 peptides": 0.16393442622950818,
  "precision propeptides": 0.5116279069767442,
  "recall propeptides": 0.41509433962264153,
  "f1 propeptides": 0.45833333333333337,
  "precision all": 0.38028169014084506,
  "recall all": 0.313953488372093,
  "f1 all": 0.34394904458598724,
  "residue mcc peptides": 0.5247176257470044,
  "residue positives peptides": 778,
  "residue total peptides": 22018,
  "residue roc_auc peptides": 0.897833367221956,
  "residue mcc propeptides": 0.661516060556224,
  "residue positives propeptides": 1316,
  "residue total propeptides": 22018,
  "residue roc_auc propeptides": 0.9234753760043741,
  "residue mcc all": 0.6298145846555835,
  "residue positives all": 2094,
  "residue total all": 22018,
  "residue roc_auc all": 0.9117947148543644,
  "loss": 24.551830291748047
}