run,protein_id,organism,task,kind,length,matched
esmc6b_3di_widehead,Q99109,Ustilago maydis,peptides,true,34,False
esmc6b_3di_widehead,Q99109,Ustilago maydis,peptides,true,36,False
esmc6b_3di_widehead,Q99109,Ustilago maydis,peptides,true,35,False
esmc6b_3di_widehead,Q99109,Ustilago maydis,peptides,true,34,False
esmc6b_3di_widehead,Q99109,Ustilago maydis,peptides,true,35,False
esmc6b_3di_widehead,Q99109,Ustilago maydis,peptides,true,45,False
esmc6b_3di_widehead,Q99109,Ustilago maydis,peptides,true,34,False
esmc6b_3di_widehead,Q99109,Ustilago maydis,peptides,true,35,False
esmc6b_3di_widehead,Q99109,Ustilago maydis,peptides,true,35,False
esmc6b_3di_widehead,Q99109,Ustilago maydis,propeptides,fp_pred,36,False
esmc6b_3di_widehead,Q86UU9,Homo sapiens,peptides,true,47,True
esmc6b_3di_widehead,Q86UU9,Homo sapiens,peptides,true,14,True
esmc6b_3di_widehead,Q86UU9,Homo sapiens,peptides,tp_pred,10,True
esmc6b_3di_widehead,Q86UU9,Homo sapiens,peptides,tp_pred,13,True
esmc6b_3di_widehead,Q86UU9,Homo sapiens,propeptides,true,9,True
esmc6b_3di_widehead,Q86UU9,Homo sapiens,propeptides,true,16,True
esmc6b_3di_widehead,Q86UU9,Homo sapiens,propeptides,tp_pred,10,True
esmc6b_3di_widehead,Q86UU9,Homo sapiens,propeptides,tp_pred,15,True
esmc6b_3di_widehead,G0W2H8,Bunodosoma granuliferum,propeptides,true,8,True
esmc6b_3di_widehead,G0W2H8,Bunodosoma granuliferum,propeptides,tp_pred,10,True
esmc6b_3di_widehead,G0W2H9,Bunodosoma granuliferum,propeptides,true,8,True
esmc6b_3di_widehead,G0W2H9,Bunodosoma granuliferum,propeptides,tp_pred,8,True
esmc6b_3di_widehead,P26738,Bombyx mori,peptides,true,26,True
esmc6b_3di_widehead,P26738,Bombyx mori,peptides,true,21,True
esmc6b_3di_widehead,P26738,Bombyx mori,peptides,tp_pred,24,True
esmc6b_3di_widehead,P26738,Bombyx mori,peptides,tp_pred,21,True
esmc6b_3di_widehead,P26738,Bombyx mori,propeptides,true,19,True
esmc6b_3di_widehead,P26738,Bombyx mori,propeptides,tp_pred,19,True
esmc6b_3di_widehead,D2DGD4,Conus caracteristicus,peptides,true,34,True
esmc6b_3di_widehead,D2DGD4,Conus caracteristicus,peptides,tp_pred,32,True
esmc6b_3di_widehead,D2DGD4,Conus caracteristicus,propeptides,true,23,True
esmc6b_3di_widehead,D2DGD4,Conus caracteristicus,propeptides,tp_pred,25,True
esmc6b_3di_widehead,P01327,Chinchilla chinchilla,peptides,true,30,True
esmc6b_3di_widehead,P01327,Chinchilla chinchilla,peptides,true,21,True
esmc6b_3di_widehead,P01327,Chinchilla chinchilla,peptides,tp_pred,30,True
esmc6b_3di_widehead,P01327,Chinchilla chinchilla,peptides,tp_pred,21,True
esmc6b_3di_widehead,P01327,Chinchilla chinchilla,propeptides,true,31,True
esmc6b_3di_widehead,P01327,Chinchilla chinchilla,propeptides,tp_pred,33,True
esmc6b_3di_widehead,Q86YL7,Homo sapiens,peptides,true,12,False
esmc6b_3di_widehead,P53872,Saccharomyces cerevisiae,propeptides,true,30,True
esmc6b_3di_widehead,P53872,Saccharomyces cerevisiae,propeptides,tp_pred,30,True
esmc6b_3di_widehead,Q5A5K7,Candida albicans,propeptides,true,29,False
esmc6b_3di_widehead,Q5A5K7,Candida albicans,propeptides,fp_pred,18,False
esmc6b_3di_widehead,Q59Y11,Candida albicans,propeptides,true,26,True
esmc6b_3di_widehead,Q59Y11,Candida albicans,propeptides,tp_pred,26,True
esmc6b_3di_widehead,P52718,Aspergillus niger,propeptides,true,27,False
esmc6b_3di_widehead,P52718,Aspergillus niger,propeptides,fp_pred,19,False
esmc6b_3di_widehead,Q5ABW2,Candida albicans,propeptides,true,22,True
esmc6b_3di_widehead,Q5ABW2,Candida albicans,propeptides,tp_pred,22,True
esmc6b_3di_widehead,P13696,Bos taurus,peptides,true,11,False
esmc6b_3di_widehead,Q3YIX4,Canis lupus familiaris,peptides,true,12,False
esmc6b_3di_widehead,P30086,Homo sapiens,peptides,true,11,False
esmc6b_3di_widehead,P48737,Macaca fascicularis,peptides,true,12,False
esmc6b_3di_widehead,P70296,Mus musculus,peptides,true,11,False
esmc6b_3di_widehead,Q5R4R0,Pongo abelii,peptides,true,12,False
esmc6b_3di_widehead,Q8MK67,Oryctolagus cuniculus,peptides,true,12,False
esmc6b_3di_widehead,P31044,Rattus norvegicus,peptides,true,11,False
esmc6b_3di_widehead,P52719,Aspergillus phoenicis,propeptides,true,34,False
esmc6b_3di_widehead,Q9FZ54,Arabidopsis thaliana,peptides,true,15,False
esmc6b_3di_widehead,Q9FZ54,Arabidopsis thaliana,peptides,fp_pred,13,False
esmc6b_3di_widehead,Q9FZ54,Arabidopsis thaliana,peptides,fp_pred,10,False
esmc6b_3di_widehead,Q52K95,Arabidopsis thaliana,peptides,true,15,False
esmc6b_3di_widehead,Q52K95,Arabidopsis thaliana,peptides,fp_pred,13,False
esmc6b_3di_widehead,Q52K95,Arabidopsis thaliana,peptides,fp_pred,10,False
esmc6b_3di_widehead,P69560,Spinacia oleracea,propeptides,true,9,False
esmc6b_3di_widehead,P32036,Cuscuta reflexa,propeptides,true,9,False
esmc6b_3di_widehead,O18495,Styela clava,peptides,true,32,False
esmc6b_3di_widehead,O18495,Styela clava,propeptides,true,26,False
esmc6b_3di_widehead,F8S0Z7,Crotalus adamanteus,propeptides,true,24,True
esmc6b_3di_widehead,F8S0Z7,Crotalus adamanteus,propeptides,tp_pred,24,True
esmc6b_3di_widehead,B6EWW8,Gloydius brevicaudus,propeptides,true,24,True
esmc6b_3di_widehead,B6EWW8,Gloydius brevicaudus,propeptides,tp_pred,24,True
esmc6b_3di_widehead,Q5AJC0,Candida albicans,propeptides,true,30,False
esmc6b_3di_widehead,Q5AJC0,Candida albicans,propeptides,fp_pred,26,False
esmc6b_3di_widehead,P07911,Homo sapiens,propeptides,true,26,False
esmc6b_3di_widehead,P07911,Homo sapiens,propeptides,fp_pred,22,False
esmc6b_3di_widehead,P48733,Bos taurus,propeptides,true,22,False
esmc6b_3di_widehead,P48733,Bos taurus,propeptides,fp_pred,27,False
esmc6b_3di_widehead,Q862Z3,Canis lupus familiaris,propeptides,true,22,True
esmc6b_3di_widehead,Q862Z3,Canis lupus familiaris,propeptides,tp_pred,21,True
esmc6b_3di_widehead,Q91X17,Mus musculus,propeptides,true,24,True
esmc6b_3di_widehead,Q91X17,Mus musculus,propeptides,tp_pred,25,True
esmc6b_3di_widehead,Q5R5C1,Pongo abelii,propeptides,true,27,True
esmc6b_3di_widehead,Q5R5C1,Pongo abelii,propeptides,tp_pred,27,True
esmc6b_3di_widehead,P27590,Rattus norvegicus,propeptides,true,29,False
esmc6b_3di_widehead,P27590,Rattus norvegicus,propeptides,fp_pred,25,False
esmc6b_3di_widehead,Q5USN7,Viola odorata,peptides,true,29,False
esmc6b_3di_widehead,Q5USN7,Viola odorata,peptides,true,29,False
esmc6b_3di_widehead,Q5USN7,Viola odorata,peptides,true,29,False
esmc6b_3di_widehead,Q5USN7,Viola odorata,propeptides,true,46,True
esmc6b_3di_widehead,Q5USN7,Viola odorata,propeptides,true,25,True
esmc6b_3di_widehead,Q5USN7,Viola odorata,propeptides,true,25,True
esmc6b_3di_widehead,Q5USN7,Viola odorata,propeptides,tp_pred,46,True
esmc6b_3di_widehead,Q5USN7,Viola odorata,propeptides,tp_pred,22,True
esmc6b_3di_widehead,Q5USN7,Viola odorata,propeptides,tp_pred,25,True
esmc6b_3di_widehead,Q5USN7,Viola odorata,propeptides,fp_pred,5,False
esmc6b_3di_widehead,P0C8W1,Hoffmannihadrurus gertschi,peptides,true,13,True
esmc6b_3di_widehead,P0C8W1,Hoffmannihadrurus gertschi,peptides,tp_pred,13,True
esmc6b_3di_widehead,P0C8W1,Hoffmannihadrurus gertschi,propeptides,true,32,True
esmc6b_3di_widehead,P0C8W1,Hoffmannihadrurus gertschi,propeptides,tp_pred,32,True
esmc6b_3di_widehead,Q9BPA1,Conus ventricosus,peptides,true,34,True
esmc6b_3di_widehead,Q9BPA1,Conus ventricosus,peptides,tp_pred,34,True
esmc6b_3di_widehead,Q9BPA1,Conus ventricosus,propeptides,true,35,True
esmc6b_3di_widehead,Q9BPA1,Conus ventricosus,propeptides,tp_pred,35,True
esmc6b_3di_widehead,Q3YEE1,Conus marmoreus,peptides,true,34,True
esmc6b_3di_widehead,Q3YEE1,Conus marmoreus,peptides,tp_pred,34,True
esmc6b_3di_widehead,Q3YEE1,Conus marmoreus,propeptides,true,27,True
esmc6b_3di_widehead,Q3YEE1,Conus marmoreus,propeptides,tp_pred,27,True
esmc6b_3di_widehead,Q8IS41,Conus vexillum,peptides,true,36,True
esmc6b_3di_widehead,Q8IS41,Conus vexillum,peptides,tp_pred,36,True
esmc6b_3di_widehead,Q8IS41,Conus vexillum,propeptides,true,30,True
esmc6b_3di_widehead,Q8IS41,Conus vexillum,propeptides,tp_pred,28,True
esmc6b_3di_widehead,Q7Z027,Conus vexillum,peptides,true,28,True
esmc6b_3di_widehead,Q7Z027,Conus vexillum,peptides,tp_pred,30,True
esmc6b_3di_widehead,Q7Z027,Conus vexillum,propeptides,true,31,True
esmc6b_3di_widehead,Q7Z027,Conus vexillum,propeptides,tp_pred,30,True
esmc6b_3di_widehead,Q26443,Conus marmoreus,peptides,true,31,True
esmc6b_3di_widehead,Q26443,Conus marmoreus,peptides,tp_pred,31,True
esmc6b_3di_widehead,Q26443,Conus marmoreus,propeptides,true,27,True
esmc6b_3di_widehead,Q26443,Conus marmoreus,propeptides,tp_pred,29,True
esmc6b_3di_widehead,Q7M761,Mus musculus,propeptides,true,29,True
esmc6b_3di_widehead,Q7M761,Mus musculus,propeptides,tp_pred,29,True
esmc6b_3di_widehead,P81941,Pseudopleuronectes americanus,peptides,true,25,False
esmc6b_3di_widehead,P81941,Pseudopleuronectes americanus,peptides,fp_pred,32,False
esmc6b_3di_widehead,P81941,Pseudopleuronectes americanus,propeptides,true,21,False
esmc6b_3di_widehead,P81941,Pseudopleuronectes americanus,propeptides,fp_pred,12,False
esmc6b_3di_widehead,P36491,Populus deltoides,propeptides,true,9,False
esmc6b_3di_widehead,Q27173,Paramecium tetraurelia,propeptides,true,29,True
esmc6b_3di_widehead,Q27173,Paramecium tetraurelia,propeptides,tp_pred,32,True
esmc6b_3di_widehead,Q27173,Paramecium tetraurelia,propeptides,fp_pred,59,False
esmc6b_3di_widehead,A0A384E129,Conus moncuri,peptides,true,31,True
esmc6b_3di_widehead,A0A384E129,Conus moncuri,peptides,tp_pred,31,True
esmc6b_3di_widehead,A0A384E129,Conus moncuri,propeptides,true,23,True
esmc6b_3di_widehead,A0A384E129,Conus moncuri,propeptides,tp_pred,23,True
esmc6b_3di_widehead,L0GCV8,Urodacus yaschenkoi,peptides,true,14,True
esmc6b_3di_widehead,L0GCV8,Urodacus yaschenkoi,peptides,tp_pred,14,True
esmc6b_3di_widehead,L0GCV8,Urodacus yaschenkoi,propeptides,true,39,True
esmc6b_3di_widehead,L0GCV8,Urodacus yaschenkoi,propeptides,tp_pred,39,True
esmc6b_3di_widehead,S6CWV8,Tityus serrulatus,peptides,true,17,True
esmc6b_3di_widehead,S6CWV8,Tityus serrulatus,peptides,tp_pred,17,True
esmc6b_3di_widehead,S6CWV8,Tityus serrulatus,propeptides,true,29,True
esmc6b_3di_widehead,S6CWV8,Tityus serrulatus,propeptides,tp_pred,30,True
esmc6b_3di_widehead,D4B5D4,Arthroderma benhamiae,propeptides,true,21,True
esmc6b_3di_widehead,D4B5D4,Arthroderma benhamiae,propeptides,tp_pred,22,True
esmc6b_3di_widehead,P0C589,Viola arvensis,peptides,true,33,True
esmc6b_3di_widehead,P0C589,Viola arvensis,peptides,true,33,True
esmc6b_3di_widehead,P0C589,Viola arvensis,peptides,tp_pred,31,True
esmc6b_3di_widehead,P0C589,Viola arvensis,peptides,tp_pred,32,True
esmc6b_3di_widehead,P0C589,Viola arvensis,propeptides,true,50,True
esmc6b_3di_widehead,P0C589,Viola arvensis,propeptides,true,13,False
esmc6b_3di_widehead,P0C589,Viola arvensis,propeptides,true,49,False
esmc6b_3di_widehead,P0C589,Viola arvensis,propeptides,tp_pred,52,True
esmc6b_3di_widehead,Q8X176,Neosartorya fumigata,propeptides,true,28,False
esmc6b_3di_widehead,Q8X176,Neosartorya fumigata,propeptides,fp_pred,24,False
esmc6b_3di_widehead,Q9BZR6,Homo sapiens,propeptides,true,26,True
esmc6b_3di_widehead,Q9BZR6,Homo sapiens,propeptides,tp_pred,26,True
esmc6b_3di_widehead,Q9N0E3,Macaca fascicularis,propeptides,true,26,True
esmc6b_3di_widehead,Q9N0E3,Macaca fascicularis,propeptides,tp_pred,26,True
esmc6b_3di_widehead,Q99PI8,Mus musculus,propeptides,true,26,True
esmc6b_3di_widehead,Q99PI8,Mus musculus,propeptides,tp_pred,26,True
esmc6b_3di_widehead,Q99M75,Rattus norvegicus,propeptides,true,26,True
esmc6b_3di_widehead,Q99M75,Rattus norvegicus,propeptides,tp_pred,26,True
esmc6b_3di_widehead,Q5K0D8,Conus striatus,peptides,true,36,True
esmc6b_3di_widehead,Q5K0D8,Conus striatus,peptides,tp_pred,35,True
esmc6b_3di_widehead,Q5K0D8,Conus striatus,propeptides,true,20,True
esmc6b_3di_widehead,Q5K0D8,Conus striatus,propeptides,tp_pred,21,True
esmc6b_3di_widehead,Q9U651,Conus textile,peptides,true,25,True
esmc6b_3di_widehead,Q9U651,Conus textile,peptides,tp_pred,25,True
esmc6b_3di_widehead,Q9U651,Conus textile,propeptides,true,28,True
esmc6b_3di_widehead,Q9U651,Conus textile,propeptides,tp_pred,29,True
esmc6b_3di_widehead,O00254,Homo sapiens,propeptides,true,17,False
esmc6b_3di_widehead,Q96RI0,Homo sapiens,propeptides,true,30,False
esmc6b_3di_widehead,Q9GLG4,Sus scrofa,peptides,true,11,True
esmc6b_3di_widehead,Q9GLG4,Sus scrofa,peptides,true,17,False
esmc6b_3di_widehead,Q9GLG4,Sus scrofa,peptides,true,34,False
esmc6b_3di_widehead,Q9GLG4,Sus scrofa,peptides,true,11,False
esmc6b_3di_widehead,Q9GLG4,Sus scrofa,peptides,fp_pred,8,False
esmc6b_3di_widehead,Q9GLG4,Sus scrofa,peptides,fp_pred,20,False
esmc6b_3di_widehead,Q9GLG4,Sus scrofa,peptides,fp_pred,33,False
esmc6b_3di_widehead,Q9GLG4,Sus scrofa,peptides,tp_pred,11,True
esmc6b_3di_widehead,Q9GLG4,Sus scrofa,peptides,fp_pred,14,False
esmc6b_3di_widehead,P20840,Saccharomyces cerevisiae,propeptides,true,23,True
esmc6b_3di_widehead,P20840,Saccharomyces cerevisiae,propeptides,tp_pred,23,True
esmc6b_3di_widehead,P83580,Atrax robustus,peptides,true,37,True
esmc6b_3di_widehead,P83580,Atrax robustus,peptides,tp_pred,37,True
esmc6b_3di_widehead,P83580,Atrax robustus,propeptides,true,26,True
esmc6b_3di_widehead,P83580,Atrax robustus,propeptides,tp_pred,26,True
esmc6b_3di_widehead,P0DMQ0,Hadronyche modesta,peptides,fp_pred,37,False
esmc6b_3di_widehead,P0DMQ0,Hadronyche modesta,propeptides,true,23,True
esmc6b_3di_widehead,P0DMQ0,Hadronyche modesta,propeptides,tp_pred,23,True
esmc6b_3di_widehead,A5A3H2,Atrax robustus,peptides,true,37,True
esmc6b_3di_widehead,A5A3H2,Atrax robustus,peptides,tp_pred,37,True
esmc6b_3di_widehead,A5A3H2,Atrax robustus,propeptides,true,19,True
esmc6b_3di_widehead,A5A3H2,Atrax robustus,propeptides,tp_pred,17,True
esmc6b_3di_widehead,P0DMQ2,Hadronyche modesta,peptides,fp_pred,37,False
esmc6b_3di_widehead,P0DMQ2,Hadronyche modesta,propeptides,true,23,True
esmc6b_3di_widehead,P0DMQ2,Hadronyche modesta,propeptides,tp_pred,23,True
esmc6b_3di_widehead,A5A3H3,Atrax robustus,peptides,true,37,True
esmc6b_3di_widehead,A5A3H3,Atrax robustus,peptides,tp_pred,37,True
esmc6b_3di_widehead,A5A3H3,Atrax robustus,propeptides,true,19,True
esmc6b_3di_widehead,A5A3H3,Atrax robustus,propeptides,tp_pred,17,True
esmc6b_3di_widehead,S0F1N6,Hadronyche infensa,peptides,fp_pred,37,False
esmc6b_3di_widehead,S0F1N6,Hadronyche infensa,propeptides,true,18,True
esmc6b_3di_widehead,S0F1N6,Hadronyche infensa,propeptides,tp_pred,20,True
esmc6b_3di_widehead,A5A3H4,Atrax robustus,peptides,true,37,True
esmc6b_3di_widehead,A5A3H4,Atrax robustus,peptides,tp_pred,37,True
esmc6b_3di_widehead,A5A3H4,Atrax robustus,propeptides,true,19,True
esmc6b_3di_widehead,A5A3H4,Atrax robustus,propeptides,tp_pred,17,True
esmc6b_3di_widehead,P82357,Pseudacanthotermes spiniger,peptides,true,22,False
esmc6b_3di_widehead,Q93XK2,Pisum sativum,propeptides,true,11,True
esmc6b_3di_widehead,Q93XK2,Pisum sativum,propeptides,tp_pred,14,True
esmc6b_3di_widehead,O18496,Styela clava,peptides,true,32,True
esmc6b_3di_widehead,O18496,Styela clava,peptides,tp_pred,32,True
esmc6b_3di_widehead,O18496,Styela clava,propeptides,true,26,False
esmc6b_3di_widehead,O34344,Bacillus subtilis,peptides,fp_pred,36,False
esmc6b_3di_widehead,O34344,Bacillus subtilis,propeptides,true,21,False
esmc6b_3di_widehead,P23389,Bos taurus,peptides,true,11,True
esmc6b_3di_widehead,P23389,Bos taurus,peptides,true,14,True
esmc6b_3di_widehead,P23389,Bos taurus,peptides,true,13,False
esmc6b_3di_widehead,P23389,Bos taurus,peptides,fp_pred,20,False
esmc6b_3di_widehead,P23389,Bos taurus,peptides,fp_pred,33,False
esmc6b_3di_widehead,P23389,Bos taurus,peptides,tp_pred,11,True
esmc6b_3di_widehead,P23389,Bos taurus,peptides,tp_pred,14,True
esmc6b_3di_widehead,Q92340,Schizosaccharomyces pombe,propeptides,true,27,True
esmc6b_3di_widehead,Q92340,Schizosaccharomyces pombe,propeptides,tp_pred,25,True
esmc6b_3di_widehead,P83615,Streptomyces mobaraensis,propeptides,true,6,True
esmc6b_3di_widehead,P83615,Streptomyces mobaraensis,propeptides,tp_pred,7,True
esmc6b_3di_widehead,P83615,Streptomyces mobaraensis,propeptides,fp_pred,35,False
esmc6b_3di_widehead,P04279,Homo sapiens,peptides,true,31,False
esmc6b_3di_widehead,P04279,Homo sapiens,propeptides,fp_pred,7,False
esmc6b_3di_widehead,P04279,Homo sapiens,propeptides,fp_pred,18,False
esmc6b_3di_widehead,S0F1N0,Hadronyche infensa,peptides,fp_pred,37,False
esmc6b_3di_widehead,S0F1N0,Hadronyche infensa,propeptides,true,18,True
esmc6b_3di_widehead,S0F1N0,Hadronyche infensa,propeptides,tp_pred,20,True
esmc6b_3di_widehead,P0DMQ4,Hadronyche modesta,peptides,true,36,True
esmc6b_3di_widehead,P0DMQ4,Hadronyche modesta,peptides,tp_pred,36,True
esmc6b_3di_widehead,P0DMQ4,Hadronyche modesta,propeptides,true,13,True
esmc6b_3di_widehead,P0DMQ4,Hadronyche modesta,propeptides,tp_pred,13,True
esmc6b_3di_widehead,S0F1P1,Hadronyche versuta,peptides,true,37,True
esmc6b_3di_widehead,S0F1P1,Hadronyche versuta,peptides,tp_pred,37,True
esmc6b_3di_widehead,S0F1P1,Hadronyche versuta,propeptides,true,13,True
esmc6b_3di_widehead,S0F1P1,Hadronyche versuta,propeptides,tp_pred,15,True
esmc6b_3di_widehead,Q99N14,Mus musculus,peptides,true,11,True
esmc6b_3di_widehead,Q99N14,Mus musculus,peptides,tp_pred,10,True
esmc6b_3di_widehead,Q99N14,Mus musculus,propeptides,true,38,False
esmc6b_3di_widehead,Q6ECK6,Oryctolagus cuniculus,peptides,true,10,True
esmc6b_3di_widehead,Q6ECK6,Oryctolagus cuniculus,peptides,true,12,False
esmc6b_3di_widehead,Q6ECK6,Oryctolagus cuniculus,peptides,tp_pred,10,True
esmc6b_3di_widehead,Q6ECK6,Oryctolagus cuniculus,propeptides,true,36,False
esmc6b_3di_widehead,Q6ECK6,Oryctolagus cuniculus,propeptides,true,16,False
esmc6b_3di_widehead,Q6ECK6,Oryctolagus cuniculus,propeptides,fp_pred,30,False
esmc6b_3di_widehead,Q8CH01,Rattus norvegicus,peptides,true,10,True
esmc6b_3di_widehead,Q8CH01,Rattus norvegicus,peptides,tp_pred,10,True
esmc6b_3di_widehead,Q8CH01,Rattus norvegicus,propeptides,true,38,True
esmc6b_3di_widehead,Q8CH01,Rattus norvegicus,propeptides,tp_pred,38,True
esmc6b_3di_widehead,A6ZZH2,Saccharomyces cerevisiae,propeptides,true,41,True
esmc6b_3di_widehead,A6ZZH2,Saccharomyces cerevisiae,propeptides,tp_pred,41,True
esmc6b_3di_widehead,Q09982,Caenorhabditis elegans,peptides,true,5,False
esmc6b_3di_widehead,Q09982,Caenorhabditis elegans,peptides,true,5,False
esmc6b_3di_widehead,Q09982,Caenorhabditis elegans,peptides,true,5,False
esmc6b_3di_widehead,Q09982,Caenorhabditis elegans,peptides,fp_pred,49,False
esmc6b_3di_widehead,Q09982,Caenorhabditis elegans,propeptides,true,32,True
esmc6b_3di_widehead,Q09982,Caenorhabditis elegans,propeptides,tp_pred,30,True
esmc6b_3di_widehead,P69761,Conus victoriae,peptides,true,29,True
esmc6b_3di_widehead,P69761,Conus victoriae,peptides,tp_pred,29,True
esmc6b_3di_widehead,P69761,Conus victoriae,propeptides,true,29,True
esmc6b_3di_widehead,P69761,Conus victoriae,propeptides,tp_pred,30,True
esmc6b_3di_widehead,Q9BPA3,Conus ventricosus,peptides,true,27,True
esmc6b_3di_widehead,Q9BPA3,Conus ventricosus,peptides,tp_pred,27,True
esmc6b_3di_widehead,Q9BPA3,Conus ventricosus,propeptides,true,26,True
esmc6b_3di_widehead,Q9BPA3,Conus ventricosus,propeptides,tp_pred,28,True
esmc6b_3di_widehead,P02957,Glycine max,propeptides,true,9,False
esmc6b_3di_widehead,A4QLH5,Lobularia maritima,propeptides,true,9,False
esmc6b_3di_widehead,P11185,Balaenoptera edeni,peptides,true,32,False
esmc6b_3di_widehead,P11185,Balaenoptera edeni,peptides,true,22,True
esmc6b_3di_widehead,P11185,Balaenoptera edeni,peptides,tp_pred,21,True
esmc6b_3di_widehead,Q8SWI4,Encephalitozoon cuniculi,propeptides,true,29,False
esmc6b_3di_widehead,Q8SWI4,Encephalitozoon cuniculi,propeptides,fp_pred,21,False
esmc6b_3di_widehead,P21852,Desulfovibrio vulgaris,propeptides,true,15,True
esmc6b_3di_widehead,P21852,Desulfovibrio vulgaris,propeptides,tp_pred,16,True
esmc6b_3di_widehead,Q14FH6,Populus alba,propeptides,true,9,False
esmc6b_3di_widehead,A2BDG9,Gasterosteus aculeatus,peptides,fp_pred,40,False
esmc6b_3di_widehead,A2BDG9,Gasterosteus aculeatus,propeptides,true,30,True
esmc6b_3di_widehead,A2BDG9,Gasterosteus aculeatus,propeptides,tp_pred,32,True
esmc6b_3di_widehead,Q7TSP5,Mus musculus,propeptides,true,26,True
esmc6b_3di_widehead,Q7TSP5,Mus musculus,propeptides,tp_pred,28,True
esmc6b_3di_widehead,P0DQM2,Ruminococcus flavefaciens,peptides,true,42,True
esmc6b_3di_widehead,P0DQM2,Ruminococcus flavefaciens,peptides,tp_pred,42,True
esmc6b_3di_widehead,P0DQM2,Ruminococcus flavefaciens,propeptides,true,38,True
esmc6b_3di_widehead,P0DQM2,Ruminococcus flavefaciens,propeptides,tp_pred,38,True
esmc6b_3di_widehead,P02070,Bos taurus,peptides,true,7,False
esmc6b_3di_widehead,P04124,Blastochloris viridis,propeptides,true,13,True
esmc6b_3di_widehead,P04124,Blastochloris viridis,propeptides,tp_pred,14,True
esmc6b_3di_widehead,Q2RQ23,Rhodospirillum rubrum,propeptides,true,13,True
esmc6b_3di_widehead,Q2RQ23,Rhodospirillum rubrum,propeptides,tp_pred,13,True
esmc6b_3di_widehead,O09209,Agrius convolvuli,peptides,true,35,False
esmc6b_3di_widehead,O09209,Agrius convolvuli,peptides,true,21,True
esmc6b_3di_widehead,O09209,Agrius convolvuli,peptides,fp_pred,28,False
esmc6b_3di_widehead,O09209,Agrius convolvuli,peptides,tp_pred,21,True
esmc6b_3di_widehead,O09209,Agrius convolvuli,propeptides,true,24,True
esmc6b_3di_widehead,O09209,Agrius convolvuli,propeptides,fp_pred,7,False
esmc6b_3di_widehead,O09209,Agrius convolvuli,propeptides,tp_pred,24,True
esmc6b_3di_widehead,Q8R5G9,Notomys alexis,peptides,true,15,False
esmc6b_3di_widehead,D2Y278,Cyriopagopus hainanus,peptides,true,39,False
esmc6b_3di_widehead,D2Y278,Cyriopagopus hainanus,propeptides,fp_pred,51,False
esmc6b_3di_widehead,D2Y296,Cyriopagopus hainanus,peptides,true,39,False
esmc6b_3di_widehead,D2Y296,Cyriopagopus hainanus,propeptides,fp_pred,53,False
esmc6b_3di_widehead,D2Y268,Cyriopagopus hainanus,peptides,true,39,False
esmc6b_3di_widehead,D2Y268,Cyriopagopus hainanus,propeptides,fp_pred,53,False
esmc6b_3di_widehead,D2Y298,Cyriopagopus hainanus,peptides,true,39,False
esmc6b_3di_widehead,D2Y298,Cyriopagopus hainanus,propeptides,fp_pred,53,False
esmc6b_3di_widehead,D2Y269,Cyriopagopus hainanus,peptides,true,39,False
esmc6b_3di_widehead,D2Y269,Cyriopagopus hainanus,propeptides,fp_pred,53,False
esmc6b_3di_widehead,P34098,Dictyostelium discoideum,propeptides,true,18,True
esmc6b_3di_widehead,P34098,Dictyostelium discoideum,propeptides,tp_pred,16,True
esmc6b_3di_widehead,P0DTK0,Chartergellus communis,peptides,true,12,False
esmc6b_3di_widehead,Q59XB0,Candida albicans,propeptides,true,24,True
esmc6b_3di_widehead,Q59XB0,Candida albicans,propeptides,tp_pred,24,True
esmc6b_3di_widehead,P13276,Manduca sexta,propeptides,true,5,True
esmc6b_3di_widehead,P13276,Manduca sexta,propeptides,tp_pred,5,True
esmc6b_3di_widehead,A6H4Q8,Vanderwaltozyma polyspora,propeptides,true,5,True
esmc6b_3di_widehead,A6H4Q8,Vanderwaltozyma polyspora,propeptides,tp_pred,5,True
esmc6b_3di_widehead,Q36258,Yarrowia lipolytica,propeptides,true,6,True
esmc6b_3di_widehead,Q36258,Yarrowia lipolytica,propeptides,tp_pred,6,True
esmc6b_3di_widehead,A0A5C2A2T2,Conus purpurascens,propeptides,true,33,True
esmc6b_3di_widehead,A0A5C2A2T2,Conus purpurascens,propeptides,tp_pred,31,True
esmc6b_3di_widehead,Q5USN8,Viola odorata,peptides,true,30,True
esmc6b_3di_widehead,Q5USN8,Viola odorata,peptides,tp_pred,28,True
esmc6b_3di_widehead,Q5USN8,Viola odorata,propeptides,fp_pred,59,False
esmc6b_3di_widehead,Q5USN8,Viola odorata,propeptides,fp_pred,5,False
esmc6b_3di_widehead,P02545,Homo sapiens,propeptides,true,15,False
esmc6b_3di_widehead,P01329,Cavia porcellus,peptides,true,30,True
esmc6b_3di_widehead,P01329,Cavia porcellus,peptides,true,21,True
esmc6b_3di_widehead,P01329,Cavia porcellus,peptides,tp_pred,30,True
esmc6b_3di_widehead,P01329,Cavia porcellus,peptides,tp_pred,21,True
esmc6b_3di_widehead,P01329,Cavia porcellus,propeptides,true,31,True
esmc6b_3di_widehead,P01329,Cavia porcellus,propeptides,tp_pred,33,True
esmc6b_3di_widehead,P67968,Meleagris gallopavo,peptides,true,30,False
esmc6b_3di_widehead,P67968,Meleagris gallopavo,peptides,true,21,False
esmc6b_3di_widehead,P67968,Meleagris gallopavo,peptides,fp_pred,50,False
esmc6b_3di_widehead,P01328,Hystrix cristata,peptides,true,30,False
esmc6b_3di_widehead,P01328,Hystrix cristata,peptides,true,21,True
esmc6b_3di_widehead,P01328,Hystrix cristata,peptides,tp_pred,22,True
esmc6b_3di_widehead,P42633,Anguilla rostrata,peptides,true,30,False
esmc6b_3di_widehead,P42633,Anguilla rostrata,peptides,true,21,False
esmc6b_3di_widehead,P42633,Anguilla rostrata,peptides,fp_pred,50,False
esmc6b_3di_widehead,P58455,Oldenlandia affinis,peptides,true,30,True
esmc6b_3di_widehead,P58455,Oldenlandia affinis,peptides,true,30,True
esmc6b_3di_widehead,P58455,Oldenlandia affinis,peptides,tp_pred,33,True
esmc6b_3di_widehead,P58455,Oldenlandia affinis,peptides,tp_pred,30,True
esmc6b_3di_widehead,P58455,Oldenlandia affinis,propeptides,true,44,True
esmc6b_3di_widehead,P58455,Oldenlandia affinis,propeptides,true,25,True
esmc6b_3di_widehead,P58455,Oldenlandia affinis,propeptides,true,7,False
esmc6b_3di_widehead,P58455,Oldenlandia affinis,propeptides,tp_pred,44,True
esmc6b_3di_widehead,P58455,Oldenlandia affinis,propeptides,tp_pred,22,True
esmc6b_3di_widehead,C0HLG4,Urodacus manicatus,peptides,fp_pred,33,False
esmc6b_3di_widehead,C0HLG4,Urodacus manicatus,propeptides,true,14,True
esmc6b_3di_widehead,C0HLG4,Urodacus manicatus,propeptides,tp_pred,14,True
esmc6b_3di_widehead,O04529,Arabidopsis thaliana,propeptides,true,29,True
esmc6b_3di_widehead,O04529,Arabidopsis thaliana,propeptides,tp_pred,29,True
esmc6b_3di_widehead,P35808,Schistocerca gregaria,peptides,true,8,False
esmc6b_3di_widehead,P35808,Schistocerca gregaria,peptides,true,28,False
esmc6b_3di_widehead,B6KAM0,Toxoplasma gondii,peptides,fp_pred,35,False
esmc6b_3di_widehead,B6KAM0,Toxoplasma gondii,propeptides,true,18,False
esmc6b_3di_widehead,Q94BT2,Arabidopsis thaliana,propeptides,true,26,True
esmc6b_3di_widehead,Q94BT2,Arabidopsis thaliana,propeptides,tp_pred,26,True
esmc6b_3di_widehead,Q3C256,Actinia equina,propeptides,true,16,True
esmc6b_3di_widehead,Q3C256,Actinia equina,propeptides,tp_pred,18,True
esmc6b_3di_widehead,P0DP52,Acinonyx jubatus,propeptides,true,6,False
esmc6b_3di_widehead,P0DMY8,Anemonia viridis,peptides,fp_pred,43,False
esmc6b_3di_widehead,P0DMY8,Anemonia viridis,propeptides,true,12,True
esmc6b_3di_widehead,P0DMY8,Anemonia viridis,propeptides,tp_pred,14,True
esmc6b_3di_widehead,G0W2I1,Bunodosoma granuliferum,peptides,fp_pred,39,False
esmc6b_3di_widehead,G0W2I1,Bunodosoma granuliferum,propeptides,true,17,True
esmc6b_3di_widehead,G0W2I1,Bunodosoma granuliferum,propeptides,tp_pred,19,True
esmc6b_3di_widehead,P26737,Bombyx mori,peptides,true,26,True
esmc6b_3di_widehead,P26737,Bombyx mori,peptides,true,21,True
esmc6b_3di_widehead,P26737,Bombyx mori,peptides,tp_pred,24,True
esmc6b_3di_widehead,P26737,Bombyx mori,peptides,tp_pred,21,True
esmc6b_3di_widehead,P26737,Bombyx mori,propeptides,true,19,True
esmc6b_3di_widehead,P26737,Bombyx mori,propeptides,tp_pred,19,True
esmc6b_3di_widehead,Q1G3I0,Arabidopsis thaliana,propeptides,true,25,True
esmc6b_3di_widehead,Q1G3I0,Arabidopsis thaliana,propeptides,tp_pred,25,True
esmc6b_3di_widehead,C0HJI1,Caranx sexfasciatus,peptides,true,30,False
esmc6b_3di_widehead,C0HJI1,Caranx sexfasciatus,peptides,true,21,False
esmc6b_3di_widehead,A0A3S9V8L7,Conus kinoshitai,peptides,true,28,False
esmc6b_3di_widehead,A0A3S9V8L7,Conus kinoshitai,peptides,true,24,True
esmc6b_3di_widehead,A0A3S9V8L7,Conus kinoshitai,peptides,fp_pred,33,False
esmc6b_3di_widehead,A0A3S9V8L7,Conus kinoshitai,peptides,tp_pred,25,True
esmc6b_3di_widehead,A0A3S9V8L7,Conus kinoshitai,propeptides,true,27,True
esmc6b_3di_widehead,A0A3S9V8L7,Conus kinoshitai,propeptides,tp_pred,24,True
esmc6b_3di_widehead,Q8UUG2,Morone chrysops,peptides,true,22,True
esmc6b_3di_widehead,Q8UUG2,Morone chrysops,peptides,tp_pred,21,True
esmc6b_3di_widehead,Q8UUG2,Morone chrysops,propeptides,true,33,True
esmc6b_3di_widehead,Q8UUG2,Morone chrysops,propeptides,tp_pred,34,True
esmc6b_3di_widehead,P58454,Oldenlandia affinis,peptides,true,29,True
esmc6b_3di_widehead,P58454,Oldenlandia affinis,peptides,true,29,True
esmc6b_3di_widehead,P58454,Oldenlandia affinis,peptides,true,29,True
esmc6b_3di_widehead,P58454,Oldenlandia affinis,peptides,tp_pred,27,True
esmc6b_3di_widehead,P58454,Oldenlandia affinis,peptides,tp_pred,26,True
esmc6b_3di_widehead,P58454,Oldenlandia affinis,peptides,tp_pred,26,True
esmc6b_3di_widehead,P58454,Oldenlandia affinis,propeptides,true,44,True
esmc6b_3di_widehead,P58454,Oldenlandia affinis,propeptides,true,25,False
esmc6b_3di_widehead,P58454,Oldenlandia affinis,propeptides,true,25,False
esmc6b_3di_widehead,P58454,Oldenlandia affinis,propeptides,true,7,True
esmc6b_3di_widehead,P58454,Oldenlandia affinis,propeptides,tp_pred,44,True
esmc6b_3di_widehead,P58454,Oldenlandia affinis,propeptides,tp_pred,8,True
esmc6b_3di_widehead,Q1EAR5,Coccidioides immitis,propeptides,true,29,True
esmc6b_3di_widehead,Q1EAR5,Coccidioides immitis,propeptides,tp_pred,29,True
esmc6b_3di_widehead,P26736,Bombyx mori,peptides,true,27,True
esmc6b_3di_widehead,P26736,Bombyx mori,peptides,true,20,True
esmc6b_3di_widehead,P26736,Bombyx mori,peptides,tp_pred,26,True
esmc6b_3di_widehead,P26736,Bombyx mori,peptides,tp_pred,20,True
esmc6b_3di_widehead,P26736,Bombyx mori,propeptides,true,21,True
esmc6b_3di_widehead,P26736,Bombyx mori,propeptides,tp_pred,21,True
esmc6b_3di_widehead,Q9SI57,Arabidopsis thaliana,peptides,true,13,True
esmc6b_3di_widehead,Q9SI57,Arabidopsis thaliana,peptides,tp_pred,13,True
esmc6b_3di_widehead,Q9SI57,Arabidopsis thaliana,propeptides,true,7,False
esmc6b_3di_widehead,D2Y293,Cyriopagopus hainanus,peptides,true,39,False
esmc6b_3di_widehead,D2Y293,Cyriopagopus hainanus,propeptides,fp_pred,55,False
esmc6b_3di_widehead,D2Y276,Cyriopagopus hainanus,peptides,true,39,False
esmc6b_3di_widehead,D2Y276,Cyriopagopus hainanus,propeptides,fp_pred,53,False
esmc6b_3di_widehead,D2Y294,Cyriopagopus hainanus,peptides,true,39,False
esmc6b_3di_widehead,D2Y294,Cyriopagopus hainanus,propeptides,fp_pred,53,False
esmc6b_3di_widehead,D2Y265,Cyriopagopus hainanus,peptides,true,39,False
esmc6b_3di_widehead,D2Y265,Cyriopagopus hainanus,propeptides,fp_pred,51,False
esmc6b_3di_widehead,D2Y280,Cyriopagopus hainanus,peptides,true,39,False
esmc6b_3di_widehead,D2Y280,Cyriopagopus hainanus,propeptides,fp_pred,53,False
esmc6b_3di_widehead,D2Y275,Cyriopagopus hainanus,peptides,true,39,False
esmc6b_3di_widehead,D2Y275,Cyriopagopus hainanus,propeptides,fp_pred,53,False
esmc6b_3di_widehead,D2Y2P3,Cyriopagopus hainanus,peptides,true,39,False
esmc6b_3di_widehead,D2Y2P3,Cyriopagopus hainanus,propeptides,fp_pred,53,False
esmc6b_3di_widehead,Q7T273,Danio rerio,peptides,true,25,True
esmc6b_3di_widehead,Q7T273,Danio rerio,peptides,tp_pred,25,True
esmc6b_3di_widehead,Q7T273,Danio rerio,propeptides,true,40,True
esmc6b_3di_widehead,Q7T273,Danio rerio,propeptides,tp_pred,40,True
esmc6b_3di_widehead,A1Z0M0,Larimichthys crocea,peptides,true,21,False
esmc6b_3di_widehead,A1Z0M0,Larimichthys crocea,peptides,fp_pred,25,False
esmc6b_3di_widehead,A1Z0M0,Larimichthys crocea,propeptides,true,40,False
esmc6b_3di_widehead,A1Z0M0,Larimichthys crocea,propeptides,fp_pred,36,False
esmc6b_3di_widehead,Q80T19,Mus musculus,peptides,true,25,True
esmc6b_3di_widehead,Q80T19,Mus musculus,peptides,tp_pred,25,True
esmc6b_3di_widehead,Q80T19,Mus musculus,propeptides,true,27,False
esmc6b_3di_widehead,Q80T19,Mus musculus,propeptides,fp_pred,35,False
esmc6b_3di_widehead,P01314,Balaenoptera borealis,peptides,true,30,False
esmc6b_3di_widehead,P01314,Balaenoptera borealis,peptides,true,21,True
esmc6b_3di_widehead,P01314,Balaenoptera borealis,peptides,tp_pred,22,True
esmc6b_3di_widehead,P69046,Lophius piscatorius,peptides,true,30,False
esmc6b_3di_widehead,P69046,Lophius piscatorius,peptides,true,21,False
esmc6b_3di_widehead,P81423,Acipenser gueldenstaedtii,peptides,true,31,False
esmc6b_3di_widehead,P81423,Acipenser gueldenstaedtii,peptides,true,21,True
esmc6b_3di_widehead,P81423,Acipenser gueldenstaedtii,peptides,tp_pred,22,True
esmc6b_3di_widehead,P68989,Oncorhynchus gorbuscha,peptides,true,29,False
esmc6b_3di_widehead,P68989,Oncorhynchus gorbuscha,peptides,true,21,False
esmc6b_3di_widehead,P68989,Oncorhynchus gorbuscha,peptides,fp_pred,47,False
esmc6b_3di_widehead,P58457,Oldenlandia affinis,peptides,true,29,True
esmc6b_3di_widehead,P58457,Oldenlandia affinis,peptides,tp_pred,29,True
esmc6b_3di_widehead,P58457,Oldenlandia affinis,propeptides,true,47,False
esmc6b_3di_widehead,P58457,Oldenlandia affinis,propeptides,true,7,False
esmc6b_3di_widehead,P58457,Oldenlandia affinis,propeptides,fp_pred,53,False
esmc6b_3di_widehead,P39690,Saccharomyces cerevisiae,propeptides,true,9,False
esmc6b_3di_widehead,Q6Z4G8,Oryza sativa subsp. japonica,propeptides,true,26,True
esmc6b_3di_widehead,Q6Z4G8,Oryza sativa subsp. japonica,propeptides,tp_pred,27,True
esmc6b_3di_widehead,Q6Z4G7,Oryza sativa subsp. japonica,propeptides,true,25,True
esmc6b_3di_widehead,Q6Z4G7,Oryza sativa subsp. japonica,propeptides,tp_pred,25,True
esmc6b_3di_widehead,Q9XVX1,Caenorhabditis elegans,peptides,true,7,True
esmc6b_3di_widehead,Q9XVX1,Caenorhabditis elegans,peptides,tp_pred,7,True
esmc6b_3di_widehead,Q9XVX1,Caenorhabditis elegans,peptides,fp_pred,9,False
esmc6b_3di_widehead,Q9XVX1,Caenorhabditis elegans,propeptides,true,47,True
esmc6b_3di_widehead,Q9XVX1,Caenorhabditis elegans,propeptides,true,10,False
esmc6b_3di_widehead,Q9XVX1,Caenorhabditis elegans,propeptides,tp_pred,47,True
esmc6b_3di_widehead,P34405,Caenorhabditis elegans,peptides,true,10,False
esmc6b_3di_widehead,P34405,Caenorhabditis elegans,peptides,fp_pred,8,False
esmc6b_3di_widehead,P34405,Caenorhabditis elegans,peptides,fp_pred,16,False
esmc6b_3di_widehead,P34405,Caenorhabditis elegans,propeptides,true,12,False
esmc6b_3di_widehead,P34405,Caenorhabditis elegans,propeptides,true,34,False
esmc6b_3di_widehead,Q5A6U1,Candida albicans,propeptides,true,24,True
esmc6b_3di_widehead,Q5A6U1,Candida albicans,propeptides,tp_pred,24,True
esmc6b_3di_widehead,P01322,Rattus norvegicus,peptides,true,30,True
esmc6b_3di_widehead,P01322,Rattus norvegicus,peptides,true,21,True
esmc6b_3di_widehead,P01322,Rattus norvegicus,peptides,tp_pred,30,True
esmc6b_3di_widehead,P01322,Rattus norvegicus,peptides,tp_pred,21,True
esmc6b_3di_widehead,P01322,Rattus norvegicus,propeptides,true,31,True
esmc6b_3di_widehead,P01322,Rattus norvegicus,propeptides,tp_pred,33,True
esmc6b_3di_widehead,Q26474,Schistocerca americana,propeptides,true,17,True
esmc6b_3di_widehead,Q26474,Schistocerca americana,propeptides,tp_pred,17,True
esmc6b_3di_widehead,P20736,Rhipicephalus microplus,propeptides,true,23,True
esmc6b_3di_widehead,P20736,Rhipicephalus microplus,propeptides,tp_pred,24,True
esmc6b_3di_widehead,P33720,Samia cynthia,peptides,true,26,True
esmc6b_3di_widehead,P33720,Samia cynthia,peptides,true,21,True
esmc6b_3di_widehead,P33720,Samia cynthia,peptides,tp_pred,26,True
esmc6b_3di_widehead,P33720,Samia cynthia,peptides,tp_pred,21,True
esmc6b_3di_widehead,P33720,Samia cynthia,propeptides,true,29,True
esmc6b_3di_widehead,P33720,Samia cynthia,propeptides,tp_pred,29,True
esmc6b_3di_widehead,Q92223,Emericella nidulans,propeptides,true,25,True
esmc6b_3di_widehead,Q92223,Emericella nidulans,propeptides,tp_pred,25,True
esmc6b_3di_widehead,P00410,Saccharomyces cerevisiae,propeptides,true,15,True
esmc6b_3di_widehead,P00410,Saccharomyces cerevisiae,propeptides,tp_pred,15,True
esmc6b_3di_widehead,D2Y277,Cyriopagopus hainanus,peptides,true,39,False
esmc6b_3di_widehead,D2Y277,Cyriopagopus hainanus,propeptides,fp_pred,53,False
esmc6b_3di_widehead,D2Y257,Cyriopagopus hainanus,peptides,true,39,False
esmc6b_3di_widehead,D2Y257,Cyriopagopus hainanus,propeptides,fp_pred,53,False
esmc6b_3di_widehead,D2Y259,Cyriopagopus hainanus,peptides,true,39,False
esmc6b_3di_widehead,D2Y259,Cyriopagopus hainanus,propeptides,fp_pred,53,False
esmc6b_3di_widehead,D2Y271,Cyriopagopus hainanus,peptides,true,42,False
esmc6b_3di_widehead,D2Y271,Cyriopagopus hainanus,propeptides,fp_pred,51,False
esmc6b_3di_widehead,D2Y290,Cyriopagopus hainanus,peptides,true,39,True
esmc6b_3di_widehead,D2Y290,Cyriopagopus hainanus,peptides,tp_pred,39,True
esmc6b_3di_widehead,D2Y290,Cyriopagopus hainanus,propeptides,fp_pred,53,False
esmc6b_3di_widehead,D2Y274,Cyriopagopus hainanus,peptides,true,39,False
esmc6b_3di_widehead,D2Y274,Cyriopagopus hainanus,propeptides,fp_pred,53,False
esmc6b_3di_widehead,Q99MH3,Rattus norvegicus,peptides,true,25,True
esmc6b_3di_widehead,Q99MH3,Rattus norvegicus,peptides,tp_pred,25,True
esmc6b_3di_widehead,Q99MH3,Rattus norvegicus,propeptides,true,31,False
esmc6b_3di_widehead,Q99MH3,Rattus norvegicus,propeptides,fp_pred,36,False
esmc6b_3di_widehead,Q9EQ21,Mus musculus,peptides,true,25,True
esmc6b_3di_widehead,Q9EQ21,Mus musculus,peptides,tp_pred,25,True
esmc6b_3di_widehead,Q9EQ21,Mus musculus,propeptides,true,30,False
esmc6b_3di_widehead,Q9EQ21,Mus musculus,propeptides,fp_pred,35,False
esmc6b_3di_widehead,P0DQM4,Ruminococcus flavefaciens,peptides,true,42,True
esmc6b_3di_widehead,P0DQM4,Ruminococcus flavefaciens,peptides,tp_pred,42,True
esmc6b_3di_widehead,P0DQM4,Ruminococcus flavefaciens,propeptides,true,38,True
esmc6b_3di_widehead,P0DQM4,Ruminococcus flavefaciens,propeptides,tp_pred,38,True
esmc6b_3di_widehead,Q8Y585,Listeria monocytogenes serovar 1/2a,propeptides,true,30,True
esmc6b_3di_widehead,Q8Y585,Listeria monocytogenes serovar 1/2a,propeptides,tp_pred,30,True
esmc6b_3di_widehead,P67970,Gallus gallus,peptides,true,30,True
esmc6b_3di_widehead,P67970,Gallus gallus,peptides,true,21,True
esmc6b_3di_widehead,P67970,Gallus gallus,peptides,tp_pred,30,True
esmc6b_3di_widehead,P67970,Gallus gallus,peptides,tp_pred,21,True
esmc6b_3di_widehead,P67970,Gallus gallus,propeptides,true,28,False
esmc6b_3di_widehead,P69045,Lophius americanus,peptides,true,29,True
esmc6b_3di_widehead,P69045,Lophius americanus,peptides,true,21,True
esmc6b_3di_widehead,P69045,Lophius americanus,peptides,tp_pred,29,True
esmc6b_3di_widehead,P69045,Lophius americanus,peptides,tp_pred,21,True
esmc6b_3di_widehead,P69045,Lophius americanus,propeptides,true,38,True
esmc6b_3di_widehead,P69045,Lophius americanus,propeptides,tp_pred,38,True
esmc6b_3di_widehead,A0A125S9F6,Conus imperialis,peptides,true,28,True
esmc6b_3di_widehead,A0A125S9F6,Conus imperialis,peptides,tp_pred,28,True
esmc6b_3di_widehead,A0A125S9F6,Conus imperialis,propeptides,true,42,False
esmc6b_3di_widehead,A0A125S9F6,Conus imperialis,propeptides,fp_pred,35,False
esmc6b_3di_widehead,Q9GU58,Conus textile,peptides,true,27,True
esmc6b_3di_widehead,Q9GU58,Conus textile,peptides,tp_pred,27,True
esmc6b_3di_widehead,Q9GU58,Conus textile,propeptides,true,31,True
esmc6b_3di_widehead,Q9GU58,Conus textile,propeptides,tp_pred,33,True
esmc6b_3di_widehead,A7LI90,Californiconus californicus,peptides,true,42,True
esmc6b_3di_widehead,A7LI90,Californiconus californicus,peptides,tp_pred,42,True
esmc6b_3di_widehead,A7LI90,Californiconus californicus,propeptides,true,23,True
esmc6b_3di_widehead,A7LI90,Californiconus californicus,propeptides,tp_pred,20,True
esmc6b_3di_widehead,P0AD68,Escherichia coli,propeptides,true,11,False
esmc6b_3di_widehead,Q5NVR8,Pongo abelii,peptides,true,25,True
esmc6b_3di_widehead,Q5NVR8,Pongo abelii,peptides,tp_pred,25,True
esmc6b_3di_widehead,Q5NVR8,Pongo abelii,propeptides,true,30,False
esmc6b_3di_widehead,Q5NVR8,Pongo abelii,propeptides,fp_pred,35,False
esmc6b_3di_widehead,Q9SSG3,Arabidopsis thaliana,propeptides,true,30,True
esmc6b_3di_widehead,Q9SSG3,Arabidopsis thaliana,propeptides,tp_pred,30,True
esmc6b_3di_widehead,Q65DC4,Bacillus licheniformis,peptides,true,32,True
esmc6b_3di_widehead,Q65DC4,Bacillus licheniformis,peptides,tp_pred,32,True
esmc6b_3di_widehead,Q65DC4,Bacillus licheniformis,propeptides,true,42,True
esmc6b_3di_widehead,Q65DC4,Bacillus licheniformis,propeptides,tp_pred,42,True
esmc6b_3di_widehead,P86475,Bacillus licheniformis,peptides,true,32,True
esmc6b_3di_widehead,P86475,Bacillus licheniformis,peptides,tp_pred,32,True
esmc6b_3di_widehead,P86475,Bacillus licheniformis,propeptides,true,42,True
esmc6b_3di_widehead,P86475,Bacillus licheniformis,propeptides,tp_pred,42,True
esmc6b_3di_widehead,P54684,Bombyx mori,peptides,true,32,True
esmc6b_3di_widehead,P54684,Bombyx mori,peptides,fp_pred,21,False
esmc6b_3di_widehead,P54684,Bombyx mori,peptides,tp_pred,32,True
esmc6b_3di_widehead,P54684,Bombyx mori,propeptides,true,27,True
esmc6b_3di_widehead,P54684,Bombyx mori,propeptides,tp_pred,25,True
esmc6b_3di_widehead,O49645,Arabidopsis thaliana,propeptides,true,25,True
esmc6b_3di_widehead,O49645,Arabidopsis thaliana,propeptides,tp_pred,22,True
esmc6b_3di_widehead,Q93ZH0,Arabidopsis thaliana,propeptides,true,25,True
esmc6b_3di_widehead,Q93ZH0,Arabidopsis thaliana,propeptides,tp_pred,25,True
esmc6b_3di_widehead,A5IS17,Staphylococcus aureus,propeptides,true,35,True
esmc6b_3di_widehead,A5IS17,Staphylococcus aureus,propeptides,tp_pred,35,True
esmc6b_3di_widehead,P0DKQ7,Conus consors,peptides,true,23,False
esmc6b_3di_widehead,P0DKQ7,Conus consors,peptides,true,23,False
esmc6b_3di_widehead,P0DKQ7,Conus consors,propeptides,true,15,False
esmc6b_3di_widehead,P0DKQ7,Conus consors,propeptides,true,23,False
esmc6b_3di_widehead,P0DKQ7,Conus consors,propeptides,true,43,False
esmc6b_3di_widehead,Q9H1M4,Homo sapiens,peptides,true,43,False
esmc6b_3di_widehead,Q9H1M4,Homo sapiens,peptides,fp_pred,47,False
esmc6b_3di_widehead,Q9H1M4,Homo sapiens,propeptides,true,34,False
esmc6b_3di_widehead,P10674,Drosophila melanogaster,propeptides,true,27,True
esmc6b_3di_widehead,P10674,Drosophila melanogaster,propeptides,tp_pred,26,True
esmc6b_3di_widehead,I1T3C7,Arthroderma otae,propeptides,true,22,True
esmc6b_3di_widehead,I1T3C7,Arthroderma otae,propeptides,tp_pred,22,True
esmc6b_3di_widehead,A0A059J5P2,Trichophyton interdigitale,propeptides,true,26,True
esmc6b_3di_widehead,A0A059J5P2,Trichophyton interdigitale,propeptides,tp_pred,26,True
esmc6b_3di_widehead,A9XFZ7,Copris tripartitus,peptides,fp_pred,43,False
esmc6b_3di_widehead,A9XFZ7,Copris tripartitus,propeptides,true,17,True
esmc6b_3di_widehead,A9XFZ7,Copris tripartitus,propeptides,tp_pred,17,True
esmc6b_3di_widehead,O16137,Stomoxys calcitrans,peptides,fp_pred,40,False
esmc6b_3di_widehead,O16137,Stomoxys calcitrans,propeptides,true,34,True
esmc6b_3di_widehead,O16137,Stomoxys calcitrans,propeptides,tp_pred,32,True
esmc6b_3di_widehead,Q6GA84,Staphylococcus aureus,propeptides,true,35,True
esmc6b_3di_widehead,Q6GA84,Staphylococcus aureus,propeptides,tp_pred,35,True
esmc6b_3di_widehead,Q7A151,Staphylococcus aureus,propeptides,true,35,True
esmc6b_3di_widehead,Q7A151,Staphylococcus aureus,propeptides,tp_pred,35,True
esmc6b_3di_widehead,Q9ULZ9,Homo sapiens,propeptides,true,38,True
esmc6b_3di_widehead,Q9ULZ9,Homo sapiens,propeptides,tp_pred,38,True
esmc6b_3di_widehead,I0B6F3,Chassalia chartacea,peptides,true,29,True
esmc6b_3di_widehead,I0B6F3,Chassalia chartacea,peptides,tp_pred,28,True
esmc6b_3di_widehead,I0B6F3,Chassalia chartacea,propeptides,true,19,True
esmc6b_3di_widehead,I0B6F3,Chassalia chartacea,propeptides,true,7,True
esmc6b_3di_widehead,I0B6F3,Chassalia chartacea,propeptides,tp_pred,21,True
esmc6b_3di_widehead,I0B6F3,Chassalia chartacea,propeptides,tp_pred,6,True
esmc6b_3di_widehead,A0A084G2W8,Pseudallescheria apiosperma,propeptides,true,31,False
esmc6b_3di_widehead,A0A084G2W8,Pseudallescheria apiosperma,propeptides,fp_pred,31,False
esmc6b_3di_widehead,A0A0B5A7N5,Conus floridulus,peptides,true,34,False
esmc6b_3di_widehead,A0A0B5A7N5,Conus floridulus,peptides,true,38,False
esmc6b_3di_widehead,A0A0B5A7N5,Conus floridulus,peptides,fp_pred,39,False
esmc6b_3di_widehead,A0A0B5A7N5,Conus floridulus,peptides,fp_pred,28,False
esmc6b_3di_widehead,A0A0B5A7N5,Conus floridulus,propeptides,true,31,False
esmc6b_3di_widehead,A0A0B5A7N5,Conus floridulus,propeptides,fp_pred,33,False
esmc6b_3di_widehead,P67974,Physeter macrocephalus,peptides,true,30,False
esmc6b_3di_widehead,P67974,Physeter macrocephalus,peptides,true,21,True
esmc6b_3di_widehead,P67974,Physeter macrocephalus,peptides,tp_pred,22,True
esmc6b_3di_widehead,P01338,Batrachoididae sp.,peptides,true,29,False
esmc6b_3di_widehead,P01338,Batrachoididae sp.,peptides,true,21,False
esmc6b_3di_widehead,P01338,Batrachoididae sp.,peptides,fp_pred,50,False
esmc6b_3di_widehead,A0A0B5A8P8,Conus imperialis,peptides,true,34,False
esmc6b_3di_widehead,A0A0B5A8P8,Conus imperialis,peptides,true,30,True
esmc6b_3di_widehead,A0A0B5A8P8,Conus imperialis,peptides,fp_pred,44,False
esmc6b_3di_widehead,A0A0B5A8P8,Conus imperialis,peptides,tp_pred,27,True
esmc6b_3di_widehead,A0A0B5A8P8,Conus imperialis,propeptides,true,47,False
esmc6b_3di_widehead,A0A0B5A8P8,Conus imperialis,propeptides,fp_pred,38,False
esmc6b_3di_widehead,A0A3S9V8K6,Conus kinoshitai,peptides,true,27,False
esmc6b_3di_widehead,A0A3S9V8K6,Conus kinoshitai,peptides,true,26,True
esmc6b_3di_widehead,A0A3S9V8K6,Conus kinoshitai,peptides,fp_pred,32,False
esmc6b_3di_widehead,A0A3S9V8K6,Conus kinoshitai,peptides,tp_pred,26,True
esmc6b_3di_widehead,A0A3S9V8K6,Conus kinoshitai,propeptides,true,5,False
esmc6b_3di_widehead,A0A3S9V8K6,Conus kinoshitai,propeptides,true,27,True
esmc6b_3di_widehead,A0A3S9V8K6,Conus kinoshitai,propeptides,tp_pred,24,True
esmc6b_3di_widehead,P01315,Sus scrofa,peptides,true,30,True
esmc6b_3di_widehead,P01315,Sus scrofa,peptides,true,21,True
esmc6b_3di_widehead,P01315,Sus scrofa,peptides,tp_pred,30,True
esmc6b_3di_widehead,P01315,Sus scrofa,peptides,tp_pred,21,True
esmc6b_3di_widehead,P01315,Sus scrofa,propeptides,true,29,False
esmc6b_3di_widehead,P09477,Platichthys flesus,peptides,true,30,False
esmc6b_3di_widehead,P09477,Platichthys flesus,peptides,true,21,False
esmc6b_3di_widehead,A0A3S9V8L9,Conus tulipa,peptides,true,23,False
esmc6b_3di_widehead,A0A3S9V8L9,Conus tulipa,peptides,true,20,True
esmc6b_3di_widehead,A0A3S9V8L9,Conus tulipa,peptides,fp_pred,28,False
esmc6b_3di_widehead,A0A3S9V8L9,Conus tulipa,peptides,tp_pred,21,True
esmc6b_3di_widehead,A0A3S9V8L9,Conus tulipa,propeptides,true,8,False
esmc6b_3di_widehead,A0A3S9V8L9,Conus tulipa,propeptides,true,42,False
esmc6b_3di_widehead,A0A3S9V8L9,Conus tulipa,propeptides,fp_pred,38,False
esmc6b_3di_widehead,C0HJU0,Platax teira,peptides,true,30,False
esmc6b_3di_widehead,C0HJU0,Platax teira,peptides,true,21,False
esmc6b_3di_widehead,P0C236,Polypterus senegalus,peptides,true,31,False
esmc6b_3di_widehead,P0C236,Polypterus senegalus,peptides,true,21,True
esmc6b_3di_widehead,P0C236,Polypterus senegalus,peptides,tp_pred,21,True
esmc6b_3di_widehead,C0HJI8,Huso dauricus,peptides,true,31,False
esmc6b_3di_widehead,C0HJI8,Huso dauricus,peptides,true,21,True
esmc6b_3di_widehead,C0HJI8,Huso dauricus,peptides,tp_pred,22,True
esmc6b_3di_widehead,Q8HXV2,Pongo pygmaeus,peptides,true,30,True
esmc6b_3di_widehead,Q8HXV2,Pongo pygmaeus,peptides,true,21,True
esmc6b_3di_widehead,Q8HXV2,Pongo pygmaeus,peptides,tp_pred,30,True
esmc6b_3di_widehead,Q8HXV2,Pongo pygmaeus,peptides,tp_pred,21,True
esmc6b_3di_widehead,Q8HXV2,Pongo pygmaeus,propeptides,true,31,True
esmc6b_3di_widehead,Q8HXV2,Pongo pygmaeus,propeptides,tp_pred,31,True
esmc6b_3di_widehead,C0HJI3,Katsuwonus pelamis,peptides,true,30,False
esmc6b_3di_widehead,C0HJI3,Katsuwonus pelamis,peptides,true,21,True
esmc6b_3di_widehead,C0HJI3,Katsuwonus pelamis,peptides,tp_pred,21,True
esmc6b_3di_widehead,P01331,Proechimys guairae,peptides,true,29,False
esmc6b_3di_widehead,P01331,Proechimys guairae,peptides,true,21,False
esmc6b_3di_widehead,P01331,Proechimys guairae,peptides,fp_pred,50,False
esmc6b_3di_widehead,Q62587,Psammomys obesus,peptides,true,30,True
esmc6b_3di_widehead,Q62587,Psammomys obesus,peptides,true,21,True
esmc6b_3di_widehead,Q62587,Psammomys obesus,peptides,tp_pred,30,True
esmc6b_3di_widehead,Q62587,Psammomys obesus,peptides,tp_pred,21,True
esmc6b_3di_widehead,Q62587,Psammomys obesus,propeptides,true,31,True
esmc6b_3di_widehead,Q62587,Psammomys obesus,propeptides,tp_pred,31,True
esmc6b_3di_widehead,P12708,Ptyas dhumnades,peptides,true,30,False
esmc6b_3di_widehead,P12708,Ptyas dhumnades,peptides,true,21,True
esmc6b_3di_widehead,P12708,Ptyas dhumnades,peptides,tp_pred,22,True
esmc6b_3di_widehead,P01326,Mus musculus,peptides,true,30,True
esmc6b_3di_widehead,P01326,Mus musculus,peptides,true,21,True
esmc6b_3di_widehead,P01326,Mus musculus,peptides,tp_pred,30,True
esmc6b_3di_widehead,P01326,Mus musculus,peptides,tp_pred,21,True
esmc6b_3di_widehead,P01326,Mus musculus,propeptides,true,31,True
esmc6b_3di_widehead,P01326,Mus musculus,propeptides,tp_pred,33,True
esmc6b_3di_widehead,P01311,Oryctolagus cuniculus,peptides,true,30,True
esmc6b_3di_widehead,P01311,Oryctolagus cuniculus,peptides,true,21,True
esmc6b_3di_widehead,P01311,Oryctolagus cuniculus,peptides,tp_pred,30,True
esmc6b_3di_widehead,P01311,Oryctolagus cuniculus,peptides,tp_pred,21,True
esmc6b_3di_widehead,P01311,Oryctolagus cuniculus,propeptides,true,31,True
esmc6b_3di_widehead,P01311,Oryctolagus cuniculus,propeptides,tp_pred,31,True
esmc6b_3di_widehead,P21563,Rodentia sp.,peptides,true,31,True
esmc6b_3di_widehead,P21563,Rodentia sp.,peptides,true,19,True
esmc6b_3di_widehead,P21563,Rodentia sp.,peptides,tp_pred,31,True
esmc6b_3di_widehead,P21563,Rodentia sp.,peptides,tp_pred,19,True
esmc6b_3di_widehead,P21563,Rodentia sp.,propeptides,true,32,False
esmc6b_3di_widehead,P67971,Saimiri sciureus,peptides,true,30,False
esmc6b_3di_widehead,P67971,Saimiri sciureus,peptides,true,21,False
esmc6b_3di_widehead,P67971,Saimiri sciureus,peptides,fp_pred,50,False
esmc6b_3di_widehead,P12707,Xenopus laevis,peptides,true,30,True
esmc6b_3di_widehead,P12707,Xenopus laevis,peptides,true,21,True
esmc6b_3di_widehead,P12707,Xenopus laevis,peptides,tp_pred,30,True
esmc6b_3di_widehead,P12707,Xenopus laevis,peptides,tp_pred,21,True
esmc6b_3di_widehead,P12707,Xenopus laevis,propeptides,true,28,True
esmc6b_3di_widehead,P12707,Xenopus laevis,propeptides,tp_pred,28,True
esmc6b_3di_widehead,P12704,Squalus acanthias,peptides,true,32,True
esmc6b_3di_widehead,P12704,Squalus acanthias,peptides,true,22,False
esmc6b_3di_widehead,P12704,Squalus acanthias,peptides,tp_pred,30,True
esmc6b_3di_widehead,P67969,Struthio camelus,peptides,true,30,False
esmc6b_3di_widehead,P67969,Struthio camelus,peptides,true,21,False
esmc6b_3di_widehead,P67969,Struthio camelus,peptides,fp_pred,50,False
esmc6b_3di_widehead,P01339,Thunnus thynnus,peptides,true,30,False
esmc6b_3di_widehead,P01339,Thunnus thynnus,peptides,true,21,False
esmc6b_3di_widehead,A0A0B5A8P4,Conus geographus,peptides,true,22,False
esmc6b_3di_widehead,A0A0B5A8P4,Conus geographus,peptides,true,21,True
esmc6b_3di_widehead,A0A0B5A8P4,Conus geographus,peptides,fp_pred,27,False
esmc6b_3di_widehead,A0A0B5A8P4,Conus geographus,peptides,tp_pred,21,True
esmc6b_3di_widehead,A0A0B5A8P4,Conus geographus,propeptides,true,8,False
esmc6b_3di_widehead,A0A0B5A8P4,Conus geographus,propeptides,true,41,True
esmc6b_3di_widehead,A0A0B5A8P4,Conus geographus,propeptides,tp_pred,38,True
esmc6b_3di_widehead,A0A0B5AC86,Conus geographus,peptides,true,22,False
esmc6b_3di_widehead,A0A0B5AC86,Conus geographus,peptides,true,21,True
esmc6b_3di_widehead,A0A0B5AC86,Conus geographus,peptides,fp_pred,27,False
esmc6b_3di_widehead,A0A0B5AC86,Conus geographus,peptides,tp_pred,21,True
esmc6b_3di_widehead,A0A0B5AC86,Conus geographus,propeptides,true,8,False
esmc6b_3di_widehead,A0A0B5AC86,Conus geographus,propeptides,true,41,True
esmc6b_3di_widehead,A0A0B5AC86,Conus geographus,propeptides,tp_pred,38,True
esmc6b_3di_widehead,P69047,Trachemys dorbigni,peptides,true,30,False
esmc6b_3di_widehead,P69047,Trachemys dorbigni,peptides,true,21,False
esmc6b_3di_widehead,P69047,Trachemys dorbigni,peptides,fp_pred,50,False
esmc6b_3di_widehead,P69048,Trachemys scripta,peptides,true,30,False
esmc6b_3di_widehead,P69048,Trachemys scripta,peptides,true,21,False
esmc6b_3di_widehead,P69048,Trachemys scripta,peptides,fp_pred,50,False
esmc6b_3di_widehead,A0A0B5ABD5,Conus tulipa,peptides,true,23,False
esmc6b_3di_widehead,A0A0B5ABD5,Conus tulipa,peptides,true,20,True
esmc6b_3di_widehead,A0A0B5ABD5,Conus tulipa,peptides,fp_pred,33,False
esmc6b_3di_widehead,A0A0B5ABD5,Conus tulipa,peptides,tp_pred,23,True
esmc6b_3di_widehead,A0A0B5ABD5,Conus tulipa,propeptides,true,5,False
esmc6b_3di_widehead,A0A0B5ABD5,Conus tulipa,propeptides,true,42,False
esmc6b_3di_widehead,A0A0B5ABD5,Conus tulipa,propeptides,fp_pred,33,False
esmc6b_3di_widehead,Q9W7R2,Verasper moseri,peptides,true,31,True
esmc6b_3di_widehead,Q9W7R2,Verasper moseri,peptides,true,21,True
esmc6b_3di_widehead,Q9W7R2,Verasper moseri,peptides,tp_pred,29,True
esmc6b_3di_widehead,Q9W7R2,Verasper moseri,peptides,tp_pred,21,True
esmc6b_3di_widehead,Q9W7R2,Verasper moseri,propeptides,true,37,True
esmc6b_3di_widehead,Q9W7R2,Verasper moseri,propeptides,tp_pred,38,True
esmc6b_3di_widehead,O97937,Callithrix jacchus,peptides,true,31,False
esmc6b_3di_widehead,O97937,Callithrix jacchus,peptides,true,25,True
esmc6b_3di_widehead,O97937,Callithrix jacchus,peptides,tp_pred,25,True
esmc6b_3di_widehead,O97937,Callithrix jacchus,propeptides,true,47,False
esmc6b_3di_widehead,P70664,Cavia porcellus,peptides,true,15,False
esmc6b_3di_widehead,P51461,Sus scrofa,peptides,true,30,False
esmc6b_3di_widehead,P51461,Sus scrofa,peptides,true,26,True
esmc6b_3di_widehead,P51461,Sus scrofa,peptides,tp_pred,26,True
esmc6b_3di_widehead,P51461,Sus scrofa,propeptides,true,46,False
esmc6b_3di_widehead,D2Y258,Cyriopagopus hainanus,peptides,true,39,False
esmc6b_3di_widehead,D2Y258,Cyriopagopus hainanus,propeptides,fp_pred,53,False
esmc6b_3di_widehead,D2Y291,Cyriopagopus hainanus,peptides,true,39,False
esmc6b_3di_widehead,D2Y291,Cyriopagopus hainanus,propeptides,fp_pred,53,False
esmc6b_3di_widehead,D2Y2I1,Cyriopagopus hainanus,peptides,true,39,False
esmc6b_3di_widehead,D2Y2I1,Cyriopagopus hainanus,propeptides,fp_pred,53,False
esmc6b_3di_widehead,D2Y286,Cyriopagopus hainanus,peptides,true,39,False
esmc6b_3di_widehead,D2Y286,Cyriopagopus hainanus,propeptides,fp_pred,53,False
esmc6b_3di_widehead,D2Y253,Cyriopagopus hainanus,peptides,true,39,False
esmc6b_3di_widehead,D2Y253,Cyriopagopus hainanus,propeptides,fp_pred,53,False
esmc6b_3di_widehead,D2Y288,Cyriopagopus hainanus,peptides,true,39,False
esmc6b_3di_widehead,D2Y288,Cyriopagopus hainanus,propeptides,fp_pred,53,False
esmc6b_3di_widehead,D2Y254,Cyriopagopus hainanus,peptides,true,39,False
esmc6b_3di_widehead,D2Y254,Cyriopagopus hainanus,propeptides,fp_pred,53,False
esmc6b_3di_widehead,Q9LNN7,Arabidopsis thaliana,peptides,true,11,False
esmc6b_3di_widehead,Q9LNN7,Arabidopsis thaliana,propeptides,fp_pred,41,False
esmc6b_3di_widehead,P31736,Xanthomonas campestris pv. campestris,propeptides,true,29,False
esmc6b_3di_widehead,P31736,Xanthomonas campestris pv. campestris,propeptides,fp_pred,24,False
esmc6b_3di_widehead,P0DQM1,Ruminococcus flavefaciens,peptides,true,42,True
esmc6b_3di_widehead,P0DQM1,Ruminococcus flavefaciens,peptides,tp_pred,42,True
esmc6b_3di_widehead,P0DQM1,Ruminococcus flavefaciens,propeptides,true,38,True
esmc6b_3di_widehead,P0DQM1,Ruminococcus flavefaciens,propeptides,tp_pred,38,True
esmc6b_3di_widehead,B9W4V6,Agrocybe aegerita,propeptides,true,25,False
esmc6b_3di_widehead,B9W4V6,Agrocybe aegerita,propeptides,fp_pred,34,False
esmc6b_3di_widehead,Q2I2P4,Conus litteratus,peptides,true,31,True
esmc6b_3di_widehead,Q2I2P4,Conus litteratus,peptides,tp_pred,31,True
esmc6b_3di_widehead,Q2I2P4,Conus litteratus,propeptides,true,17,True
esmc6b_3di_widehead,Q2I2P4,Conus litteratus,propeptides,tp_pred,19,True
esmc6b_3di_widehead,A8Z1R1,Staphylococcus aureus,propeptides,true,35,True
esmc6b_3di_widehead,A8Z1R1,Staphylococcus aureus,propeptides,tp_pred,35,True
esmc6b_3di_widehead,Q24372,Drosophila melanogaster,propeptides,true,23,True
esmc6b_3di_widehead,Q24372,Drosophila melanogaster,propeptides,tp_pred,23,True
esmc6b_3di_widehead,A0A0A1I6E7,Androctonus crassicauda,peptides,true,18,True
esmc6b_3di_widehead,A0A0A1I6E7,Androctonus crassicauda,peptides,tp_pred,18,True
esmc6b_3di_widehead,A0A0A1I6E7,Androctonus crassicauda,propeptides,true,29,True
esmc6b_3di_widehead,A0A0A1I6E7,Androctonus crassicauda,propeptides,tp_pred,29,True
esmc6b_3di_widehead,P80090,Lymnaea stagnalis,peptides,true,37,True
esmc6b_3di_widehead,P80090,Lymnaea stagnalis,peptides,true,24,True
esmc6b_3di_widehead,P80090,Lymnaea stagnalis,peptides,tp_pred,39,True
esmc6b_3di_widehead,P80090,Lymnaea stagnalis,peptides,tp_pred,24,True
esmc6b_3di_widehead,P80090,Lymnaea stagnalis,propeptides,true,17,False
esmc6b_3di_widehead,P80090,Lymnaea stagnalis,propeptides,true,6,False
esmc6b_3di_widehead,P80090,Lymnaea stagnalis,propeptides,fp_pred,26,False
esmc6b_3di_widehead,Q1HA20,Bombina orientalis,peptides,true,17,True
esmc6b_3di_widehead,Q1HA20,Bombina orientalis,peptides,fp_pred,26,False
esmc6b_3di_widehead,Q1HA20,Bombina orientalis,peptides,tp_pred,17,True
esmc6b_3di_widehead,Q1HA20,Bombina orientalis,propeptides,true,26,False
esmc6b_3di_widehead,Q1HA20,Bombina orientalis,propeptides,true,6,True
esmc6b_3di_widehead,Q1HA20,Bombina orientalis,propeptides,tp_pred,7,True
esmc6b_3di_widehead,Q5VJS9,Opistophthalmus carinatus,propeptides,true,17,True
esmc6b_3di_widehead,Q5VJS9,Opistophthalmus carinatus,propeptides,tp_pred,20,True
esmc6b_3di_widehead,P56974,Mus musculus,propeptides,true,19,False
esmc6b_3di_widehead,P58443,Viola odorata,peptides,true,31,True
esmc6b_3di_widehead,P58443,Viola odorata,peptides,tp_pred,31,True
esmc6b_3di_widehead,P0C2E5,Clostridium perfringens,propeptides,true,10,True
esmc6b_3di_widehead,P0C2E5,Clostridium perfringens,propeptides,tp_pred,11,True
esmc6b_3di_widehead,Q9LTW9,Arabidopsis thaliana,propeptides,true,30,True
esmc6b_3di_widehead,Q9LTW9,Arabidopsis thaliana,propeptides,tp_pred,28,True
esmc6b_3di_widehead,P17685,Aplysia parvula,peptides,true,5,True
esmc6b_3di_widehead,P17685,Aplysia parvula,peptides,true,5,True
esmc6b_3di_widehead,P17685,Aplysia parvula,peptides,true,9,True
esmc6b_3di_widehead,P17685,Aplysia parvula,peptides,true,36,True
esmc6b_3di_widehead,P17685,Aplysia parvula,peptides,true,27,True
esmc6b_3di_widehead,P17685,Aplysia parvula,peptides,tp_pred,5,True
esmc6b_3di_widehead,P17685,Aplysia parvula,peptides,tp_pred,5,True
esmc6b_3di_widehead,P17685,Aplysia parvula,peptides,tp_pred,9,True
esmc6b_3di_widehead,P17685,Aplysia parvula,peptides,tp_pred,36,True
esmc6b_3di_widehead,P17685,Aplysia parvula,peptides,tp_pred,27,True
esmc6b_3di_widehead,P17685,Aplysia parvula,propeptides,true,39,True
esmc6b_3di_widehead,P17685,Aplysia parvula,propeptides,true,42,False
esmc6b_3di_widehead,P17685,Aplysia parvula,propeptides,tp_pred,39,True
esmc6b_3di_widehead,Q624D2,Caenorhabditis briggsae,propeptides,true,19,True
esmc6b_3di_widehead,Q624D2,Caenorhabditis briggsae,propeptides,tp_pred,22,True
esmc6b_3di_widehead,Q9SU13,Arabidopsis thaliana,propeptides,true,25,True
esmc6b_3di_widehead,Q9SU13,Arabidopsis thaliana,propeptides,tp_pred,27,True
esmc6b_3di_widehead,Q9LZX4,Arabidopsis thaliana,propeptides,true,24,True
esmc6b_3di_widehead,Q9LZX4,Arabidopsis thaliana,propeptides,tp_pred,24,True
esmc6b_3di_widehead,A6QG32,Staphylococcus aureus,propeptides,true,35,True
esmc6b_3di_widehead,A6QG32,Staphylococcus aureus,propeptides,tp_pred,35,True
esmc6b_3di_widehead,O02036,Aedes aegypti,peptides,true,14,True
esmc6b_3di_widehead,O02036,Aedes aegypti,peptides,true,10,True
esmc6b_3di_widehead,O02036,Aedes aegypti,peptides,true,7,True
esmc6b_3di_widehead,O02036,Aedes aegypti,peptides,tp_pred,14,True
esmc6b_3di_widehead,O02036,Aedes aegypti,peptides,tp_pred,10,True
esmc6b_3di_widehead,O02036,Aedes aegypti,peptides,tp_pred,7,True
esmc6b_3di_widehead,O02036,Aedes aegypti,propeptides,true,13,True
esmc6b_3di_widehead,O02036,Aedes aegypti,propeptides,true,8,True
esmc6b_3di_widehead,O02036,Aedes aegypti,propeptides,tp_pred,13,True
esmc6b_3di_widehead,O02036,Aedes aegypti,propeptides,tp_pred,8,True
esmc6b_3di_widehead,A0A1S6EK92,Moringa oleifera,peptides,true,43,False
esmc6b_3di_widehead,A0A1S6EK92,Moringa oleifera,propeptides,true,16,False
esmc6b_3di_widehead,P0CB09,Conus ammiralis,peptides,true,27,True
esmc6b_3di_widehead,P0CB09,Conus ammiralis,peptides,tp_pred,27,True
esmc6b_3di_widehead,P0CB09,Conus ammiralis,propeptides,true,27,True
esmc6b_3di_widehead,P0CB09,Conus ammiralis,propeptides,tp_pred,27,True
esmc6b_3di_widehead,A0A2L2P6T9,Conus amadis,peptides,true,30,True
esmc6b_3di_widehead,A0A2L2P6T9,Conus amadis,peptides,tp_pred,30,True
esmc6b_3di_widehead,A0A2L2P6T9,Conus amadis,propeptides,true,30,True
esmc6b_3di_widehead,A0A2L2P6T9,Conus amadis,propeptides,tp_pred,30,True
esmc6b_3di_widehead,Q5K0D7,Conus striatus,peptides,true,26,True
esmc6b_3di_widehead,Q5K0D7,Conus striatus,peptides,tp_pred,26,True
esmc6b_3di_widehead,Q5K0D7,Conus striatus,propeptides,true,24,True
esmc6b_3di_widehead,Q5K0D7,Conus striatus,propeptides,tp_pred,24,True
esmc6b_3di_widehead,G0W2I0,Bunodosoma granuliferum,peptides,fp_pred,43,False
esmc6b_3di_widehead,G0W2I0,Bunodosoma granuliferum,propeptides,true,8,True
esmc6b_3di_widehead,G0W2I0,Bunodosoma granuliferum,propeptides,tp_pred,8,True
esmc6b_3di_widehead,Q75UG5,Periplaneta americana,peptides,true,9,True
esmc6b_3di_widehead,Q75UG5,Periplaneta americana,peptides,tp_pred,9,True
esmc6b_3di_widehead,Q75UG5,Periplaneta americana,propeptides,true,23,False
esmc6b_3di_widehead,Q873Y0,Neosartorya fumigata,propeptides,true,25,True
esmc6b_3di_widehead,Q873Y0,Neosartorya fumigata,propeptides,tp_pred,25,True
esmc6b_3di_widehead,Q08907,Saccharomyces cerevisiae,propeptides,true,22,True
esmc6b_3di_widehead,Q08907,Saccharomyces cerevisiae,propeptides,tp_pred,22,True
esmc6b_3di_widehead,C0HKT6,Agrotis ipsilon,peptides,true,10,True
esmc6b_3di_widehead,C0HKT6,Agrotis ipsilon,peptides,true,19,False
esmc6b_3di_widehead,C0HKT6,Agrotis ipsilon,peptides,true,7,True
esmc6b_3di_widehead,C0HKT6,Agrotis ipsilon,peptides,true,8,True
esmc6b_3di_widehead,C0HKT6,Agrotis ipsilon,peptides,fp_pred,5,False
esmc6b_3di_widehead,C0HKT6,Agrotis ipsilon,peptides,tp_pred,10,True
esmc6b_3di_widehead,C0HKT6,Agrotis ipsilon,peptides,fp_pred,7,False
esmc6b_3di_widehead,C0HKT6,Agrotis ipsilon,peptides,tp_pred,7,True
esmc6b_3di_widehead,C0HKT6,Agrotis ipsilon,peptides,fp_pred,7,False
esmc6b_3di_widehead,C0HKT6,Agrotis ipsilon,peptides,tp_pred,10,True
esmc6b_3di_widehead,C0HKT6,Agrotis ipsilon,propeptides,true,12,False
esmc6b_3di_widehead,C0HKT6,Agrotis ipsilon,propeptides,true,36,False
esmc6b_3di_widehead,C0HKT6,Agrotis ipsilon,propeptides,true,35,False
esmc6b_3di_widehead,C0HKT6,Agrotis ipsilon,propeptides,true,31,False
esmc6b_3di_widehead,C0HKT6,Agrotis ipsilon,propeptides,fp_pred,7,False
esmc6b_3di_widehead,C0HKT6,Agrotis ipsilon,propeptides,fp_pred,19,False
esmc6b_3di_widehead,C0HKT6,Agrotis ipsilon,propeptides,fp_pred,27,False
esmc6b_3di_widehead,C0HKT6,Agrotis ipsilon,propeptides,fp_pred,22,False
esmc6b_3di_widehead,C0HKT6,Agrotis ipsilon,propeptides,fp_pred,10,False
esmc6b_3di_widehead,Q19165,Caenorhabditis elegans,peptides,true,11,False
esmc6b_3di_widehead,Q19165,Caenorhabditis elegans,peptides,true,7,True
esmc6b_3di_widehead,Q19165,Caenorhabditis elegans,peptides,true,7,True
esmc6b_3di_widehead,Q19165,Caenorhabditis elegans,peptides,true,7,True
esmc6b_3di_widehead,Q19165,Caenorhabditis elegans,peptides,true,7,True
esmc6b_3di_widehead,Q19165,Caenorhabditis elegans,peptides,true,7,True
esmc6b_3di_widehead,Q19165,Caenorhabditis elegans,peptides,true,7,True
esmc6b_3di_widehead,Q19165,Caenorhabditis elegans,peptides,tp_pred,7,True
esmc6b_3di_widehead,Q19165,Caenorhabditis elegans,peptides,tp_pred,7,True
esmc6b_3di_widehead,Q19165,Caenorhabditis elegans,peptides,tp_pred,7,True
esmc6b_3di_widehead,Q19165,Caenorhabditis elegans,peptides,tp_pred,7,True
esmc6b_3di_widehead,Q19165,Caenorhabditis elegans,peptides,tp_pred,7,True
esmc6b_3di_widehead,Q19165,Caenorhabditis elegans,peptides,tp_pred,7,True
esmc6b_3di_widehead,Q19165,Caenorhabditis elegans,propeptides,true,10,True
esmc6b_3di_widehead,Q19165,Caenorhabditis elegans,propeptides,true,19,True
esmc6b_3di_widehead,Q19165,Caenorhabditis elegans,propeptides,true,12,True
esmc6b_3di_widehead,Q19165,Caenorhabditis elegans,propeptides,true,21,True
esmc6b_3di_widehead,Q19165,Caenorhabditis elegans,propeptides,true,12,True
esmc6b_3di_widehead,Q19165,Caenorhabditis elegans,propeptides,fp_pred,11,False
esmc6b_3di_widehead,Q19165,Caenorhabditis elegans,propeptides,tp_pred,10,True
esmc6b_3di_widehead,Q19165,Caenorhabditis elegans,propeptides,tp_pred,18,True
esmc6b_3di_widehead,Q19165,Caenorhabditis elegans,propeptides,tp_pred,11,True
esmc6b_3di_widehead,Q19165,Caenorhabditis elegans,propeptides,tp_pred,20,True
esmc6b_3di_widehead,Q19165,Caenorhabditis elegans,propeptides,tp_pred,11,True
esmc6b_3di_widehead,Q867W1,Procambarus clarkii,peptides,true,12,True
esmc6b_3di_widehead,Q867W1,Procambarus clarkii,peptides,true,32,False
esmc6b_3di_widehead,Q867W1,Procambarus clarkii,peptides,tp_pred,12,True
esmc6b_3di_widehead,A0A0B5ABE6,Conus quercinus,peptides,true,34,False
esmc6b_3di_widehead,A0A0B5ABE6,Conus quercinus,peptides,true,38,False
esmc6b_3di_widehead,A0A0B5ABE6,Conus quercinus,peptides,fp_pred,42,False
esmc6b_3di_widehead,A0A0B5ABE6,Conus quercinus,peptides,fp_pred,28,False
esmc6b_3di_widehead,A0A0B5ABE6,Conus quercinus,propeptides,true,34,False
esmc6b_3di_widehead,A0A0B5ABE6,Conus quercinus,propeptides,fp_pred,33,False
esmc6b_3di_widehead,P68991,Chimaera monstrosa,peptides,true,38,False
esmc6b_3di_widehead,P68991,Chimaera monstrosa,peptides,true,21,False
esmc6b_3di_widehead,P68991,Chimaera monstrosa,peptides,fp_pred,27,False
esmc6b_3di_widehead,A0A0B5ADU4,Conus tulipa,peptides,true,23,False
esmc6b_3di_widehead,A0A0B5ADU4,Conus tulipa,peptides,true,20,True
esmc6b_3di_widehead,A0A0B5ADU4,Conus tulipa,peptides,fp_pred,33,False
esmc6b_3di_widehead,A0A0B5ADU4,Conus tulipa,peptides,tp_pred,20,True
esmc6b_3di_widehead,A0A0B5ADU4,Conus tulipa,propeptides,true,5,False
esmc6b_3di_widehead,A0A0B5ADU4,Conus tulipa,propeptides,true,42,False
esmc6b_3di_widehead,A0A0B5ADU4,Conus tulipa,propeptides,fp_pred,33,False
esmc6b_3di_widehead,Q91XI3,Ictidomys tridecemlineatus,peptides,true,30,True
esmc6b_3di_widehead,Q91XI3,Ictidomys tridecemlineatus,peptides,true,21,True
esmc6b_3di_widehead,Q91XI3,Ictidomys tridecemlineatus,peptides,tp_pred,30,True
esmc6b_3di_widehead,Q91XI3,Ictidomys tridecemlineatus,peptides,tp_pred,21,True
esmc6b_3di_widehead,Q91XI3,Ictidomys tridecemlineatus,propeptides,true,31,True
esmc6b_3di_widehead,Q91XI3,Ictidomys tridecemlineatus,propeptides,tp_pred,31,True
esmc6b_3di_widehead,P49291,Schistocerca americana,propeptides,true,22,True
esmc6b_3di_widehead,P49291,Schistocerca americana,propeptides,tp_pred,21,True
esmc6b_3di_widehead,P35518,Lactococcus lactis subsp. cremoris,propeptides,true,21,True
esmc6b_3di_widehead,P35518,Lactococcus lactis subsp. cremoris,propeptides,tp_pred,21,True
esmc6b_3di_widehead,O44663,Caenorhabditis elegans,peptides,true,7,False
esmc6b_3di_widehead,O44663,Caenorhabditis elegans,peptides,true,8,False
esmc6b_3di_widehead,O44663,Caenorhabditis elegans,peptides,true,5,False
esmc6b_3di_widehead,O44663,Caenorhabditis elegans,peptides,true,5,False
esmc6b_3di_widehead,O44663,Caenorhabditis elegans,peptides,true,7,False
esmc6b_3di_widehead,Q7XR91,Oryza sativa subsp. japonica,propeptides,true,27,True
esmc6b_3di_widehead,Q7XR91,Oryza sativa subsp. japonica,propeptides,tp_pred,27,True
esmc6b_3di_widehead,Q27023,Tenebrio molitor,peptides,fp_pred,43,False
esmc6b_3di_widehead,Q27023,Tenebrio molitor,propeptides,true,22,True
esmc6b_3di_widehead,Q27023,Tenebrio molitor,propeptides,tp_pred,20,True
esmc6b_3di_widehead,Q8MJ80,Sus scrofa,peptides,true,25,True
esmc6b_3di_widehead,Q8MJ80,Sus scrofa,peptides,tp_pred,25,True
esmc6b_3di_widehead,Q8MJ80,Sus scrofa,propeptides,true,30,False
esmc6b_3di_widehead,Q8MJ80,Sus scrofa,propeptides,fp_pred,34,False
esmc6b_3di_widehead,P81172,Homo sapiens,peptides,true,25,True
esmc6b_3di_widehead,P81172,Homo sapiens,peptides,tp_pred,25,True
esmc6b_3di_widehead,P81172,Homo sapiens,propeptides,true,30,False
esmc6b_3di_widehead,P81172,Homo sapiens,propeptides,fp_pred,35,False
esmc6b_3di_widehead,Q94F08,Arabidopsis thaliana,propeptides,true,24,True
esmc6b_3di_widehead,Q94F08,Arabidopsis thaliana,propeptides,tp_pred,24,True
esmc6b_3di_widehead,P13190,Callorhinchus milii,peptides,true,31,False
esmc6b_3di_widehead,P13190,Callorhinchus milii,peptides,true,21,True
esmc6b_3di_widehead,P13190,Callorhinchus milii,peptides,fp_pred,26,False
esmc6b_3di_widehead,P13190,Callorhinchus milii,peptides,tp_pred,21,True
esmc6b_3di_widehead,P13190,Callorhinchus milii,propeptides,true,34,True
esmc6b_3di_widehead,P13190,Callorhinchus milii,propeptides,tp_pred,36,True
esmc6b_3di_widehead,P01321,Canis lupus familiaris,peptides,true,30,True
esmc6b_3di_widehead,P01321,Canis lupus familiaris,peptides,true,21,True
esmc6b_3di_widehead,P01321,Canis lupus familiaris,peptides,tp_pred,30,True
esmc6b_3di_widehead,P01321,Canis lupus familiaris,peptides,tp_pred,21,True
esmc6b_3di_widehead,P01321,Canis lupus familiaris,propeptides,true,31,True
esmc6b_3di_widehead,P01321,Canis lupus familiaris,propeptides,tp_pred,31,True
esmc6b_3di_widehead,P12706,Xenopus laevis,peptides,true,30,True
esmc6b_3di_widehead,P12706,Xenopus laevis,peptides,true,21,True
esmc6b_3di_widehead,P12706,Xenopus laevis,peptides,tp_pred,30,True
esmc6b_3di_widehead,P12706,Xenopus laevis,peptides,tp_pred,21,True
esmc6b_3di_widehead,P12706,Xenopus laevis,propeptides,true,28,True
esmc6b_3di_widehead,P12706,Xenopus laevis,propeptides,tp_pred,28,True
esmc6b_3di_widehead,P68245,Anser anser anser,peptides,true,30,False
esmc6b_3di_widehead,P68245,Anser anser anser,peptides,true,21,False
esmc6b_3di_widehead,P68245,Anser anser anser,peptides,fp_pred,50,False
esmc6b_3di_widehead,A0A1S6EK91,Moringa oleifera,peptides,true,43,False
esmc6b_3di_widehead,A0A1S6EK91,Moringa oleifera,propeptides,true,16,False
esmc6b_3di_widehead,A0A1S6EK91,Moringa oleifera,propeptides,fp_pred,11,False
esmc6b_3di_widehead,C5J888,Opisthacanthus cayaporum,peptides,true,24,True
esmc6b_3di_widehead,C5J888,Opisthacanthus cayaporum,peptides,tp_pred,24,True
esmc6b_3di_widehead,C5J888,Opisthacanthus cayaporum,propeptides,true,25,True
esmc6b_3di_widehead,C5J888,Opisthacanthus cayaporum,propeptides,tp_pred,25,True
esmc6b_3di_widehead,L0GCI6,Urodacus yaschenkoi,peptides,true,13,True
esmc6b_3di_widehead,L0GCI6,Urodacus yaschenkoi,peptides,tp_pred,13,True
esmc6b_3di_widehead,L0GCI6,Urodacus yaschenkoi,propeptides,true,29,True
esmc6b_3di_widehead,L0GCI6,Urodacus yaschenkoi,propeptides,tp_pred,29,True
esmc6b_3di_widehead,P69762,Conus victoriae,peptides,true,26,True
esmc6b_3di_widehead,P69762,Conus victoriae,peptides,tp_pred,26,True
esmc6b_3di_widehead,P69762,Conus victoriae,propeptides,true,29,True
esmc6b_3di_widehead,P69762,Conus victoriae,propeptides,tp_pred,27,True
esmc6b_3di_widehead,Q5K0D0,Conus vexillum,peptides,true,32,True
esmc6b_3di_widehead,Q5K0D0,Conus vexillum,peptides,tp_pred,32,True
esmc6b_3di_widehead,Q5K0D0,Conus vexillum,propeptides,true,25,True
esmc6b_3di_widehead,Q5K0D0,Conus vexillum,propeptides,tp_pred,25,True
esmc6b_3di_widehead,Q3YEE2,Conus capitaneus,peptides,true,34,True
esmc6b_3di_widehead,Q3YEE2,Conus capitaneus,peptides,tp_pred,34,True
esmc6b_3di_widehead,Q3YEE2,Conus capitaneus,propeptides,true,24,True
esmc6b_3di_widehead,Q3YEE2,Conus capitaneus,propeptides,tp_pred,25,True
esmc6b_3di_widehead,P0C833,Conus striatus,peptides,true,39,False
esmc6b_3di_widehead,P0C833,Conus striatus,peptides,fp_pred,33,False
esmc6b_3di_widehead,P0C833,Conus striatus,propeptides,true,23,True
esmc6b_3di_widehead,P0C833,Conus striatus,propeptides,tp_pred,23,True
esmc6b_3di_widehead,P0C833,Conus striatus,propeptides,fp_pred,5,False
esmc6b_3di_widehead,Q5K0D2,Conus striatus,peptides,true,31,True
esmc6b_3di_widehead,Q5K0D2,Conus striatus,peptides,tp_pred,31,True
esmc6b_3di_widehead,Q5K0D2,Conus striatus,propeptides,true,29,True
esmc6b_3di_widehead,Q5K0D2,Conus striatus,propeptides,tp_pred,27,True
esmc6b_3di_widehead,Q3YEG4,Conus miles,peptides,true,28,True
esmc6b_3di_widehead,Q3YEG4,Conus miles,peptides,tp_pred,28,True
esmc6b_3di_widehead,Q3YEG4,Conus miles,propeptides,true,23,True
esmc6b_3di_widehead,Q3YEG4,Conus miles,propeptides,tp_pred,24,True
esmc6b_3di_widehead,P0CY65,Conus bullatus,peptides,true,29,True
esmc6b_3di_widehead,P0CY65,Conus bullatus,peptides,tp_pred,29,True
esmc6b_3di_widehead,P0CY65,Conus bullatus,propeptides,true,24,True
esmc6b_3di_widehead,P0CY65,Conus bullatus,propeptides,tp_pred,22,True
esmc6b_3di_widehead,B2KJ30,Conus striatus,peptides,true,25,True
esmc6b_3di_widehead,B2KJ30,Conus striatus,peptides,tp_pred,27,True
esmc6b_3di_widehead,B2KJ30,Conus striatus,propeptides,true,31,False
esmc6b_3di_widehead,B2KJ30,Conus striatus,propeptides,fp_pred,27,False
esmc6b_3di_widehead,Q9ZQ23,Arabidopsis thaliana,propeptides,true,24,True
esmc6b_3di_widehead,Q9ZQ23,Arabidopsis thaliana,propeptides,tp_pred,24,True
esmc6b_3di_widehead,D2Y282,Cyriopagopus hainanus,peptides,true,39,True
esmc6b_3di_widehead,D2Y282,Cyriopagopus hainanus,peptides,tp_pred,39,True
esmc6b_3di_widehead,D2Y282,Cyriopagopus hainanus,propeptides,fp_pred,53,False
esmc6b_3di_widehead,D2Y2H9,Cyriopagopus hainanus,peptides,true,39,False
esmc6b_3di_widehead,D2Y2H9,Cyriopagopus hainanus,propeptides,fp_pred,53,False
esmc6b_3di_widehead,D2Y289,Cyriopagopus hainanus,peptides,true,39,False
esmc6b_3di_widehead,D2Y289,Cyriopagopus hainanus,propeptides,fp_pred,53,False
esmc6b_3di_widehead,P0DQM3,Ruminococcus flavefaciens,peptides,true,42,True
esmc6b_3di_widehead,P0DQM3,Ruminococcus flavefaciens,peptides,tp_pred,42,True
esmc6b_3di_widehead,P0DQM3,Ruminococcus flavefaciens,propeptides,true,38,True
esmc6b_3di_widehead,P0DQM3,Ruminococcus flavefaciens,propeptides,tp_pred,38,True
esmc6b_3di_widehead,Q5HGV3,Staphylococcus aureus,propeptides,true,35,True
esmc6b_3di_widehead,Q5HGV3,Staphylococcus aureus,propeptides,tp_pred,35,True
esmc6b_3di_widehead,Q0VBW8,Bos taurus,peptides,true,33,False
esmc6b_3di_widehead,Q0VBW8,Bos taurus,peptides,fp_pred,34,False
esmc6b_3di_widehead,Q0VBW8,Bos taurus,peptides,fp_pred,17,False
esmc6b_3di_widehead,Q0VBW8,Bos taurus,propeptides,true,39,True
esmc6b_3di_widehead,Q0VBW8,Bos taurus,propeptides,true,36,False
esmc6b_3di_widehead,Q0VBW8,Bos taurus,propeptides,true,7,True
esmc6b_3di_widehead,Q0VBW8,Bos taurus,propeptides,tp_pred,37,True
esmc6b_3di_widehead,Q0VBW8,Bos taurus,propeptides,tp_pred,7,True
esmc6b_3di_widehead,Q718F4,Mesobuthus martensii,peptides,true,18,True
esmc6b_3di_widehead,Q718F4,Mesobuthus martensii,peptides,tp_pred,18,True
esmc6b_3di_widehead,Q718F4,Mesobuthus martensii,propeptides,true,29,True
esmc6b_3di_widehead,Q718F4,Mesobuthus martensii,propeptides,tp_pred,30,True
esmc6b_3di_widehead,R4JNJ5,Pandinus imperator,peptides,true,14,True
esmc6b_3di_widehead,R4JNJ5,Pandinus imperator,peptides,tp_pred,14,True
esmc6b_3di_widehead,R4JNJ5,Pandinus imperator,propeptides,true,29,True
esmc6b_3di_widehead,R4JNJ5,Pandinus imperator,propeptides,tp_pred,29,True
esmc6b_3di_widehead,R4JJN6,Pandinus imperator,peptides,true,13,True
esmc6b_3di_widehead,R4JJN6,Pandinus imperator,peptides,tp_pred,13,True
esmc6b_3di_widehead,R4JJN6,Pandinus imperator,propeptides,true,29,True
esmc6b_3di_widehead,R4JJN6,Pandinus imperator,propeptides,tp_pred,29,True
esmc6b_3di_widehead,G8YYA6,Androctonus amoreuxi,peptides,true,18,True
esmc6b_3di_widehead,G8YYA6,Androctonus amoreuxi,peptides,tp_pred,18,True
esmc6b_3di_widehead,G8YYA6,Androctonus amoreuxi,propeptides,true,29,True
esmc6b_3di_widehead,G8YYA6,Androctonus amoreuxi,propeptides,tp_pred,29,True
esmc6b_3di_widehead,P0DME2,Chaerilus tricostatus,peptides,true,19,True
esmc6b_3di_widehead,P0DME2,Chaerilus tricostatus,peptides,tp_pred,21,True
esmc6b_3di_widehead,P0DME2,Chaerilus tricostatus,propeptides,true,34,False
esmc6b_3di_widehead,P0DME2,Chaerilus tricostatus,propeptides,fp_pred,29,False
esmc6b_3di_widehead,P0DMF9,Chaerilus tricostatus,peptides,true,14,True
esmc6b_3di_widehead,P0DMF9,Chaerilus tricostatus,peptides,tp_pred,14,True
esmc6b_3di_widehead,P0DMF9,Chaerilus tricostatus,propeptides,true,25,True
esmc6b_3di_widehead,P0DMF9,Chaerilus tricostatus,propeptides,tp_pred,25,True
esmc6b_3di_widehead,A0A0A1I6N9,Androctonus crassicauda,peptides,true,18,True
esmc6b_3di_widehead,A0A0A1I6N9,Androctonus crassicauda,peptides,tp_pred,18,True
esmc6b_3di_widehead,A0A0A1I6N9,Androctonus crassicauda,propeptides,true,29,True
esmc6b_3di_widehead,A0A0A1I6N9,Androctonus crassicauda,propeptides,tp_pred,29,True
esmc6b_3di_widehead,Q5G8B4,Tityus costatus,peptides,true,17,True
esmc6b_3di_widehead,Q5G8B4,Tityus costatus,peptides,tp_pred,17,True
esmc6b_3di_widehead,Q5G8B4,Tityus costatus,propeptides,true,29,True
esmc6b_3di_widehead,Q5G8B4,Tityus costatus,propeptides,tp_pred,30,True
esmc6b_3di_widehead,Q9NL82,Procambarus clarkii,peptides,true,11,False
esmc6b_3di_widehead,Q9NL82,Procambarus clarkii,peptides,true,13,True
esmc6b_3di_widehead,Q9NL82,Procambarus clarkii,peptides,true,13,True
esmc6b_3di_widehead,Q9NL82,Procambarus clarkii,peptides,true,13,True
esmc6b_3di_widehead,Q9NL82,Procambarus clarkii,peptides,true,13,True
esmc6b_3di_widehead,Q9NL82,Procambarus clarkii,peptides,true,13,True
esmc6b_3di_widehead,Q9NL82,Procambarus clarkii,peptides,true,13,True
esmc6b_3di_widehead,Q9NL82,Procambarus clarkii,peptides,true,13,True
esmc6b_3di_widehead,Q9NL82,Procambarus clarkii,peptides,true,13,True
esmc6b_3di_widehead,Q9NL82,Procambarus clarkii,peptides,true,13,True
esmc6b_3di_widehead,Q9NL82,Procambarus clarkii,peptides,true,11,False
esmc6b_3di_widehead,Q9NL82,Procambarus clarkii,peptides,true,13,True
esmc6b_3di_widehead,Q9NL82,Procambarus clarkii,peptides,true,13,True
esmc6b_3di_widehead,Q9NL82,Procambarus clarkii,peptides,true,13,True
esmc6b_3di_widehead,Q9NL82,Procambarus clarkii,peptides,tp_pred,13,True
esmc6b_3di_widehead,Q9NL82,Procambarus clarkii,peptides,tp_pred,13,True
esmc6b_3di_widehead,Q9NL82,Procambarus clarkii,peptides,tp_pred,13,True
esmc6b_3di_widehead,Q9NL82,Procambarus clarkii,peptides,tp_pred,13,True
esmc6b_3di_widehead,Q9NL82,Procambarus clarkii,peptides,tp_pred,13,True
esmc6b_3di_widehead,Q9NL82,Procambarus clarkii,peptides,tp_pred,13,True
esmc6b_3di_widehead,Q9NL82,Procambarus clarkii,peptides,tp_pred,13,True
esmc6b_3di_widehead,Q9NL82,Procambarus clarkii,peptides,tp_pred,13,True
esmc6b_3di_widehead,Q9NL82,Procambarus clarkii,peptides,tp_pred,13,True
esmc6b_3di_widehead,Q9NL82,Procambarus clarkii,peptides,tp_pred,13,True
esmc6b_3di_widehead,Q9NL82,Procambarus clarkii,peptides,tp_pred,13,True
esmc6b_3di_widehead,Q9NL82,Procambarus clarkii,peptides,tp_pred,13,True
esmc6b_3di_widehead,Q9NL82,Procambarus clarkii,propeptides,true,26,False
esmc6b_3di_widehead,Q9NL82,Procambarus clarkii,propeptides,true,7,True
esmc6b_3di_widehead,Q9NL82,Procambarus clarkii,propeptides,fp_pred,39,False
esmc6b_3di_widehead,Q9NL82,Procambarus clarkii,propeptides,fp_pred,11,False
esmc6b_3di_widehead,Q9NL82,Procambarus clarkii,propeptides,tp_pred,7,True
esmc6b_3di_widehead,Q9U655,Conus textile,peptides,true,27,True
esmc6b_3di_widehead,Q9U655,Conus textile,peptides,tp_pred,27,True
esmc6b_3di_widehead,Q9U655,Conus textile,propeptides,true,27,True
esmc6b_3di_widehead,Q9U655,Conus textile,propeptides,tp_pred,27,True
esmc6b_3di_widehead,Q5REL2,Pongo abelii,peptides,true,25,False
esmc6b_3di_widehead,Q8J0P4,Neosartorya fumigata,propeptides,true,25,True
esmc6b_3di_widehead,Q8J0P4,Neosartorya fumigata,propeptides,tp_pred,25,True
esmc6b_3di_widehead,P01361,Aplysia californica,peptides,true,34,True
esmc6b_3di_widehead,P01361,Aplysia californica,peptides,tp_pred,31,True
esmc6b_3di_widehead,P01361,Aplysia californica,peptides,fp_pred,42,False
esmc6b_3di_widehead,P01361,Aplysia californica,propeptides,true,13,False
esmc6b_3di_widehead,P01361,Aplysia californica,propeptides,true,50,False
esmc6b_3di_widehead,P01361,Aplysia californica,propeptides,fp_pred,6,False
esmc6b_3di_widehead,P0AD69,Escherichia coli O157:H7,propeptides,true,11,False
esmc6b_3di_widehead,Q67UE8,Oryza sativa subsp. japonica,propeptides,true,28,True
esmc6b_3di_widehead,Q67UE8,Oryza sativa subsp. japonica,propeptides,tp_pred,27,True
esmc6b_3di_widehead,C5J886,Opisthacanthus cayaporum,peptides,true,13,True
esmc6b_3di_widehead,C5J886,Opisthacanthus cayaporum,peptides,tp_pred,13,True
esmc6b_3di_widehead,C5J886,Opisthacanthus cayaporum,propeptides,true,31,True
esmc6b_3di_widehead,C5J886,Opisthacanthus cayaporum,propeptides,tp_pred,29,True
esmc6b_3di_widehead,P07223,Lymnaea stagnalis,peptides,true,36,True
esmc6b_3di_widehead,P07223,Lymnaea stagnalis,peptides,true,25,False
esmc6b_3di_widehead,P07223,Lymnaea stagnalis,peptides,true,25,True
esmc6b_3di_widehead,P07223,Lymnaea stagnalis,peptides,tp_pred,38,True
esmc6b_3di_widehead,P07223,Lymnaea stagnalis,peptides,tp_pred,25,True
esmc6b_3di_widehead,P07223,Lymnaea stagnalis,propeptides,fp_pred,25,False
esmc6b_3di_widehead,Q9TWM7,Conus gloriamaris,peptides,true,29,True
esmc6b_3di_widehead,Q9TWM7,Conus gloriamaris,peptides,tp_pred,26,True
esmc6b_3di_widehead,Q9TWM7,Conus gloriamaris,propeptides,true,26,True
esmc6b_3di_widehead,Q9TWM7,Conus gloriamaris,propeptides,tp_pred,29,True
esmc6b_3di_widehead,P56488,Papio hamadryas,propeptides,true,20,True
esmc6b_3di_widehead,P56488,Papio hamadryas,propeptides,tp_pred,20,True
esmc6b_3di_widehead,P55086,Mus musculus,propeptides,true,13,True
esmc6b_3di_widehead,P55086,Mus musculus,propeptides,tp_pred,13,True
esmc6b_3di_widehead,Q63645,Rattus norvegicus,propeptides,true,11,False
esmc6b_3di_widehead,Q63645,Rattus norvegicus,propeptides,fp_pred,19,False
esmc6b_3di_widehead,Q9BPA0,Conus ventricosus,peptides,true,26,True
esmc6b_3di_widehead,Q9BPA0,Conus ventricosus,peptides,tp_pred,26,True
esmc6b_3di_widehead,Q9BPA0,Conus ventricosus,propeptides,true,33,True
esmc6b_3di_widehead,Q9BPA0,Conus ventricosus,propeptides,tp_pred,33,True
esmc6b_3di_widehead,P69749,Conus bullatus,peptides,true,27,True
esmc6b_3di_widehead,P69749,Conus bullatus,peptides,tp_pred,27,True
esmc6b_3di_widehead,P69749,Conus bullatus,propeptides,true,27,True
esmc6b_3di_widehead,P69749,Conus bullatus,propeptides,tp_pred,27,True
esmc6b_3di_widehead,O77248,Spodoptera litura,propeptides,true,5,True
esmc6b_3di_widehead,O77248,Spodoptera litura,propeptides,tp_pred,5,True
esmc6b_3di_widehead,A0A3G5BIB1,Dolopus genitalis,peptides,fp_pred,36,False
esmc6b_3di_widehead,A0A3G5BIB1,Dolopus genitalis,propeptides,true,14,True
esmc6b_3di_widehead,A0A3G5BIB1,Dolopus genitalis,propeptides,tp_pred,14,True
esmc6b_3di_widehead,P0DMX8,Anemonia viridis,peptides,fp_pred,43,False
esmc6b_3di_widehead,P0DMX8,Anemonia viridis,propeptides,true,12,True
esmc6b_3di_widehead,P0DMX8,Anemonia viridis,propeptides,tp_pred,14,True
esmc6b_3di_widehead,B3EWH5,Petunia hybrida,peptides,true,30,True
esmc6b_3di_widehead,B3EWH5,Petunia hybrida,peptides,tp_pred,30,True
esmc6b_3di_widehead,B3EWH5,Petunia hybrida,propeptides,true,43,False
esmc6b_3di_widehead,B3EWH5,Petunia hybrida,propeptides,true,6,False
esmc6b_3di_widehead,B3EWH5,Petunia hybrida,propeptides,fp_pred,15,False
esmc6b_3di_widehead,P08819,Triticum aestivum,propeptides,true,27,False
esmc6b_3di_widehead,Q0II73,Bos taurus,propeptides,true,21,True
esmc6b_3di_widehead,Q0II73,Bos taurus,propeptides,fp_pred,25,False
esmc6b_3di_widehead,Q0II73,Bos taurus,propeptides,tp_pred,22,True
esmc6b_3di_widehead,P0DQM5,Burkholderia thailandensis,peptides,true,19,True
esmc6b_3di_widehead,P0DQM5,Burkholderia thailandensis,peptides,tp_pred,16,True
esmc6b_3di_widehead,P0DQM5,Burkholderia thailandensis,propeptides,true,28,False
esmc6b_3di_widehead,Q8N687,Homo sapiens,peptides,true,47,True
esmc6b_3di_widehead,Q8N687,Homo sapiens,peptides,tp_pred,46,True
esmc6b_3di_widehead,Q9NIP6,Drosophila melanogaster,peptides,true,12,True
esmc6b_3di_widehead,Q9NIP6,Drosophila melanogaster,peptides,true,10,True
esmc6b_3di_widehead,Q9NIP6,Drosophila melanogaster,peptides,true,15,True
esmc6b_3di_widehead,Q9NIP6,Drosophila melanogaster,peptides,tp_pred,12,True
esmc6b_3di_widehead,Q9NIP6,Drosophila melanogaster,peptides,tp_pred,10,True
esmc6b_3di_widehead,Q9NIP6,Drosophila melanogaster,peptides,tp_pred,15,True
esmc6b_3di_widehead,Q9NIP6,Drosophila melanogaster,propeptides,true,7,True
esmc6b_3di_widehead,Q9NIP6,Drosophila melanogaster,propeptides,true,36,True
esmc6b_3di_widehead,Q9NIP6,Drosophila melanogaster,propeptides,true,19,True
esmc6b_3di_widehead,Q9NIP6,Drosophila melanogaster,propeptides,true,18,True
esmc6b_3di_widehead,Q9NIP6,Drosophila melanogaster,propeptides,tp_pred,7,True
esmc6b_3di_widehead,Q9NIP6,Drosophila melanogaster,propeptides,tp_pred,36,True
esmc6b_3di_widehead,Q9NIP6,Drosophila melanogaster,propeptides,tp_pred,19,True
esmc6b_3di_widehead,Q9NIP6,Drosophila melanogaster,propeptides,tp_pred,18,True
esmc6b_3di_widehead,P53301,Saccharomyces cerevisiae,propeptides,true,25,True
esmc6b_3di_widehead,P53301,Saccharomyces cerevisiae,propeptides,tp_pred,25,True
esmc6b_3di_widehead,P67973,Balaenoptera physalus,peptides,true,30,False
esmc6b_3di_widehead,P67973,Balaenoptera physalus,peptides,true,21,True
esmc6b_3di_widehead,P67973,Balaenoptera physalus,peptides,tp_pred,22,True
esmc6b_3di_widehead,A0A0B5AC98,Conus floridulus,peptides,true,34,False
esmc6b_3di_widehead,A0A0B5AC98,Conus floridulus,peptides,true,38,False
esmc6b_3di_widehead,A0A0B5AC98,Conus floridulus,peptides,fp_pred,39,False
esmc6b_3di_widehead,A0A0B5AC98,Conus floridulus,peptides,fp_pred,28,False
esmc6b_3di_widehead,A0A0B5AC98,Conus floridulus,propeptides,true,31,False
esmc6b_3di_widehead,A0A0B5AC98,Conus floridulus,propeptides,fp_pred,33,False
esmc6b_3di_widehead,P0A313,Lactococcus lactis subsp. cremoris,propeptides,true,21,True
esmc6b_3di_widehead,P0A313,Lactococcus lactis subsp. cremoris,propeptides,tp_pred,21,True
esmc6b_3di_widehead,Q29451,Bos taurus,propeptides,true,31,False
esmc6b_3di_widehead,P26740,Bombyx mori,peptides,true,26,True
esmc6b_3di_widehead,P26740,Bombyx mori,peptides,true,21,True
esmc6b_3di_widehead,P26740,Bombyx mori,peptides,tp_pred,24,True
esmc6b_3di_widehead,P26740,Bombyx mori,peptides,tp_pred,21,True
esmc6b_3di_widehead,P26740,Bombyx mori,propeptides,true,19,True
esmc6b_3di_widehead,P26740,Bombyx mori,propeptides,tp_pred,19,True
esmc6b_3di_widehead,P15410,Bombyx mori,peptides,true,25,True
esmc6b_3di_widehead,P15410,Bombyx mori,peptides,true,22,True
esmc6b_3di_widehead,P15410,Bombyx mori,peptides,tp_pred,25,True
esmc6b_3di_widehead,P15410,Bombyx mori,peptides,tp_pred,22,True
esmc6b_3di_widehead,P15410,Bombyx mori,propeptides,true,21,True
esmc6b_3di_widehead,P15410,Bombyx mori,propeptides,tp_pred,21,True
esmc6b_3di_widehead,D4ALQ5,Arthroderma benhamiae,propeptides,true,24,True
esmc6b_3di_widehead,D4ALQ5,Arthroderma benhamiae,propeptides,tp_pred,24,True
esmc6b_3di_widehead,Q7YX32,Caenorhabditis elegans,peptides,true,7,True
esmc6b_3di_widehead,Q7YX32,Caenorhabditis elegans,peptides,true,7,True
esmc6b_3di_widehead,Q7YX32,Caenorhabditis elegans,peptides,true,7,True
esmc6b_3di_widehead,Q7YX32,Caenorhabditis elegans,peptides,tp_pred,7,True
esmc6b_3di_widehead,Q7YX32,Caenorhabditis elegans,peptides,tp_pred,7,True
esmc6b_3di_widehead,Q7YX32,Caenorhabditis elegans,peptides,tp_pred,7,True
esmc6b_3di_widehead,Q7YX32,Caenorhabditis elegans,propeptides,true,31,True
esmc6b_3di_widehead,Q7YX32,Caenorhabditis elegans,propeptides,true,6,True
esmc6b_3di_widehead,Q7YX32,Caenorhabditis elegans,propeptides,tp_pred,31,True
esmc6b_3di_widehead,Q7YX32,Caenorhabditis elegans,propeptides,tp_pred,6,True
esmc6b_3di_widehead,Q9SIL7,Arabidopsis thaliana,propeptides,true,25,True
esmc6b_3di_widehead,Q9SIL7,Arabidopsis thaliana,propeptides,tp_pred,27,True
esmc6b_3di_widehead,Q5AL03,Candida albicans,propeptides,true,24,True
esmc6b_3di_widehead,Q5AL03,Candida albicans,propeptides,tp_pred,24,True
esmc6b_3di_widehead,X5IY26,Conus geographus,peptides,true,32,True
esmc6b_3di_widehead,X5IY26,Conus geographus,peptides,tp_pred,32,True
esmc6b_3di_widehead,X5IY26,Conus geographus,propeptides,true,25,True
esmc6b_3di_widehead,X5IY26,Conus geographus,propeptides,tp_pred,25,True
esmc6b_3di_widehead,D2DGD7,Conus pulicarius,peptides,true,39,True
esmc6b_3di_widehead,D2DGD7,Conus pulicarius,peptides,tp_pred,37,True
esmc6b_3di_widehead,D2DGD7,Conus pulicarius,propeptides,true,23,True
esmc6b_3di_widehead,D2DGD7,Conus pulicarius,propeptides,tp_pred,25,True
esmc6b_3di_widehead,O49644,Arabidopsis thaliana,propeptides,true,25,True
esmc6b_3di_widehead,O49644,Arabidopsis thaliana,propeptides,tp_pred,25,True
esmc6b_3di_widehead,P0DMY0,Anemonia viridis,peptides,fp_pred,47,False
esmc6b_3di_widehead,P0DMY0,Anemonia viridis,propeptides,true,12,True
esmc6b_3di_widehead,P0DMY0,Anemonia viridis,propeptides,tp_pred,14,True
esmc6b_3di_widehead,P0DMY4,Anemonia viridis,peptides,fp_pred,47,False
esmc6b_3di_widehead,P0DMY4,Anemonia viridis,propeptides,true,12,True
esmc6b_3di_widehead,P0DMY4,Anemonia viridis,propeptides,tp_pred,14,True
esmc6b_3di_widehead,B0L0Y6,Conus caracteristicus,propeptides,true,6,False
esmc6b_3di_widehead,I0B6F5,Chassalia chartacea,peptides,true,30,True
esmc6b_3di_widehead,I0B6F5,Chassalia chartacea,peptides,tp_pred,30,True
esmc6b_3di_widehead,I0B6F5,Chassalia chartacea,propeptides,true,21,True
esmc6b_3di_widehead,I0B6F5,Chassalia chartacea,propeptides,tp_pred,21,True
esmc6b_3di_widehead,P52711,Hordeum vulgare,propeptides,true,11,False
esmc6b_3di_widehead,P33150,Gallus gallus,propeptides,true,19,True
esmc6b_3di_widehead,P33150,Gallus gallus,propeptides,tp_pred,22,True
esmc6b_3di_widehead,P55290,Homo sapiens,propeptides,true,20,True
esmc6b_3di_widehead,P55290,Homo sapiens,propeptides,tp_pred,23,True
esmc6b_3di_widehead,P26742,Bombyx mori,peptides,true,26,True
esmc6b_3di_widehead,P26742,Bombyx mori,peptides,true,21,True
esmc6b_3di_widehead,P26742,Bombyx mori,peptides,tp_pred,24,True
esmc6b_3di_widehead,P26742,Bombyx mori,peptides,tp_pred,21,True
esmc6b_3di_widehead,P26742,Bombyx mori,propeptides,true,19,True
esmc6b_3di_widehead,P26742,Bombyx mori,propeptides,tp_pred,19,True
esmc6b_3di_widehead,P54197,Coccidioides posadasii,propeptides,true,29,True
esmc6b_3di_widehead,P54197,Coccidioides posadasii,propeptides,tp_pred,29,True
esmc6b_3di_widehead,Q03515,Oryctolagus cuniculus,propeptides,true,32,True
esmc6b_3di_widehead,Q03515,Oryctolagus cuniculus,propeptides,fp_pred,8,False
esmc6b_3di_widehead,Q03515,Oryctolagus cuniculus,propeptides,tp_pred,33,True
esmc6b_3di_widehead,P24551,Rodentia sp.,peptides,true,25,False
esmc6b_3di_widehead,P24551,Rodentia sp.,propeptides,fp_pred,36,False
esmc6b_3di_widehead,P37212,Neurospora crassa,propeptides,true,14,True
esmc6b_3di_widehead,P37212,Neurospora crassa,propeptides,tp_pred,14,True
esmc6b_3di_widehead,P04815,Bos taurus,propeptides,true,12,False
esmc6b_3di_widehead,P37890,Oryza sativa subsp. japonica,propeptides,true,11,False
esmc6b_3di_widehead,P26739,Bombyx mori,peptides,true,26,True
esmc6b_3di_widehead,P26739,Bombyx mori,peptides,true,24,True
esmc6b_3di_widehead,P26739,Bombyx mori,peptides,tp_pred,24,True
esmc6b_3di_widehead,P26739,Bombyx mori,peptides,tp_pred,24,True
esmc6b_3di_widehead,P26739,Bombyx mori,propeptides,true,16,True
esmc6b_3di_widehead,P26739,Bombyx mori,propeptides,tp_pred,16,True
esmc6b_3di_widehead,Q7A654,Staphylococcus aureus,propeptides,true,35,True
esmc6b_3di_widehead,Q7A654,Staphylococcus aureus,propeptides,tp_pred,35,True
esmc6b_3di_widehead,B2MW54,Haemaphysalis longicornis,propeptides,true,7,True
esmc6b_3di_widehead,B2MW54,Haemaphysalis longicornis,propeptides,tp_pred,9,True
esmc6b_3di_widehead,P15555,Streptomyces sp.,propeptides,true,26,False
esmc6b_3di_widehead,A8WTF8,Caenorhabditis briggsae,peptides,true,7,True
esmc6b_3di_widehead,A8WTF8,Caenorhabditis briggsae,peptides,true,7,True
esmc6b_3di_widehead,A8WTF8,Caenorhabditis briggsae,peptides,true,7,True
esmc6b_3di_widehead,A8WTF8,Caenorhabditis briggsae,peptides,tp_pred,7,True
esmc6b_3di_widehead,A8WTF8,Caenorhabditis briggsae,peptides,tp_pred,7,True
esmc6b_3di_widehead,A8WTF8,Caenorhabditis briggsae,peptides,tp_pred,7,True
esmc6b_3di_widehead,A8WTF8,Caenorhabditis briggsae,propeptides,true,34,True
esmc6b_3di_widehead,A8WTF8,Caenorhabditis briggsae,propeptides,true,6,True
esmc6b_3di_widehead,A8WTF8,Caenorhabditis briggsae,propeptides,tp_pred,34,True
esmc6b_3di_widehead,A8WTF8,Caenorhabditis briggsae,propeptides,tp_pred,6,True
esmc6b_3di_widehead,Q9SNC3,Arabidopsis thaliana,propeptides,true,24,True
esmc6b_3di_widehead,Q9SNC3,Arabidopsis thaliana,propeptides,tp_pred,24,True
esmc6b_3di_widehead,O49586,Arabidopsis thaliana,propeptides,true,23,True
esmc6b_3di_widehead,O49586,Arabidopsis thaliana,propeptides,tp_pred,24,True
esmc6b_3di_widehead,P55259,Homo sapiens,propeptides,true,25,True
esmc6b_3di_widehead,P55259,Homo sapiens,propeptides,tp_pred,25,True
esmc6b_3di_widehead,P19218,Rattus norvegicus,propeptides,true,25,True
esmc6b_3di_widehead,P19218,Rattus norvegicus,propeptides,fp_pred,11,False
esmc6b_3di_widehead,P19218,Rattus norvegicus,propeptides,tp_pred,25,True
esmc6b_3di_widehead,P23505,Rattus norvegicus,propeptides,true,27,True
esmc6b_3di_widehead,P23505,Rattus norvegicus,propeptides,tp_pred,27,True
esmc6b_3di_widehead,Q02747,Homo sapiens,peptides,true,15,False
esmc6b_3di_widehead,Q5CZK3,Pan troglodytes,peptides,true,35,False
esmc6b_3di_widehead,Q5CZK3,Pan troglodytes,peptides,true,26,True
esmc6b_3di_widehead,Q5CZK3,Pan troglodytes,peptides,tp_pred,26,True
esmc6b_3di_widehead,Q5CZK3,Pan troglodytes,propeptides,true,47,False
esmc6b_3di_widehead,P70668,Rattus norvegicus,peptides,true,15,True
esmc6b_3di_widehead,P70668,Rattus norvegicus,peptides,tp_pred,15,True
esmc6b_3di_widehead,D2Y263,Cyriopagopus hainanus,peptides,true,39,False
esmc6b_3di_widehead,D2Y263,Cyriopagopus hainanus,propeptides,fp_pred,53,False
esmc6b_3di_widehead,D2Y279,Cyriopagopus hainanus,peptides,true,39,False
esmc6b_3di_widehead,D2Y279,Cyriopagopus hainanus,propeptides,fp_pred,53,False
esmc6b_3di_widehead,D2Y261,Cyriopagopus hainanus,peptides,true,39,False
esmc6b_3di_widehead,D2Y261,Cyriopagopus hainanus,propeptides,fp_pred,53,False
esmc6b_3di_widehead,D2Y284,Cyriopagopus hainanus,peptides,true,39,False
esmc6b_3di_widehead,D2Y284,Cyriopagopus hainanus,propeptides,fp_pred,53,False
esmc6b_3di_widehead,D2Y2P5,Cyriopagopus hainanus,peptides,true,39,False
esmc6b_3di_widehead,D2Y2P5,Cyriopagopus hainanus,propeptides,fp_pred,53,False
esmc6b_3di_widehead,D2Y287,Cyriopagopus hainanus,peptides,true,39,False
esmc6b_3di_widehead,D2Y287,Cyriopagopus hainanus,propeptides,fp_pred,53,False
esmc6b_3di_widehead,P0CI49,Lychas mucronatus,propeptides,true,8,False
esmc6b_3di_widehead,D9U2A7,Lychas mucronatus,propeptides,true,8,False
esmc6b_3di_widehead,P69939,Androctonus australis,propeptides,true,8,False
esmc6b_3di_widehead,B8XH40,Buthus occitanus israelis,propeptides,true,8,False
esmc6b_3di_widehead,A0A059UI30,Mesobuthus gibbosus,propeptides,true,8,False
esmc6b_3di_widehead,Q9N661,Mesobuthus martensii,propeptides,true,8,False
esmc6b_3di_widehead,Q0GY44,Tityus discrepans,propeptides,true,8,False
esmc6b_3di_widehead,P69940,Tityus serrulatus,propeptides,true,8,False
esmc6b_3di_widehead,Q0GY46,Tityus trivittatus,propeptides,true,7,False
esmc6b_3di_widehead,A4USB4,Loxosceles intermedia,propeptides,true,8,True
esmc6b_3di_widehead,A4USB4,Loxosceles intermedia,propeptides,tp_pred,8,True
esmc6b_3di_widehead,P00974,Bos taurus,propeptides,true,14,False
esmc6b_3di_widehead,P00974,Bos taurus,propeptides,true,7,False
esmc6b_3di_widehead,C0HKR2,Agrotis ipsilon,peptides,true,8,True
esmc6b_3di_widehead,C0HKR2,Agrotis ipsilon,peptides,true,8,True
esmc6b_3di_widehead,C0HKR2,Agrotis ipsilon,peptides,true,8,True
esmc6b_3di_widehead,C0HKR2,Agrotis ipsilon,peptides,true,8,True
esmc6b_3di_widehead,C0HKR2,Agrotis ipsilon,peptides,true,8,True
esmc6b_3di_widehead,C0HKR2,Agrotis ipsilon,peptides,true,8,True
esmc6b_3di_widehead,C0HKR2,Agrotis ipsilon,peptides,true,9,True
esmc6b_3di_widehead,C0HKR2,Agrotis ipsilon,peptides,true,11,True
esmc6b_3di_widehead,C0HKR2,Agrotis ipsilon,peptides,fp_pred,30,False
esmc6b_3di_widehead,C0HKR2,Agrotis ipsilon,peptides,tp_pred,8,True
esmc6b_3di_widehead,C0HKR2,Agrotis ipsilon,peptides,fp_pred,8,False
esmc6b_3di_widehead,C0HKR2,Agrotis ipsilon,peptides,tp_pred,8,True
esmc6b_3di_widehead,C0HKR2,Agrotis ipsilon,peptides,tp_pred,8,True
esmc6b_3di_widehead,C0HKR2,Agrotis ipsilon,peptides,tp_pred,8,True
esmc6b_3di_widehead,C0HKR2,Agrotis ipsilon,peptides,tp_pred,8,True
esmc6b_3di_widehead,C0HKR2,Agrotis ipsilon,peptides,tp_pred,8,True
esmc6b_3di_widehead,C0HKR2,Agrotis ipsilon,peptides,tp_pred,9,True
esmc6b_3di_widehead,C0HKR2,Agrotis ipsilon,peptides,tp_pred,11,True
esmc6b_3di_widehead,C0HKR2,Agrotis ipsilon,propeptides,true,30,False
esmc6b_3di_widehead,C0HKR2,Agrotis ipsilon,propeptides,true,19,False
esmc6b_3di_widehead,C0HKR2,Agrotis ipsilon,propeptides,true,37,True
esmc6b_3di_widehead,C0HKR2,Agrotis ipsilon,propeptides,true,9,True
esmc6b_3di_widehead,C0HKR2,Agrotis ipsilon,propeptides,true,16,True
esmc6b_3di_widehead,C0HKR2,Agrotis ipsilon,propeptides,fp_pred,8,False
esmc6b_3di_widehead,C0HKR2,Agrotis ipsilon,propeptides,tp_pred,37,True
esmc6b_3di_widehead,C0HKR2,Agrotis ipsilon,propeptides,tp_pred,9,True
esmc6b_3di_widehead,C0HKR2,Agrotis ipsilon,propeptides,tp_pred,16,True
esmc6b_3di_widehead,P61855,Drosophila melanogaster,peptides,true,8,True
esmc6b_3di_widehead,P61855,Drosophila melanogaster,peptides,tp_pred,8,True
esmc6b_3di_widehead,P61855,Drosophila melanogaster,propeptides,true,46,False
esmc6b_3di_widehead,Q9JHX4,Rattus norvegicus,propeptides,true,10,True
esmc6b_3di_widehead,Q9JHX4,Rattus norvegicus,propeptides,tp_pred,13,True
esmc6b_3di_widehead,Q3B7N0,Bos taurus,propeptides,true,20,True
esmc6b_3di_widehead,Q3B7N0,Bos taurus,propeptides,tp_pred,23,True
esmc6b_3di_widehead,P33722,Samia cynthia,peptides,true,27,True
esmc6b_3di_widehead,P33722,Samia cynthia,peptides,true,20,True
esmc6b_3di_widehead,P33722,Samia cynthia,peptides,tp_pred,27,True
esmc6b_3di_widehead,P33722,Samia cynthia,peptides,tp_pred,20,True
esmc6b_3di_widehead,P33722,Samia cynthia,propeptides,true,21,True
esmc6b_3di_widehead,P33722,Samia cynthia,propeptides,tp_pred,21,True
esmc6b_3di_widehead,P26743,Bombyx mori,peptides,true,26,True
esmc6b_3di_widehead,P26743,Bombyx mori,peptides,true,24,True
esmc6b_3di_widehead,P26743,Bombyx mori,peptides,tp_pred,24,True
esmc6b_3di_widehead,P26743,Bombyx mori,peptides,tp_pred,24,True
esmc6b_3di_widehead,P26743,Bombyx mori,propeptides,true,16,True
esmc6b_3di_widehead,P26743,Bombyx mori,propeptides,tp_pred,16,True
esmc6b_3di_widehead,Q9DA79,Mus musculus,propeptides,true,31,True
esmc6b_3di_widehead,Q9DA79,Mus musculus,propeptides,tp_pred,31,True
esmc6b_3di_widehead,Q9H4A9,Homo sapiens,propeptides,true,23,True
esmc6b_3di_widehead,Q9H4A9,Homo sapiens,propeptides,tp_pred,23,True
esmc6b_3di_widehead,Q4WI46,Neosartorya fumigata,propeptides,true,27,True
esmc6b_3di_widehead,Q4WI46,Neosartorya fumigata,propeptides,tp_pred,27,True
esmc6b_3di_widehead,Q60E70,Oryza sativa subsp. japonica,propeptides,true,27,True
esmc6b_3di_widehead,Q60E70,Oryza sativa subsp. japonica,propeptides,tp_pred,27,True
esmc6b_3di_widehead,P58440,Viola odorata,peptides,true,31,True
esmc6b_3di_widehead,P58440,Viola odorata,peptides,tp_pred,31,True
esmc6b_3di_widehead,P0DN32,Arthroderma benhamiae,propeptides,true,33,False
esmc6b_3di_widehead,P0DN32,Arthroderma benhamiae,propeptides,fp_pred,24,False
esmc6b_3di_widehead,P81603,Aedes aegypti,peptides,fp_pred,40,False
esmc6b_3di_widehead,P81603,Aedes aegypti,propeptides,true,36,True
esmc6b_3di_widehead,P81603,Aedes aegypti,propeptides,tp_pred,36,True
esmc6b_3di_widehead,Q1MX22,Bombyx mori,peptides,true,10,True
esmc6b_3di_widehead,Q1MX22,Bombyx mori,peptides,true,7,True
esmc6b_3di_widehead,Q1MX22,Bombyx mori,peptides,true,7,True
esmc6b_3di_widehead,Q1MX22,Bombyx mori,peptides,true,8,True
esmc6b_3di_widehead,Q1MX22,Bombyx mori,peptides,tp_pred,10,True
esmc6b_3di_widehead,Q1MX22,Bombyx mori,peptides,fp_pred,46,False
esmc6b_3di_widehead,Q1MX22,Bombyx mori,peptides,tp_pred,7,True
esmc6b_3di_widehead,Q1MX22,Bombyx mori,peptides,tp_pred,7,True
esmc6b_3di_widehead,Q1MX22,Bombyx mori,peptides,tp_pred,8,True
esmc6b_3di_widehead,Q1MX22,Bombyx mori,propeptides,true,11,False
esmc6b_3di_widehead,Q1MX22,Bombyx mori,propeptides,true,47,False
esmc6b_3di_widehead,Q1MX22,Bombyx mori,propeptides,true,19,True
esmc6b_3di_widehead,Q1MX22,Bombyx mori,propeptides,true,33,True
esmc6b_3di_widehead,Q1MX22,Bombyx mori,propeptides,tp_pred,21,True
esmc6b_3di_widehead,Q1MX22,Bombyx mori,propeptides,tp_pred,32,True
esmc6b_3di_widehead,Q8LEE9,Arabidopsis thaliana,propeptides,true,29,True
esmc6b_3di_widehead,Q8LEE9,Arabidopsis thaliana,propeptides,tp_pred,27,True
esmc6b_3di_widehead,Q4V4I9,Drosophila melanogaster,peptides,true,13,True
esmc6b_3di_widehead,Q4V4I9,Drosophila melanogaster,peptides,tp_pred,13,True
esmc6b_3di_widehead,Q5AK54,Candida albicans,propeptides,true,25,True
esmc6b_3di_widehead,Q5AK54,Candida albicans,propeptides,tp_pred,25,True
esmc6b_3di_widehead,O44516,Caenorhabditis elegans,propeptides,true,19,True
esmc6b_3di_widehead,O44516,Caenorhabditis elegans,propeptides,tp_pred,20,True
esmc6b_3di_widehead,P01362,Aplysia californica,peptides,true,5,False
esmc6b_3di_widehead,P01362,Aplysia californica,peptides,true,46,True
esmc6b_3di_widehead,P01362,Aplysia californica,peptides,true,9,True
esmc6b_3di_widehead,P01362,Aplysia californica,peptides,true,19,False
esmc6b_3di_widehead,P01362,Aplysia californica,peptides,true,36,False
esmc6b_3di_widehead,P01362,Aplysia californica,peptides,true,27,True
esmc6b_3di_widehead,P01362,Aplysia californica,peptides,tp_pred,5,True
esmc6b_3di_widehead,P01362,Aplysia californica,peptides,tp_pred,9,True
esmc6b_3di_widehead,P01362,Aplysia californica,peptides,fp_pred,19,False
esmc6b_3di_widehead,P01362,Aplysia californica,peptides,tp_pred,27,True
esmc6b_3di_widehead,P01362,Aplysia californica,propeptides,true,23,False
esmc6b_3di_widehead,A0A096P2H4,Papio anubis,propeptides,true,6,False
esmc6b_3di_widehead,P82993,Hordeum vulgare subsp. spontaneum,propeptides,true,46,False
esmc6b_3di_widehead,P46193,Bos taurus,peptides,true,25,False
esmc6b_3di_widehead,P14087,Cavia cutleri,peptides,true,25,False
esmc6b_3di_widehead,P19619,Sus scrofa,peptides,true,25,False
esmc6b_3di_widehead,P0DTJ6,Conus bayani,peptides,true,28,True
esmc6b_3di_widehead,P0DTJ6,Conus bayani,peptides,tp_pred,28,True
esmc6b_3di_widehead,P0DTJ6,Conus bayani,propeptides,true,35,False
esmc6b_3di_widehead,P0DTJ6,Conus bayani,propeptides,fp_pred,40,False
esmc6b_3di_widehead,P08306,Paracoccus denitrificans,propeptides,true,18,True
esmc6b_3di_widehead,P08306,Paracoccus denitrificans,propeptides,tp_pred,18,True
esmc6b_3di_widehead,Q9SJ81,Arabidopsis thaliana,propeptides,true,22,True
esmc6b_3di_widehead,Q9SJ81,Arabidopsis thaliana,propeptides,tp_pred,22,True
esmc6b_3di_widehead,Q9FFH6,Arabidopsis thaliana,propeptides,true,23,True
esmc6b_3di_widehead,Q9FFH6,Arabidopsis thaliana,propeptides,tp_pred,24,True
esmc6b_3di_widehead,Q04433,Saccharomyces cerevisiae,propeptides,true,22,True
esmc6b_3di_widehead,Q04433,Saccharomyces cerevisiae,propeptides,tp_pred,22,True
esmc6b_3di_widehead,Q9FM65,Arabidopsis thaliana,propeptides,true,28,True
esmc6b_3di_widehead,Q9FM65,Arabidopsis thaliana,propeptides,tp_pred,27,True
esmc6b_3di_widehead,D2DGD9,Conus litteratus,peptides,true,39,True
esmc6b_3di_widehead,D2DGD9,Conus litteratus,peptides,tp_pred,37,True
esmc6b_3di_widehead,D2DGD9,Conus litteratus,propeptides,true,23,True
esmc6b_3di_widehead,D2DGD9,Conus litteratus,propeptides,tp_pred,24,True
esmc6b_3di_widehead,Q9VT51,Drosophila melanogaster,peptides,true,24,True
esmc6b_3di_widehead,Q9VT51,Drosophila melanogaster,peptides,true,30,True
esmc6b_3di_widehead,Q9VT51,Drosophila melanogaster,peptides,tp_pred,24,True
esmc6b_3di_widehead,Q9VT51,Drosophila melanogaster,peptides,tp_pred,30,True
esmc6b_3di_widehead,Q9VT51,Drosophila melanogaster,propeptides,fp_pred,52,False
esmc6b_3di_widehead,P79897,Sus scrofa,peptides,true,15,False
esmc6b_3di_widehead,Q9VT53,Drosophila melanogaster,peptides,true,22,True
esmc6b_3di_widehead,Q9VT53,Drosophila melanogaster,peptides,true,20,True
esmc6b_3di_widehead,Q9VT53,Drosophila melanogaster,peptides,tp_pred,25,True
esmc6b_3di_widehead,Q9VT53,Drosophila melanogaster,peptides,tp_pred,21,True
esmc6b_3di_widehead,D2Y295,Cyriopagopus hainanus,peptides,true,39,False
esmc6b_3di_widehead,D2Y295,Cyriopagopus hainanus,propeptides,fp_pred,53,False
esmc6b_3di_widehead,D2Y260,Cyriopagopus hainanus,peptides,true,39,False
esmc6b_3di_widehead,D2Y260,Cyriopagopus hainanus,propeptides,fp_pred,53,False
esmc6b_3di_widehead,D2Y267,Cyriopagopus hainanus,peptides,true,39,False
esmc6b_3di_widehead,D2Y267,Cyriopagopus hainanus,propeptides,fp_pred,53,False
esmc6b_3di_widehead,D2Y2P6,Cyriopagopus hainanus,peptides,true,39,False
esmc6b_3di_widehead,D2Y2P6,Cyriopagopus hainanus,propeptides,fp_pred,53,False
esmc6b_3di_widehead,M1E1F1,Hexophthalma dolichocephala,peptides,true,31,False
esmc6b_3di_widehead,M1E1F1,Hexophthalma dolichocephala,propeptides,true,17,True
esmc6b_3di_widehead,M1E1F1,Hexophthalma dolichocephala,propeptides,tp_pred,18,True
esmc6b_3di_widehead,E2AYH6,Camponotus floridanus,peptides,true,10,True
esmc6b_3di_widehead,E2AYH6,Camponotus floridanus,peptides,true,10,True
esmc6b_3di_widehead,E2AYH6,Camponotus floridanus,peptides,tp_pred,10,True
esmc6b_3di_widehead,E2AYH6,Camponotus floridanus,peptides,tp_pred,10,True
esmc6b_3di_widehead,E2AYH6,Camponotus floridanus,peptides,fp_pred,12,False
esmc6b_3di_widehead,E2AYH6,Camponotus floridanus,propeptides,true,7,True
esmc6b_3di_widehead,E2AYH6,Camponotus floridanus,propeptides,true,11,True
esmc6b_3di_widehead,E2AYH6,Camponotus floridanus,propeptides,tp_pred,7,True
esmc6b_3di_widehead,E2AYH6,Camponotus floridanus,propeptides,tp_pred,12,True
esmc6b_3di_widehead,E2AYH6,Camponotus floridanus,propeptides,fp_pred,46,False
esmc6b_3di_widehead,E2AYH6,Camponotus floridanus,propeptides,fp_pred,10,False
esmc6b_3di_widehead,Q8N6Q3,Homo sapiens,propeptides,true,29,True
esmc6b_3di_widehead,Q8N6Q3,Homo sapiens,propeptides,tp_pred,29,True
esmc6b_3di_widehead,Q01819,Drosophila melanogaster,propeptides,true,24,True
esmc6b_3di_widehead,Q01819,Drosophila melanogaster,propeptides,fp_pred,9,False
esmc6b_3di_widehead,Q01819,Drosophila melanogaster,propeptides,tp_pred,24,True
esmc6b_3di_widehead,P86471,Lucilia sericata,peptides,true,40,True
esmc6b_3di_widehead,P86471,Lucilia sericata,peptides,tp_pred,40,True
esmc6b_3di_widehead,P86471,Lucilia sericata,propeptides,true,29,True
esmc6b_3di_widehead,P86471,Lucilia sericata,propeptides,tp_pred,27,True
esmc6b_3di_widehead,P35905,Lissachatina fulica,peptides,true,5,True
esmc6b_3di_widehead,P35905,Lissachatina fulica,peptides,true,5,True
esmc6b_3di_widehead,P35905,Lissachatina fulica,peptides,true,5,True
esmc6b_3di_widehead,P35905,Lissachatina fulica,peptides,true,5,True
esmc6b_3di_widehead,P35905,Lissachatina fulica,peptides,true,6,True
esmc6b_3di_widehead,P35905,Lissachatina fulica,peptides,true,6,True
esmc6b_3di_widehead,P35905,Lissachatina fulica,peptides,true,5,True
esmc6b_3di_widehead,P35905,Lissachatina fulica,peptides,true,6,True
esmc6b_3di_widehead,P35905,Lissachatina fulica,peptides,true,5,True
esmc6b_3di_widehead,P35905,Lissachatina fulica,peptides,tp_pred,5,True
esmc6b_3di_widehead,P35905,Lissachatina fulica,peptides,tp_pred,5,True
esmc6b_3di_widehead,P35905,Lissachatina fulica,peptides,tp_pred,5,True
esmc6b_3di_widehead,P35905,Lissachatina fulica,peptides,tp_pred,5,True
esmc6b_3di_widehead,P35905,Lissachatina fulica,peptides,tp_pred,6,True
esmc6b_3di_widehead,P35905,Lissachatina fulica,peptides,tp_pred,6,True
esmc6b_3di_widehead,P35905,Lissachatina fulica,peptides,tp_pred,5,True
esmc6b_3di_widehead,P35905,Lissachatina fulica,peptides,tp_pred,6,True
esmc6b_3di_widehead,P35905,Lissachatina fulica,peptides,tp_pred,5,True
esmc6b_3di_widehead,P35905,Lissachatina fulica,peptides,fp_pred,15,False
esmc6b_3di_widehead,P35905,Lissachatina fulica,propeptides,true,36,True
esmc6b_3di_widehead,P35905,Lissachatina fulica,propeptides,true,47,False
esmc6b_3di_widehead,P35905,Lissachatina fulica,propeptides,tp_pred,36,True
esmc6b_3di_widehead,Q6CRM2,Kluyveromyces lactis,propeptides,true,17,False
esmc6b_3di_widehead,Q7YRU7,Canis lupus familiaris,propeptides,true,25,True
esmc6b_3di_widehead,Q7YRU7,Canis lupus familiaris,propeptides,tp_pred,25,True
esmc6b_3di_widehead,B8JLQ9,Danio rerio,propeptides,true,24,True
esmc6b_3di_widehead,B8JLQ9,Danio rerio,propeptides,tp_pred,24,True
esmc6b_3di_widehead,A7LI92,Californiconus californicus,peptides,true,42,True
esmc6b_3di_widehead,A7LI92,Californiconus californicus,peptides,tp_pred,42,True
esmc6b_3di_widehead,A7LI92,Californiconus californicus,propeptides,true,23,True
esmc6b_3di_widehead,A7LI92,Californiconus californicus,propeptides,tp_pred,20,True
esmc6b_3di_widehead,P81602,Aedes aegypti,peptides,true,40,True
esmc6b_3di_widehead,P81602,Aedes aegypti,peptides,tp_pred,40,True
esmc6b_3di_widehead,P81602,Aedes aegypti,propeptides,true,38,True
esmc6b_3di_widehead,P81602,Aedes aegypti,propeptides,tp_pred,36,True
esmc6b_3di_widehead,P25291,Canis lupus familiaris,propeptides,true,25,False
esmc6b_3di_widehead,P25291,Canis lupus familiaris,propeptides,fp_pred,21,False
esmc6b_3di_widehead,O22126,Arabidopsis thaliana,propeptides,true,28,True
esmc6b_3di_widehead,O22126,Arabidopsis thaliana,propeptides,tp_pred,28,True
esmc6b_3di_widehead,Q9VT52,Drosophila melanogaster,peptides,true,19,False
esmc6b_3di_widehead,Q9VT52,Drosophila melanogaster,peptides,true,29,True
esmc6b_3di_widehead,Q9VT52,Drosophila melanogaster,peptides,fp_pred,25,False
esmc6b_3di_widehead,Q9VT52,Drosophila melanogaster,peptides,tp_pred,27,True
esmc6b_3di_widehead,Q9VT52,Drosophila melanogaster,propeptides,true,39,False
esmc6b_3di_widehead,Q9VT52,Drosophila melanogaster,propeptides,fp_pred,33,False
esmc6b_3di_widehead,Q16661,Homo sapiens,peptides,true,24,False
esmc6b_3di_widehead,D2Y255,Cyriopagopus hainanus,peptides,true,39,False
esmc6b_3di_widehead,D2Y255,Cyriopagopus hainanus,propeptides,fp_pred,53,False
esmc6b_3di_widehead,D2Y262,Cyriopagopus hainanus,peptides,true,39,False
esmc6b_3di_widehead,D2Y262,Cyriopagopus hainanus,propeptides,fp_pred,53,False
esmc6b_3di_widehead,D2Y264,Cyriopagopus hainanus,peptides,true,39,False
esmc6b_3di_widehead,D2Y264,Cyriopagopus hainanus,propeptides,fp_pred,53,False
esmc6b_3di_widehead,D2Y281,Cyriopagopus hainanus,peptides,true,39,False
esmc6b_3di_widehead,D2Y281,Cyriopagopus hainanus,propeptides,fp_pred,53,False
esmc6b_3di_widehead,D2Y2I0,Cyriopagopus hainanus,peptides,true,39,True
esmc6b_3di_widehead,D2Y2I0,Cyriopagopus hainanus,peptides,tp_pred,39,True
esmc6b_3di_widehead,D2Y2I0,Cyriopagopus hainanus,propeptides,fp_pred,53,False
esmc6b_3di_widehead,P0DMY5,Anemonia viridis,peptides,fp_pred,47,False
esmc6b_3di_widehead,P0DMY5,Anemonia viridis,propeptides,true,12,True
esmc6b_3di_widehead,P0DMY5,Anemonia viridis,propeptides,tp_pred,14,True
esmc6b_3di_widehead,Q8IVL8,Homo sapiens,propeptides,true,22,True
esmc6b_3di_widehead,Q8IVL8,Homo sapiens,propeptides,fp_pred,20,False
esmc6b_3di_widehead,Q8IVL8,Homo sapiens,propeptides,tp_pred,22,True
esmc6b_3di_widehead,Q5AFA2,Candida albicans,propeptides,true,23,True
esmc6b_3di_widehead,Q5AFA2,Candida albicans,propeptides,tp_pred,23,True
esmc6b_3di_widehead,P0C249,Conus inscriptus,peptides,true,7,True
esmc6b_3di_widehead,P0C249,Conus inscriptus,peptides,tp_pred,8,True
esmc6b_3di_widehead,A6YR20,Californiconus californicus,peptides,true,45,True
esmc6b_3di_widehead,A6YR20,Californiconus californicus,peptides,tp_pred,45,True
esmc6b_3di_widehead,A6YR20,Californiconus californicus,propeptides,true,23,True
esmc6b_3di_widehead,A6YR20,Californiconus californicus,propeptides,tp_pred,23,True
esmc6b_3di_widehead,Q17027,Anopheles gambiae,peptides,fp_pred,40,False
esmc6b_3di_widehead,Q17027,Anopheles gambiae,propeptides,true,37,True
esmc6b_3di_widehead,Q17027,Anopheles gambiae,propeptides,tp_pred,35,True
esmc6b_3di_widehead,G5EEC2,Caenorhabditis elegans,peptides,true,11,True
esmc6b_3di_widehead,G5EEC2,Caenorhabditis elegans,peptides,true,11,True
esmc6b_3di_widehead,G5EEC2,Caenorhabditis elegans,peptides,true,11,True
esmc6b_3di_widehead,G5EEC2,Caenorhabditis elegans,peptides,true,11,True
esmc6b_3di_widehead,G5EEC2,Caenorhabditis elegans,peptides,true,11,True
esmc6b_3di_widehead,G5EEC2,Caenorhabditis elegans,peptides,true,11,True
esmc6b_3di_widehead,G5EEC2,Caenorhabditis elegans,peptides,true,11,True
esmc6b_3di_widehead,G5EEC2,Caenorhabditis elegans,peptides,true,11,True
esmc6b_3di_widehead,G5EEC2,Caenorhabditis elegans,peptides,tp_pred,11,True
esmc6b_3di_widehead,G5EEC2,Caenorhabditis elegans,peptides,tp_pred,11,True
esmc6b_3di_widehead,G5EEC2,Caenorhabditis elegans,peptides,tp_pred,11,True
esmc6b_3di_widehead,G5EEC2,Caenorhabditis elegans,peptides,tp_pred,11,True
esmc6b_3di_widehead,G5EEC2,Caenorhabditis elegans,peptides,tp_pred,11,True
esmc6b_3di_widehead,G5EEC2,Caenorhabditis elegans,peptides,tp_pred,11,True
esmc6b_3di_widehead,G5EEC2,Caenorhabditis elegans,peptides,tp_pred,11,True
esmc6b_3di_widehead,G5EEC2,Caenorhabditis elegans,peptides,tp_pred,11,True
esmc6b_3di_widehead,G5EEC2,Caenorhabditis elegans,propeptides,true,30,False
esmc6b_3di_widehead,G5EEC2,Caenorhabditis elegans,propeptides,true,17,True
esmc6b_3di_widehead,G5EEC2,Caenorhabditis elegans,propeptides,tp_pred,17,True
esmc6b_3di_widehead,Q08906,Saccharomyces cerevisiae,propeptides,true,23,True
esmc6b_3di_widehead,Q08906,Saccharomyces cerevisiae,propeptides,tp_pred,23,True
esmc6b_3di_widehead,P26731,Bombyx mori,peptides,true,28,True
esmc6b_3di_widehead,P26731,Bombyx mori,peptides,true,20,True
esmc6b_3di_widehead,P26731,Bombyx mori,peptides,tp_pred,28,True
esmc6b_3di_widehead,P26731,Bombyx mori,peptides,tp_pred,20,True
esmc6b_3di_widehead,P26731,Bombyx mori,propeptides,true,19,False
esmc6b_3di_widehead,P26735,Bombyx mori,peptides,true,25,True
esmc6b_3di_widehead,P26735,Bombyx mori,peptides,true,26,True
esmc6b_3di_widehead,P26735,Bombyx mori,peptides,tp_pred,25,True
esmc6b_3di_widehead,P26735,Bombyx mori,peptides,tp_pred,26,True
esmc6b_3di_widehead,P26735,Bombyx mori,propeptides,true,21,True
esmc6b_3di_widehead,P26735,Bombyx mori,propeptides,tp_pred,21,True
esmc6b_3di_widehead,Q1I8U1,Pseudomonas entomophila,propeptides,true,33,False
esmc6b_3di_widehead,Q1I8U1,Pseudomonas entomophila,propeptides,fp_pred,28,False
esmc6b_3di_widehead,Q9Y0X4,Mesobuthus martensii,peptides,true,47,False
esmc6b_3di_widehead,Q9Y0X4,Mesobuthus martensii,peptides,fp_pred,32,False
esmc6b_3di_widehead,Q9NL83,Procambarus clarkii,peptides,true,11,False
esmc6b_3di_widehead,Q9NL83,Procambarus clarkii,peptides,true,13,True
esmc6b_3di_widehead,Q9NL83,Procambarus clarkii,peptides,true,13,True
esmc6b_3di_widehead,Q9NL83,Procambarus clarkii,peptides,true,13,True
esmc6b_3di_widehead,Q9NL83,Procambarus clarkii,peptides,true,13,True
esmc6b_3di_widehead,Q9NL83,Procambarus clarkii,peptides,true,13,True
esmc6b_3di_widehead,Q9NL83,Procambarus clarkii,peptides,true,13,True
esmc6b_3di_widehead,Q9NL83,Procambarus clarkii,peptides,true,13,True
esmc6b_3di_widehead,Q9NL83,Procambarus clarkii,peptides,true,13,True
esmc6b_3di_widehead,Q9NL83,Procambarus clarkii,peptides,true,11,False
esmc6b_3di_widehead,Q9NL83,Procambarus clarkii,peptides,true,13,True
esmc6b_3di_widehead,Q9NL83,Procambarus clarkii,peptides,true,13,True
esmc6b_3di_widehead,Q9NL83,Procambarus clarkii,peptides,true,13,True
esmc6b_3di_widehead,Q9NL83,Procambarus clarkii,peptides,tp_pred,13,True
esmc6b_3di_widehead,Q9NL83,Procambarus clarkii,peptides,tp_pred,13,True
esmc6b_3di_widehead,Q9NL83,Procambarus clarkii,peptides,tp_pred,13,True
esmc6b_3di_widehead,Q9NL83,Procambarus clarkii,peptides,tp_pred,13,True
esmc6b_3di_widehead,Q9NL83,Procambarus clarkii,peptides,tp_pred,13,True
esmc6b_3di_widehead,Q9NL83,Procambarus clarkii,peptides,tp_pred,13,True
esmc6b_3di_widehead,Q9NL83,Procambarus clarkii,peptides,tp_pred,13,True
esmc6b_3di_widehead,Q9NL83,Procambarus clarkii,peptides,tp_pred,13,True
esmc6b_3di_widehead,Q9NL83,Procambarus clarkii,peptides,tp_pred,13,True
esmc6b_3di_widehead,Q9NL83,Procambarus clarkii,peptides,tp_pred,13,True
esmc6b_3di_widehead,Q9NL83,Procambarus clarkii,peptides,tp_pred,13,True
esmc6b_3di_widehead,Q9NL83,Procambarus clarkii,propeptides,true,26,False
esmc6b_3di_widehead,Q9NL83,Procambarus clarkii,propeptides,true,7,True
esmc6b_3di_widehead,Q9NL83,Procambarus clarkii,propeptides,fp_pred,39,False
esmc6b_3di_widehead,Q9NL83,Procambarus clarkii,propeptides,fp_pred,11,False
esmc6b_3di_widehead,Q9NL83,Procambarus clarkii,propeptides,tp_pred,7,True
esmc6b_3di_widehead,P69755,Conus magus,peptides,true,32,True
esmc6b_3di_widehead,P69755,Conus magus,peptides,tp_pred,32,True
esmc6b_3di_widehead,P69755,Conus magus,propeptides,true,27,True
esmc6b_3di_widehead,P69755,Conus magus,propeptides,tp_pred,27,True
esmc6b_3di_widehead,Q7Z028,Conus vexillum,peptides,true,27,True
esmc6b_3di_widehead,Q7Z028,Conus vexillum,peptides,tp_pred,29,True
esmc6b_3di_widehead,Q7Z028,Conus vexillum,propeptides,true,31,True
esmc6b_3di_widehead,Q7Z028,Conus vexillum,propeptides,tp_pred,30,True
esmc6b_3di_widehead,Q9BP90,Conus arenatus,peptides,true,29,True
esmc6b_3di_widehead,Q9BP90,Conus arenatus,peptides,tp_pred,29,True
esmc6b_3di_widehead,Q9BP90,Conus arenatus,propeptides,true,24,True
esmc6b_3di_widehead,Q9BP90,Conus arenatus,propeptides,tp_pred,24,True
esmc6b_3di_widehead,Q75G39,Ashbya gossypii,propeptides,true,14,True
esmc6b_3di_widehead,Q75G39,Ashbya gossypii,propeptides,tp_pred,14,True
esmc6b_3di_widehead,A0A125S9G0,Conus imperialis,propeptides,true,35,True
esmc6b_3di_widehead,A0A125S9G0,Conus imperialis,propeptides,tp_pred,33,True
esmc6b_3di_widehead,Q10589,Homo sapiens,propeptides,true,19,True
esmc6b_3di_widehead,Q10589,Homo sapiens,propeptides,tp_pred,18,True
esmc6b_3di_widehead,P33721,Samia cynthia,peptides,true,27,True
esmc6b_3di_widehead,P33721,Samia cynthia,peptides,true,20,True
esmc6b_3di_widehead,P33721,Samia cynthia,peptides,tp_pred,27,True
esmc6b_3di_widehead,P33721,Samia cynthia,peptides,tp_pred,20,True
esmc6b_3di_widehead,P33721,Samia cynthia,propeptides,true,21,True
esmc6b_3di_widehead,P33721,Samia cynthia,propeptides,tp_pred,21,True
esmc6b_3di_widehead,P26734,Bombyx mori,peptides,true,26,True
esmc6b_3di_widehead,P26734,Bombyx mori,peptides,true,21,True
esmc6b_3di_widehead,P26734,Bombyx mori,peptides,tp_pred,24,True
esmc6b_3di_widehead,P26734,Bombyx mori,peptides,tp_pred,21,True
esmc6b_3di_widehead,P26734,Bombyx mori,propeptides,true,19,True
esmc6b_3di_widehead,P26734,Bombyx mori,propeptides,tp_pred,19,True
esmc6b_3di_widehead,P26729,Bombyx mori,peptides,true,28,True
esmc6b_3di_widehead,P26729,Bombyx mori,peptides,true,20,True
esmc6b_3di_widehead,P26729,Bombyx mori,peptides,tp_pred,28,True
esmc6b_3di_widehead,P26729,Bombyx mori,peptides,tp_pred,20,True
esmc6b_3di_widehead,P26729,Bombyx mori,propeptides,true,21,True
esmc6b_3di_widehead,P26729,Bombyx mori,propeptides,tp_pred,21,True
esmc6b_3di_widehead,P34950,Luffa aegyptiaca,peptides,true,29,True
esmc6b_3di_widehead,P34950,Luffa aegyptiaca,peptides,tp_pred,30,True
esmc6b_3di_widehead,P34950,Luffa aegyptiaca,propeptides,true,13,False
esmc6b_3di_widehead,P34950,Luffa aegyptiaca,propeptides,fp_pred,31,False
esmc6b_3di_widehead,Q6GHV5,Staphylococcus aureus,propeptides,true,35,True
esmc6b_3di_widehead,Q6GHV5,Staphylococcus aureus,propeptides,tp_pred,35,True
esmc6b_3di_widehead,O64865,Arabidopsis thaliana,propeptides,true,28,True
esmc6b_3di_widehead,O64865,Arabidopsis thaliana,propeptides,tp_pred,28,True
esmc6b_3di_widehead,P0DQT1,Tityus stigmurus,peptides,true,17,True
esmc6b_3di_widehead,P0DQT1,Tityus stigmurus,peptides,tp_pred,17,True
esmc6b_3di_widehead,P0DQT1,Tityus stigmurus,propeptides,true,29,True
esmc6b_3di_widehead,P0DQT1,Tityus stigmurus,propeptides,tp_pred,29,True
esmc6b_3di_widehead,P69753,Conus magus,peptides,true,32,True
esmc6b_3di_widehead,P69753,Conus magus,peptides,tp_pred,32,True
esmc6b_3di_widehead,P69753,Conus magus,propeptides,true,27,True
esmc6b_3di_widehead,P69753,Conus magus,propeptides,tp_pred,27,True
esmc6b_3di_widehead,P26824,Rattus norvegicus,propeptides,true,24,False
esmc6b_3di_widehead,Q2HJA4,Bos taurus,propeptides,true,9,False
esmc6b_3di_widehead,P18512,Conus textile,peptides,true,26,True
esmc6b_3di_widehead,P18512,Conus textile,peptides,tp_pred,26,True
esmc6b_3di_widehead,P18512,Conus textile,propeptides,true,27,True
esmc6b_3di_widehead,P18512,Conus textile,propeptides,tp_pred,27,True
esmc6b_3di_widehead,Q3YEF3,Conus textile,peptides,true,25,True
esmc6b_3di_widehead,Q3YEF3,Conus textile,peptides,tp_pred,25,True
esmc6b_3di_widehead,Q3YEF3,Conus textile,propeptides,true,29,True
esmc6b_3di_widehead,Q3YEF3,Conus textile,propeptides,tp_pred,29,True
esmc6b_3di_widehead,D6C4L3,Californiconus californicus,peptides,true,28,True
esmc6b_3di_widehead,D6C4L3,Californiconus californicus,peptides,tp_pred,26,True
esmc6b_3di_widehead,D6C4L3,Californiconus californicus,propeptides,true,13,False
esmc6b_3di_widehead,D6C4L3,Californiconus californicus,propeptides,fp_pred,17,False
esmc6b_3di_widehead,P68871,Homo sapiens,peptides,true,10,False
esmc6b_3di_widehead,P0CH70,Cyriopagopus hainanus,peptides,true,34,True
esmc6b_3di_widehead,P0CH70,Cyriopagopus hainanus,peptides,tp_pred,34,True
esmc6b_3di_widehead,P0DPM4,Conus textile,peptides,true,31,True
esmc6b_3di_widehead,P0DPM4,Conus textile,peptides,tp_pred,31,True
esmc6b_3di_widehead,P0DPM4,Conus textile,propeptides,true,32,True
esmc6b_3di_widehead,P0DPM4,Conus textile,propeptides,tp_pred,29,True
esmc6b_3di_widehead,Q09T02,Clavibacter michiganensis subsp. michiganensis,peptides,true,21,True
esmc6b_3di_widehead,Q09T02,Clavibacter michiganensis subsp. michiganensis,peptides,tp_pred,21,True
esmc6b_3di_widehead,Q09T02,Clavibacter michiganensis subsp. michiganensis,propeptides,true,47,True
esmc6b_3di_widehead,Q09T02,Clavibacter michiganensis subsp. michiganensis,propeptides,tp_pred,47,True
esmc6b_3di_widehead,Q8BJ48,Mus musculus,propeptides,true,24,False
esmc6b_3di_widehead,Q8L8Q7,Arabidopsis thaliana,propeptides,true,24,True
esmc6b_3di_widehead,Q8L8Q7,Arabidopsis thaliana,propeptides,tp_pred,24,True
esmc6b_3di_widehead,P83404,Phlebotomus duboscqi,peptides,fp_pred,40,False
esmc6b_3di_widehead,P83404,Phlebotomus duboscqi,propeptides,true,39,True
esmc6b_3di_widehead,P83404,Phlebotomus duboscqi,propeptides,tp_pred,39,True
esmc6b_3di_widehead,Q7Z090,Conus radiatus,peptides,fp_pred,38,False
esmc6b_3di_widehead,Q7Z090,Conus radiatus,propeptides,true,15,True
esmc6b_3di_widehead,Q7Z090,Conus radiatus,propeptides,tp_pred,18,True
esmc6b_3di_widehead,Q5G8B5,Tityus costatus,peptides,true,17,True
esmc6b_3di_widehead,Q5G8B5,Tityus costatus,peptides,tp_pred,17,True
esmc6b_3di_widehead,Q5G8B5,Tityus costatus,propeptides,true,29,True
esmc6b_3di_widehead,Q5G8B5,Tityus costatus,propeptides,tp_pred,29,True
esmc6b_3di_widehead,D6C4K9,Californiconus californicus,peptides,true,28,True
esmc6b_3di_widehead,D6C4K9,Californiconus californicus,peptides,tp_pred,28,True
esmc6b_3di_widehead,D6C4K9,Californiconus californicus,propeptides,true,25,True
esmc6b_3di_widehead,D6C4K9,Californiconus californicus,propeptides,tp_pred,26,True
esmc6b_3di_widehead,Q08169,Apis mellifera,propeptides,true,5,False
esmc6b_3di_widehead,Q08169,Apis mellifera,propeptides,fp_pred,14,False
esmc6b_3di_widehead,Q8KQR1,Staphylococcus aureus,propeptides,true,35,True
esmc6b_3di_widehead,Q8KQR1,Staphylococcus aureus,propeptides,tp_pred,35,True
esmc6b_3di_widehead,P68243,Cairina moschata,peptides,true,30,False
esmc6b_3di_widehead,P68243,Cairina moschata,peptides,true,21,False
esmc6b_3di_widehead,P68243,Cairina moschata,peptides,fp_pred,50,False
esmc6b_3di_widehead,P01340,Katsuwonus pelamis,peptides,true,29,False
esmc6b_3di_widehead,P01340,Katsuwonus pelamis,peptides,true,21,False
esmc6b_3di_widehead,P01340,Katsuwonus pelamis,peptides,fp_pred,49,False
esmc6b_3di_widehead,Q8UUG0,Morone saxatilis,peptides,true,22,True
esmc6b_3di_widehead,Q8UUG0,Morone saxatilis,peptides,tp_pred,21,True
esmc6b_3di_widehead,Q8UUG0,Morone saxatilis,propeptides,true,33,True
esmc6b_3di_widehead,Q8UUG0,Morone saxatilis,propeptides,tp_pred,34,True
esmc6b_3di_widehead,Q9JHI0,Mus musculus,propeptides,true,15,True
esmc6b_3di_widehead,Q9JHI0,Mus musculus,propeptides,tp_pred,14,True
esmc6b_3di_widehead,P0DUJ5,Pterois volitans,peptides,true,21,True
esmc6b_3di_widehead,P0DUJ5,Pterois volitans,peptides,tp_pred,21,True
esmc6b_3di_widehead,P0DUJ5,Pterois volitans,propeptides,true,23,True
esmc6b_3di_widehead,P0DUJ5,Pterois volitans,propeptides,tp_pred,21,True
esmc6b_3di_widehead,Q9NPA2,Homo sapiens,propeptides,true,23,True
esmc6b_3di_widehead,Q9NPA2,Homo sapiens,propeptides,tp_pred,25,True
esmc6b_3di_widehead,Q3U435,Mus musculus,propeptides,true,22,True
esmc6b_3di_widehead,Q3U435,Mus musculus,propeptides,tp_pred,24,True
esmc6b_3di_widehead,P0A312,Lactococcus lactis subsp. lactis,propeptides,true,21,True
esmc6b_3di_widehead,P0A312,Lactococcus lactis subsp. lactis,propeptides,tp_pred,21,True
esmc6b_3di_widehead,P05834,Escherichia coli,peptides,fp_pred,22,False
esmc6b_3di_widehead,P05834,Escherichia coli,propeptides,true,26,False
esmc6b_3di_widehead,P05834,Escherichia coli,propeptides,fp_pred,19,False
esmc6b_3di_widehead,P82103,Mytilus galloprovincialis,peptides,true,40,False
esmc6b_3di_widehead,P82103,Mytilus galloprovincialis,peptides,fp_pred,46,False
esmc6b_3di_widehead,P82103,Mytilus galloprovincialis,propeptides,true,36,False
esmc6b_3di_widehead,P82103,Mytilus galloprovincialis,propeptides,fp_pred,30,False
esmc6b_3di_widehead,Q9U662,Conus pennaceus,peptides,true,24,True
esmc6b_3di_widehead,Q9U662,Conus pennaceus,peptides,tp_pred,24,True
esmc6b_3di_widehead,Q9U662,Conus pennaceus,propeptides,true,28,True
esmc6b_3di_widehead,Q9U662,Conus pennaceus,propeptides,tp_pred,28,True
esmc6b_3di_widehead,Q54IM7,Dictyostelium discoideum,propeptides,true,25,True
esmc6b_3di_widehead,Q54IM7,Dictyostelium discoideum,propeptides,tp_pred,25,True
esmc6b_3di_widehead,Q8I6K1,Holotrichia diomphalia,propeptides,true,50,False
esmc6b_3di_widehead,C0HKS5,Agrotis ipsilon,peptides,true,18,False
esmc6b_3di_widehead,C0HKS5,Agrotis ipsilon,peptides,fp_pred,26,False
esmc6b_3di_widehead,C0HKS5,Agrotis ipsilon,peptides,fp_pred,20,False
esmc6b_3di_widehead,C0HKS5,Agrotis ipsilon,propeptides,true,26,False
esmc6b_3di_widehead,C0HKS5,Agrotis ipsilon,propeptides,true,20,False
esmc6b_3di_widehead,C0HKS5,Agrotis ipsilon,propeptides,fp_pred,19,False
esmc6b_3di_widehead,A6U0U8,Staphylococcus aureus,propeptides,true,35,True
esmc6b_3di_widehead,A6U0U8,Staphylococcus aureus,propeptides,tp_pred,35,True
esmc6b_3di_widehead,A0A0F7YYV0,Conus victoriae,peptides,true,34,True
esmc6b_3di_widehead,A0A0F7YYV0,Conus victoriae,peptides,true,21,True
esmc6b_3di_widehead,A0A0F7YYV0,Conus victoriae,peptides,tp_pred,36,True
esmc6b_3di_widehead,A0A0F7YYV0,Conus victoriae,peptides,tp_pred,21,True
esmc6b_3di_widehead,A0A0F7YYV0,Conus victoriae,propeptides,true,44,False
esmc6b_3di_widehead,A0A0F7YYV0,Conus victoriae,propeptides,fp_pred,37,False
esmc6b_3di_widehead,A0A0B5ADV0,Conasprella memiae,peptides,true,36,False
esmc6b_3di_widehead,A0A0B5ADV0,Conasprella memiae,peptides,true,37,False
esmc6b_3di_widehead,A0A0B5ADV0,Conasprella memiae,peptides,fp_pred,41,False
esmc6b_3di_widehead,A0A0B5ADV0,Conasprella memiae,peptides,fp_pred,30,False
esmc6b_3di_widehead,A0A0B5ADV0,Conasprella memiae,propeptides,true,33,False
esmc6b_3di_widehead,A0A0B5ADV0,Conasprella memiae,propeptides,fp_pred,28,False
esmc6b_3di_widehead,P01342,Myxine glutinosa,peptides,true,31,True
esmc6b_3di_widehead,P01342,Myxine glutinosa,peptides,true,21,True
esmc6b_3di_widehead,P01342,Myxine glutinosa,peptides,tp_pred,31,True
esmc6b_3di_widehead,P01342,Myxine glutinosa,peptides,tp_pred,21,True
esmc6b_3di_widehead,P01342,Myxine glutinosa,propeptides,true,33,True
esmc6b_3di_widehead,P01342,Myxine glutinosa,propeptides,tp_pred,33,True
esmc6b_3di_widehead,P01333,Anas platyrhynchos,peptides,true,30,True
esmc6b_3di_widehead,P01333,Anas platyrhynchos,peptides,true,21,True
esmc6b_3di_widehead,P01333,Anas platyrhynchos,peptides,tp_pred,29,True
esmc6b_3di_widehead,P01333,Anas platyrhynchos,peptides,tp_pred,21,True
esmc6b_3di_widehead,P01333,Anas platyrhynchos,propeptides,true,26,True
esmc6b_3di_widehead,P01333,Anas platyrhynchos,propeptides,tp_pred,29,True
esmc6b_3di_widehead,A0A0B5A8Q6,Conus marmoreus,peptides,true,37,False
esmc6b_3di_widehead,A0A0B5A8Q6,Conus marmoreus,peptides,true,37,False
esmc6b_3di_widehead,A0A0B5A8Q6,Conus marmoreus,peptides,fp_pred,42,False
esmc6b_3di_widehead,A0A0B5A8Q6,Conus marmoreus,peptides,fp_pred,27,False
esmc6b_3di_widehead,A0A0B5A8Q6,Conus marmoreus,propeptides,true,34,False
esmc6b_3di_widehead,A0A0B5A8Q6,Conus marmoreus,propeptides,fp_pred,36,False
esmc6b_3di_widehead,P68988,Lampetra fluviatilis,peptides,true,36,False
esmc6b_3di_widehead,P68988,Lampetra fluviatilis,peptides,true,21,False
esmc6b_3di_widehead,P68988,Lampetra fluviatilis,peptides,fp_pred,49,False
esmc6b_3di_widehead,Q8MMJ7,Opisthacanthus madagascariensis,peptides,true,13,True
esmc6b_3di_widehead,Q8MMJ7,Opisthacanthus madagascariensis,peptides,tp_pred,13,True
esmc6b_3di_widehead,Q8MMJ7,Opisthacanthus madagascariensis,propeptides,true,29,True
esmc6b_3di_widehead,Q8MMJ7,Opisthacanthus madagascariensis,propeptides,tp_pred,29,True
esmc6b_3di_widehead,Q5G8B3,Tityus costatus,peptides,true,17,True
esmc6b_3di_widehead,Q5G8B3,Tityus costatus,peptides,tp_pred,17,True
esmc6b_3di_widehead,Q5G8B3,Tityus costatus,propeptides,true,29,True
esmc6b_3di_widehead,Q5G8B3,Tityus costatus,propeptides,tp_pred,30,True
esmc6b_3di_widehead,P0DMF6,Chaerilus tricostatus,peptides,true,10,True
esmc6b_3di_widehead,P0DMF6,Chaerilus tricostatus,peptides,tp_pred,10,True
esmc6b_3di_widehead,P0DMF6,Chaerilus tricostatus,propeptides,true,31,True
esmc6b_3di_widehead,P0DMF6,Chaerilus tricostatus,propeptides,tp_pred,31,True
esmc6b_3di_widehead,P0CI91,Lychas mucronatus,peptides,true,25,False
esmc6b_3di_widehead,P0CI91,Lychas mucronatus,peptides,fp_pred,29,False
esmc6b_3di_widehead,P0CI91,Lychas mucronatus,propeptides,true,31,False
esmc6b_3di_widehead,P0CI91,Lychas mucronatus,propeptides,fp_pred,25,False
esmc6b_3di_widehead,A0A0C4G4L1,Heterometrus spinifer,peptides,true,13,True
esmc6b_3di_widehead,A0A0C4G4L1,Heterometrus spinifer,peptides,tp_pred,13,True
esmc6b_3di_widehead,A0A0C4G4L1,Heterometrus spinifer,propeptides,true,28,True
esmc6b_3di_widehead,A0A0C4G4L1,Heterometrus spinifer,propeptides,tp_pred,28,True
esmc6b_3di_widehead,P56714,Conus textile,peptides,true,26,True
esmc6b_3di_widehead,P56714,Conus textile,peptides,tp_pred,26,True
esmc6b_3di_widehead,P56714,Conus textile,propeptides,true,27,True
esmc6b_3di_widehead,P56714,Conus textile,propeptides,tp_pred,27,True
esmc6b_3di_widehead,Q54M25,Dictyostelium discoideum,propeptides,true,28,False
esmc6b_3di_widehead,Q54M25,Dictyostelium discoideum,propeptides,fp_pred,23,False
esmc6b_3di_widehead,P0DMY1,Anemonia viridis,peptides,fp_pred,43,False
esmc6b_3di_widehead,P0DMY1,Anemonia viridis,propeptides,true,12,True
esmc6b_3di_widehead,P0DMY1,Anemonia viridis,propeptides,tp_pred,14,True
esmc6b_3di_widehead,Q5MGC9,Lonomia obliqua,propeptides,true,12,False
esmc6b_3di_widehead,Q5MGC9,Lonomia obliqua,propeptides,fp_pred,19,False
esmc6b_3di_widehead,P55939,Brassica oleracea var. capitata,propeptides,true,36,False
esmc6b_3di_widehead,O09210,Agrius convolvuli,peptides,true,23,True
esmc6b_3di_widehead,O09210,Agrius convolvuli,peptides,true,20,True
esmc6b_3di_widehead,O09210,Agrius convolvuli,peptides,tp_pred,23,True
esmc6b_3di_widehead,O09210,Agrius convolvuli,peptides,tp_pred,20,True
esmc6b_3di_widehead,O09210,Agrius convolvuli,propeptides,true,25,True
esmc6b_3di_widehead,O09210,Agrius convolvuli,propeptides,tp_pred,25,True
esmc6b_3di_widehead,O96049,Oryctes rhinoceros,peptides,fp_pred,43,False
esmc6b_3di_widehead,O96049,Oryctes rhinoceros,propeptides,true,17,True
esmc6b_3di_widehead,O96049,Oryctes rhinoceros,propeptides,tp_pred,16,True
esmc6b_3di_widehead,P01325,Mus musculus,peptides,true,30,True
esmc6b_3di_widehead,P01325,Mus musculus,peptides,true,21,True
esmc6b_3di_widehead,P01325,Mus musculus,peptides,tp_pred,30,True
esmc6b_3di_widehead,P01325,Mus musculus,peptides,tp_pred,21,True
esmc6b_3di_widehead,P01325,Mus musculus,propeptides,true,29,True
esmc6b_3di_widehead,P01325,Mus musculus,propeptides,tp_pred,31,True
esmc6b_3di_widehead,A0A0B5A7M7,Conus imperialis,peptides,true,38,False
esmc6b_3di_widehead,A0A0B5A7M7,Conus imperialis,peptides,true,39,False
esmc6b_3di_widehead,A0A0B5A7M7,Conus imperialis,peptides,fp_pred,47,False
esmc6b_3di_widehead,A0A0B5A7M7,Conus imperialis,peptides,fp_pred,16,False
esmc6b_3di_widehead,A0A0B5A7M7,Conus imperialis,peptides,fp_pred,25,False
esmc6b_3di_widehead,A0A0B5A7M7,Conus imperialis,propeptides,true,48,False
esmc6b_3di_widehead,P30407,Chlorocebus aethiops,peptides,true,30,True
esmc6b_3di_widehead,P30407,Chlorocebus aethiops,peptides,true,21,True
esmc6b_3di_widehead,P30407,Chlorocebus aethiops,peptides,tp_pred,30,True
esmc6b_3di_widehead,P30407,Chlorocebus aethiops,peptides,tp_pred,21,True
esmc6b_3di_widehead,P30407,Chlorocebus aethiops,propeptides,true,31,True
esmc6b_3di_widehead,P30407,Chlorocebus aethiops,propeptides,tp_pred,31,True
esmc6b_3di_widehead,Q69T51,Oryza sativa subsp. japonica,propeptides,true,22,True
esmc6b_3di_widehead,Q69T51,Oryza sativa subsp. japonica,propeptides,tp_pred,24,True
esmc6b_3di_widehead,P18188,Desulfovibrio fructosivorans,propeptides,true,15,True
esmc6b_3di_widehead,P18188,Desulfovibrio fructosivorans,propeptides,tp_pred,16,True
esmc6b_3di_widehead,Q17194,Bombyx mori,peptides,true,24,True
esmc6b_3di_widehead,Q17194,Bombyx mori,peptides,true,21,True
esmc6b_3di_widehead,Q17194,Bombyx mori,peptides,tp_pred,24,True
esmc6b_3di_widehead,Q17194,Bombyx mori,peptides,tp_pred,21,True
esmc6b_3di_widehead,Q17194,Bombyx mori,propeptides,true,19,True
esmc6b_3di_widehead,Q17194,Bombyx mori,propeptides,tp_pred,19,True
esmc6b_3di_widehead,P26730,Bombyx mori,peptides,true,28,True
esmc6b_3di_widehead,P26730,Bombyx mori,peptides,true,20,True
esmc6b_3di_widehead,P26730,Bombyx mori,peptides,tp_pred,28,True
esmc6b_3di_widehead,P26730,Bombyx mori,peptides,tp_pred,20,True
esmc6b_3di_widehead,P26730,Bombyx mori,propeptides,true,21,True
esmc6b_3di_widehead,P26730,Bombyx mori,propeptides,tp_pred,21,True
esmc6b_3di_widehead,Q94KT8,Arabidopsis thaliana,propeptides,true,25,True
esmc6b_3di_widehead,Q94KT8,Arabidopsis thaliana,propeptides,tp_pred,25,True
esmc6b_3di_widehead,Q53I06,Pseudoplectania nigrella,propeptides,true,32,True
esmc6b_3di_widehead,Q53I06,Pseudoplectania nigrella,propeptides,tp_pred,32,True
esmc6b_3di_widehead,P91793,Aedes aegypti,peptides,fp_pred,40,False
esmc6b_3di_widehead,P91793,Aedes aegypti,propeptides,true,40,True
esmc6b_3di_widehead,P91793,Aedes aegypti,propeptides,tp_pred,36,True
esmc6b_3di_widehead,P11925,Aplysia californica,peptides,true,36,False
esmc6b_3di_widehead,P11925,Aplysia californica,peptides,true,18,False
esmc6b_3di_widehead,P11925,Aplysia californica,peptides,fp_pred,5,False
esmc6b_3di_widehead,P11925,Aplysia californica,propeptides,fp_pred,49,False
esmc6b_3di_widehead,Q23892,Dictyostelium discoideum,propeptides,true,45,False
esmc6b_3di_widehead,P0C7T4,Homo sapiens,peptides,true,11,False
esmc6b_3di_widehead,Q5A029,Candida albicans,propeptides,true,24,True
esmc6b_3di_widehead,Q5A029,Candida albicans,propeptides,tp_pred,24,True
esmc6b_3di_widehead,P53219,Saccharomyces cerevisiae,propeptides,true,8,False
esmc6b_3di_widehead,P53219,Saccharomyces cerevisiae,propeptides,fp_pred,47,False
esmc6b_3di_widehead,Q2FHV0,Staphylococcus aureus,propeptides,true,35,True
esmc6b_3di_widehead,Q2FHV0,Staphylococcus aureus,propeptides,tp_pred,35,True
esmc6b_3di_widehead,P01317,Bos taurus,peptides,true,30,True
esmc6b_3di_widehead,P01317,Bos taurus,peptides,true,21,True
esmc6b_3di_widehead,P01317,Bos taurus,peptides,tp_pred,30,True
esmc6b_3di_widehead,P01317,Bos taurus,peptides,tp_pred,21,True
esmc6b_3di_widehead,P01317,Bos taurus,propeptides,true,26,False
esmc6b_3di_widehead,P60976,Calisoga sp.,peptides,fp_pred,39,False
esmc6b_3di_widehead,P60976,Calisoga sp.,propeptides,true,21,True
esmc6b_3di_widehead,P60976,Calisoga sp.,propeptides,tp_pred,21,True
esmc6b_3di_widehead,Q17196,Bombyx mori,peptides,true,24,True
esmc6b_3di_widehead,Q17196,Bombyx mori,peptides,true,27,True
esmc6b_3di_widehead,Q17196,Bombyx mori,peptides,tp_pred,24,True
esmc6b_3di_widehead,Q17196,Bombyx mori,peptides,tp_pred,27,True
esmc6b_3di_widehead,Q17196,Bombyx mori,propeptides,true,16,True
esmc6b_3di_widehead,Q17196,Bombyx mori,propeptides,tp_pred,16,True
esmc6b_3di_widehead,P29519,Bombyx mori,peptides,true,26,True
esmc6b_3di_widehead,P29519,Bombyx mori,peptides,true,21,True
esmc6b_3di_widehead,P29519,Bombyx mori,peptides,tp_pred,24,True
esmc6b_3di_widehead,P29519,Bombyx mori,peptides,tp_pred,21,True
esmc6b_3di_widehead,P29519,Bombyx mori,propeptides,true,19,True
esmc6b_3di_widehead,P29519,Bombyx mori,propeptides,tp_pred,19,True
esmc6b_3di_widehead,P26733,Bombyx mori,peptides,true,26,True
esmc6b_3di_widehead,P26733,Bombyx mori,peptides,true,21,True
esmc6b_3di_widehead,P26733,Bombyx mori,peptides,tp_pred,24,True
esmc6b_3di_widehead,P26733,Bombyx mori,peptides,tp_pred,21,True
esmc6b_3di_widehead,P26733,Bombyx mori,propeptides,true,19,True
esmc6b_3di_widehead,P26733,Bombyx mori,propeptides,tp_pred,19,True
esmc6b_3di_widehead,P26728,Bombyx mori,peptides,true,28,True
esmc6b_3di_widehead,P26728,Bombyx mori,peptides,true,20,True
esmc6b_3di_widehead,P26728,Bombyx mori,peptides,tp_pred,28,True
esmc6b_3di_widehead,P26728,Bombyx mori,peptides,tp_pred,20,True
esmc6b_3di_widehead,P26728,Bombyx mori,propeptides,true,22,True
esmc6b_3di_widehead,P26728,Bombyx mori,propeptides,tp_pred,23,True
esmc6b_3di_widehead,Q21156,Caenorhabditis elegans,peptides,true,9,True
esmc6b_3di_widehead,Q21156,Caenorhabditis elegans,peptides,true,12,True
esmc6b_3di_widehead,Q21156,Caenorhabditis elegans,peptides,true,15,False
esmc6b_3di_widehead,Q21156,Caenorhabditis elegans,peptides,true,10,True
esmc6b_3di_widehead,Q21156,Caenorhabditis elegans,peptides,tp_pred,9,True
esmc6b_3di_widehead,Q21156,Caenorhabditis elegans,peptides,tp_pred,12,True
esmc6b_3di_widehead,Q21156,Caenorhabditis elegans,peptides,tp_pred,10,True
esmc6b_3di_widehead,Q21156,Caenorhabditis elegans,propeptides,true,7,True
esmc6b_3di_widehead,Q21156,Caenorhabditis elegans,propeptides,true,23,True
esmc6b_3di_widehead,Q21156,Caenorhabditis elegans,propeptides,tp_pred,9,True
esmc6b_3di_widehead,Q21156,Caenorhabditis elegans,propeptides,fp_pred,16,False
esmc6b_3di_widehead,Q21156,Caenorhabditis elegans,propeptides,tp_pred,23,True
esmc6b_3di_widehead,P0C253,Conus episcopatus,peptides,fp_pred,34,False
esmc6b_3di_widehead,P0C253,Conus episcopatus,propeptides,true,13,False
esmc6b_3di_widehead,P0C253,Conus episcopatus,propeptides,fp_pred,19,False
esmc6b_3di_widehead,P83313,Opistophthalmus carinatus,propeptides,true,16,True
esmc6b_3di_widehead,P83313,Opistophthalmus carinatus,propeptides,tp_pred,19,True
esmc6b_3di_widehead,O44665,Caenorhabditis elegans,peptides,true,7,False
esmc6b_3di_widehead,O44665,Caenorhabditis elegans,peptides,true,8,False
esmc6b_3di_widehead,O44665,Caenorhabditis elegans,peptides,true,6,False
esmc6b_3di_widehead,O44665,Caenorhabditis elegans,peptides,true,6,False
esmc6b_3di_widehead,O44665,Caenorhabditis elegans,peptides,true,6,False
esmc6b_3di_widehead,L0GAZ8,Urodacus yaschenkoi,peptides,true,13,True
esmc6b_3di_widehead,L0GAZ8,Urodacus yaschenkoi,peptides,tp_pred,13,True
esmc6b_3di_widehead,L0GAZ8,Urodacus yaschenkoi,propeptides,true,29,True
esmc6b_3di_widehead,L0GAZ8,Urodacus yaschenkoi,propeptides,tp_pred,29,True
esmc6b_3di_widehead,Q09367,Caenorhabditis elegans,peptides,true,23,True
esmc6b_3di_widehead,Q09367,Caenorhabditis elegans,peptides,fp_pred,21,False
esmc6b_3di_widehead,Q09367,Caenorhabditis elegans,peptides,fp_pred,21,False
esmc6b_3di_widehead,Q09367,Caenorhabditis elegans,peptides,tp_pred,23,True
esmc6b_3di_widehead,Q09367,Caenorhabditis elegans,propeptides,fp_pred,36,False
esmc6b_3di_widehead,P0DJ02,Heterometrus petersii,peptides,true,13,True
esmc6b_3di_widehead,P0DJ02,Heterometrus petersii,peptides,tp_pred,13,True
esmc6b_3di_widehead,P0DJ02,Heterometrus petersii,propeptides,true,29,True
esmc6b_3di_widehead,P0DJ02,Heterometrus petersii,propeptides,tp_pred,29,True
esmc6b_3di_widehead,Q2M591,Mesobuthus martensii,peptides,true,18,True
esmc6b_3di_widehead,Q2M591,Mesobuthus martensii,peptides,tp_pred,18,True
esmc6b_3di_widehead,Q2M591,Mesobuthus martensii,propeptides,true,29,True
esmc6b_3di_widehead,Q2M591,Mesobuthus martensii,propeptides,tp_pred,30,True
esmc6b_3di_widehead,P0DME9,Heterometrus petersii,peptides,true,13,True
esmc6b_3di_widehead,P0DME9,Heterometrus petersii,peptides,tp_pred,13,True
esmc6b_3di_widehead,P0DME9,Heterometrus petersii,propeptides,true,29,True
esmc6b_3di_widehead,P0DME9,Heterometrus petersii,propeptides,tp_pred,29,True
esmc6b_3di_widehead,P0CI89,Lychas mucronatus,peptides,true,17,True
esmc6b_3di_widehead,P0CI89,Lychas mucronatus,peptides,tp_pred,17,True
esmc6b_3di_widehead,P0CI89,Lychas mucronatus,peptides,fp_pred,14,False
esmc6b_3di_widehead,P0CI89,Lychas mucronatus,propeptides,true,31,False
esmc6b_3di_widehead,P0CI89,Lychas mucronatus,propeptides,fp_pred,14,False
esmc6b_3di_widehead,Q9VU58,Drosophila melanogaster,peptides,true,10,False
esmc6b_3di_widehead,Q9VU58,Drosophila melanogaster,propeptides,true,15,False
esmc6b_3di_widehead,Q9VU58,Drosophila melanogaster,propeptides,true,42,False
esmc6b_3di_widehead,Q9VU58,Drosophila melanogaster,propeptides,fp_pred,5,False
esmc6b_3di_widehead,Q9BP91,Conus arenatus,peptides,true,29,True
esmc6b_3di_widehead,Q9BP91,Conus arenatus,peptides,tp_pred,29,True
esmc6b_3di_widehead,Q9BP91,Conus arenatus,propeptides,true,24,True
esmc6b_3di_widehead,Q9BP91,Conus arenatus,propeptides,tp_pred,24,True
esmc6b_3di_widehead,A7YY44,Bos taurus,propeptides,true,20,True
esmc6b_3di_widehead,A7YY44,Bos taurus,propeptides,tp_pred,19,True
esmc6b_3di_widehead,A8SE40,Ceratophyllum demersum,propeptides,true,9,False
esmc6b_3di_widehead,P70195,Mus musculus,propeptides,true,43,True
esmc6b_3di_widehead,P70195,Mus musculus,propeptides,tp_pred,42,True
esmc6b_3di_widehead,P70195,Mus musculus,propeptides,fp_pred,39,False
esmc6b_3di_widehead,Q9ZWA8,Arabidopsis thaliana,propeptides,true,23,True
esmc6b_3di_widehead,Q9ZWA8,Arabidopsis thaliana,propeptides,tp_pred,24,True
esmc6b_3di_widehead,P46591,Candida albicans,propeptides,true,24,True
esmc6b_3di_widehead,P46591,Candida albicans,propeptides,tp_pred,24,True
esmc6b_3di_widehead,P26792,Daucus carota,propeptides,true,9,False
esmc6b_3di_widehead,P01499,Apis mellifera,peptides,true,22,True
esmc6b_3di_widehead,P01499,Apis mellifera,peptides,tp_pred,22,True
esmc6b_3di_widehead,Q4QXT8,Bombina maxima,peptides,true,17,True
esmc6b_3di_widehead,Q4QXT8,Bombina maxima,peptides,tp_pred,17,True
esmc6b_3di_widehead,Q4QXT8,Bombina maxima,propeptides,true,26,True
esmc6b_3di_widehead,Q4QXT8,Bombina maxima,propeptides,true,6,True
esmc6b_3di_widehead,Q4QXT8,Bombina maxima,propeptides,tp_pred,26,True
esmc6b_3di_widehead,Q4QXT8,Bombina maxima,propeptides,tp_pred,7,True
esmc6b_3di_widehead,P43322,Rattus norvegicus,propeptides,true,13,False
esmc6b_3di_widehead,P0CY64,Conus bullatus,peptides,true,30,False
esmc6b_3di_widehead,P0CY64,Conus bullatus,peptides,fp_pred,39,False
esmc6b_3di_widehead,P0CY64,Conus bullatus,propeptides,true,27,True
esmc6b_3di_widehead,P0CY64,Conus bullatus,propeptides,true,10,False
esmc6b_3di_widehead,P0CY64,Conus bullatus,propeptides,tp_pred,28,True
esmc6b_3di_widehead,Q5K0C8,Conus vexillum,peptides,true,32,True
esmc6b_3di_widehead,Q5K0C8,Conus vexillum,peptides,tp_pred,32,True
esmc6b_3di_widehead,Q5K0C8,Conus vexillum,propeptides,true,25,True
esmc6b_3di_widehead,Q5K0C8,Conus vexillum,propeptides,tp_pred,25,True
esmc6b_3di_widehead,Q9U650,Conus textile,peptides,true,25,True
esmc6b_3di_widehead,Q9U650,Conus textile,peptides,tp_pred,25,True
esmc6b_3di_widehead,Q9U650,Conus textile,propeptides,true,27,True
esmc6b_3di_widehead,Q9U650,Conus textile,propeptides,tp_pred,28,True
esmc6b_3di_widehead,P69754,Conus magus,peptides,true,32,True
esmc6b_3di_widehead,P69754,Conus magus,peptides,tp_pred,32,True
esmc6b_3di_widehead,P69754,Conus magus,propeptides,true,29,True
esmc6b_3di_widehead,P69754,Conus magus,propeptides,tp_pred,29,True
esmc6b_3di_widehead,Q7RTZ1,Homo sapiens,propeptides,true,29,True
esmc6b_3di_widehead,Q7RTZ1,Homo sapiens,propeptides,tp_pred,29,True
esmc6b_3di_widehead,Q7RTZ1,Homo sapiens,propeptides,fp_pred,17,False
esmc6b_3di_widehead,Q3ZD69,Sus scrofa,propeptides,true,15,False
esmc6b_3di_widehead,F4I082,Arabidopsis thaliana,propeptides,true,24,True
esmc6b_3di_widehead,F4I082,Arabidopsis thaliana,propeptides,tp_pred,24,True
esmc6b_3di_widehead,I0DEB5,Mesomexovis subcristatus,peptides,true,13,True
esmc6b_3di_widehead,I0DEB5,Mesomexovis subcristatus,peptides,tp_pred,13,True
esmc6b_3di_widehead,I0DEB5,Mesomexovis subcristatus,propeptides,true,29,True
esmc6b_3di_widehead,I0DEB5,Mesomexovis subcristatus,propeptides,tp_pred,29,True
esmc6b_3di_widehead,B2RHG4,Porphyromonas gingivalis,propeptides,true,35,True
esmc6b_3di_widehead,B2RHG4,Porphyromonas gingivalis,propeptides,tp_pred,36,True
esmc6b_3di_widehead,Q1HA14,Bombina variegata,peptides,true,17,True
esmc6b_3di_widehead,Q1HA14,Bombina variegata,peptides,tp_pred,17,True
esmc6b_3di_widehead,Q1HA14,Bombina variegata,propeptides,true,45,True
esmc6b_3di_widehead,Q1HA14,Bombina variegata,propeptides,true,26,False
esmc6b_3di_widehead,Q1HA14,Bombina variegata,propeptides,true,6,True
esmc6b_3di_widehead,Q1HA14,Bombina variegata,propeptides,tp_pred,45,True
esmc6b_3di_widehead,Q1HA14,Bombina variegata,propeptides,tp_pred,7,True
esmc6b_3di_widehead,Q5H8A3,Homo sapiens,peptides,true,33,False
esmc6b_3di_widehead,Q5H8A3,Homo sapiens,peptides,fp_pred,34,False
esmc6b_3di_widehead,Q5H8A3,Homo sapiens,peptides,fp_pred,17,False
esmc6b_3di_widehead,Q5H8A3,Homo sapiens,propeptides,true,43,True
esmc6b_3di_widehead,Q5H8A3,Homo sapiens,propeptides,true,36,False
esmc6b_3di_widehead,Q5H8A3,Homo sapiens,propeptides,true,10,True
esmc6b_3di_widehead,Q5H8A3,Homo sapiens,propeptides,tp_pred,41,True
esmc6b_3di_widehead,Q5H8A3,Homo sapiens,propeptides,tp_pred,10,True
esmc6b_3di_widehead,I0DEB4,Vaejovis mexicanus smithi,peptides,true,13,True
esmc6b_3di_widehead,I0DEB4,Vaejovis mexicanus smithi,peptides,tp_pred,13,True
esmc6b_3di_widehead,I0DEB4,Vaejovis mexicanus smithi,propeptides,true,30,True
esmc6b_3di_widehead,I0DEB4,Vaejovis mexicanus smithi,propeptides,tp_pred,30,True
esmc6b_3di_widehead,P55807,Gallus gallus,propeptides,true,11,False
esmc6b_3di_widehead,P55807,Gallus gallus,propeptides,true,46,False
esmc6b_3di_widehead,Q5K0D6,Conus striatus,peptides,true,36,True
esmc6b_3di_widehead,Q5K0D6,Conus striatus,peptides,tp_pred,36,True
esmc6b_3di_widehead,Q5K0D6,Conus striatus,propeptides,true,20,True
esmc6b_3di_widehead,Q5K0D6,Conus striatus,propeptides,tp_pred,20,True
esmc6b_3di_widehead,Q9U654,Conus textile,peptides,true,26,True
esmc6b_3di_widehead,Q9U654,Conus textile,peptides,tp_pred,26,True
esmc6b_3di_widehead,Q9U654,Conus textile,propeptides,true,26,True
esmc6b_3di_widehead,Q9U654,Conus textile,propeptides,tp_pred,26,True
esmc6b_3di_widehead,P18513,Conus textile,peptides,true,26,True
esmc6b_3di_widehead,P18513,Conus textile,peptides,tp_pred,26,True
esmc6b_3di_widehead,P18513,Conus textile,propeptides,true,27,True
esmc6b_3di_widehead,P18513,Conus textile,propeptides,tp_pred,27,True
esmc6b_3di_widehead,Q9XZK9,Conus textile,peptides,true,24,True
esmc6b_3di_widehead,Q9XZK9,Conus textile,peptides,tp_pred,24,True
esmc6b_3di_widehead,Q9XZK9,Conus textile,propeptides,true,30,True
esmc6b_3di_widehead,Q9XZK9,Conus textile,propeptides,tp_pred,30,True
esmc6b_3di_widehead,Q5K0C9,Conus vexillum,peptides,true,32,True
esmc6b_3di_widehead,Q5K0C9,Conus vexillum,peptides,tp_pred,32,True
esmc6b_3di_widehead,Q5K0C9,Conus vexillum,propeptides,true,25,True
esmc6b_3di_widehead,Q5K0C9,Conus vexillum,propeptides,tp_pred,25,True
esmc6b_3di_widehead,A4QK85,Barbarea verna,propeptides,true,9,False
esmc6b_3di_widehead,Q7DLS1,Arabidopsis thaliana,propeptides,true,37,True
esmc6b_3di_widehead,Q7DLS1,Arabidopsis thaliana,propeptides,tp_pred,39,True
esmc6b_3di_widehead,Q5H8A1,Mus musculus,peptides,true,36,True
esmc6b_3di_widehead,Q5H8A1,Mus musculus,peptides,fp_pred,37,False
esmc6b_3di_widehead,Q5H8A1,Mus musculus,peptides,tp_pred,36,True
esmc6b_3di_widehead,Q5H8A1,Mus musculus,propeptides,true,43,True
esmc6b_3di_widehead,Q5H8A1,Mus musculus,propeptides,true,36,False
esmc6b_3di_widehead,Q5H8A1,Mus musculus,propeptides,true,7,True
esmc6b_3di_widehead,Q5H8A1,Mus musculus,propeptides,tp_pred,40,True
esmc6b_3di_widehead,Q5H8A1,Mus musculus,propeptides,tp_pred,7,True
esmc6b_3di_widehead,Q5H8A2,Rattus norvegicus,peptides,true,36,True
esmc6b_3di_widehead,Q5H8A2,Rattus norvegicus,peptides,fp_pred,34,False
esmc6b_3di_widehead,Q5H8A2,Rattus norvegicus,peptides,tp_pred,36,True
esmc6b_3di_widehead,Q5H8A2,Rattus norvegicus,propeptides,true,43,True
esmc6b_3di_widehead,Q5H8A2,Rattus norvegicus,propeptides,true,36,False
esmc6b_3di_widehead,Q5H8A2,Rattus norvegicus,propeptides,true,6,True
esmc6b_3di_widehead,Q5H8A2,Rattus norvegicus,propeptides,tp_pred,40,True
esmc6b_3di_widehead,Q5H8A2,Rattus norvegicus,propeptides,tp_pred,6,True
esmc6b_3di_widehead,Q9BP86,Conus arenatus,peptides,true,31,True
esmc6b_3di_widehead,Q9BP86,Conus arenatus,peptides,tp_pred,31,True
esmc6b_3di_widehead,Q9BP86,Conus arenatus,propeptides,true,25,True
esmc6b_3di_widehead,Q9BP86,Conus arenatus,propeptides,tp_pred,25,True
esmc6b_3di_widehead,P0C8V8,Conus achatinus,peptides,true,25,True
esmc6b_3di_widehead,P0C8V8,Conus achatinus,peptides,tp_pred,25,True
esmc6b_3di_widehead,P0C8V8,Conus achatinus,propeptides,true,23,True
esmc6b_3di_widehead,P0C8V8,Conus achatinus,propeptides,tp_pred,23,True
esmc6b_3di_widehead,P69763,Conus victoriae,peptides,true,24,True
esmc6b_3di_widehead,P69763,Conus victoriae,peptides,tp_pred,24,True
esmc6b_3di_widehead,P69763,Conus victoriae,propeptides,true,30,True
esmc6b_3di_widehead,P69763,Conus victoriae,propeptides,tp_pred,30,True
esmc6b_3di_widehead,P0C904,Conus leopardus,peptides,true,27,False
esmc6b_3di_widehead,P0C904,Conus leopardus,peptides,fp_pred,30,False
esmc6b_3di_widehead,P0C904,Conus leopardus,propeptides,true,20,True
esmc6b_3di_widehead,P0C904,Conus leopardus,propeptides,true,6,False
esmc6b_3di_widehead,P0C904,Conus leopardus,propeptides,tp_pred,23,True
esmc6b_3di_widehead,P69757,Conus stercusmuscarum,peptides,true,31,True
esmc6b_3di_widehead,P69757,Conus stercusmuscarum,peptides,tp_pred,31,True
esmc6b_3di_widehead,P69757,Conus stercusmuscarum,propeptides,true,27,True
esmc6b_3di_widehead,P69757,Conus stercusmuscarum,propeptides,tp_pred,27,True
esmc6b_3di_widehead,Q09169,Pelophylax ridibundus,peptides,true,46,True
esmc6b_3di_widehead,Q09169,Pelophylax ridibundus,peptides,true,38,True
esmc6b_3di_widehead,Q09169,Pelophylax ridibundus,peptides,tp_pred,46,True
esmc6b_3di_widehead,Q09169,Pelophylax ridibundus,peptides,tp_pred,27,True
esmc6b_3di_widehead,P58583,Nostoc sp.,propeptides,true,8,True
esmc6b_3di_widehead,P58583,Nostoc sp.,propeptides,tp_pred,8,True
esmc6b_3di_widehead,Q33282,Vigna unguiculata,propeptides,true,9,False
esmc6b_3di_widehead,B1NWD0,Manihot esculenta,propeptides,true,9,False
esmc6b_3di_widehead,P10891,Protophormia terraenovae,peptides,fp_pred,40,False
esmc6b_3di_widehead,P10891,Protophormia terraenovae,propeptides,true,31,True
esmc6b_3di_widehead,P10891,Protophormia terraenovae,propeptides,tp_pred,31,True
esmc6b_3di_widehead,A6L3B5,Phocaeicola vulgatus,propeptides,true,28,True
esmc6b_3di_widehead,A6L3B5,Phocaeicola vulgatus,propeptides,tp_pred,28,True
esmc6b_3di_widehead,D2DGD3,Conus caracteristicus,peptides,true,38,True
esmc6b_3di_widehead,D2DGD3,Conus caracteristicus,peptides,tp_pred,35,True
esmc6b_3di_widehead,D2DGD3,Conus caracteristicus,propeptides,true,23,True
esmc6b_3di_widehead,D2DGD3,Conus caracteristicus,propeptides,tp_pred,26,True
esmc6b_3di_widehead,A7X149,Staphylococcus aureus,propeptides,true,35,True
esmc6b_3di_widehead,A7X149,Staphylococcus aureus,propeptides,tp_pred,35,True
esmc6b_3di_widehead,P12703,Alligator mississippiensis,peptides,true,30,False
esmc6b_3di_widehead,P12703,Alligator mississippiensis,peptides,true,21,True
esmc6b_3di_widehead,P12703,Alligator mississippiensis,peptides,tp_pred,22,True
esmc6b_3di_widehead,P01313,Cricetulus longicaudatus,peptides,true,30,True
esmc6b_3di_widehead,P01313,Cricetulus longicaudatus,peptides,true,21,True
esmc6b_3di_widehead,P01313,Cricetulus longicaudatus,peptides,tp_pred,30,True
esmc6b_3di_widehead,P01313,Cricetulus longicaudatus,peptides,tp_pred,21,True
esmc6b_3di_widehead,P01313,Cricetulus longicaudatus,propeptides,true,31,True
esmc6b_3di_widehead,P01313,Cricetulus longicaudatus,propeptides,tp_pred,33,True
esmc6b_3di_widehead,P01334,Crotalus atrox,peptides,true,30,False
esmc6b_3di_widehead,P01334,Crotalus atrox,peptides,true,21,True
esmc6b_3di_widehead,P01334,Crotalus atrox,peptides,tp_pred,22,True
esmc6b_3di_widehead,P17715,Octodon degus,peptides,true,29,True
esmc6b_3di_widehead,P17715,Octodon degus,peptides,true,23,True
esmc6b_3di_widehead,P17715,Octodon degus,peptides,tp_pred,29,True
esmc6b_3di_widehead,P17715,Octodon degus,peptides,tp_pred,23,True
esmc6b_3di_widehead,P17715,Octodon degus,propeptides,true,29,True
esmc6b_3di_widehead,P17715,Octodon degus,propeptides,tp_pred,31,True
esmc6b_3di_widehead,P01319,Capra hircus,peptides,true,30,False
esmc6b_3di_widehead,P01319,Capra hircus,peptides,true,21,True
esmc6b_3di_widehead,P01319,Capra hircus,peptides,tp_pred,22,True
esmc6b_3di_widehead,P18290,Brassica napus,propeptides,true,9,False
esmc6b_3di_widehead,Q09X37,Morus indica,propeptides,true,9,False
esmc6b_3di_widehead,P69564,Gossypium hirsutum,propeptides,true,9,False
esmc6b_3di_widehead,P69557,Lactuca sativa,propeptides,true,9,False
esmc6b_3di_widehead,Q6VU70,Hyphantria cunea,propeptides,true,5,True
esmc6b_3di_widehead,Q6VU70,Hyphantria cunea,propeptides,tp_pred,5,True
esmc6b_3di_widehead,Q36918,Penicillium chrysogenum,propeptides,true,8,True
esmc6b_3di_widehead,Q36918,Penicillium chrysogenum,propeptides,tp_pred,8,True
esmc6b_3di_widehead,A4QJI0,Aethionema grandiflorum,propeptides,true,9,False
esmc6b_3di_widehead,Q14790,Homo sapiens,propeptides,true,10,True
esmc6b_3di_widehead,Q14790,Homo sapiens,propeptides,tp_pred,10,True
esmc6b_3di_widehead,P26741,Bombyx mori,peptides,true,26,True
esmc6b_3di_widehead,P26741,Bombyx mori,peptides,true,21,True
esmc6b_3di_widehead,P26741,Bombyx mori,peptides,tp_pred,24,True
esmc6b_3di_widehead,P26741,Bombyx mori,peptides,tp_pred,21,True
esmc6b_3di_widehead,P26741,Bombyx mori,propeptides,true,19,True
esmc6b_3di_widehead,P26741,Bombyx mori,propeptides,tp_pred,19,True
esmc6b_3di_widehead,Q29CA0,Drosophila pseudoobscura pseudoobscura,peptides,true,12,True
esmc6b_3di_widehead,Q29CA0,Drosophila pseudoobscura pseudoobscura,peptides,true,9,True
esmc6b_3di_widehead,Q29CA0,Drosophila pseudoobscura pseudoobscura,peptides,true,15,True
esmc6b_3di_widehead,Q29CA0,Drosophila pseudoobscura pseudoobscura,peptides,tp_pred,12,True
esmc6b_3di_widehead,Q29CA0,Drosophila pseudoobscura pseudoobscura,peptides,tp_pred,9,True
esmc6b_3di_widehead,Q29CA0,Drosophila pseudoobscura pseudoobscura,peptides,tp_pred,15,True
esmc6b_3di_widehead,Q29CA0,Drosophila pseudoobscura pseudoobscura,propeptides,true,7,True
esmc6b_3di_widehead,Q29CA0,Drosophila pseudoobscura pseudoobscura,propeptides,true,36,True
esmc6b_3di_widehead,Q29CA0,Drosophila pseudoobscura pseudoobscura,propeptides,true,19,True
esmc6b_3di_widehead,Q29CA0,Drosophila pseudoobscura pseudoobscura,propeptides,true,18,True
esmc6b_3di_widehead,Q29CA0,Drosophila pseudoobscura pseudoobscura,propeptides,tp_pred,7,True
esmc6b_3di_widehead,Q29CA0,Drosophila pseudoobscura pseudoobscura,propeptides,tp_pred,36,True
esmc6b_3di_widehead,Q29CA0,Drosophila pseudoobscura pseudoobscura,propeptides,tp_pred,19,True
esmc6b_3di_widehead,Q29CA0,Drosophila pseudoobscura pseudoobscura,propeptides,tp_pred,18,True
esmc6b_3di_widehead,P32623,Saccharomyces cerevisiae,propeptides,true,22,True
esmc6b_3di_widehead,P32623,Saccharomyces cerevisiae,propeptides,tp_pred,22,True
esmc6b_3di_widehead,C0HKU0,Agrotis ipsilon,peptides,true,12,True
esmc6b_3di_widehead,C0HKU0,Agrotis ipsilon,peptides,tp_pred,12,True
esmc6b_3di_widehead,C0HKU0,Agrotis ipsilon,propeptides,true,33,True
esmc6b_3di_widehead,C0HKU0,Agrotis ipsilon,propeptides,tp_pred,33,True
esmc6b_3di_widehead,P01522,Conus geographus,peptides,true,28,True
esmc6b_3di_widehead,P01522,Conus geographus,peptides,tp_pred,27,True
esmc6b_3di_widehead,P01522,Conus geographus,propeptides,true,23,True
esmc6b_3di_widehead,P01522,Conus geographus,propeptides,tp_pred,23,True
esmc6b_3di_widehead,P0C905,Conus leopardus,peptides,true,28,True
esmc6b_3di_widehead,P0C905,Conus leopardus,peptides,tp_pred,28,True
esmc6b_3di_widehead,P0C905,Conus leopardus,propeptides,true,29,True
esmc6b_3di_widehead,P0C905,Conus leopardus,propeptides,tp_pred,29,True
esmc6b_3di_widehead,Q2I2R0,Conus litteratus,peptides,true,37,True
esmc6b_3di_widehead,Q2I2R0,Conus litteratus,peptides,tp_pred,39,True
esmc6b_3di_widehead,Q2I2R0,Conus litteratus,propeptides,true,28,True
esmc6b_3di_widehead,Q2I2R0,Conus litteratus,propeptides,tp_pred,27,True
esmc6b_3di_widehead,Q9BPA2,Conus ventricosus,peptides,true,29,True
esmc6b_3di_widehead,Q9BPA2,Conus ventricosus,peptides,tp_pred,29,True
esmc6b_3di_widehead,Q9BPA2,Conus ventricosus,propeptides,true,26,True
esmc6b_3di_widehead,Q9BPA2,Conus ventricosus,propeptides,tp_pred,28,True
esmc6b_3di_widehead,P0DJ03,Heterometrus petersii,peptides,true,13,True
esmc6b_3di_widehead,P0DJ03,Heterometrus petersii,peptides,tp_pred,13,True
esmc6b_3di_widehead,P0DJ03,Heterometrus petersii,propeptides,true,31,True
esmc6b_3di_widehead,P0DJ03,Heterometrus petersii,propeptides,tp_pred,31,True
esmc6b_3di_widehead,P0C8V7,Conus achatinus,peptides,true,30,True
esmc6b_3di_widehead,P0C8V7,Conus achatinus,peptides,tp_pred,30,True
esmc6b_3di_widehead,P0C8V7,Conus achatinus,propeptides,true,29,True
esmc6b_3di_widehead,P0C8V7,Conus achatinus,propeptides,tp_pred,27,True
esmc6b_3di_widehead,P58913,Conus purpurascens,peptides,true,29,True
esmc6b_3di_widehead,P58913,Conus purpurascens,peptides,tp_pred,30,True
esmc6b_3di_widehead,P58913,Conus purpurascens,propeptides,true,27,True
esmc6b_3di_widehead,P58913,Conus purpurascens,propeptides,tp_pred,29,True
esmc6b_3di_widehead,Q5K0C5,Conus virgo,peptides,true,32,True
esmc6b_3di_widehead,Q5K0C5,Conus virgo,peptides,tp_pred,32,True
esmc6b_3di_widehead,Q5K0C5,Conus virgo,propeptides,true,25,True
esmc6b_3di_widehead,Q5K0C5,Conus virgo,propeptides,tp_pred,25,True
esmc6b_3di_widehead,P41534,Gallus gallus,peptides,true,46,False
esmc6b_3di_widehead,P41534,Gallus gallus,peptides,true,38,True
esmc6b_3di_widehead,P41534,Gallus gallus,peptides,fp_pred,16,False
esmc6b_3di_widehead,P41534,Gallus gallus,peptides,fp_pred,28,False
esmc6b_3di_widehead,P41534,Gallus gallus,peptides,fp_pred,16,False
esmc6b_3di_widehead,P41534,Gallus gallus,peptides,tp_pred,27,True
esmc6b_3di_widehead,P48144,Clarias macrocephalus,peptides,true,45,False
esmc6b_3di_widehead,P48144,Clarias macrocephalus,peptides,true,38,True
esmc6b_3di_widehead,P48144,Clarias macrocephalus,peptides,tp_pred,39,True
esmc6b_3di_widehead,P48144,Clarias macrocephalus,propeptides,true,25,True
esmc6b_3di_widehead,P48144,Clarias macrocephalus,propeptides,tp_pred,25,True
esmc6b_3di_widehead,Q6NPN4,Arabidopsis thaliana,propeptides,true,29,False
esmc6b_3di_widehead,Q6NPN4,Arabidopsis thaliana,propeptides,fp_pred,25,False
esmc6b_3di_widehead,A0A0B5AC95,Conus geographus,peptides,true,23,False
esmc6b_3di_widehead,A0A0B5AC95,Conus geographus,peptides,true,20,True
esmc6b_3di_widehead,A0A0B5AC95,Conus geographus,peptides,fp_pred,28,False
esmc6b_3di_widehead,A0A0B5AC95,Conus geographus,peptides,tp_pred,21,True
esmc6b_3di_widehead,A0A0B5AC95,Conus geographus,propeptides,true,5,False
esmc6b_3di_widehead,A0A0B5AC95,Conus geographus,propeptides,true,42,True
esmc6b_3di_widehead,A0A0B5AC95,Conus geographus,propeptides,tp_pred,41,True
esmc6b_3di_widehead,Q9AVB0,Phytolacca americana,propeptides,true,15,True
esmc6b_3di_widehead,Q9AVB0,Phytolacca americana,propeptides,true,25,True
esmc6b_3di_widehead,Q9AVB0,Phytolacca americana,propeptides,tp_pred,14,True
esmc6b_3di_widehead,Q9AVB0,Phytolacca americana,propeptides,tp_pred,27,True
esmc6b_3di_widehead,P81695,Eisenia fetida,peptides,fp_pred,30,False
esmc6b_3di_widehead,P81695,Eisenia fetida,propeptides,true,34,False
esmc6b_3di_widehead,Q60935,Mus musculus,propeptides,true,35,True
esmc6b_3di_widehead,Q60935,Mus musculus,propeptides,tp_pred,36,True
esmc6b_3di_widehead,P58920,Conus catus,peptides,true,27,True
esmc6b_3di_widehead,P58920,Conus catus,peptides,tp_pred,28,True
esmc6b_3di_widehead,P58920,Conus catus,propeptides,true,23,True
esmc6b_3di_widehead,P58920,Conus catus,propeptides,tp_pred,23,True
esmc6b_3di_widehead,Q9U645,Conus textile,peptides,true,29,True
esmc6b_3di_widehead,Q9U645,Conus textile,peptides,tp_pred,29,True
esmc6b_3di_widehead,Q9U645,Conus textile,propeptides,true,30,True
esmc6b_3di_widehead,Q9U645,Conus textile,propeptides,tp_pred,30,True
esmc6b_3di_widehead,P69751,Conus catus,peptides,true,27,True
esmc6b_3di_widehead,P69751,Conus catus,peptides,tp_pred,27,True
esmc6b_3di_widehead,P69751,Conus catus,propeptides,true,27,True
esmc6b_3di_widehead,P69751,Conus catus,propeptides,tp_pred,27,True
esmc6b_3di_widehead,Q9U660,Conus pennaceus,peptides,true,29,True
esmc6b_3di_widehead,Q9U660,Conus pennaceus,peptides,tp_pred,29,True
esmc6b_3di_widehead,Q9U660,Conus pennaceus,propeptides,true,27,True
esmc6b_3di_widehead,Q9U660,Conus pennaceus,propeptides,tp_pred,27,True
esmc6b_3di_widehead,Q9BP93,Conus ventricosus,peptides,true,34,True
esmc6b_3di_widehead,Q9BP93,Conus ventricosus,peptides,tp_pred,34,True
esmc6b_3di_widehead,Q9BP93,Conus ventricosus,propeptides,true,19,True
esmc6b_3di_widehead,Q9BP93,Conus ventricosus,propeptides,tp_pred,19,True
esmc6b_3di_widehead,Q5K0C0,Conus imperialis,peptides,true,30,True
esmc6b_3di_widehead,Q5K0C0,Conus imperialis,peptides,tp_pred,30,True
esmc6b_3di_widehead,Q5K0C0,Conus imperialis,propeptides,true,29,True
esmc6b_3di_widehead,Q5K0C0,Conus imperialis,propeptides,tp_pred,27,True
esmc6b_3di_widehead,Q8I1F6,Drosophila erecta,propeptides,true,48,False
esmc6b_3di_widehead,G5EB30,Emericella nidulans,propeptides,true,25,True
esmc6b_3di_widehead,G5EB30,Emericella nidulans,propeptides,tp_pred,25,True
esmc6b_3di_widehead,P55806,Gallus gallus,propeptides,true,11,False
esmc6b_3di_widehead,P55806,Gallus gallus,propeptides,true,46,False
esmc6b_3di_widehead,P52961,Homo sapiens,propeptides,true,32,True
esmc6b_3di_widehead,P52961,Homo sapiens,propeptides,fp_pred,6,False
esmc6b_3di_widehead,P52961,Homo sapiens,propeptides,tp_pred,33,True
esmc6b_3di_widehead,Q41142,Ricinus communis,propeptides,true,30,False
esmc6b_3di_widehead,Q27174,Paramecium tetraurelia,propeptides,true,29,True
esmc6b_3di_widehead,Q27174,Paramecium tetraurelia,propeptides,tp_pred,32,True
esmc6b_3di_widehead,Q27174,Paramecium tetraurelia,propeptides,fp_pred,56,False
esmc6b_3di_widehead,Q27181,Paramecium tetraurelia,propeptides,true,29,True
esmc6b_3di_widehead,Q27181,Paramecium tetraurelia,propeptides,tp_pred,32,True
esmc6b_3di_widehead,Q27181,Paramecium tetraurelia,propeptides,fp_pred,39,False
esmc6b_3di_widehead,B2RHG3,Porphyromonas gingivalis,propeptides,true,23,True
esmc6b_3di_widehead,B2RHG3,Porphyromonas gingivalis,propeptides,tp_pred,23,True
esmc6b_3di_widehead,Q5K0D3,Conus striatus,peptides,true,27,False
esmc6b_3di_widehead,Q5K0D3,Conus striatus,peptides,fp_pred,34,False
esmc6b_3di_widehead,Q5K0D3,Conus striatus,propeptides,true,28,False
esmc6b_3di_widehead,Q5K0D3,Conus striatus,propeptides,fp_pred,21,False
esmc6b_3di_widehead,A0A2I4QAG8,Conus generalis,peptides,fp_pred,27,False
esmc6b_3di_widehead,A0A2I4QAG8,Conus generalis,propeptides,true,11,False
esmc6b_3di_widehead,A0A2I4QAG8,Conus generalis,propeptides,fp_pred,25,False
esmc6b_3di_widehead,Q9XZK8,Conus textile,peptides,true,25,True
esmc6b_3di_widehead,Q9XZK8,Conus textile,peptides,tp_pred,25,True
esmc6b_3di_widehead,Q9XZK8,Conus textile,propeptides,true,28,True
esmc6b_3di_widehead,Q9XZK8,Conus textile,propeptides,tp_pred,29,True
esmc6b_3di_widehead,Q9BP99,Conus arenatus,peptides,true,33,True
esmc6b_3di_widehead,Q9BP99,Conus arenatus,peptides,tp_pred,33,True
esmc6b_3di_widehead,Q9BP99,Conus arenatus,propeptides,true,29,True
esmc6b_3di_widehead,Q9BP99,Conus arenatus,propeptides,tp_pred,29,True
esmc6b_3di_widehead,P0DJC6,Conus quercinus,peptides,true,30,True
esmc6b_3di_widehead,P0DJC6,Conus quercinus,peptides,tp_pred,30,True
esmc6b_3di_widehead,P0DJC6,Conus quercinus,propeptides,true,40,True
esmc6b_3di_widehead,P0DJC6,Conus quercinus,propeptides,tp_pred,42,True
esmc6b_3di_widehead,P69758,Conus victoriae,peptides,true,25,True
esmc6b_3di_widehead,P69758,Conus victoriae,peptides,tp_pred,25,True
esmc6b_3di_widehead,P69758,Conus victoriae,propeptides,true,27,True
esmc6b_3di_widehead,P69758,Conus victoriae,propeptides,tp_pred,28,True
esmc6b_3di_widehead,P41585,Oncorhynchus nerka,peptides,true,45,False
esmc6b_3di_widehead,P41585,Oncorhynchus nerka,peptides,true,38,True
esmc6b_3di_widehead,P41585,Oncorhynchus nerka,peptides,fp_pred,28,False
esmc6b_3di_widehead,P41585,Oncorhynchus nerka,peptides,tp_pred,39,True
esmc6b_3di_widehead,P41585,Oncorhynchus nerka,propeptides,fp_pred,15,False
esmc6b_3di_widehead,P41535,Sus scrofa,peptides,true,48,True
esmc6b_3di_widehead,P41535,Sus scrofa,peptides,true,38,True
esmc6b_3di_widehead,P41535,Sus scrofa,peptides,tp_pred,48,True
esmc6b_3di_widehead,P41535,Sus scrofa,peptides,tp_pred,27,True
esmc6b_3di_widehead,P13589,Rattus norvegicus,peptides,true,48,True
esmc6b_3di_widehead,P13589,Rattus norvegicus,peptides,true,38,True
esmc6b_3di_widehead,P13589,Rattus norvegicus,peptides,tp_pred,48,True
esmc6b_3di_widehead,P13589,Rattus norvegicus,peptides,tp_pred,27,True
esmc6b_3di_widehead,Q90ZX8,Pseudopleuronectes americanus,peptides,true,25,False
esmc6b_3di_widehead,Q90ZX8,Pseudopleuronectes americanus,peptides,fp_pred,32,False
esmc6b_3di_widehead,Q90ZX8,Pseudopleuronectes americanus,propeptides,true,21,False
esmc6b_3di_widehead,Q90ZX8,Pseudopleuronectes americanus,propeptides,fp_pred,12,False
esmc6b_3di_widehead,Q8VXX5,Arabidopsis thaliana,propeptides,true,26,True
esmc6b_3di_widehead,Q8VXX5,Arabidopsis thaliana,propeptides,tp_pred,26,True
esmc6b_3di_widehead,Q9FHN6,Arabidopsis thaliana,propeptides,true,28,True
esmc6b_3di_widehead,Q9FHN6,Arabidopsis thaliana,propeptides,tp_pred,29,True
esmc6b_3di_widehead,Q9SU40,Arabidopsis thaliana,propeptides,true,25,True
esmc6b_3di_widehead,Q9SU40,Arabidopsis thaliana,propeptides,tp_pred,26,True
esmc6b_3di_widehead,C0HKV8,Agrotis ipsilon,peptides,true,12,True
esmc6b_3di_widehead,C0HKV8,Agrotis ipsilon,peptides,tp_pred,12,True
esmc6b_3di_widehead,C0HKV8,Agrotis ipsilon,propeptides,true,33,False
esmc6b_3di_widehead,Q6IGX9,Drosophila melanogaster,peptides,true,12,True
esmc6b_3di_widehead,Q6IGX9,Drosophila melanogaster,peptides,tp_pred,12,True
esmc6b_3di_widehead,Q6IGX9,Drosophila melanogaster,propeptides,true,31,True
esmc6b_3di_widehead,Q6IGX9,Drosophila melanogaster,propeptides,tp_pred,31,True
esmc6b_3di_widehead,Q90VW7,Pseudopleuronectes americanus,peptides,true,25,False
esmc6b_3di_widehead,Q90VW7,Pseudopleuronectes americanus,peptides,fp_pred,33,False
esmc6b_3di_widehead,Q90VW7,Pseudopleuronectes americanus,propeptides,true,14,False
esmc6b_3di_widehead,P11184,Balaenoptera acutorostrata,peptides,true,32,False
esmc6b_3di_widehead,P11184,Balaenoptera acutorostrata,peptides,true,22,True
esmc6b_3di_widehead,P11184,Balaenoptera acutorostrata,peptides,tp_pred,21,True
esmc6b_3di_widehead,P86825,Tityus serrulatus,peptides,true,11,True
esmc6b_3di_widehead,P86825,Tityus serrulatus,peptides,tp_pred,12,True
esmc6b_3di_widehead,A0A0C4G489,Heterometrus spinifer,propeptides,true,18,True
esmc6b_3di_widehead,A0A0C4G489,Heterometrus spinifer,propeptides,tp_pred,21,True
esmc6b_3di_widehead,P0DME6,Heterometrus petersii,peptides,true,13,True
esmc6b_3di_widehead,P0DME6,Heterometrus petersii,peptides,tp_pred,13,True
esmc6b_3di_widehead,P0DME6,Heterometrus petersii,propeptides,true,28,True
esmc6b_3di_widehead,P0DME6,Heterometrus petersii,propeptides,tp_pred,28,True
esmc6b_3di_widehead,I0DEB6,Mesomexovis subcristatus,peptides,true,13,True
esmc6b_3di_widehead,I0DEB6,Mesomexovis subcristatus,peptides,tp_pred,13,True
esmc6b_3di_widehead,I0DEB6,Mesomexovis subcristatus,propeptides,true,29,True
esmc6b_3di_widehead,I0DEB6,Mesomexovis subcristatus,propeptides,tp_pred,29,True
esmc6b_3di_widehead,P0DME7,Heterometrus petersii,peptides,true,13,True
esmc6b_3di_widehead,P0DME7,Heterometrus petersii,peptides,tp_pred,13,True
esmc6b_3di_widehead,P0DME7,Heterometrus petersii,propeptides,true,28,True
esmc6b_3di_widehead,P0DME7,Heterometrus petersii,propeptides,tp_pred,28,True
esmc6b_3di_widehead,Q9XZK5,Conus striatus,peptides,true,31,True
esmc6b_3di_widehead,Q9XZK5,Conus striatus,peptides,tp_pred,31,True
esmc6b_3di_widehead,Q9XZK5,Conus striatus,propeptides,true,29,True
esmc6b_3di_widehead,Q9XZK5,Conus striatus,propeptides,tp_pred,27,True
esmc6b_3di_widehead,Q5K0C2,Conus imperialis,peptides,true,27,True
esmc6b_3di_widehead,Q5K0C2,Conus imperialis,peptides,tp_pred,27,True
esmc6b_3di_widehead,Q5K0C2,Conus imperialis,propeptides,true,29,True
esmc6b_3di_widehead,Q5K0C2,Conus imperialis,propeptides,tp_pred,27,True
esmc6b_3di_widehead,D2Y495,Californiconus californicus,peptides,true,27,True
esmc6b_3di_widehead,D2Y495,Californiconus californicus,peptides,tp_pred,27,True
esmc6b_3di_widehead,D2Y495,Californiconus californicus,propeptides,true,46,True
esmc6b_3di_widehead,D2Y495,Californiconus californicus,propeptides,tp_pred,46,True
esmc6b_3di_widehead,Q9BPA4,Conus ventricosus,peptides,true,29,True
esmc6b_3di_widehead,Q9BPA4,Conus ventricosus,peptides,tp_pred,29,True
esmc6b_3di_widehead,Q9BPA4,Conus ventricosus,propeptides,true,26,True
esmc6b_3di_widehead,Q9BPA4,Conus ventricosus,propeptides,tp_pred,28,True
esmc6b_3di_widehead,P69759,Conus victoriae,peptides,true,29,True
esmc6b_3di_widehead,P69759,Conus victoriae,peptides,tp_pred,27,True
esmc6b_3di_widehead,P69759,Conus victoriae,propeptides,true,25,True
esmc6b_3di_widehead,P69759,Conus victoriae,propeptides,tp_pred,28,True
esmc6b_3di_widehead,O88634,Mus musculus,propeptides,true,43,False
esmc6b_3di_widehead,P16014,Mus musculus,peptides,true,11,False
esmc6b_3di_widehead,P16014,Mus musculus,peptides,fp_pred,17,False
esmc6b_3di_widehead,P16014,Mus musculus,peptides,fp_pred,20,False
esmc6b_3di_widehead,P16014,Mus musculus,peptides,fp_pred,48,False
esmc6b_3di_widehead,P16014,Mus musculus,peptides,fp_pred,10,False
esmc6b_3di_widehead,P16014,Mus musculus,peptides,fp_pred,14,False
esmc6b_3di_widehead,Q68S26,Panax ginseng,propeptides,true,9,False
esmc6b_3di_widehead,Q3V554,Acorus calamus,propeptides,true,9,False
esmc6b_3di_widehead,P25043,Saccharomyces cerevisiae,propeptides,true,29,True
esmc6b_3di_widehead,P25043,Saccharomyces cerevisiae,propeptides,tp_pred,29,True
esmc6b_3di_widehead,Q09MJ8,Citrus sinensis,propeptides,true,9,False
esmc6b_3di_widehead,A4QL00,Draba nemorosa,propeptides,true,9,False
esmc6b_3di_widehead,P43683,Bacillus sp.,peptides,true,20,True
esmc6b_3di_widehead,P43683,Bacillus sp.,peptides,tp_pred,20,True
esmc6b_3di_widehead,P43683,Bacillus sp.,propeptides,true,48,True
esmc6b_3di_widehead,P43683,Bacillus sp.,propeptides,tp_pred,48,True
esmc6b_3di_widehead,P06308,Lymnaea stagnalis,peptides,true,5,True
esmc6b_3di_widehead,P06308,Lymnaea stagnalis,peptides,true,5,True
esmc6b_3di_widehead,P06308,Lymnaea stagnalis,peptides,true,5,True
esmc6b_3di_widehead,P06308,Lymnaea stagnalis,peptides,true,14,False
esmc6b_3di_widehead,P06308,Lymnaea stagnalis,peptides,true,9,True
esmc6b_3di_widehead,P06308,Lymnaea stagnalis,peptides,true,23,False
esmc6b_3di_widehead,P06308,Lymnaea stagnalis,peptides,true,36,False
esmc6b_3di_widehead,P06308,Lymnaea stagnalis,peptides,tp_pred,5,True
esmc6b_3di_widehead,P06308,Lymnaea stagnalis,peptides,tp_pred,5,True
esmc6b_3di_widehead,P06308,Lymnaea stagnalis,peptides,tp_pred,5,True
esmc6b_3di_widehead,P06308,Lymnaea stagnalis,peptides,tp_pred,7,True
esmc6b_3di_widehead,P06308,Lymnaea stagnalis,peptides,fp_pred,15,False
esmc6b_3di_widehead,P06308,Lymnaea stagnalis,peptides,fp_pred,12,False
esmc6b_3di_widehead,P06308,Lymnaea stagnalis,peptides,fp_pred,23,False
esmc6b_3di_widehead,P06308,Lymnaea stagnalis,propeptides,true,15,False
esmc6b_3di_widehead,P06308,Lymnaea stagnalis,propeptides,true,23,False
esmc6b_3di_widehead,P47749,Xenopus laevis,propeptides,true,22,False
esmc6b_3di_widehead,P55085,Homo sapiens,propeptides,true,11,True
esmc6b_3di_widehead,P55085,Homo sapiens,propeptides,tp_pred,12,True
esmc6b_3di_widehead,D6C4L6,Californiconus californicus,peptides,true,25,True
esmc6b_3di_widehead,D6C4L6,Californiconus californicus,peptides,tp_pred,26,True
esmc6b_3di_widehead,D6C4L6,Californiconus californicus,propeptides,true,17,True
esmc6b_3di_widehead,D6C4L6,Californiconus californicus,propeptides,tp_pred,17,True
esmc6b_3di_widehead,P0CB11,Conus ammiralis,peptides,true,24,True
esmc6b_3di_widehead,P0CB11,Conus ammiralis,peptides,tp_pred,24,True
esmc6b_3di_widehead,P0CB11,Conus ammiralis,propeptides,true,28,True
esmc6b_3di_widehead,P0CB11,Conus ammiralis,propeptides,tp_pred,30,True
esmc6b_3di_widehead,P69750,Conus consors,peptides,true,31,True
esmc6b_3di_widehead,P69750,Conus consors,peptides,tp_pred,31,True
esmc6b_3di_widehead,P69750,Conus consors,propeptides,true,27,True
esmc6b_3di_widehead,P69750,Conus consors,propeptides,tp_pred,27,True
esmc6b_3di_widehead,Q26324,Carcinus maenas,peptides,true,8,True
esmc6b_3di_widehead,Q26324,Carcinus maenas,peptides,tp_pred,8,True
esmc6b_3di_widehead,O23710,Arabidopsis thaliana,propeptides,true,37,True
esmc6b_3di_widehead,O23710,Arabidopsis thaliana,propeptides,tp_pred,39,True
esmc6b_3di_widehead,Q8VZU3,Arabidopsis thaliana,propeptides,true,26,False
esmc6b_3di_widehead,Q9M099,Arabidopsis thaliana,propeptides,true,30,False
esmc6b_3di_widehead,P82102,Mytilus galloprovincialis,peptides,true,40,False
esmc6b_3di_widehead,P82102,Mytilus galloprovincialis,peptides,fp_pred,45,False
esmc6b_3di_widehead,P82102,Mytilus galloprovincialis,propeptides,true,36,False
esmc6b_3di_widehead,P82102,Mytilus galloprovincialis,propeptides,fp_pred,31,False
esmc6b_3di_widehead,Q02297,Homo sapiens,propeptides,true,19,False
esmc6b_3di_widehead,Q9U648,Conus textile,peptides,true,24,True
esmc6b_3di_widehead,Q9U648,Conus textile,peptides,tp_pred,24,True
esmc6b_3di_widehead,Q9U648,Conus textile,propeptides,true,30,True
esmc6b_3di_widehead,Q9U648,Conus textile,propeptides,tp_pred,30,True
esmc6b_3di_widehead,Q9XZL0,Conus textile,peptides,true,24,True
esmc6b_3di_widehead,Q9XZL0,Conus textile,peptides,tp_pred,24,True
esmc6b_3di_widehead,Q9XZL0,Conus textile,propeptides,true,30,True
esmc6b_3di_widehead,Q9XZL0,Conus textile,propeptides,tp_pred,30,True
esmc6b_3di_widehead,Q9BPA5,Conus ventricosus,peptides,true,28,True
esmc6b_3di_widehead,Q9BPA5,Conus ventricosus,peptides,tp_pred,28,True
esmc6b_3di_widehead,Q9BPA5,Conus ventricosus,propeptides,true,26,True
esmc6b_3di_widehead,Q9BPA5,Conus ventricosus,propeptides,tp_pred,28,True
esmc6b_3di_widehead,Q9XYZ0,Conus pulicarius,peptides,true,30,True
esmc6b_3di_widehead,Q9XYZ0,Conus pulicarius,peptides,tp_pred,30,True
esmc6b_3di_widehead,Q9XYZ0,Conus pulicarius,propeptides,true,28,True
esmc6b_3di_widehead,Q9XYZ0,Conus pulicarius,propeptides,tp_pred,28,True
esmc6b_3di_widehead,Q3YEG7,Conus betulinus,peptides,true,33,True
esmc6b_3di_widehead,Q3YEG7,Conus betulinus,peptides,tp_pred,33,True
esmc6b_3di_widehead,Q3YEG7,Conus betulinus,propeptides,true,23,True
esmc6b_3di_widehead,Q3YEG7,Conus betulinus,propeptides,tp_pred,23,True
esmc6b_3di_widehead,Q9BP88,Conus arenatus,peptides,true,28,True
esmc6b_3di_widehead,Q9BP88,Conus arenatus,peptides,tp_pred,28,True
esmc6b_3di_widehead,Q9BP88,Conus arenatus,propeptides,true,24,True
esmc6b_3di_widehead,Q9BP88,Conus arenatus,propeptides,tp_pred,24,True
esmc6b_3di_widehead,O70176,Mus musculus,peptides,true,48,True
esmc6b_3di_widehead,O70176,Mus musculus,peptides,true,38,True
esmc6b_3di_widehead,O70176,Mus musculus,peptides,tp_pred,48,True
esmc6b_3di_widehead,O70176,Mus musculus,peptides,tp_pred,27,True
esmc6b_3di_widehead,A4QJZ9,Arabis hirsuta,propeptides,true,9,False
esmc6b_3di_widehead,Q90ZY0,Pseudopleuronectes americanus,peptides,true,25,False
esmc6b_3di_widehead,Q90ZY0,Pseudopleuronectes americanus,peptides,fp_pred,32,False
esmc6b_3di_widehead,Q90ZY0,Pseudopleuronectes americanus,propeptides,true,21,False
esmc6b_3di_widehead,Q90ZY0,Pseudopleuronectes americanus,propeptides,fp_pred,12,False
esmc6b_3di_widehead,Q54LC1,Dictyostelium discoideum,propeptides,true,29,False
esmc6b_3di_widehead,Q54LC1,Dictyostelium discoideum,propeptides,fp_pred,22,False
esmc6b_3di_widehead,Q4KM35,Rattus norvegicus,propeptides,true,39,True
esmc6b_3di_widehead,Q4KM35,Rattus norvegicus,propeptides,tp_pred,39,True
esmc6b_3di_widehead,Q1KXX9,Helianthus annuus,propeptides,true,9,False
esmc6b_3di_widehead,Q3T0T1,Bos taurus,propeptides,true,39,True
esmc6b_3di_widehead,Q3T0T1,Bos taurus,propeptides,tp_pred,39,True
esmc6b_3di_widehead,Q3T0T1,Bos taurus,propeptides,fp_pred,41,False
esmc6b_3di_widehead,A6MM16,Buxus microphylla,propeptides,true,9,False
esmc6b_3di_widehead,Q01366,Phaseolus vulgaris,propeptides,true,9,False
esmc6b_3di_widehead,C0HKV9,Agrotis ipsilon,peptides,true,11,True
esmc6b_3di_widehead,C0HKV9,Agrotis ipsilon,peptides,true,7,True
esmc6b_3di_widehead,C0HKV9,Agrotis ipsilon,peptides,true,8,False
esmc6b_3di_widehead,C0HKV9,Agrotis ipsilon,peptides,fp_pred,17,False
esmc6b_3di_widehead,C0HKV9,Agrotis ipsilon,peptides,tp_pred,11,True
esmc6b_3di_widehead,C0HKV9,Agrotis ipsilon,peptides,tp_pred,7,True
esmc6b_3di_widehead,C0HKV9,Agrotis ipsilon,peptides,fp_pred,32,False
esmc6b_3di_widehead,C0HKV9,Agrotis ipsilon,propeptides,true,23,False
esmc6b_3di_widehead,C0HKV9,Agrotis ipsilon,propeptides,true,23,True
esmc6b_3di_widehead,C0HKV9,Agrotis ipsilon,propeptides,true,23,False
esmc6b_3di_widehead,C0HKV9,Agrotis ipsilon,propeptides,true,31,True
esmc6b_3di_widehead,C0HKV9,Agrotis ipsilon,propeptides,tp_pred,23,True
esmc6b_3di_widehead,C0HKV9,Agrotis ipsilon,propeptides,tp_pred,31,True
esmc6b_3di_widehead,E2AJ76,Camponotus floridanus,peptides,true,8,True
esmc6b_3di_widehead,E2AJ76,Camponotus floridanus,peptides,tp_pred,11,True
esmc6b_3di_widehead,E2AJ76,Camponotus floridanus,propeptides,true,24,True
esmc6b_3di_widehead,E2AJ76,Camponotus floridanus,propeptides,fp_pred,48,False
esmc6b_3di_widehead,E2AJ76,Camponotus floridanus,propeptides,tp_pred,24,True
esmc6b_3di_widehead,Q9TY95,Plasmodium falciparum,propeptides,true,44,False
esmc6b_3di_widehead,A0RZB4,Bos taurus,propeptides,true,26,True
esmc6b_3di_widehead,A0RZB4,Bos taurus,propeptides,tp_pred,27,True
esmc6b_3di_widehead,Q54SJ8,Dictyostelium discoideum,propeptides,true,23,True
esmc6b_3di_widehead,Q54SJ8,Dictyostelium discoideum,propeptides,tp_pred,21,True
esmc6b_3di_widehead,P05060,Homo sapiens,peptides,true,11,True
esmc6b_3di_widehead,P05060,Homo sapiens,peptides,fp_pred,50,False
esmc6b_3di_widehead,P05060,Homo sapiens,peptides,fp_pred,20,False
esmc6b_3di_widehead,P05060,Homo sapiens,peptides,fp_pred,33,False
esmc6b_3di_widehead,P05060,Homo sapiens,peptides,tp_pred,11,True
esmc6b_3di_widehead,P05060,Homo sapiens,peptides,fp_pred,10,False
esmc6b_3di_widehead,P05060,Homo sapiens,peptides,fp_pred,14,False
esmc6b_3di_widehead,Q9XZK3,Conus striatus,peptides,true,36,True
esmc6b_3di_widehead,Q9XZK3,Conus striatus,peptides,tp_pred,36,True
esmc6b_3di_widehead,Q9XZK3,Conus striatus,propeptides,true,20,True
esmc6b_3di_widehead,Q9XZK3,Conus striatus,propeptides,tp_pred,20,True
esmc6b_3di_widehead,P69748,Conus aurisiacus,peptides,true,27,True
esmc6b_3di_widehead,P69748,Conus aurisiacus,peptides,tp_pred,27,True
esmc6b_3di_widehead,P69748,Conus aurisiacus,propeptides,true,27,True
esmc6b_3di_widehead,P69748,Conus aurisiacus,propeptides,tp_pred,27,True
esmc6b_3di_widehead,Q9BP89,Conus arenatus,peptides,true,26,True
esmc6b_3di_widehead,Q9BP89,Conus arenatus,peptides,tp_pred,26,True
esmc6b_3di_widehead,Q9BP89,Conus arenatus,propeptides,true,24,True
esmc6b_3di_widehead,Q9BP89,Conus arenatus,propeptides,tp_pred,24,True
esmc6b_3di_widehead,D6C4L4,Californiconus californicus,peptides,true,28,True
esmc6b_3di_widehead,D6C4L4,Californiconus californicus,peptides,tp_pred,26,True
esmc6b_3di_widehead,D6C4L4,Californiconus californicus,propeptides,true,13,False
esmc6b_3di_widehead,D6C4L4,Californiconus californicus,propeptides,fp_pred,17,False
esmc6b_3di_widehead,A4GYN9,Populus trichocarpa,propeptides,true,9,False
esmc6b_3di_widehead,A6XN32,Ovis aries,propeptides,true,26,True
esmc6b_3di_widehead,A6XN32,Ovis aries,propeptides,tp_pred,27,True
esmc6b_3di_widehead,P17900,Homo sapiens,propeptides,true,8,True
esmc6b_3di_widehead,P17900,Homo sapiens,propeptides,tp_pred,9,True
esmc6b_3di_widehead,P18313,Sarcophaga peregrina,peptides,true,40,True
esmc6b_3di_widehead,P18313,Sarcophaga peregrina,peptides,tp_pred,40,True
esmc6b_3di_widehead,P18313,Sarcophaga peregrina,propeptides,true,31,True
esmc6b_3di_widehead,P18313,Sarcophaga peregrina,propeptides,tp_pred,29,True
esmc6b_3di_widehead,P69192,Plasmodium falciparum,propeptides,true,44,False
esmc6b_3di_widehead,Q49L18,Eucalyptus globulus subsp. globulus,propeptides,true,9,False
esmc6b_3di_widehead,Q2TBP0,Bos taurus,propeptides,true,43,True
esmc6b_3di_widehead,Q2TBP0,Bos taurus,propeptides,tp_pred,42,True
esmc6b_3di_widehead,Q2TBP0,Bos taurus,propeptides,fp_pred,39,False
esmc6b_3di_widehead,Q7YJY8,Calycanthus floridus var. glaucus,propeptides,true,9,False
esmc6b_3di_widehead,A4QL86,Lepidium virginicum,propeptides,true,9,False
esmc6b_3di_widehead,P69565,Oxybasis rubra,propeptides,true,9,False
esmc6b_3di_widehead,Q06FY1,Pelargonium hortorum,propeptides,true,9,False
esmc6b_3di_widehead,A4QKH2,Capsella bursa-pastoris,propeptides,true,9,False
esmc6b_3di_widehead,P83756,Oenothera elata subsp. hookeri,propeptides,true,9,False
esmc6b_3di_widehead,Q99436,Homo sapiens,propeptides,true,43,True
esmc6b_3di_widehead,Q99436,Homo sapiens,propeptides,tp_pred,42,True
esmc6b_3di_widehead,Q99436,Homo sapiens,propeptides,fp_pred,39,False
esmc6b_3di_widehead,A4QKR1,Crucihimalaya wallichii,propeptides,true,9,False
esmc6b_3di_widehead,A4QLR3,Nasturtium officinale,propeptides,true,9,False
esmc6b_3di_widehead,P40306,Homo sapiens,propeptides,true,39,True
esmc6b_3di_widehead,P40306,Homo sapiens,propeptides,tp_pred,39,True
esmc6b_3di_widehead,P40306,Homo sapiens,propeptides,fp_pred,41,False
esmc6b_3di_widehead,Q06GT0,Piper cenocladum,propeptides,true,9,False
esmc6b_3di_widehead,O98736,Magnolia pyramidata,propeptides,true,9,False
esmc6b_3di_widehead,Q2FUW9,Staphylococcus aureus,propeptides,true,35,True
esmc6b_3di_widehead,Q2FUW9,Staphylococcus aureus,propeptides,tp_pred,35,True
esmc6b_3di_widehead,O35314,Rattus norvegicus,peptides,true,11,True
esmc6b_3di_widehead,O35314,Rattus norvegicus,peptides,fp_pred,18,False
esmc6b_3di_widehead,O35314,Rattus norvegicus,peptides,fp_pred,17,False
esmc6b_3di_widehead,O35314,Rattus norvegicus,peptides,fp_pred,20,False
esmc6b_3di_widehead,O35314,Rattus norvegicus,peptides,fp_pred,35,False
esmc6b_3di_widehead,O35314,Rattus norvegicus,peptides,tp_pred,11,True
esmc6b_3di_widehead,O35314,Rattus norvegicus,peptides,fp_pred,10,False
esmc6b_3di_widehead,O35314,Rattus norvegicus,peptides,fp_pred,15,False
esmc6b_3di_widehead,Q501W4,Rattus norvegicus,propeptides,true,25,True
esmc6b_3di_widehead,Q501W4,Rattus norvegicus,propeptides,tp_pred,27,True
esmc6b_3di_widehead,S0F204,Hadronyche infensa,peptides,fp_pred,37,False
esmc6b_3di_widehead,S0F204,Hadronyche infensa,propeptides,true,18,True
esmc6b_3di_widehead,S0F204,Hadronyche infensa,propeptides,tp_pred,20,True
esmc6b_3di_widehead,P0DMF1,Chaerilus tryznai,peptides,true,10,False
esmc6b_3di_widehead,P0DMF1,Chaerilus tryznai,peptides,fp_pred,11,False
esmc6b_3di_widehead,P0DMF1,Chaerilus tryznai,propeptides,fp_pred,20,False
esmc6b_3di_widehead,P0DMF1,Chaerilus tryznai,propeptides,fp_pred,31,False
esmc6b_3di_widehead,G3MU46,Caenorhabditis elegans,peptides,true,11,False
esmc6b_3di_widehead,G3MU46,Caenorhabditis elegans,peptides,true,12,True
esmc6b_3di_widehead,G3MU46,Caenorhabditis elegans,peptides,true,31,False
esmc6b_3di_widehead,G3MU46,Caenorhabditis elegans,peptides,fp_pred,16,False
esmc6b_3di_widehead,G3MU46,Caenorhabditis elegans,peptides,tp_pred,12,True
esmc6b_3di_widehead,G3MU46,Caenorhabditis elegans,peptides,fp_pred,13,False
esmc6b_3di_widehead,G3MU46,Caenorhabditis elegans,propeptides,true,5,False
esmc6b_3di_widehead,G3MU46,Caenorhabditis elegans,propeptides,true,8,True
esmc6b_3di_widehead,G3MU46,Caenorhabditis elegans,propeptides,true,22,False
esmc6b_3di_widehead,G3MU46,Caenorhabditis elegans,propeptides,tp_pred,8,True
esmc6b_3di_widehead,G3MU46,Caenorhabditis elegans,propeptides,fp_pred,41,False
esmc6b_3di_widehead,P68827,Bos taurus,propeptides,true,24,True
esmc6b_3di_widehead,P68827,Bos taurus,propeptides,tp_pred,23,True
esmc6b_3di_widehead,P54660,Dictyostelium discoideum,propeptides,true,25,True
esmc6b_3di_widehead,P54660,Dictyostelium discoideum,propeptides,tp_pred,24,True
esmc6b_3di_widehead,A2BDG5,Xenopus tropicalis,peptides,fp_pred,16,False
esmc6b_3di_widehead,A2BDG5,Xenopus tropicalis,propeptides,true,38,True
esmc6b_3di_widehead,A2BDG5,Xenopus tropicalis,propeptides,tp_pred,38,True
esmc6b_3di_widehead,A2BDG0,Gallus gallus,peptides,fp_pred,16,False
esmc6b_3di_widehead,A2BDG0,Gallus gallus,propeptides,true,13,False
esmc6b_3di_widehead,A2BDG0,Gallus gallus,propeptides,fp_pred,24,False
esmc6b_3di_widehead,Q8BWU1,Mus musculus,peptides,fp_pred,32,False
esmc6b_3di_widehead,Q8BWU1,Mus musculus,propeptides,true,25,True
esmc6b_3di_widehead,Q8BWU1,Mus musculus,propeptides,tp_pred,27,True
esmc6b_3di_widehead,Q5BIV7,Rattus norvegicus,peptides,fp_pred,16,False
esmc6b_3di_widehead,Q5BIV7,Rattus norvegicus,propeptides,true,25,True
esmc6b_3di_widehead,Q5BIV7,Rattus norvegicus,propeptides,tp_pred,27,True
esmc6b_3di_widehead,P42634,Aedes aegypti,peptides,true,10,False
esmc6b_3di_widehead,P42634,Aedes aegypti,peptides,fp_pred,30,False
esmc6b_3di_widehead,P42634,Aedes aegypti,propeptides,fp_pred,31,False
esmc6b_3di_widehead,A0A1E1WVR9,Tityus obscurus,peptides,true,17,True
esmc6b_3di_widehead,A0A1E1WVR9,Tityus obscurus,peptides,tp_pred,18,True
esmc6b_3di_widehead,A0A1E1WVR9,Tityus obscurus,propeptides,true,35,False
esmc6b_3di_widehead,A0A1E1WVR9,Tityus obscurus,propeptides,fp_pred,29,False
esmc6b_3di_widehead,P0DME4,Chaerilus tricostatus,peptides,true,21,True
esmc6b_3di_widehead,P0DME4,Chaerilus tricostatus,peptides,tp_pred,21,True
esmc6b_3di_widehead,P0DME4,Chaerilus tricostatus,propeptides,true,29,True
esmc6b_3di_widehead,P0DME4,Chaerilus tricostatus,propeptides,tp_pred,29,True
esmc6b_3di_widehead,F1AWB0,Vaejovis mexicanus,propeptides,true,13,False
esmc6b_3di_widehead,G8YYA5,Androctonus amoreuxi,peptides,true,18,True
esmc6b_3di_widehead,G8YYA5,Androctonus amoreuxi,peptides,tp_pred,18,True
esmc6b_3di_widehead,G8YYA5,Androctonus amoreuxi,propeptides,true,29,True
esmc6b_3di_widehead,G8YYA5,Androctonus amoreuxi,propeptides,tp_pred,29,True
esmc6b_3di_widehead,Q8MTX2,Opisthacanthus madagascariensis,peptides,true,13,True
esmc6b_3di_widehead,Q8MTX2,Opisthacanthus madagascariensis,peptides,tp_pred,13,True
esmc6b_3di_widehead,Q8MTX2,Opisthacanthus madagascariensis,propeptides,true,32,True
esmc6b_3di_widehead,Q8MTX2,Opisthacanthus madagascariensis,propeptides,tp_pred,32,True
esmc6b_3di_widehead,P0DMF2,Chaerilus tryznai,peptides,true,10,False
esmc6b_3di_widehead,P0DMF2,Chaerilus tryznai,propeptides,true,48,False
esmc6b_3di_widehead,P0DMF2,Chaerilus tryznai,propeptides,fp_pred,20,False
esmc6b_3di_widehead,P0DMF2,Chaerilus tryznai,propeptides,fp_pred,31,False
esmc6b_3di_widehead,P0CI90,Lychas mucronatus,peptides,true,16,True
esmc6b_3di_widehead,P0CI90,Lychas mucronatus,peptides,tp_pred,16,True
esmc6b_3di_widehead,P0CI90,Lychas mucronatus,propeptides,true,30,True
esmc6b_3di_widehead,P0CI90,Lychas mucronatus,propeptides,tp_pred,31,True
esmc6b_3di_widehead,P0DMF7,Chaerilus tricostatus,peptides,true,14,True
esmc6b_3di_widehead,P0DMF7,Chaerilus tricostatus,peptides,tp_pred,15,True
esmc6b_3di_widehead,P0DMF7,Chaerilus tricostatus,propeptides,true,34,True
esmc6b_3di_widehead,P0DMF7,Chaerilus tricostatus,propeptides,tp_pred,31,True
esmc6b_3di_widehead,Q5K0B9,Conus imperialis,peptides,true,29,True
esmc6b_3di_widehead,Q5K0B9,Conus imperialis,peptides,tp_pred,29,True
esmc6b_3di_widehead,Q5K0B9,Conus imperialis,propeptides,true,29,True
esmc6b_3di_widehead,Q5K0B9,Conus imperialis,propeptides,tp_pred,27,True
esmc6b_3di_widehead,Q9XZL1,Conus textile,peptides,true,29,True
esmc6b_3di_widehead,Q9XZL1,Conus textile,peptides,tp_pred,29,True
esmc6b_3di_widehead,Q9XZL1,Conus textile,propeptides,true,30,True
esmc6b_3di_widehead,Q9XZL1,Conus textile,propeptides,tp_pred,30,True
esmc6b_3di_widehead,P0DJC7,Conus quercinus,peptides,true,28,True
esmc6b_3di_widehead,P0DJC7,Conus quercinus,peptides,tp_pred,28,True
esmc6b_3di_widehead,P0DJC7,Conus quercinus,propeptides,true,22,True
esmc6b_3di_widehead,P0DJC7,Conus quercinus,propeptides,tp_pred,24,True
esmc6b_3di_widehead,P25116,Homo sapiens,propeptides,true,20,True
esmc6b_3di_widehead,P25116,Homo sapiens,propeptides,tp_pred,20,True
esmc6b_3di_widehead,P53813,Rattus norvegicus,propeptides,true,17,True
esmc6b_3di_widehead,P53813,Rattus norvegicus,propeptides,tp_pred,19,True
esmc6b_3di_widehead,P0DKN0,Lophiotoma olangoensis,peptides,fp_pred,49,False
esmc6b_3di_widehead,P0DKN0,Lophiotoma olangoensis,propeptides,true,8,True
esmc6b_3di_widehead,P0DKN0,Lophiotoma olangoensis,propeptides,tp_pred,5,True
esmc6b_3di_widehead,C6Y4B5,Schizosaccharomyces pombe,propeptides,true,27,True
esmc6b_3di_widehead,C6Y4B5,Schizosaccharomyces pombe,propeptides,tp_pred,25,True
esmc6b_3di_widehead,P11848,Sinapis alba,propeptides,true,9,False
esmc6b_3di_widehead,A0ZZ15,Gossypium barbadense,propeptides,true,9,False
esmc6b_3di_widehead,B0Z4K6,Oenothera argillicola,propeptides,true,9,False
esmc6b_3di_widehead,A4QJR4,Olimarabidopsis pumila,propeptides,true,9,False
esmc6b_3di_widehead,A0A144LVM3,Echinus esculentus,propeptides,true,16,False
esmc6b_3di_widehead,A0A144LVM3,Echinus esculentus,propeptides,fp_pred,22,False
esmc6b_3di_widehead,A8Y7P5,Daboia siamensis,peptides,fp_pred,50,False
esmc6b_3di_widehead,A8Y7P5,Daboia siamensis,propeptides,true,6,False
esmc6b_3di_widehead,Q54LC0,Dictyostelium discoideum,propeptides,true,29,False
esmc6b_3di_widehead,Q54LC0,Dictyostelium discoideum,propeptides,fp_pred,22,False
esmc6b_3di_widehead,Q5BIV9,Homo sapiens,peptides,fp_pred,33,False
esmc6b_3di_widehead,Q5BIV9,Homo sapiens,propeptides,true,25,True
esmc6b_3di_widehead,Q5BIV9,Homo sapiens,propeptides,tp_pred,27,True
esmc6b_3di_widehead,I6S394,Scolopendra subspinipes,peptides,fp_pred,31,False
esmc6b_3di_widehead,I6S394,Scolopendra subspinipes,propeptides,true,22,True
esmc6b_3di_widehead,I6S394,Scolopendra subspinipes,propeptides,tp_pred,22,True
esmc6b_3di_widehead,P48143,Gallus gallus,peptides,true,27,True
esmc6b_3di_widehead,P48143,Gallus gallus,peptides,true,28,True
esmc6b_3di_widehead,P48143,Gallus gallus,peptides,tp_pred,28,True
esmc6b_3di_widehead,P48143,Gallus gallus,peptides,tp_pred,28,True
esmc6b_3di_widehead,P48143,Gallus gallus,propeptides,true,8,True
esmc6b_3di_widehead,P48143,Gallus gallus,propeptides,true,41,True
esmc6b_3di_widehead,P48143,Gallus gallus,propeptides,tp_pred,8,True
esmc6b_3di_widehead,P48143,Gallus gallus,propeptides,tp_pred,41,True
esmc6b_3di_widehead,P0C1V6,Methanopyrus kandleri,propeptides,true,15,False
esmc6b_3di_widehead,D2Y2Q1,Cyriopagopus hainanus,peptides,fp_pred,41,False
esmc6b_3di_widehead,D2Y2Q1,Cyriopagopus hainanus,propeptides,true,6,False
esmc6b_3di_widehead,Q0VGU4,Mus musculus,peptides,true,26,False
esmc6b_3di_widehead,Q0VGU4,Mus musculus,peptides,true,38,False
esmc6b_3di_widehead,Q0VGU4,Mus musculus,peptides,true,21,False
esmc6b_3di_widehead,A8W3A5,Cuscuta exaltata,propeptides,true,9,False
esmc6b_3di_widehead,O18494,Styela clava,peptides,true,31,True
esmc6b_3di_widehead,O18494,Styela clava,peptides,tp_pred,31,True
esmc6b_3di_widehead,O18494,Styela clava,propeptides,true,26,False
esmc6b_3di_widehead,P69929,Antheopsis maculata,peptides,true,27,True
esmc6b_3di_widehead,P69929,Antheopsis maculata,peptides,true,27,True
esmc6b_3di_widehead,P69929,Antheopsis maculata,peptides,true,27,True
esmc6b_3di_widehead,P69929,Antheopsis maculata,peptides,true,27,True
esmc6b_3di_widehead,P69929,Antheopsis maculata,peptides,true,27,True
esmc6b_3di_widehead,P69929,Antheopsis maculata,peptides,true,27,True
esmc6b_3di_widehead,P69929,Antheopsis maculata,peptides,tp_pred,27,True
esmc6b_3di_widehead,P69929,Antheopsis maculata,peptides,tp_pred,27,True
esmc6b_3di_widehead,P69929,Antheopsis maculata,peptides,tp_pred,27,True
esmc6b_3di_widehead,P69929,Antheopsis maculata,peptides,tp_pred,27,True
esmc6b_3di_widehead,P69929,Antheopsis maculata,peptides,tp_pred,27,True
esmc6b_3di_widehead,P69929,Antheopsis maculata,peptides,tp_pred,27,True
esmc6b_3di_widehead,P69929,Antheopsis maculata,propeptides,true,11,True
esmc6b_3di_widehead,P69929,Antheopsis maculata,propeptides,tp_pred,9,True
esmc6b_3di_widehead,B6DCZ2,Lycosa singoriensis,propeptides,true,6,True
esmc6b_3di_widehead,B6DCZ2,Lycosa singoriensis,propeptides,tp_pred,7,True
esmc6b_3di_widehead,P81335,Methanocaldococcus jannaschii,peptides,fp_pred,50,False
esmc6b_3di_widehead,P81335,Methanocaldococcus jannaschii,propeptides,true,17,False
esmc6b_3di_widehead,D2Y2G0,Cyriopagopus hainanus,peptides,fp_pred,41,False
esmc6b_3di_widehead,D2Y2G0,Cyriopagopus hainanus,propeptides,true,6,False
esmc6b_3di_widehead,Q5K0D1,Conus vexillum,peptides,true,32,True
esmc6b_3di_widehead,Q5K0D1,Conus vexillum,peptides,tp_pred,32,True
esmc6b_3di_widehead,Q5K0D1,Conus vexillum,propeptides,true,24,True
esmc6b_3di_widehead,Q5K0D1,Conus vexillum,propeptides,tp_pred,25,True
esmc6b_3di_widehead,Q3YEF1,Conus marmoreus,peptides,true,33,True
esmc6b_3di_widehead,Q3YEF1,Conus marmoreus,peptides,tp_pred,33,True
esmc6b_3di_widehead,Q3YEF1,Conus marmoreus,propeptides,true,32,True
esmc6b_3di_widehead,Q3YEF1,Conus marmoreus,propeptides,tp_pred,32,True
esmc6b_3di_widehead,Q08761,Mus musculus,propeptides,true,17,True
esmc6b_3di_widehead,Q08761,Mus musculus,propeptides,tp_pred,17,True
esmc6b_3di_widehead,O09164,Mus musculus,propeptides,true,9,False
esmc6b_3di_widehead,P0DKM3,Lophiotoma olangoensis,propeptides,true,25,True
esmc6b_3di_widehead,P0DKM3,Lophiotoma olangoensis,propeptides,tp_pred,26,True
esmc6b_3di_widehead,Q43007,Oryza sativa subsp. japonica,propeptides,true,46,False
esmc6b_3di_widehead,Q62923,Rattus norvegicus,peptides,true,35,False
esmc6b_3di_widehead,Q62923,Rattus norvegicus,peptides,true,17,True
esmc6b_3di_widehead,Q62923,Rattus norvegicus,peptides,true,17,True
esmc6b_3di_widehead,Q62923,Rattus norvegicus,peptides,tp_pred,17,True
esmc6b_3di_widehead,Q62923,Rattus norvegicus,peptides,tp_pred,17,True
esmc6b_3di_widehead,Q62923,Rattus norvegicus,propeptides,true,8,True
esmc6b_3di_widehead,Q62923,Rattus norvegicus,propeptides,fp_pred,24,False
esmc6b_3di_widehead,Q62923,Rattus norvegicus,propeptides,tp_pred,8,True
esmc6b_3di_widehead,Q9W1V6,Drosophila melanogaster,propeptides,true,48,False
esmc6b_3di_widehead,P68577,Bacillus subtilis,peptides,true,37,False
esmc6b_3di_widehead,P68577,Bacillus subtilis,propeptides,true,19,True
esmc6b_3di_widehead,P68577,Bacillus subtilis,propeptides,tp_pred,19,True
esmc6b_3di_widehead,Q924B5,Rattus norvegicus,propeptides,true,26,False
esmc6b_3di_widehead,Q924B5,Rattus norvegicus,propeptides,fp_pred,31,False
esmc6b_3di_widehead,B6DCX2,Lycosa singoriensis,propeptides,true,6,True
esmc6b_3di_widehead,B6DCX2,Lycosa singoriensis,propeptides,tp_pred,6,True
esmc6b_3di_widehead,B6DCX5,Lycosa singoriensis,propeptides,true,6,True
esmc6b_3di_widehead,B6DCX5,Lycosa singoriensis,propeptides,tp_pred,6,True
esmc6b_3di_widehead,B6DD04,Lycosa singoriensis,propeptides,true,6,True
esmc6b_3di_widehead,B6DD04,Lycosa singoriensis,propeptides,tp_pred,7,True
esmc6b_3di_widehead,A0A6M3Z4E7,Tetramorium bicarinatum,peptides,true,10,False
esmc6b_3di_widehead,A0A6M3Z4E7,Tetramorium bicarinatum,propeptides,fp_pred,13,False
esmc6b_3di_widehead,D2Y2Q5,Cyriopagopus hainanus,peptides,fp_pred,41,False
esmc6b_3di_widehead,D2Y2Q5,Cyriopagopus hainanus,propeptides,true,6,False
esmc6b_3di_widehead,Q86SC0,Oryctes rhinoceros,peptides,true,38,False
esmc6b_3di_widehead,Q86SC0,Oryctes rhinoceros,propeptides,fp_pred,42,False
esmc6b_3di_widehead,P69193,Plasmodium falciparum,propeptides,true,44,False
esmc6b_3di_widehead,B3FIV1,Brachypelma smithi,propeptides,true,35,True
esmc6b_3di_widehead,B3FIV1,Brachypelma smithi,propeptides,tp_pred,33,True
esmc6b_3di_widehead,I0DEB3,Vaejovis mexicanus smithi,peptides,true,13,True
esmc6b_3di_widehead,I0DEB3,Vaejovis mexicanus smithi,peptides,tp_pred,13,True
esmc6b_3di_widehead,I0DEB3,Vaejovis mexicanus smithi,propeptides,true,29,True
esmc6b_3di_widehead,I0DEB3,Vaejovis mexicanus smithi,propeptides,tp_pred,29,True
esmc6b_3di_widehead,Q9U659,Conus pennaceus,peptides,true,26,True
esmc6b_3di_widehead,Q9U659,Conus pennaceus,peptides,tp_pred,26,True
esmc6b_3di_widehead,Q9U659,Conus pennaceus,propeptides,true,27,True
esmc6b_3di_widehead,Q9U659,Conus pennaceus,propeptides,tp_pred,27,True
esmc6b_3di_widehead,Q9BP83,Conus arenatus,peptides,true,30,True
esmc6b_3di_widehead,Q9BP83,Conus arenatus,peptides,tp_pred,30,True
esmc6b_3di_widehead,Q9BP83,Conus arenatus,propeptides,true,29,True
esmc6b_3di_widehead,Q9BP83,Conus arenatus,propeptides,tp_pred,29,True
esmc6b_3di_widehead,P07225,Homo sapiens,propeptides,true,17,True
esmc6b_3di_widehead,P07225,Homo sapiens,propeptides,tp_pred,17,True
esmc6b_3di_widehead,B6DCZ0,Lycosa singoriensis,propeptides,true,6,True
esmc6b_3di_widehead,B6DCZ0,Lycosa singoriensis,propeptides,tp_pred,7,True
esmc6b_3di_widehead,B6DCZ7,Lycosa singoriensis,propeptides,true,6,True
esmc6b_3di_widehead,B6DCZ7,Lycosa singoriensis,propeptides,tp_pred,7,True
esmc6b_3di_widehead,D2Y2G2,Cyriopagopus hainanus,peptides,fp_pred,41,False
esmc6b_3di_widehead,D2Y2G2,Cyriopagopus hainanus,propeptides,true,6,True
esmc6b_3di_widehead,D2Y2G2,Cyriopagopus hainanus,propeptides,tp_pred,6,True
esmc6b_3di_widehead,P0DN09,Anemonia viridis,propeptides,true,7,True
esmc6b_3di_widehead,P0DN09,Anemonia viridis,propeptides,tp_pred,7,True
esmc6b_3di_widehead,P39045,Actinomadura sp.,propeptides,true,23,False
esmc6b_3di_widehead,P39045,Actinomadura sp.,propeptides,fp_pred,13,False
esmc6b_3di_widehead,P49127,Calliactis parasitica,peptides,fp_pred,46,False
esmc6b_3di_widehead,P49127,Calliactis parasitica,propeptides,true,11,True
esmc6b_3di_widehead,P49127,Calliactis parasitica,propeptides,tp_pred,11,True
esmc6b_3di_widehead,O44662,Caenorhabditis elegans,peptides,true,7,False
esmc6b_3di_widehead,O44662,Caenorhabditis elegans,peptides,true,8,False
esmc6b_3di_widehead,O44662,Caenorhabditis elegans,peptides,true,8,False
esmc6b_3di_widehead,O44662,Caenorhabditis elegans,peptides,true,5,False
esmc6b_3di_widehead,O44662,Caenorhabditis elegans,peptides,true,6,False
esmc6b_3di_widehead,O44662,Caenorhabditis elegans,peptides,true,7,False
esmc6b_3di_widehead,Q9UK23,Homo sapiens,propeptides,true,24,False
esmc6b_3di_widehead,Q6JQN2,Mesobuthus martensii,peptides,true,13,True
esmc6b_3di_widehead,Q6JQN2,Mesobuthus martensii,peptides,tp_pred,13,True
esmc6b_3di_widehead,Q6JQN2,Mesobuthus martensii,propeptides,true,31,True
esmc6b_3di_widehead,Q6JQN2,Mesobuthus martensii,propeptides,tp_pred,31,True
esmc6b_3di_widehead,P0CY61,Conus bullatus,peptides,true,37,True
esmc6b_3di_widehead,P0CY61,Conus bullatus,peptides,tp_pred,37,True
esmc6b_3di_widehead,P0CY61,Conus bullatus,propeptides,true,22,True
esmc6b_3di_widehead,P0CY61,Conus bullatus,propeptides,tp_pred,22,True
esmc6b_3di_widehead,Q2I2R1,Conus litteratus,peptides,true,37,True
esmc6b_3di_widehead,Q2I2R1,Conus litteratus,peptides,tp_pred,38,True
esmc6b_3di_widehead,Q2I2R1,Conus litteratus,propeptides,true,28,True
esmc6b_3di_widehead,Q2I2R1,Conus litteratus,propeptides,tp_pred,27,True
esmc6b_3di_widehead,O82549,Brassica oleracea var. capitata,propeptides,true,36,False
esmc6b_3di_widehead,Q28376,Equus caballus,propeptides,true,6,False
esmc6b_3di_widehead,P21752,Bos taurus,peptides,true,39,True
esmc6b_3di_widehead,P21752,Bos taurus,peptides,tp_pred,41,True
esmc6b_3di_widehead,Q0G9N9,Liriodendron tulipifera,propeptides,true,9,False
esmc6b_3di_widehead,P69562,Nicotiana plumbaginifolia,propeptides,true,9,False
esmc6b_3di_widehead,Q3C1G3,Nicotiana sylvestris,propeptides,true,9,False
esmc6b_3di_widehead,B0Z524,Oenothera glazioviana,propeptides,true,9,False
esmc6b_3di_widehead,P0DJI8,Homo sapiens,propeptides,true,28,False
esmc6b_3di_widehead,P19708,Canis lupus familiaris,propeptides,true,18,False
esmc6b_3di_widehead,P19707,Felis catus,propeptides,true,18,False
esmc6b_3di_widehead,B6DD09,Lycosa singoriensis,peptides,fp_pred,39,False
esmc6b_3di_widehead,B6DD09,Lycosa singoriensis,propeptides,true,6,True
esmc6b_3di_widehead,B6DD09,Lycosa singoriensis,propeptides,tp_pred,6,True
esmc6b_3di_widehead,P38616,Saccharomyces cerevisiae,propeptides,true,18,False
esmc6b_3di_widehead,P36060,Saccharomyces cerevisiae,propeptides,true,41,True
esmc6b_3di_widehead,P36060,Saccharomyces cerevisiae,propeptides,tp_pred,41,True
esmc6b_3di_widehead,M9PQ91,Conus betulinus,peptides,true,27,True
esmc6b_3di_widehead,M9PQ91,Conus betulinus,peptides,tp_pred,27,True
esmc6b_3di_widehead,M9PQ91,Conus betulinus,propeptides,true,35,True
esmc6b_3di_widehead,M9PQ91,Conus betulinus,propeptides,tp_pred,33,True
esmc6b_3di_widehead,P01222,Homo sapiens,propeptides,true,6,False
esmc6b_3di_widehead,P0DJ78,Cyriopagopus schmidti,peptides,fp_pred,41,False
esmc6b_3di_widehead,P0DJ78,Cyriopagopus schmidti,propeptides,true,6,True
esmc6b_3di_widehead,P0DJ78,Cyriopagopus schmidti,propeptides,tp_pred,6,True
esmc6b_3di_widehead,P69760,Conus victoriae,peptides,true,25,True
esmc6b_3di_widehead,P69760,Conus victoriae,peptides,tp_pred,25,True
esmc6b_3di_widehead,P69760,Conus victoriae,propeptides,true,28,True
esmc6b_3di_widehead,P69760,Conus victoriae,propeptides,tp_pred,29,True
esmc6b_3di_widehead,Q5K0C7,Conus virgo,peptides,true,32,True
esmc6b_3di_widehead,Q5K0C7,Conus virgo,peptides,tp_pred,32,True
esmc6b_3di_widehead,Q5K0C7,Conus virgo,propeptides,true,25,True
esmc6b_3di_widehead,Q5K0C7,Conus virgo,propeptides,tp_pred,25,True
esmc6b_3di_widehead,P0C902,Conus leopardus,peptides,true,28,True
esmc6b_3di_widehead,P0C902,Conus leopardus,peptides,tp_pred,28,True
esmc6b_3di_widehead,P0C902,Conus leopardus,propeptides,true,29,True
esmc6b_3di_widehead,P0C902,Conus leopardus,propeptides,tp_pred,29,True
esmc6b_3di_widehead,A0A3G3C7U7,Conus amadis,peptides,true,31,True
esmc6b_3di_widehead,A0A3G3C7U7,Conus amadis,peptides,tp_pred,31,True
esmc6b_3di_widehead,A0A3G3C7U7,Conus amadis,propeptides,true,34,True
esmc6b_3di_widehead,A0A3G3C7U7,Conus amadis,propeptides,tp_pred,34,True
esmc6b_3di_widehead,Q86RA3,Conus vexillum,peptides,true,27,True
esmc6b_3di_widehead,Q86RA3,Conus vexillum,peptides,tp_pred,27,True
esmc6b_3di_widehead,Q86RA3,Conus vexillum,propeptides,true,25,True
esmc6b_3di_widehead,Q86RA3,Conus vexillum,propeptides,tp_pred,23,True
esmc6b_3di_widehead,Q13519,Homo sapiens,peptides,true,30,False
esmc6b_3di_widehead,Q13519,Homo sapiens,peptides,true,17,True
esmc6b_3di_widehead,Q13519,Homo sapiens,peptides,true,17,True
esmc6b_3di_widehead,Q13519,Homo sapiens,peptides,tp_pred,17,True
esmc6b_3di_widehead,Q13519,Homo sapiens,peptides,tp_pred,17,True
esmc6b_3di_widehead,Q13519,Homo sapiens,propeptides,true,8,True
esmc6b_3di_widehead,Q13519,Homo sapiens,propeptides,tp_pred,8,True
esmc6b_3di_widehead,B6DD00,Lycosa singoriensis,propeptides,true,6,True
esmc6b_3di_widehead,B6DD00,Lycosa singoriensis,propeptides,tp_pred,7,True
esmc6b_3di_widehead,I6RA71,Scolopendra subspinipes,peptides,fp_pred,31,False
esmc6b_3di_widehead,I6RA71,Scolopendra subspinipes,propeptides,true,22,True
esmc6b_3di_widehead,I6RA71,Scolopendra subspinipes,propeptides,tp_pred,22,True
esmc6b_3di_widehead,Q54QR2,Dictyostelium discoideum,propeptides,true,34,True
esmc6b_3di_widehead,Q54QR2,Dictyostelium discoideum,propeptides,tp_pred,34,True
esmc6b_3di_widehead,Q09841,Schizosaccharomyces pombe,propeptides,true,35,True
esmc6b_3di_widehead,Q09841,Schizosaccharomyces pombe,propeptides,tp_pred,35,True
esmc6b_3di_widehead,D2Y2C2,Cyriopagopus hainanus,peptides,fp_pred,41,False
esmc6b_3di_widehead,D2Y2C2,Cyriopagopus hainanus,propeptides,true,6,False
esmc6b_3di_widehead,P02956,Amaranthus hybridus,propeptides,true,9,False
esmc6b_3di_widehead,P23317,Trichormus variabilis,propeptides,true,8,True
esmc6b_3di_widehead,P23317,Trichormus variabilis,propeptides,tp_pred,8,True
esmc6b_3di_widehead,P83755,Arabidopsis thaliana,propeptides,true,9,False
esmc6b_3di_widehead,Q1JPW9,Danio rerio,peptides,fp_pred,25,False
esmc6b_3di_widehead,Q1JPW9,Danio rerio,propeptides,true,25,True
esmc6b_3di_widehead,Q1JPW9,Danio rerio,propeptides,tp_pred,27,True
esmc6b_3di_widehead,Q64387,Mus musculus,peptides,true,41,False
esmc6b_3di_widehead,Q64387,Mus musculus,peptides,true,17,True
esmc6b_3di_widehead,Q64387,Mus musculus,peptides,true,17,True
esmc6b_3di_widehead,Q64387,Mus musculus,peptides,tp_pred,17,True
esmc6b_3di_widehead,Q64387,Mus musculus,peptides,tp_pred,17,True
esmc6b_3di_widehead,Q64387,Mus musculus,propeptides,true,8,False
esmc6b_3di_widehead,R4ZCU1,Urticina grebelnyi,peptides,true,29,True
esmc6b_3di_widehead,R4ZCU1,Urticina grebelnyi,peptides,true,29,True
esmc6b_3di_widehead,R4ZCU1,Urticina grebelnyi,peptides,true,29,True
esmc6b_3di_widehead,R4ZCU1,Urticina grebelnyi,peptides,true,29,True
esmc6b_3di_widehead,R4ZCU1,Urticina grebelnyi,peptides,tp_pred,31,True
esmc6b_3di_widehead,R4ZCU1,Urticina grebelnyi,peptides,tp_pred,29,True
esmc6b_3di_widehead,R4ZCU1,Urticina grebelnyi,peptides,tp_pred,29,True
esmc6b_3di_widehead,R4ZCU1,Urticina grebelnyi,peptides,tp_pred,30,True
esmc6b_3di_widehead,Q9NFP1,Drosophila melanogaster,propeptides,true,27,True
esmc6b_3di_widehead,Q9NFP1,Drosophila melanogaster,propeptides,tp_pred,26,True
esmc6b_3di_widehead,P0DN13,Anemonia viridis,propeptides,true,7,True
esmc6b_3di_widehead,P0DN13,Anemonia viridis,propeptides,tp_pred,7,True
esmc6b_3di_widehead,D2Y2Q8,Cyriopagopus hainanus,peptides,fp_pred,41,False
esmc6b_3di_widehead,D2Y2Q8,Cyriopagopus hainanus,propeptides,true,6,False
esmc6b_3di_widehead,D2Y2F8,Cyriopagopus hainanus,peptides,fp_pred,41,False
esmc6b_3di_widehead,D2Y2F8,Cyriopagopus hainanus,propeptides,true,6,False
esmc6b_3di_widehead,B3EWG0,Penaeus monodon,peptides,true,8,True
esmc6b_3di_widehead,B3EWG0,Penaeus monodon,peptides,tp_pred,8,True
esmc6b_3di_widehead,D5KXG5,Gemmula speciosa,peptides,true,35,False
esmc6b_3di_widehead,D5KXG5,Gemmula speciosa,peptides,fp_pred,27,False
esmc6b_3di_widehead,D5KXG5,Gemmula speciosa,propeptides,true,14,False
esmc6b_3di_widehead,D5KXG5,Gemmula speciosa,propeptides,fp_pred,24,False
esmc6b_3di_widehead,D5KXG5,Gemmula speciosa,propeptides,fp_pred,5,False
esmc6b_3di_widehead,P0CB10,Conus ammiralis,peptides,true,26,True
esmc6b_3di_widehead,P0CB10,Conus ammiralis,peptides,tp_pred,26,True
esmc6b_3di_widehead,P0CB10,Conus ammiralis,propeptides,true,28,True
esmc6b_3di_widehead,P0CB10,Conus ammiralis,propeptides,tp_pred,27,True
esmc6b_3di_widehead,Q5K0C1,Conus imperialis,peptides,true,27,True
esmc6b_3di_widehead,Q5K0C1,Conus imperialis,peptides,tp_pred,27,True
esmc6b_3di_widehead,Q5K0C1,Conus imperialis,propeptides,true,27,True
esmc6b_3di_widehead,Q5K0C1,Conus imperialis,propeptides,tp_pred,27,True
esmc6b_3di_widehead,D2Y496,Californiconus californicus,peptides,true,27,True
esmc6b_3di_widehead,D2Y496,Californiconus californicus,peptides,tp_pred,27,True
esmc6b_3di_widehead,D2Y496,Californiconus californicus,propeptides,true,46,True
esmc6b_3di_widehead,D2Y496,Californiconus californicus,propeptides,tp_pred,46,True
esmc6b_3di_widehead,P0CY63,Conus bullatus,peptides,true,29,True
esmc6b_3di_widehead,P0CY63,Conus bullatus,peptides,tp_pred,29,True
esmc6b_3di_widehead,P0CY63,Conus bullatus,propeptides,true,23,True
esmc6b_3di_widehead,P0CY63,Conus bullatus,propeptides,tp_pred,23,True
esmc6b_3di_widehead,Q66TN7,Rhinella arenarum,propeptides,true,28,True
esmc6b_3di_widehead,Q66TN7,Rhinella arenarum,propeptides,tp_pred,28,True
esmc6b_3di_widehead,P79953,Xenopus laevis,propeptides,true,26,True
esmc6b_3di_widehead,P79953,Xenopus laevis,propeptides,tp_pred,26,True
esmc6b_3di_widehead,Q90WD8,Bufo japonicus,propeptides,true,28,True
esmc6b_3di_widehead,Q90WD8,Bufo japonicus,propeptides,tp_pred,28,True
esmc6b_3di_widehead,P18509,Homo sapiens,peptides,true,48,False
esmc6b_3di_widehead,P18509,Homo sapiens,peptides,true,38,True
esmc6b_3di_widehead,P18509,Homo sapiens,peptides,tp_pred,27,True
esmc6b_3di_widehead,O08675,Mus musculus,propeptides,true,18,False
esmc6b_3di_widehead,Q920E1,Rattus norvegicus,propeptides,true,16,False
esmc6b_3di_widehead,Q920E0,Rattus norvegicus,propeptides,true,42,False
esmc6b_3di_widehead,A0A1D3IXR7,Tityus obscurus,peptides,true,17,True
esmc6b_3di_widehead,A0A1D3IXR7,Tityus obscurus,peptides,tp_pred,17,True
esmc6b_3di_widehead,A0A1D3IXR7,Tityus obscurus,propeptides,true,35,False
esmc6b_3di_widehead,A0A1D3IXR7,Tityus obscurus,propeptides,fp_pred,30,False
esmc6b_3di_widehead,S0F215,Hadronyche infensa,peptides,fp_pred,36,False
esmc6b_3di_widehead,S0F215,Hadronyche infensa,propeptides,true,18,True
esmc6b_3di_widehead,S0F215,Hadronyche infensa,propeptides,tp_pred,18,True
esmc6b_3di_widehead,P83548,Drosophila melanogaster,propeptides,true,25,True
esmc6b_3di_widehead,P83548,Drosophila melanogaster,propeptides,tp_pred,24,True
esmc6b_3di_widehead,P0DQA5,Scolopendra dehaani,propeptides,true,16,True
esmc6b_3di_widehead,P0DQA5,Scolopendra dehaani,propeptides,tp_pred,14,True
esmc6b_3di_widehead,P0DPU4,Scolopendra dehaani,propeptides,true,11,False
esmc6b_3di_widehead,P0DJ68,Cyriopagopus hainanus,peptides,fp_pred,41,False
esmc6b_3di_widehead,P0DJ68,Cyriopagopus hainanus,propeptides,true,6,True
esmc6b_3di_widehead,P0DJ68,Cyriopagopus hainanus,propeptides,tp_pred,6,True
esmc6b_3di_widehead,B6DCY4,Lycosa singoriensis,propeptides,true,6,True
esmc6b_3di_widehead,B6DCY4,Lycosa singoriensis,propeptides,tp_pred,6,True
esmc6b_3di_widehead,P0DMD8,Loxosceles intermedia,peptides,fp_pred,50,False
esmc6b_3di_widehead,P0DMD8,Loxosceles intermedia,propeptides,true,13,True
esmc6b_3di_widehead,P0DMD8,Loxosceles intermedia,propeptides,tp_pred,13,True
esmc6b_3di_widehead,O76201,Phoneutria nigriventer,peptides,fp_pred,43,False
esmc6b_3di_widehead,O76201,Phoneutria nigriventer,propeptides,true,16,True
esmc6b_3di_widehead,O76201,Phoneutria nigriventer,propeptides,true,11,False
esmc6b_3di_widehead,O76201,Phoneutria nigriventer,propeptides,tp_pred,16,True
esmc6b_3di_widehead,P0DKN1,Lophiotoma olangoensis,propeptides,true,17,False
esmc6b_3di_widehead,Q29100,Sus scrofa,propeptides,true,9,False
esmc6b_3di_widehead,P0DN10,Anemonia viridis,propeptides,true,7,True
esmc6b_3di_widehead,P0DN10,Anemonia viridis,propeptides,tp_pred,7,True
esmc6b_3di_widehead,P00991,Vipera ammodytes ammodytes,peptides,fp_pred,41,False
esmc6b_3di_widehead,P00991,Vipera ammodytes ammodytes,propeptides,true,5,False
esmc6b_3di_widehead,P0DJ82,Cyriopagopus schmidti,peptides,fp_pred,41,False
esmc6b_3di_widehead,P0DJ82,Cyriopagopus schmidti,propeptides,true,6,False
esmc6b_3di_widehead,Q54LB9,Dictyostelium discoideum,propeptides,true,29,False
esmc6b_3di_widehead,Q54LB9,Dictyostelium discoideum,propeptides,fp_pred,22,False
esmc6b_3di_widehead,P0DJ64,Cyriopagopus hainanus,peptides,fp_pred,41,False
esmc6b_3di_widehead,P0DJ64,Cyriopagopus hainanus,propeptides,true,6,True
esmc6b_3di_widehead,P0DJ64,Cyriopagopus hainanus,propeptides,tp_pred,6,True
esmc6b_3di_widehead,B6DD10,Lycosa singoriensis,peptides,fp_pred,50,False
esmc6b_3di_widehead,B6DD10,Lycosa singoriensis,propeptides,true,6,True
esmc6b_3di_widehead,B6DD10,Lycosa singoriensis,propeptides,tp_pred,6,True
esmc6b_3di_widehead,P12656,Mus musculus,propeptides,true,6,False
esmc6b_3di_widehead,D1MEJ2,Eumenes pomiformis,peptides,true,14,True
esmc6b_3di_widehead,D1MEJ2,Eumenes pomiformis,peptides,tp_pred,12,True
esmc6b_3di_widehead,D1MEJ2,Eumenes pomiformis,propeptides,true,16,True
esmc6b_3di_widehead,D1MEJ2,Eumenes pomiformis,propeptides,tp_pred,16,True
esmc6b_3di_widehead,P0DN08,Anemonia viridis,propeptides,true,7,True
esmc6b_3di_widehead,P0DN08,Anemonia viridis,propeptides,tp_pred,7,True
esmc6b_3di_widehead,D2Y2F3,Cyriopagopus hainanus,peptides,fp_pred,41,False
esmc6b_3di_widehead,D2Y2F3,Cyriopagopus hainanus,propeptides,true,6,True
esmc6b_3di_widehead,D2Y2F3,Cyriopagopus hainanus,propeptides,tp_pred,6,True
esmc6b_3di_widehead,P0DQA3,Scolopendra dehaani,propeptides,true,9,True
esmc6b_3di_widehead,P0DQA3,Scolopendra dehaani,propeptides,tp_pred,7,True
esmc6b_3di_widehead,P45644,Meleagris gallopavo,peptides,true,27,True
esmc6b_3di_widehead,P45644,Meleagris gallopavo,peptides,true,28,True
esmc6b_3di_widehead,P45644,Meleagris gallopavo,peptides,tp_pred,28,True
esmc6b_3di_widehead,P45644,Meleagris gallopavo,peptides,tp_pred,28,True
esmc6b_3di_widehead,P45644,Meleagris gallopavo,propeptides,true,8,True
esmc6b_3di_widehead,P45644,Meleagris gallopavo,propeptides,true,41,True
esmc6b_3di_widehead,P45644,Meleagris gallopavo,propeptides,tp_pred,8,True
esmc6b_3di_widehead,P45644,Meleagris gallopavo,propeptides,tp_pred,41,True
esmc6b_3di_widehead,P0DJ65,Cyriopagopus hainanus,peptides,fp_pred,41,False
esmc6b_3di_widehead,P0DJ65,Cyriopagopus hainanus,propeptides,true,6,True
esmc6b_3di_widehead,P0DJ65,Cyriopagopus hainanus,propeptides,tp_pred,6,True
esmc6b_3di_widehead,P0DMZ9,Anemonia viridis,peptides,true,29,True
esmc6b_3di_widehead,P0DMZ9,Anemonia viridis,peptides,true,29,True
esmc6b_3di_widehead,P0DMZ9,Anemonia viridis,peptides,true,29,True
esmc6b_3di_widehead,P0DMZ9,Anemonia viridis,peptides,true,29,True
esmc6b_3di_widehead,P0DMZ9,Anemonia viridis,peptides,tp_pred,29,True
esmc6b_3di_widehead,P0DMZ9,Anemonia viridis,peptides,tp_pred,29,True
esmc6b_3di_widehead,P0DMZ9,Anemonia viridis,peptides,tp_pred,29,True
esmc6b_3di_widehead,P0DMZ9,Anemonia viridis,peptides,tp_pred,29,True
esmc6b_3di_widehead,P0DMZ9,Anemonia viridis,propeptides,true,8,True
esmc6b_3di_widehead,P0DMZ9,Anemonia viridis,propeptides,tp_pred,6,True
esmc6b_3di_widehead,B6DCX6,Lycosa singoriensis,propeptides,true,6,True
esmc6b_3di_widehead,B6DCX6,Lycosa singoriensis,propeptides,tp_pred,6,True
esmc6b_3di_widehead,P86435,Bos taurus,peptides,true,25,False
esmc6b_3di_widehead,P86435,Bos taurus,peptides,true,38,False
esmc6b_3di_widehead,P86435,Bos taurus,peptides,true,30,False
esmc6b_3di_widehead,B6DD57,Lycosa singoriensis,peptides,fp_pred,46,False
esmc6b_3di_widehead,B6DD57,Lycosa singoriensis,propeptides,true,12,True
esmc6b_3di_widehead,B6DD57,Lycosa singoriensis,propeptides,tp_pred,12,True
esmc6b_3di_widehead,P0DJ71,Cyriopagopus hainanus,peptides,fp_pred,40,False
esmc6b_3di_widehead,P0DJ71,Cyriopagopus hainanus,propeptides,true,6,True
esmc6b_3di_widehead,P0DJ71,Cyriopagopus hainanus,propeptides,tp_pred,6,True
esmc6b_3di_widehead,P0DL38,Plectreurys tristis,peptides,fp_pred,40,False
esmc6b_3di_widehead,P0DL38,Plectreurys tristis,propeptides,true,14,True
esmc6b_3di_widehead,P0DL38,Plectreurys tristis,propeptides,tp_pred,14,True
esmc6b_3di_widehead,P0DJ77,Cyriopagopus schmidti,peptides,fp_pred,41,False
esmc6b_3di_widehead,P0DJ77,Cyriopagopus schmidti,propeptides,true,6,False
esmc6b_3di_widehead,P0DKL8,Vipera renardi,propeptides,true,5,False
esmc6b_3di_widehead,Q54LC2,Dictyostelium discoideum,propeptides,true,29,False
esmc6b_3di_widehead,Q54LC2,Dictyostelium discoideum,propeptides,fp_pred,22,False
esmc6b_3di_widehead,Q5Y4V9,Agelena orientalis,propeptides,true,20,False
esmc6b_3di_widehead,Q2QDA8,Cucumis sativus,propeptides,true,9,False
esmc6b_3di_widehead,A1XQU1,Sus scrofa,propeptides,true,43,True
esmc6b_3di_widehead,A1XQU1,Sus scrofa,propeptides,tp_pred,42,True
esmc6b_3di_widehead,A1XQU1,Sus scrofa,propeptides,fp_pred,39,False
esmc6b_3di_widehead,Q06H17,Drimys granadensis,propeptides,true,9,False
esmc6b_3di_widehead,B0Z5A8,Oenothera parviflora,propeptides,true,9,False
esmc6b_3di_widehead,P0DJ75,Cyriopagopus schmidti,peptides,fp_pred,41,False
esmc6b_3di_widehead,P0DJ75,Cyriopagopus schmidti,propeptides,true,6,True
esmc6b_3di_widehead,P0DJ75,Cyriopagopus schmidti,propeptides,tp_pred,6,True
esmc6b_3di_widehead,P04999,Petunia hybrida,propeptides,true,9,False
esmc6b_3di_widehead,P0ACE0,Escherichia coli,propeptides,true,15,False
esmc6b_3di_widehead,Q9SUV6,Arabidopsis thaliana,propeptides,true,22,True
esmc6b_3di_widehead,Q9SUV6,Arabidopsis thaliana,propeptides,fp_pred,18,False
esmc6b_3di_widehead,Q9SUV6,Arabidopsis thaliana,propeptides,tp_pred,22,True
esmc6b_3di_widehead,Q06RF1,Jasminum nudiflorum,propeptides,true,9,False
esmc6b_3di_widehead,Q2MIK7,Solanum bulbocastanum,propeptides,true,9,False
esmc6b_3di_widehead,Q7FNT3,Atropa belladonna,propeptides,true,9,False
esmc6b_3di_widehead,A4QJ96,Aethionema cordifolium,propeptides,true,9,False
esmc6b_3di_widehead,B1A915,Carica papaya,propeptides,true,9,False
esmc6b_3di_widehead,P69556,Nicotiana tabacum,propeptides,true,9,False
esmc6b_3di_widehead,Q0G9Y2,Daucus carota,propeptides,true,9,False
esmc6b_3di_widehead,Q33C59,Nicotiana tomentosiformis,propeptides,true,9,False
esmc6b_3di_widehead,A7Y395,Ipomoea purpurea,propeptides,true,9,False
esmc6b_3di_widehead,P0DV32,Acanthoscurria paulensis,propeptides,true,35,True
esmc6b_3di_widehead,P0DV32,Acanthoscurria paulensis,propeptides,tp_pred,35,True
esmc6b_3di_widehead,P0DUT2,Doratifera vulnerans,peptides,true,31,True
esmc6b_3di_widehead,P0DUT2,Doratifera vulnerans,peptides,true,31,True
esmc6b_3di_widehead,P0DUT2,Doratifera vulnerans,peptides,true,31,True
esmc6b_3di_widehead,P0DUT2,Doratifera vulnerans,peptides,tp_pred,31,True
esmc6b_3di_widehead,P0DUT2,Doratifera vulnerans,peptides,tp_pred,31,True
esmc6b_3di_widehead,P0DUT2,Doratifera vulnerans,peptides,tp_pred,31,True
esmc6b_3di_widehead,P0DUT2,Doratifera vulnerans,propeptides,true,8,True
esmc6b_3di_widehead,P0DUT2,Doratifera vulnerans,propeptides,true,15,False
esmc6b_3di_widehead,P0DUT2,Doratifera vulnerans,propeptides,true,15,False
esmc6b_3di_widehead,P0DUT2,Doratifera vulnerans,propeptides,tp_pred,6,True
esmc6b_3di_widehead,P0DUT2,Doratifera vulnerans,propeptides,fp_pred,8,False
esmc6b_3di_widehead,P0DUT2,Doratifera vulnerans,propeptides,fp_pred,8,False
esmc6b_3di_widehead,Q9V521,Drosophila melanogaster,propeptides,true,50,False
esmc6b_3di_widehead,B6DCY5,Lycosa singoriensis,propeptides,true,6,True
esmc6b_3di_widehead,B6DCY5,Lycosa singoriensis,propeptides,tp_pred,7,True
esmc6b_3di_widehead,B6DD08,Lycosa singoriensis,peptides,fp_pred,50,False
esmc6b_3di_widehead,B6DD08,Lycosa singoriensis,propeptides,true,6,True
esmc6b_3di_widehead,B6DD08,Lycosa singoriensis,propeptides,tp_pred,6,True
esmc6b_3di_widehead,B6DCZ1,Lycosa singoriensis,propeptides,true,6,True
esmc6b_3di_widehead,B6DCZ1,Lycosa singoriensis,propeptides,tp_pred,6,True
esmc6b_3di_widehead,B6DCZ6,Lycosa singoriensis,propeptides,true,6,True
esmc6b_3di_widehead,B6DCZ6,Lycosa singoriensis,propeptides,tp_pred,5,True
esmc6b_3di_widehead,P0DN18,Anemonia viridis,propeptides,true,7,True
esmc6b_3di_widehead,P0DN18,Anemonia viridis,propeptides,tp_pred,7,True
esmc6b_3di_widehead,P69561,Nicotiana debneyi,propeptides,true,9,False
esmc6b_3di_widehead,Q7TQN2,Cricetulus griseus,propeptides,true,27,True
esmc6b_3di_widehead,Q7TQN2,Cricetulus griseus,propeptides,tp_pred,27,True
esmc6b_3di_widehead,P30558,Mus musculus,propeptides,true,20,False
esmc6b_3di_widehead,Q00991,Cricetulus longicaudatus,propeptides,true,20,False
esmc6b_3di_widehead,P0DKM2,Lophiotoma olangoensis,propeptides,true,11,False
esmc6b_3di_widehead,P0DKM2,Lophiotoma olangoensis,propeptides,fp_pred,49,False
esmc6b_3di_widehead,P0DMZ8,Anemonia viridis,peptides,true,29,True
esmc6b_3di_widehead,P0DMZ8,Anemonia viridis,peptides,true,29,True
esmc6b_3di_widehead,P0DMZ8,Anemonia viridis,peptides,true,29,True
esmc6b_3di_widehead,P0DMZ8,Anemonia viridis,peptides,true,29,True
esmc6b_3di_widehead,P0DMZ8,Anemonia viridis,peptides,tp_pred,29,True
esmc6b_3di_widehead,P0DMZ8,Anemonia viridis,peptides,tp_pred,29,True
esmc6b_3di_widehead,P0DMZ8,Anemonia viridis,peptides,tp_pred,29,True
esmc6b_3di_widehead,P0DMZ8,Anemonia viridis,peptides,tp_pred,29,True
esmc6b_3di_widehead,P0DMZ8,Anemonia viridis,propeptides,true,8,True
esmc6b_3di_widehead,P0DMZ8,Anemonia viridis,propeptides,tp_pred,6,True
esmc6b_3di_widehead,B6DCY7,Lycosa singoriensis,propeptides,true,6,True
esmc6b_3di_widehead,B6DCY7,Lycosa singoriensis,propeptides,tp_pred,5,True
esmc6b_3di_widehead,P0DUC0,Tliltocatl albopilosus,propeptides,true,35,True
esmc6b_3di_widehead,P0DUC0,Tliltocatl albopilosus,propeptides,tp_pred,35,True
esmc6b_3di_widehead,P0DV31,Acanthoscurria paulensis,propeptides,true,35,True
esmc6b_3di_widehead,P0DV31,Acanthoscurria paulensis,propeptides,tp_pred,35,True
esmc6b_3di_widehead,Q9BY14,Homo sapiens,propeptides,true,27,True
esmc6b_3di_widehead,Q9BY14,Homo sapiens,propeptides,tp_pred,27,True
esmc6b_3di_widehead,B6DCZ5,Lycosa singoriensis,propeptides,true,6,True
esmc6b_3di_widehead,B6DCZ5,Lycosa singoriensis,propeptides,tp_pred,7,True
esmc6b_3di_widehead,O82081,Arabidopsis thaliana,propeptides,true,24,False
esmc6b_3di_widehead,O82081,Arabidopsis thaliana,propeptides,fp_pred,20,False
esmc6b_3di_widehead,P0DQP5,Tibellus oblongus,propeptides,true,30,True
esmc6b_3di_widehead,P0DQP5,Tibellus oblongus,propeptides,tp_pred,30,True
esmc6b_3di_widehead,B3FIQ7,Cyriopagopus schmidti,propeptides,true,46,True
esmc6b_3di_widehead,B3FIQ7,Cyriopagopus schmidti,propeptides,tp_pred,46,True
esmc6b_3di_widehead,S0F1N7,Hadronyche venenata,peptides,fp_pred,37,False
esmc6b_3di_widehead,S0F1N7,Hadronyche venenata,propeptides,true,23,True
esmc6b_3di_widehead,S0F1N7,Hadronyche venenata,propeptides,tp_pred,23,True
esmc6b_3di_widehead,P0DJ84,Cyriopagopus schmidti,peptides,fp_pred,41,False
esmc6b_3di_widehead,P0DJ84,Cyriopagopus schmidti,propeptides,true,6,False
esmc6b_3di_widehead,B2ZBC0,Cyriopagopus schmidti,propeptides,true,6,True
esmc6b_3di_widehead,B2ZBC0,Cyriopagopus schmidti,propeptides,tp_pred,6,True
esmc6b_3di_widehead,P20156,Rattus norvegicus,peptides,true,40,False
esmc6b_3di_widehead,P20156,Rattus norvegicus,peptides,true,15,False
esmc6b_3di_widehead,P20156,Rattus norvegicus,peptides,true,25,False
esmc6b_3di_widehead,P20156,Rattus norvegicus,peptides,true,38,False
esmc6b_3di_widehead,P20156,Rattus norvegicus,peptides,true,33,False
esmc6b_3di_widehead,P20156,Rattus norvegicus,peptides,true,32,False
esmc6b_3di_widehead,P20156,Rattus norvegicus,peptides,true,30,False
esmc6b_3di_widehead,B6DCZ9,Lycosa singoriensis,propeptides,true,6,False
esmc6b_3di_widehead,B6DCZ8,Lycosa singoriensis,propeptides,true,6,True
esmc6b_3di_widehead,B6DCZ8,Lycosa singoriensis,propeptides,tp_pred,7,True
esmc6b_3di_widehead,P0DJ70,Cyriopagopus hainanus,peptides,fp_pred,41,False
esmc6b_3di_widehead,P0DJ70,Cyriopagopus hainanus,propeptides,true,6,False
esmc6b_3di_widehead,A8Y7N8,Daboia siamensis,peptides,fp_pred,40,False
esmc6b_3di_widehead,A8Y7N8,Daboia siamensis,propeptides,true,6,True
esmc6b_3di_widehead,A8Y7N8,Daboia siamensis,propeptides,tp_pred,5,True
esmc6b_3di_widehead,P0DJ80,Cyriopagopus schmidti,peptides,fp_pred,41,False
esmc6b_3di_widehead,P0DJ80,Cyriopagopus schmidti,propeptides,true,6,True
esmc6b_3di_widehead,P0DJ80,Cyriopagopus schmidti,propeptides,tp_pred,6,True
esmc6b_3di_widehead,P0DN17,Anemonia viridis,propeptides,true,7,True
esmc6b_3di_widehead,P0DN17,Anemonia viridis,propeptides,tp_pred,7,True
esmc6b_3di_widehead,D2Y2F6,Cyriopagopus hainanus,peptides,fp_pred,41,False
esmc6b_3di_widehead,D2Y2F6,Cyriopagopus hainanus,propeptides,true,6,False
esmc6b_3di_widehead,D2Y2F4,Cyriopagopus hainanus,peptides,fp_pred,41,False
esmc6b_3di_widehead,D2Y2F4,Cyriopagopus hainanus,propeptides,true,6,True
esmc6b_3di_widehead,D2Y2F4,Cyriopagopus hainanus,propeptides,tp_pred,6,True
esmc6b_3di_widehead,A8Y7N4,Daboia siamensis,peptides,fp_pred,40,False
esmc6b_3di_widehead,A8Y7N4,Daboia siamensis,propeptides,true,6,True
esmc6b_3di_widehead,A8Y7N4,Daboia siamensis,propeptides,tp_pred,5,True
esmc6b_3di_widehead,S0F207,Hadronyche versuta,peptides,fp_pred,39,False
esmc6b_3di_widehead,S0F207,Hadronyche versuta,propeptides,true,13,True
esmc6b_3di_widehead,S0F207,Hadronyche versuta,propeptides,tp_pred,13,True
esmc6b_3di_widehead,Q95J88,Monodelphis domestica,propeptides,true,6,False
esmc6b_3di_widehead,P0DN58,Terebra anilis,peptides,fp_pred,41,False
esmc6b_3di_widehead,P0DN58,Terebra anilis,propeptides,true,10,False
esmc6b_3di_widehead,P0DN58,Terebra anilis,propeptides,fp_pred,6,False
esmc6b_3di_widehead,B6DCX8,Lycosa singoriensis,propeptides,true,6,True
esmc6b_3di_widehead,B6DCX8,Lycosa singoriensis,propeptides,tp_pred,6,True
esmc6b_3di_widehead,P0DJ67,Cyriopagopus hainanus,peptides,fp_pred,41,False
esmc6b_3di_widehead,P0DJ67,Cyriopagopus hainanus,propeptides,true,6,True
esmc6b_3di_widehead,P0DJ67,Cyriopagopus hainanus,propeptides,tp_pred,6,True
esmc6b_3di_widehead,A5A3H5,Atrax robustus,peptides,true,37,True
esmc6b_3di_widehead,A5A3H5,Atrax robustus,peptides,tp_pred,37,True
esmc6b_3di_widehead,A5A3H5,Atrax robustus,propeptides,true,19,True
esmc6b_3di_widehead,A5A3H5,Atrax robustus,propeptides,tp_pred,17,True
esmc6b_3di_widehead,S0F1M4,Hadronyche venenata,peptides,fp_pred,37,False
esmc6b_3di_widehead,S0F1M4,Hadronyche venenata,propeptides,true,22,True
esmc6b_3di_widehead,S0F1M4,Hadronyche venenata,propeptides,tp_pred,22,True
esmc6b_3di_widehead,S0F1M6,Atrax robustus,peptides,fp_pred,39,False
esmc6b_3di_widehead,S0F1M6,Atrax robustus,propeptides,true,13,True
esmc6b_3di_widehead,S0F1M6,Atrax robustus,propeptides,tp_pred,13,True
esmc6b_3di_widehead,P81793,Phoneutria nigriventer,peptides,fp_pred,40,False
esmc6b_3di_widehead,P81793,Phoneutria nigriventer,propeptides,true,16,True
esmc6b_3di_widehead,P81793,Phoneutria nigriventer,propeptides,true,9,False
esmc6b_3di_widehead,P81793,Phoneutria nigriventer,propeptides,tp_pred,16,True
esmc6b_3di_widehead,P0DMJ1,Cyriopagopus schmidti,peptides,fp_pred,41,False
esmc6b_3di_widehead,P0DMJ1,Cyriopagopus schmidti,propeptides,true,6,False
esmc6b_3di_widehead,P0DJ72,Cyriopagopus hainanus,peptides,fp_pred,41,False
esmc6b_3di_widehead,P0DJ72,Cyriopagopus hainanus,propeptides,true,6,False
esmc6b_3di_widehead,E4VP07,Mesobuthus eupeus,peptides,true,13,True
esmc6b_3di_widehead,E4VP07,Mesobuthus eupeus,peptides,tp_pred,13,True
esmc6b_3di_widehead,E4VP07,Mesobuthus eupeus,propeptides,true,31,True
esmc6b_3di_widehead,E4VP07,Mesobuthus eupeus,propeptides,tp_pred,31,True
esmc6b_3di_widehead,P0DJO4,Scorpiops tibetanus,peptides,true,14,True
esmc6b_3di_widehead,P0DJO4,Scorpiops tibetanus,peptides,tp_pred,14,True
esmc6b_3di_widehead,P0DJO4,Scorpiops tibetanus,propeptides,true,29,True
esmc6b_3di_widehead,P0DJO4,Scorpiops tibetanus,propeptides,tp_pred,29,True
esmc6b_3di_widehead,C7C1L2,Opisthacanthus cayaporum,propeptides,true,16,True
esmc6b_3di_widehead,C7C1L2,Opisthacanthus cayaporum,propeptides,tp_pred,19,True
esmc6b_3di_widehead,Q9JMI7,Mus musculus,propeptides,true,26,True
esmc6b_3di_widehead,Q9JMI7,Mus musculus,propeptides,tp_pred,27,True
esmc6b_3di_widehead,B6DD52,Lycosa singoriensis,peptides,fp_pred,46,False
esmc6b_3di_widehead,B6DD52,Lycosa singoriensis,propeptides,true,12,True
esmc6b_3di_widehead,B6DD52,Lycosa singoriensis,propeptides,tp_pred,12,True
esmc6b_3di_widehead,P81401,Bos taurus,peptides,true,27,True
esmc6b_3di_widehead,P81401,Bos taurus,peptides,true,28,True
esmc6b_3di_widehead,P81401,Bos taurus,peptides,tp_pred,27,True
esmc6b_3di_widehead,P81401,Bos taurus,peptides,tp_pred,28,True
esmc6b_3di_widehead,P81401,Bos taurus,propeptides,true,12,True
esmc6b_3di_widehead,P81401,Bos taurus,propeptides,true,15,True
esmc6b_3di_widehead,P81401,Bos taurus,propeptides,tp_pred,12,True
esmc6b_3di_widehead,P81401,Bos taurus,propeptides,tp_pred,15,True
esmc6b_3di_widehead,Q00410,Methanococcus voltae,propeptides,true,18,False
esmc6b_3di_widehead,Q00410,Methanococcus voltae,propeptides,fp_pred,44,False
esmc6b_3di_widehead,Q9ER63,Mus musculus,propeptides,true,21,True
esmc6b_3di_widehead,Q9ER63,Mus musculus,propeptides,tp_pred,20,True
esmc6b_3di_widehead,P0DSK5,Myrmecia gulosa,peptides,fp_pred,23,False
esmc6b_3di_widehead,P0DSK5,Myrmecia gulosa,propeptides,true,24,False
esmc6b_3di_widehead,P0DSK5,Myrmecia gulosa,propeptides,fp_pred,18,False
esmc6b_3di_widehead,B2ZBB8,Cyriopagopus schmidti,peptides,fp_pred,41,False
esmc6b_3di_widehead,B2ZBB8,Cyriopagopus schmidti,propeptides,true,6,True
esmc6b_3di_widehead,B2ZBB8,Cyriopagopus schmidti,propeptides,tp_pred,6,True
esmc6b_3di_widehead,B6DD56,Lycosa singoriensis,peptides,fp_pred,46,False
esmc6b_3di_widehead,B6DD56,Lycosa singoriensis,propeptides,true,12,True
esmc6b_3di_widehead,B6DD56,Lycosa singoriensis,propeptides,tp_pred,12,True
esmc6b_3di_widehead,P37045,Agelenopsis aperta,peptides,fp_pred,48,False
esmc6b_3di_widehead,P37045,Agelenopsis aperta,propeptides,true,15,True
esmc6b_3di_widehead,P37045,Agelenopsis aperta,propeptides,tp_pred,15,True
esmc6b_3di_widehead,B6DD53,Lycosa singoriensis,peptides,fp_pred,46,False
esmc6b_3di_widehead,B6DD53,Lycosa singoriensis,propeptides,true,12,True
esmc6b_3di_widehead,B6DD53,Lycosa singoriensis,propeptides,tp_pred,12,True
esmc6b_3di_widehead,Q91WW1,Rattus norvegicus,propeptides,true,45,False
esmc6b_3di_widehead,P0DUT3,Doratifera vulnerans,peptides,true,12,False
esmc6b_3di_widehead,P0DUT3,Doratifera vulnerans,propeptides,fp_pred,29,False
esmc6b_3di_widehead,Q2HY54,Viola odorata,peptides,true,27,True
esmc6b_3di_widehead,Q2HY54,Viola odorata,peptides,tp_pred,27,True
esmc6b_3di_widehead,Q2HY54,Viola odorata,propeptides,true,50,True
esmc6b_3di_widehead,Q2HY54,Viola odorata,propeptides,tp_pred,50,True
esmc6b_3di_widehead,P0DJ73,Cyriopagopus hainanus,peptides,fp_pred,41,False
esmc6b_3di_widehead,P0DJ73,Cyriopagopus hainanus,propeptides,true,6,True
esmc6b_3di_widehead,P0DJ73,Cyriopagopus hainanus,propeptides,tp_pred,6,True
esmc6b_3di_widehead,D2Y2Q9,Cyriopagopus hainanus,peptides,fp_pred,41,False
esmc6b_3di_widehead,D2Y2Q9,Cyriopagopus hainanus,propeptides,true,6,False
esmc6b_3di_widehead,P0DJ79,Cyriopagopus schmidti,peptides,fp_pred,41,False
esmc6b_3di_widehead,P0DJ79,Cyriopagopus schmidti,propeptides,true,6,True
esmc6b_3di_widehead,P0DJ79,Cyriopagopus schmidti,propeptides,tp_pred,6,True
esmc6b_3di_widehead,P0DN07,Anemonia viridis,propeptides,true,7,True
esmc6b_3di_widehead,P0DN07,Anemonia viridis,propeptides,tp_pred,7,True
esmc6b_3di_widehead,D2Y2G1,Cyriopagopus hainanus,peptides,fp_pred,41,False
esmc6b_3di_widehead,D2Y2G1,Cyriopagopus hainanus,propeptides,true,6,False
esmc6b_3di_widehead,B6DD07,Lycosa singoriensis,peptides,fp_pred,50,False
esmc6b_3di_widehead,B6DD07,Lycosa singoriensis,propeptides,true,6,True
esmc6b_3di_widehead,B6DD07,Lycosa singoriensis,propeptides,tp_pred,6,True
esmc6b_3di_widehead,Q6B4T3,Loxosceles intermedia,propeptides,true,13,True
esmc6b_3di_widehead,Q6B4T3,Loxosceles intermedia,propeptides,tp_pred,13,True
esmc6b_3di_widehead,P0C1V5,Methanococcus maripaludis,propeptides,true,19,False
esmc6b_3di_widehead,A8Y7N9,Daboia siamensis,peptides,fp_pred,40,False
esmc6b_3di_widehead,A8Y7N9,Daboia siamensis,propeptides,true,12,False
esmc6b_3di_widehead,O15240,Homo sapiens,peptides,true,26,False
esmc6b_3di_widehead,O15240,Homo sapiens,peptides,true,38,False
esmc6b_3di_widehead,O15240,Homo sapiens,peptides,true,24,False
esmc6b_3di_widehead,Q6H2Z4,Apis cerana cerana,peptides,true,22,True
esmc6b_3di_widehead,Q6H2Z4,Apis cerana cerana,peptides,tp_pred,22,True
esmc6b_3di_widehead,Q3YEG3,Conus miles,peptides,true,31,True
esmc6b_3di_widehead,Q3YEG3,Conus miles,peptides,tp_pred,31,True
esmc6b_3di_widehead,Q3YEG3,Conus miles,propeptides,true,27,True
esmc6b_3di_widehead,Q3YEG3,Conus miles,propeptides,tp_pred,27,True
esmc6b_3di_widehead,P12944,Desulfovibrio gigas,propeptides,true,15,True
esmc6b_3di_widehead,P12944,Desulfovibrio gigas,propeptides,tp_pred,16,True
esmc6b_3di_widehead,C7B247,Isometrus maculatus,peptides,true,17,True
esmc6b_3di_widehead,C7B247,Isometrus maculatus,peptides,tp_pred,17,True
esmc6b_3di_widehead,C7B247,Isometrus maculatus,propeptides,true,30,True
esmc6b_3di_widehead,C7B247,Isometrus maculatus,propeptides,tp_pred,30,True
esmc6b_3di_widehead,C5J897,Opisthacanthus cayaporum,peptides,true,27,False
esmc6b_3di_widehead,C5J897,Opisthacanthus cayaporum,propeptides,true,25,True
esmc6b_3di_widehead,C5J897,Opisthacanthus cayaporum,propeptides,tp_pred,25,True
esmc6b_3di_widehead,O44664,Caenorhabditis elegans,peptides,true,7,False
esmc6b_3di_widehead,O44664,Caenorhabditis elegans,peptides,true,8,False
esmc6b_3di_widehead,O44664,Caenorhabditis elegans,peptides,true,6,False
esmc6b_3di_widehead,O44664,Caenorhabditis elegans,peptides,true,6,False
esmc6b_3di_widehead,O44664,Caenorhabditis elegans,peptides,true,6,False
esmc6b_3di_widehead,O44664,Caenorhabditis elegans,peptides,true,6,False
esmc6b_3di_widehead,G1FE62,Chaerilus tricostatus,peptides,true,19,True
esmc6b_3di_widehead,G1FE62,Chaerilus tricostatus,peptides,tp_pred,20,True
esmc6b_3di_widehead,G1FE62,Chaerilus tricostatus,propeptides,true,29,True
esmc6b_3di_widehead,G1FE62,Chaerilus tricostatus,propeptides,tp_pred,29,True
esmc6b_3di_widehead,L0GBQ6,Urodacus yaschenkoi,propeptides,true,16,True
esmc6b_3di_widehead,L0GBQ6,Urodacus yaschenkoi,propeptides,tp_pred,19,True
esmc6b_3di_widehead,P0DME3,Chaerilus tricostatus,peptides,true,19,True
esmc6b_3di_widehead,P0DME3,Chaerilus tricostatus,peptides,tp_pred,20,True
esmc6b_3di_widehead,P0DME3,Chaerilus tricostatus,propeptides,true,29,True
esmc6b_3di_widehead,P0DME3,Chaerilus tricostatus,propeptides,tp_pred,29,True
esmc6b_3di_widehead,P0DMF4,Chaerilus tryznai,peptides,true,10,True
esmc6b_3di_widehead,P0DMF4,Chaerilus tryznai,peptides,tp_pred,10,True
esmc6b_3di_widehead,P0DMF4,Chaerilus tryznai,propeptides,true,31,True
esmc6b_3di_widehead,P0DMF4,Chaerilus tryznai,propeptides,tp_pred,31,True
esmc6b_3di_widehead,P0DME8,Heterometrus petersii,peptides,true,13,True
esmc6b_3di_widehead,P0DME8,Heterometrus petersii,peptides,tp_pred,13,True
esmc6b_3di_widehead,P0DME8,Heterometrus petersii,propeptides,true,28,True
esmc6b_3di_widehead,P0DME8,Heterometrus petersii,propeptides,tp_pred,28,True
esmc6b_3di_widehead,P0C8W2,Hoffmannihadrurus gertschi,peptides,true,10,True
esmc6b_3di_widehead,P0C8W2,Hoffmannihadrurus gertschi,peptides,tp_pred,10,True
esmc6b_3di_widehead,P0C8W2,Hoffmannihadrurus gertschi,propeptides,true,32,True
esmc6b_3di_widehead,P0C8W2,Hoffmannihadrurus gertschi,propeptides,tp_pred,32,True
esmc6b_3di_widehead,P0CI92,Lychas mucronatus,peptides,true,25,False
esmc6b_3di_widehead,P0CI92,Lychas mucronatus,peptides,fp_pred,21,False
esmc6b_3di_widehead,P0CI92,Lychas mucronatus,propeptides,true,14,True
esmc6b_3di_widehead,P0CI92,Lychas mucronatus,propeptides,tp_pred,11,True
esmc6b_3di_widehead,E4VP50,Mesobuthus eupeus,peptides,true,18,False
esmc6b_3di_widehead,E4VP50,Mesobuthus eupeus,peptides,fp_pred,22,False
esmc6b_3di_widehead,E4VP50,Mesobuthus eupeus,propeptides,true,32,True
esmc6b_3di_widehead,E4VP50,Mesobuthus eupeus,propeptides,tp_pred,30,True
esmc6b_3di_widehead,C5J887,Opisthacanthus cayaporum,peptides,true,14,True
esmc6b_3di_widehead,C5J887,Opisthacanthus cayaporum,peptides,tp_pred,14,True
esmc6b_3di_widehead,C5J887,Opisthacanthus cayaporum,propeptides,true,29,True
esmc6b_3di_widehead,C5J887,Opisthacanthus cayaporum,propeptides,tp_pred,29,True
esmc6b_3di_widehead,P0DMF8,Chaerilus tricostatus,peptides,true,14,True
esmc6b_3di_widehead,P0DMF8,Chaerilus tricostatus,peptides,tp_pred,14,True
esmc6b_3di_widehead,P0DMF8,Chaerilus tricostatus,propeptides,true,31,True
esmc6b_3di_widehead,P0DMF8,Chaerilus tricostatus,propeptides,tp_pred,31,True
esmc6b_3di_widehead,B8XH50,Buthus occitanus israelis,peptides,true,10,True
esmc6b_3di_widehead,B8XH50,Buthus occitanus israelis,peptides,tp_pred,10,True
esmc6b_3di_widehead,B8XH50,Buthus occitanus israelis,propeptides,true,31,True
esmc6b_3di_widehead,B8XH50,Buthus occitanus israelis,propeptides,tp_pred,31,True
esmc6b_3di_widehead,Q5K0B8,Conus imperialis,peptides,true,27,True
esmc6b_3di_widehead,Q5K0B8,Conus imperialis,peptides,tp_pred,27,True
esmc6b_3di_widehead,Q5K0B8,Conus imperialis,propeptides,true,29,True
esmc6b_3di_widehead,Q5K0B8,Conus imperialis,propeptides,tp_pred,27,True
esmc6b_3di_widehead,Q9XZK4,Conus striatus,peptides,true,35,True
esmc6b_3di_widehead,Q9XZK4,Conus striatus,peptides,tp_pred,34,True
esmc6b_3di_widehead,Q9XZK4,Conus striatus,propeptides,true,20,True
esmc6b_3di_widehead,Q9XZK4,Conus striatus,propeptides,tp_pred,21,True
esmc6b_3di_widehead,Q3YED1,Conus marmoreus,peptides,true,29,True
esmc6b_3di_widehead,Q3YED1,Conus marmoreus,peptides,tp_pred,31,True
esmc6b_3di_widehead,Q3YED1,Conus marmoreus,propeptides,true,29,True
esmc6b_3di_widehead,Q3YED1,Conus marmoreus,propeptides,tp_pred,27,True
esmc6b_3di_widehead,P16613,Ovis aries,peptides,true,48,True
esmc6b_3di_widehead,P16613,Ovis aries,peptides,true,38,True
esmc6b_3di_widehead,P16613,Ovis aries,peptides,tp_pred,48,True
esmc6b_3di_widehead,P16613,Ovis aries,peptides,tp_pred,27,True
esmc6b_3di_widehead,P16613,Ovis aries,peptides,fp_pred,8,False
esmc6b_3di_widehead,Q58D85,Bos taurus,propeptides,true,19,True
esmc6b_3di_widehead,Q58D85,Bos taurus,propeptides,tp_pred,19,True
esmc6b_3di_widehead,Q54LC3,Dictyostelium discoideum,propeptides,true,29,False
esmc6b_3di_widehead,Q54LC3,Dictyostelium discoideum,propeptides,fp_pred,22,False
esmc6b_3di_widehead,Q23757,Callinectes sapidus,peptides,true,8,True
esmc6b_3di_widehead,Q23757,Callinectes sapidus,peptides,tp_pred,8,True
esmc6b_3di_widehead,P01282,Homo sapiens,peptides,true,42,True
esmc6b_3di_widehead,P01282,Homo sapiens,peptides,true,28,True
esmc6b_3di_widehead,P01282,Homo sapiens,peptides,tp_pred,27,True
esmc6b_3di_widehead,P01282,Homo sapiens,peptides,fp_pred,12,False
esmc6b_3di_widehead,P01282,Homo sapiens,peptides,tp_pred,28,True
esmc6b_3di_widehead,P01282,Homo sapiens,propeptides,true,15,True
esmc6b_3di_widehead,P01282,Homo sapiens,propeptides,tp_pred,15,True
esmc6b_3di_widehead,Q54BG3,Dictyostelium discoideum,propeptides,true,27,True
esmc6b_3di_widehead,Q54BG3,Dictyostelium discoideum,propeptides,tp_pred,25,True
esmc6b_3di_widehead,O35955,Mus musculus,propeptides,true,39,True
esmc6b_3di_widehead,O35955,Mus musculus,propeptides,tp_pred,39,True
esmc6b_3di_widehead,Q2MIC0,Solanum lycopersicum,propeptides,true,9,False
esmc6b_3di_widehead,Q09FY1,Nandina domestica,propeptides,true,9,False
esmc6b_3di_widehead,Q3BAR4,Phalaenopsis aphrodite subsp. formosana,propeptides,true,9,False
esmc6b_3di_widehead,Q09G66,Platanus occidentalis,propeptides,true,9,False
esmc6b_3di_widehead,I6S7G9,Scolopendra subspinipes,peptides,fp_pred,31,False
esmc6b_3di_widehead,I6S7G9,Scolopendra subspinipes,propeptides,true,20,True
esmc6b_3di_widehead,I6S7G9,Scolopendra subspinipes,propeptides,tp_pred,18,True
esmc6b_3di_widehead,B6DCY6,Lycosa singoriensis,propeptides,true,6,True
esmc6b_3di_widehead,B6DCY6,Lycosa singoriensis,propeptides,tp_pred,5,True
esmc6b_3di_widehead,P0C8V5,Conus achatinus,peptides,true,32,True
esmc6b_3di_widehead,P0C8V5,Conus achatinus,peptides,tp_pred,32,True
esmc6b_3di_widehead,P0C8V5,Conus achatinus,propeptides,true,29,True
esmc6b_3di_widehead,P0C8V5,Conus achatinus,propeptides,tp_pred,27,True
esmc6b_3di_widehead,Q9XZL2,Conus textile,peptides,true,26,True
esmc6b_3di_widehead,Q9XZL2,Conus textile,peptides,tp_pred,26,True
esmc6b_3di_widehead,Q9XZL2,Conus textile,propeptides,true,28,True
esmc6b_3di_widehead,Q9XZL2,Conus textile,propeptides,tp_pred,26,True
esmc6b_3di_widehead,Q9BP87,Conus arenatus,peptides,true,31,True
esmc6b_3di_widehead,Q9BP87,Conus arenatus,peptides,tp_pred,31,True
esmc6b_3di_widehead,Q9BP87,Conus arenatus,propeptides,true,23,True
esmc6b_3di_widehead,Q9BP87,Conus arenatus,propeptides,tp_pred,25,True
esmc6b_3di_widehead,Q2I2R4,Conus litteratus,peptides,true,28,True
esmc6b_3di_widehead,Q2I2R4,Conus litteratus,peptides,tp_pred,29,True
esmc6b_3di_widehead,Q2I2R4,Conus litteratus,propeptides,true,26,True
esmc6b_3di_widehead,Q2I2R4,Conus litteratus,propeptides,tp_pred,25,True
esmc6b_3di_widehead,P0C8V9,Conus achatinus,peptides,true,36,True
esmc6b_3di_widehead,P0C8V9,Conus achatinus,peptides,tp_pred,36,True
esmc6b_3di_widehead,P0C8V9,Conus achatinus,propeptides,true,20,True
esmc6b_3di_widehead,P0C8V9,Conus achatinus,propeptides,tp_pred,20,True
esmc6b_3di_widehead,Q2I2R2,Conus litteratus,peptides,true,26,False
esmc6b_3di_widehead,Q2I2R2,Conus litteratus,peptides,fp_pred,30,False
esmc6b_3di_widehead,Q2I2R2,Conus litteratus,propeptides,true,24,False
esmc6b_3di_widehead,Q2I2R2,Conus litteratus,propeptides,fp_pred,20,False
esmc6b_3di_widehead,Q3YEE4,Conus miles,peptides,true,27,True
esmc6b_3di_widehead,Q3YEE4,Conus miles,peptides,tp_pred,27,True
esmc6b_3di_widehead,Q3YEE4,Conus miles,propeptides,true,23,True
esmc6b_3di_widehead,Q3YEE4,Conus miles,propeptides,tp_pred,23,True
esmc6b_3di_widehead,D6C4L5,Californiconus californicus,peptides,true,26,True
esmc6b_3di_widehead,D6C4L5,Californiconus californicus,peptides,tp_pred,26,True
esmc6b_3di_widehead,D6C4L5,Californiconus californicus,propeptides,true,15,True
esmc6b_3di_widehead,D6C4L5,Californiconus californicus,propeptides,tp_pred,17,True
esmc6b_3di_widehead,Q9BH84,Conus arenatus,peptides,true,28,True
esmc6b_3di_widehead,Q9BH84,Conus arenatus,peptides,tp_pred,28,True
esmc6b_3di_widehead,Q9BH84,Conus arenatus,propeptides,true,26,True
esmc6b_3di_widehead,Q9BH84,Conus arenatus,propeptides,tp_pred,28,True
esmc6b_3di_widehead,P0C8V6,Conus achatinus,peptides,true,32,True
esmc6b_3di_widehead,P0C8V6,Conus achatinus,peptides,tp_pred,32,True
esmc6b_3di_widehead,P0C8V6,Conus achatinus,propeptides,true,29,True
esmc6b_3di_widehead,P0C8V6,Conus achatinus,propeptides,tp_pred,27,True
esmc6b_3di_widehead,P56708,Conus marmoreus,peptides,true,31,True
esmc6b_3di_widehead,P56708,Conus marmoreus,peptides,tp_pred,31,True
esmc6b_3di_widehead,P56708,Conus marmoreus,propeptides,true,27,True
esmc6b_3di_widehead,P56708,Conus marmoreus,propeptides,tp_pred,29,True
esmc6b_3di_widehead,P18511,Conus textile,peptides,true,27,True
esmc6b_3di_widehead,P18511,Conus textile,peptides,tp_pred,27,True
esmc6b_3di_widehead,P18511,Conus textile,propeptides,true,27,True
esmc6b_3di_widehead,P18511,Conus textile,propeptides,tp_pred,27,True
esmc6b_3di_widehead,Q29W19,Bos taurus,peptides,true,48,False
esmc6b_3di_widehead,Q29W19,Bos taurus,peptides,true,38,True
esmc6b_3di_widehead,Q29W19,Bos taurus,peptides,tp_pred,27,True
esmc6b_3di_widehead,Q29W19,Bos taurus,peptides,fp_pred,8,False
esmc6b_3di_widehead,P07224,Bos taurus,propeptides,true,17,True
esmc6b_3di_widehead,P07224,Bos taurus,propeptides,tp_pred,17,True
esmc6b_3di_widehead,B6DD55,Lycosa singoriensis,peptides,fp_pred,41,False
esmc6b_3di_widehead,B6DD55,Lycosa singoriensis,propeptides,true,12,True
esmc6b_3di_widehead,B6DD55,Lycosa singoriensis,propeptides,tp_pred,12,True
esmc6b_3di_widehead,B6DCX7,Lycosa singoriensis,propeptides,true,6,True
esmc6b_3di_widehead,B6DCX7,Lycosa singoriensis,propeptides,tp_pred,6,True
esmc6b_3di_widehead,B6DCZ4,Lycosa singoriensis,propeptides,true,6,True
esmc6b_3di_widehead,B6DCZ4,Lycosa singoriensis,propeptides,tp_pred,5,True
esmc6b_3di_widehead,B6DCY0,Lycosa singoriensis,propeptides,true,6,True
esmc6b_3di_widehead,B6DCY0,Lycosa singoriensis,propeptides,tp_pred,6,True
esmc6b_3di_widehead,P69563,Solanum nigrum,propeptides,true,9,False
esmc6b_3di_widehead,Q9JHW0,Rattus norvegicus,propeptides,true,43,True
esmc6b_3di_widehead,Q9JHW0,Rattus norvegicus,propeptides,tp_pred,42,True
esmc6b_3di_widehead,Q9JHW0,Rattus norvegicus,propeptides,fp_pred,39,False
esmc6b_3di_widehead,P23318,Thermostichus vulcanus,propeptides,true,5,False
esmc6b_3di_widehead,B0Z4U0,Oenothera biennis,propeptides,true,9,False
esmc6b_3di_widehead,A0A1D3IXJ5,Tityus obscurus,peptides,true,26,False
esmc6b_3di_widehead,A0A1D3IXJ5,Tityus obscurus,propeptides,true,30,True
esmc6b_3di_widehead,A0A1D3IXJ5,Tityus obscurus,propeptides,tp_pred,30,True
esmc6b_3di_widehead,P01283,Rattus norvegicus,peptides,true,42,True
esmc6b_3di_widehead,P01283,Rattus norvegicus,peptides,true,28,True
esmc6b_3di_widehead,P01283,Rattus norvegicus,peptides,tp_pred,27,True
esmc6b_3di_widehead,P01283,Rattus norvegicus,peptides,tp_pred,28,True
esmc6b_3di_widehead,P01283,Rattus norvegicus,propeptides,true,15,True
esmc6b_3di_widehead,P01283,Rattus norvegicus,propeptides,fp_pred,54,False
esmc6b_3di_widehead,P01283,Rattus norvegicus,propeptides,fp_pred,12,False
esmc6b_3di_widehead,P01283,Rattus norvegicus,propeptides,tp_pred,15,True
esmc6b_3di_widehead,P32648,Mus musculus,peptides,true,42,True
esmc6b_3di_widehead,P32648,Mus musculus,peptides,true,28,True
esmc6b_3di_widehead,P32648,Mus musculus,peptides,tp_pred,27,True
esmc6b_3di_widehead,P32648,Mus musculus,peptides,tp_pred,28,True
esmc6b_3di_widehead,P32648,Mus musculus,propeptides,true,15,True
esmc6b_3di_widehead,P32648,Mus musculus,propeptides,fp_pred,12,False
esmc6b_3di_widehead,P32648,Mus musculus,propeptides,tp_pred,15,True
esmc6b_3di_widehead,D2Y2Q2,Cyriopagopus hainanus,peptides,fp_pred,41,False
esmc6b_3di_widehead,D2Y2Q2,Cyriopagopus hainanus,propeptides,true,6,False
esmc6b_3di_widehead,P0DN11,Anemonia viridis,propeptides,true,7,True
esmc6b_3di_widehead,P0DN11,Anemonia viridis,propeptides,tp_pred,7,True
esmc6b_3di_widehead,A8Y7N7,Daboia siamensis,peptides,fp_pred,50,False
esmc6b_3di_widehead,A8Y7N7,Daboia siamensis,propeptides,true,6,False
esmc6b_3di_widehead,B2ZBB9,Cyriopagopus schmidti,peptides,fp_pred,41,False
esmc6b_3di_widehead,B2ZBB9,Cyriopagopus schmidti,propeptides,true,6,True
esmc6b_3di_widehead,B2ZBB9,Cyriopagopus schmidti,propeptides,tp_pred,6,True
esmc6b_3di_widehead,P83560,Macrothele gigas,peptides,true,43,False
esmc6b_3di_widehead,P83560,Macrothele gigas,propeptides,true,42,True
esmc6b_3di_widehead,P83560,Macrothele gigas,propeptides,tp_pred,42,True
esmc6b_3di_widehead,B6DD05,Lycosa singoriensis,peptides,fp_pred,47,False
esmc6b_3di_widehead,B6DD05,Lycosa singoriensis,propeptides,true,6,True
esmc6b_3di_widehead,B6DD05,Lycosa singoriensis,propeptides,tp_pred,6,True
esmc6b_3di_widehead,A0A6G9KHD3,Manica rubida,peptides,true,10,False
esmc6b_3di_widehead,A0A6G9KHD3,Manica rubida,propeptides,fp_pred,15,False
esmc6b_3di_widehead,D2Y2Q6,Cyriopagopus hainanus,peptides,fp_pred,41,False
esmc6b_3di_widehead,D2Y2Q6,Cyriopagopus hainanus,propeptides,true,6,False
esmc6b_3di_widehead,P0DJ81,Cyriopagopus schmidti,peptides,fp_pred,41,False
esmc6b_3di_widehead,P0DJ81,Cyriopagopus schmidti,propeptides,true,6,False
esmc6b_3di_widehead,P0DJ81,Cyriopagopus schmidti,propeptides,fp_pred,20,False
esmc6b_3di_widehead,A0A6B7FBD3,Heteractis crispa,propeptides,true,7,True
esmc6b_3di_widehead,A0A6B7FBD3,Heteractis crispa,propeptides,tp_pred,7,True
esmc6b_3di_widehead,Q9P3E4,Schizosaccharomyces pombe,propeptides,true,27,True
esmc6b_3di_widehead,Q9P3E4,Schizosaccharomyces pombe,propeptides,tp_pred,25,True
esmc6b_3di_widehead,P68425,Cyriopagopus schmidti,peptides,fp_pred,41,False
esmc6b_3di_widehead,P68425,Cyriopagopus schmidti,propeptides,true,6,False
esmc6b_3di_widehead,P0DMQ1,Hadronyche modesta,peptides,fp_pred,37,False
esmc6b_3di_widehead,P0DMQ1,Hadronyche modesta,propeptides,true,23,True
esmc6b_3di_widehead,P0DMQ1,Hadronyche modesta,propeptides,tp_pred,23,True
esmc6b_3di_widehead,P14531,Calliactis parasitica,peptides,fp_pred,46,False
esmc6b_3di_widehead,P14531,Calliactis parasitica,propeptides,true,11,True
esmc6b_3di_widehead,P14531,Calliactis parasitica,propeptides,tp_pred,11,True
esmc6b_3di_widehead,P0DN12,Anemonia viridis,propeptides,true,7,True
esmc6b_3di_widehead,P0DN12,Anemonia viridis,propeptides,tp_pred,7,True
esmc6b_3di_widehead,P0DN14,Anemonia viridis,propeptides,true,7,True
esmc6b_3di_widehead,P0DN14,Anemonia viridis,propeptides,tp_pred,7,True
esmc6b_3di_widehead,Q07990,Saccharomyces cerevisiae,propeptides,true,22,True
esmc6b_3di_widehead,Q07990,Saccharomyces cerevisiae,propeptides,tp_pred,23,True
esmc6b_3di_widehead,B6DCY8,Lycosa singoriensis,propeptides,true,6,True
esmc6b_3di_widehead,B6DCY8,Lycosa singoriensis,propeptides,tp_pred,5,True
esmc6b_3di_widehead,B6DCY2,Lycosa singoriensis,propeptides,true,6,True
esmc6b_3di_widehead,B6DCY2,Lycosa singoriensis,propeptides,tp_pred,6,True
esmc6b_3di_widehead,P0DQA4,Scolopendra dehaani,propeptides,true,9,True
esmc6b_3di_widehead,P0DQA4,Scolopendra dehaani,propeptides,tp_pred,7,True
esmc6b_3di_widehead,P04652,Rattus norvegicus,propeptides,true,6,False
esmc6b_3di_widehead,A3F7X1,Lasiodora sp.,propeptides,true,35,True
esmc6b_3di_widehead,A3F7X1,Lasiodora sp.,propeptides,tp_pred,33,True
esmc6b_3di_widehead,B6DCZ3,Lycosa singoriensis,propeptides,true,6,True
esmc6b_3di_widehead,B6DCZ3,Lycosa singoriensis,propeptides,tp_pred,7,True
esmc6b_3di_widehead,B6DD54,Lycosa singoriensis,peptides,fp_pred,47,False
esmc6b_3di_widehead,B6DD54,Lycosa singoriensis,propeptides,true,12,True
esmc6b_3di_widehead,B6DD54,Lycosa singoriensis,propeptides,tp_pred,12,True
esmc6b_3di_widehead,Q99ML8,Mus musculus,propeptides,true,48,False
esmc6b_3di_widehead,D2Y2F5,Cyriopagopus hainanus,peptides,fp_pred,40,False
esmc6b_3di_widehead,D2Y2F5,Cyriopagopus hainanus,propeptides,true,6,True
esmc6b_3di_widehead,D2Y2F5,Cyriopagopus hainanus,propeptides,tp_pred,6,True
esmc6b_3di_widehead,P0DJ76,Cyriopagopus schmidti,peptides,fp_pred,41,False
esmc6b_3di_widehead,P0DJ76,Cyriopagopus schmidti,propeptides,true,6,False
esmc6b_3di_widehead,S0F209,Hadronyche versuta,propeptides,true,13,True
esmc6b_3di_widehead,S0F209,Hadronyche versuta,propeptides,tp_pred,13,True
esmc6b_3di_widehead,P01224,Sus scrofa,propeptides,true,6,False
esmc6b_3di_widehead,P0DUT6,Doratifera vulnerans,peptides,true,11,True
esmc6b_3di_widehead,P0DUT6,Doratifera vulnerans,peptides,true,10,True
esmc6b_3di_widehead,P0DUT6,Doratifera vulnerans,peptides,true,13,True
esmc6b_3di_widehead,P0DUT6,Doratifera vulnerans,peptides,tp_pred,11,True
esmc6b_3di_widehead,P0DUT6,Doratifera vulnerans,peptides,tp_pred,11,True
esmc6b_3di_widehead,P0DUT6,Doratifera vulnerans,peptides,tp_pred,11,True
esmc6b_3di_widehead,P0DUT6,Doratifera vulnerans,propeptides,true,5,False
esmc6b_3di_widehead,P0DUT6,Doratifera vulnerans,propeptides,true,5,False
esmc6b_3di_widehead,P79357,Lama glama,propeptides,true,6,False
esmc6b_3di_widehead,P01223,Bos taurus,propeptides,true,6,False
esmc6b_3di_widehead,P54828,Canis lupus familiaris,propeptides,true,6,False
esmc6b_3di_widehead,B6DCY3,Lycosa singoriensis,propeptides,true,6,True
esmc6b_3di_widehead,B6DCY3,Lycosa singoriensis,propeptides,tp_pred,6,True
esmc6b_3di_widehead,B6DCY9,Lycosa singoriensis,propeptides,true,6,True
esmc6b_3di_widehead,B6DCY9,Lycosa singoriensis,propeptides,tp_pred,5,True
esmc6b_3di_widehead,B6DD58,Lycosa singoriensis,peptides,fp_pred,44,False
esmc6b_3di_widehead,B6DD58,Lycosa singoriensis,propeptides,true,12,True
esmc6b_3di_widehead,B6DD58,Lycosa singoriensis,propeptides,tp_pred,12,True
esmc6b_3di_widehead,Q96RP3,Homo sapiens,propeptides,true,48,False
esmc6b_3di_widehead,P0DJ85,Cyriopagopus schmidti,peptides,fp_pred,41,False
esmc6b_3di_widehead,P0DJ85,Cyriopagopus schmidti,propeptides,true,6,True
esmc6b_3di_widehead,P0DJ85,Cyriopagopus schmidti,propeptides,tp_pred,6,True
esmc6b_3di_widehead,D2Y2F9,Cyriopagopus hainanus,peptides,fp_pred,41,False
esmc6b_3di_widehead,D2Y2F9,Cyriopagopus hainanus,propeptides,true,6,True
esmc6b_3di_widehead,D2Y2F9,Cyriopagopus hainanus,propeptides,tp_pred,6,True
esmc6b_3di_widehead,B2ZBB6,Cyriopagopus schmidti,peptides,fp_pred,41,False
esmc6b_3di_widehead,B2ZBB6,Cyriopagopus schmidti,propeptides,true,6,False
esmc6b_3di_widehead,P0DN06,Anemonia viridis,propeptides,true,8,True
esmc6b_3di_widehead,P0DN06,Anemonia viridis,propeptides,tp_pred,7,True
esmc6b_3di_widehead,Q52R90,Felis catus,propeptides,true,6,False
esmc6b_3di_widehead,B6DCX4,Lycosa singoriensis,propeptides,true,6,True
esmc6b_3di_widehead,B6DCX4,Lycosa singoriensis,propeptides,tp_pred,6,True
esmc6b_3di_widehead,P0DM55,Scorpiops jendeki,propeptides,true,6,False
esmc6b_3di_widehead,P15131,Locusta migratoria,peptides,true,31,True
esmc6b_3di_widehead,P15131,Locusta migratoria,peptides,true,50,False
esmc6b_3di_widehead,P15131,Locusta migratoria,peptides,true,21,True
esmc6b_3di_widehead,P15131,Locusta migratoria,peptides,fp_pred,9,False
esmc6b_3di_widehead,P15131,Locusta migratoria,peptides,tp_pred,31,True
esmc6b_3di_widehead,P15131,Locusta migratoria,peptides,tp_pred,23,True
esmc6b_3di_widehead,P15131,Locusta migratoria,propeptides,true,14,False
esmc6b_3di_widehead,P15131,Locusta migratoria,propeptides,true,6,False
esmc6b_3di_widehead,Q9M2G1,Arabidopsis thaliana,propeptides,true,25,True
esmc6b_3di_widehead,Q9M2G1,Arabidopsis thaliana,propeptides,tp_pred,25,True
esmc6b_3di_widehead,P0ACE2,Shigella flexneri,propeptides,true,15,False
esmc6b_3di_widehead,O64864,Arabidopsis thaliana,propeptides,true,28,True
esmc6b_3di_widehead,O64864,Arabidopsis thaliana,propeptides,tp_pred,28,True
esmc6b_3di_widehead,Q9U656,Conus textile,peptides,true,27,True
esmc6b_3di_widehead,Q9U656,Conus textile,peptides,tp_pred,27,True
esmc6b_3di_widehead,Q9U656,Conus textile,propeptides,true,27,True
esmc6b_3di_widehead,Q9U656,Conus textile,propeptides,tp_pred,27,True
esmc6b_3di_widehead,D6C4L1,Californiconus californicus,peptides,true,28,True
esmc6b_3di_widehead,D6C4L1,Californiconus californicus,peptides,tp_pred,28,True
esmc6b_3di_widehead,D6C4L1,Californiconus californicus,propeptides,true,28,True
esmc6b_3di_widehead,D6C4L1,Californiconus californicus,propeptides,tp_pred,29,True
esmc6b_3di_widehead,I6RA66,Scolopendra subspinipes,peptides,fp_pred,31,False
esmc6b_3di_widehead,I6RA66,Scolopendra subspinipes,propeptides,true,22,True
esmc6b_3di_widehead,I6RA66,Scolopendra subspinipes,propeptides,tp_pred,22,True
esmc6b_3di_widehead,B6DD06,Lycosa singoriensis,propeptides,true,6,True
esmc6b_3di_widehead,B6DD06,Lycosa singoriensis,propeptides,tp_pred,7,True
esmc6b_3di_widehead,O62647,Bos taurus,peptides,true,30,False
esmc6b_3di_widehead,O62647,Bos taurus,peptides,true,17,True
esmc6b_3di_widehead,O62647,Bos taurus,peptides,true,17,True
esmc6b_3di_widehead,O62647,Bos taurus,peptides,tp_pred,17,True
esmc6b_3di_widehead,O62647,Bos taurus,peptides,tp_pred,17,True
esmc6b_3di_widehead,O62647,Bos taurus,propeptides,true,8,False
esmc6b_3di_widehead,I6R1R7,Scolopendra subspinipes,peptides,fp_pred,31,False
esmc6b_3di_widehead,I6R1R7,Scolopendra subspinipes,propeptides,true,22,True
esmc6b_3di_widehead,I6R1R7,Scolopendra subspinipes,propeptides,tp_pred,22,True
esmc6b_3di_widehead,C0HJK4,Dinoponera quadriceps,peptides,true,9,True
esmc6b_3di_widehead,C0HJK4,Dinoponera quadriceps,peptides,tp_pred,9,True
esmc6b_3di_widehead,D2Y2Q7,Cyriopagopus hainanus,peptides,fp_pred,41,False
esmc6b_3di_widehead,D2Y2Q7,Cyriopagopus hainanus,propeptides,true,6,False
esmc6b_3di_widehead,D2Y2F7,Cyriopagopus hainanus,peptides,fp_pred,41,False
esmc6b_3di_widehead,D2Y2F7,Cyriopagopus hainanus,propeptides,true,6,True
esmc6b_3di_widehead,D2Y2F7,Cyriopagopus hainanus,propeptides,tp_pred,6,True
esmc6b_3di_widehead,I6S7H3,Scolopendra subspinipes,peptides,fp_pred,31,False
esmc6b_3di_widehead,I6S7H3,Scolopendra subspinipes,propeptides,true,22,True
esmc6b_3di_widehead,I6S7H3,Scolopendra subspinipes,propeptides,tp_pred,22,True
esmc6b_3di_widehead,P0DSK6,Myrmecia gulosa,propeptides,true,24,False
esmc6b_3di_widehead,P0DSK6,Myrmecia gulosa,propeptides,fp_pred,19,False
esmc6b_3di_widehead,P0DMY6,Anemonia viridis,peptides,fp_pred,43,False
esmc6b_3di_widehead,P0DMY6,Anemonia viridis,propeptides,true,12,True
esmc6b_3di_widehead,P0DMY6,Anemonia viridis,propeptides,tp_pred,12,True
esmc6b_3di_widehead,Q9NDE7,Aplysia californica,peptides,true,45,True
esmc6b_3di_widehead,Q9NDE7,Aplysia californica,peptides,true,35,True
esmc6b_3di_widehead,Q9NDE7,Aplysia californica,peptides,tp_pred,45,True
esmc6b_3di_widehead,Q9NDE7,Aplysia californica,peptides,tp_pred,37,True
esmc6b_3di_widehead,Q9NDE7,Aplysia californica,peptides,fp_pred,13,False
esmc6b_3di_widehead,Q9NDE7,Aplysia californica,propeptides,true,15,False
esmc6b_3di_widehead,Q9NDE7,Aplysia californica,propeptides,true,7,False
esmc6b_3di_widehead,Q9NDE7,Aplysia californica,propeptides,true,16,False
esmc6b_3di_widehead,Q9NDE7,Aplysia californica,propeptides,fp_pred,24,False
esmc6b_3di_widehead,P0DKQ3,Conus consors,peptides,true,26,True
esmc6b_3di_widehead,P0DKQ3,Conus consors,peptides,tp_pred,25,True
esmc6b_3di_widehead,P0DKQ3,Conus consors,propeptides,true,23,True
esmc6b_3di_widehead,P0DKQ3,Conus consors,propeptides,tp_pred,23,True
esmc6b_3di_widehead,B9UIY3,Lychas mucronatus,peptides,true,17,True
esmc6b_3di_widehead,B9UIY3,Lychas mucronatus,peptides,tp_pred,17,True
esmc6b_3di_widehead,B9UIY3,Lychas mucronatus,propeptides,true,30,True
esmc6b_3di_widehead,B9UIY3,Lychas mucronatus,propeptides,tp_pred,30,True
esmc6b_3di_widehead,P0DJO3,Scorpiops tibetanus,peptides,true,14,True
esmc6b_3di_widehead,P0DJO3,Scorpiops tibetanus,peptides,tp_pred,14,True
esmc6b_3di_widehead,P0DJO3,Scorpiops tibetanus,propeptides,true,34,True
esmc6b_3di_widehead,P0DJO3,Scorpiops tibetanus,propeptides,tp_pred,34,True
esmc6b_3di_widehead,R4JQZ0,Pandinus imperator,peptides,true,13,True
esmc6b_3di_widehead,R4JQZ0,Pandinus imperator,peptides,tp_pred,13,True
esmc6b_3di_widehead,R4JQZ0,Pandinus imperator,propeptides,true,29,True
esmc6b_3di_widehead,R4JQZ0,Pandinus imperator,propeptides,tp_pred,29,True
esmc6b_3di_widehead,S6D3A7,Tityus serrulatus,peptides,true,17,True
esmc6b_3di_widehead,S6D3A7,Tityus serrulatus,peptides,tp_pred,17,True
esmc6b_3di_widehead,S6D3A7,Tityus serrulatus,propeptides,true,29,True
esmc6b_3di_widehead,S6D3A7,Tityus serrulatus,propeptides,tp_pred,29,True
esmc6b_3di_widehead,Q9GQW4,Mesobuthus martensii,peptides,true,13,True
esmc6b_3di_widehead,Q9GQW4,Mesobuthus martensii,peptides,tp_pred,13,True
esmc6b_3di_widehead,Q9GQW4,Mesobuthus martensii,propeptides,true,31,True
esmc6b_3di_widehead,Q9GQW4,Mesobuthus martensii,propeptides,tp_pred,31,True
esmc6b_3di_widehead,P0DMF5,Chaerilus tricostatus,peptides,true,15,True
esmc6b_3di_widehead,P0DMF5,Chaerilus tricostatus,peptides,tp_pred,16,True
esmc6b_3di_widehead,P0DMF5,Chaerilus tricostatus,propeptides,true,31,True
esmc6b_3di_widehead,P0DMF5,Chaerilus tricostatus,propeptides,tp_pred,31,True
esmc6b_3di_widehead,P0DMF3,Chaerilus tryznai,peptides,true,9,True
esmc6b_3di_widehead,P0DMF3,Chaerilus tryznai,peptides,tp_pred,9,True
esmc6b_3di_widehead,P0DMF3,Chaerilus tryznai,propeptides,true,29,True
esmc6b_3di_widehead,P0DMF3,Chaerilus tryznai,propeptides,tp_pred,29,True
esmc6b_3di_widehead,H2CYR5,Pandinus cavimanus,peptides,true,13,True
esmc6b_3di_widehead,H2CYR5,Pandinus cavimanus,peptides,tp_pred,13,True
esmc6b_3di_widehead,H2CYR5,Pandinus cavimanus,propeptides,true,29,True
esmc6b_3di_widehead,H2CYR5,Pandinus cavimanus,propeptides,tp_pred,29,True
esmc6b_3di_widehead,D2Y499,Californiconus californicus,peptides,true,35,False
esmc6b_3di_widehead,D2Y499,Californiconus californicus,peptides,fp_pred,28,False
esmc6b_3di_widehead,D2Y499,Californiconus californicus,propeptides,true,38,False
esmc6b_3di_widehead,D2Y499,Californiconus californicus,propeptides,fp_pred,47,False
esmc6b_3di_widehead,Q9U647,Conus textile,peptides,true,24,True
esmc6b_3di_widehead,Q9U647,Conus textile,peptides,tp_pred,24,True
esmc6b_3di_widehead,Q9U647,Conus textile,propeptides,true,28,True
esmc6b_3di_widehead,Q9U647,Conus textile,propeptides,tp_pred,30,True
esmc6b_3di_widehead,Q3YED8,Conus virgo,peptides,true,30,True
esmc6b_3di_widehead,Q3YED8,Conus virgo,peptides,tp_pred,30,True
esmc6b_3di_widehead,Q3YED8,Conus virgo,propeptides,true,29,True
esmc6b_3di_widehead,Q3YED8,Conus virgo,propeptides,tp_pred,29,True
esmc6b_3di_widehead,Q3YED5,Conus marmoreus,peptides,true,26,True
esmc6b_3di_widehead,Q3YED5,Conus marmoreus,peptides,tp_pred,26,True
esmc6b_3di_widehead,Q3YED5,Conus marmoreus,propeptides,true,27,True
esmc6b_3di_widehead,Q3YED5,Conus marmoreus,propeptides,tp_pred,27,True
esmc6b_3di_widehead,Q3YEE3,Conus miles,peptides,true,33,True
esmc6b_3di_widehead,Q3YEE3,Conus miles,peptides,tp_pred,33,True
esmc6b_3di_widehead,Q3YEE3,Conus miles,propeptides,true,27,True
esmc6b_3di_widehead,Q3YEE3,Conus miles,propeptides,tp_pred,28,True
esmc6b_3di_widehead,Q9BP84,Conus arenatus,peptides,true,30,True
esmc6b_3di_widehead,Q9BP84,Conus arenatus,peptides,tp_pred,30,True
esmc6b_3di_widehead,Q9BP84,Conus arenatus,propeptides,true,25,True
esmc6b_3di_widehead,Q9BP84,Conus arenatus,propeptides,tp_pred,25,True
esmc6b_3di_widehead,B3A0N7,Bacillus pumilus,peptides,true,14,False
esmc6b_3di_widehead,B3A0N7,Bacillus pumilus,propeptides,true,27,False
esmc6b_3di_widehead,B3A0N7,Bacillus pumilus,propeptides,fp_pred,41,False
esmc6b_3di_widehead,D3VML5,Bacillus velezensis,peptides,true,14,False
esmc6b_3di_widehead,D3VML5,Bacillus velezensis,propeptides,true,27,False
esmc6b_3di_widehead,D3VML5,Bacillus velezensis,propeptides,fp_pred,41,False
esmc6b_3di_widehead,Q86UN2,Homo sapiens,propeptides,true,21,True
esmc6b_3di_widehead,Q86UN2,Homo sapiens,propeptides,tp_pred,21,True
esmc6b_3di_widehead,Q8K0S5,Mus musculus,propeptides,true,21,True
esmc6b_3di_widehead,Q8K0S5,Mus musculus,propeptides,tp_pred,21,True
esmc6b_3di_widehead,Q80WD0,Rattus norvegicus,propeptides,true,21,True
esmc6b_3di_widehead,Q80WD0,Rattus norvegicus,propeptides,tp_pred,21,True
esmc6b_3di_widehead,Q86UN3,Homo sapiens,propeptides,true,30,False
esmc6b_3di_widehead,Q86UN3,Homo sapiens,propeptides,fp_pred,24,False
esmc6b_3di_widehead,Q7M6Z0,Mus musculus,propeptides,true,22,True
esmc6b_3di_widehead,Q7M6Z0,Mus musculus,propeptides,tp_pred,24,True
esmc6b_3di_widehead,Q80WD1,Rattus norvegicus,propeptides,true,30,False
esmc6b_3di_widehead,Q80WD1,Rattus norvegicus,propeptides,fp_pred,24,False
esmc6b_3di_widehead,P81191,Hypanus sabinus,peptides,true,27,False
esmc6b_3di_widehead,P81191,Hypanus sabinus,peptides,fp_pred,32,False
esmc6b_3di_widehead,P81191,Hypanus sabinus,peptides,fp_pred,23,False
esmc6b_3di_widehead,P81191,Hypanus sabinus,propeptides,fp_pred,22,False
esmc6b_3di_widehead,P11952,Leucoraja erinacea,peptides,true,40,False
esmc6b_3di_widehead,P11952,Leucoraja erinacea,peptides,true,24,False
esmc6b_3di_widehead,P11952,Leucoraja erinacea,peptides,fp_pred,29,False
esmc6b_3di_widehead,P11952,Leucoraja erinacea,peptides,fp_pred,34,False
esmc6b_3di_widehead,P11953,Squalus acanthias,peptides,true,30,True
esmc6b_3di_widehead,P11953,Squalus acanthias,peptides,true,24,True
esmc6b_3di_widehead,P11953,Squalus acanthias,peptides,tp_pred,30,True
esmc6b_3di_widehead,P11953,Squalus acanthias,peptides,tp_pred,24,True
esmc6b_3di_widehead,P00852,Emericella nidulans,propeptides,true,8,True
esmc6b_3di_widehead,P00852,Emericella nidulans,propeptides,tp_pred,8,True
esmc6b_3di_widehead,P29240,Diplobatis ommata,propeptides,true,25,True
esmc6b_3di_widehead,P29240,Diplobatis ommata,propeptides,tp_pred,26,True
esmc6b_3di_widehead,Q61503,Mus musculus,propeptides,true,25,True
esmc6b_3di_widehead,Q61503,Mus musculus,propeptides,tp_pred,25,True
esmc6b_3di_widehead,P0DMX6,Anemonia viridis,peptides,fp_pred,43,False
esmc6b_3di_widehead,P0DMX6,Anemonia viridis,propeptides,true,12,True
esmc6b_3di_widehead,P0DMX6,Anemonia viridis,propeptides,tp_pred,14,True
esmc6b_3di_widehead,Q9ZUJ5,Arabidopsis thaliana,propeptides,true,23,False
esmc6b_3di_widehead,Q9ZUJ5,Arabidopsis thaliana,propeptides,fp_pred,27,False
esmc6b_3di_widehead,Q1W694,Loxosceles intermedia,propeptides,true,8,True
esmc6b_3di_widehead,Q1W694,Loxosceles intermedia,propeptides,tp_pred,8,True
esmc6b_3di_widehead,P19872,Locusta migratoria,peptides,true,8,True
esmc6b_3di_widehead,P19872,Locusta migratoria,peptides,true,44,False
esmc6b_3di_widehead,P19872,Locusta migratoria,peptides,tp_pred,8,True
esmc6b_3di_widehead,P18830,Schistocerca nitens,peptides,true,10,True
esmc6b_3di_widehead,P18830,Schistocerca nitens,peptides,true,28,True
esmc6b_3di_widehead,P18830,Schistocerca nitens,peptides,tp_pred,10,True
esmc6b_3di_widehead,P18830,Schistocerca nitens,peptides,tp_pred,28,True
esmc6b_3di_widehead,P08379,Locusta migratoria,peptides,true,8,True
esmc6b_3di_widehead,P08379,Locusta migratoria,peptides,true,28,False
esmc6b_3di_widehead,P08379,Locusta migratoria,peptides,tp_pred,8,True
esmc6b_3di_widehead,P10968,Triticum aestivum,propeptides,true,15,True
esmc6b_3di_widehead,P10968,Triticum aestivum,propeptides,tp_pred,17,True
esmc6b_3di_widehead,D4AT07,Arthroderma benhamiae,propeptides,true,25,True
esmc6b_3di_widehead,D4AT07,Arthroderma benhamiae,propeptides,tp_pred,25,True
esmc6b_3di_widehead,Q4WMA6,Neosartorya fumigata,propeptides,true,22,True
esmc6b_3di_widehead,Q4WMA6,Neosartorya fumigata,propeptides,tp_pred,22,True
esmc6b_3di_widehead,D4AXU8,Arthroderma benhamiae,propeptides,true,23,True
esmc6b_3di_widehead,D4AXU8,Arthroderma benhamiae,propeptides,tp_pred,23,True
esmc6b_3di_widehead,Q4WNE1,Neosartorya fumigata,propeptides,true,26,True
esmc6b_3di_widehead,Q4WNE1,Neosartorya fumigata,propeptides,tp_pred,26,True
esmc6b_3di_widehead,Q8HZM6,Equus caballus,peptides,true,25,False
esmc6b_3di_widehead,Q8HZM6,Equus caballus,propeptides,fp_pred,35,False
esmc6b_3di_widehead,P04083,Homo sapiens,peptides,true,25,False
esmc6b_3di_widehead,P09196,Pelophylax ridibundus,peptides,true,27,False
esmc6b_3di_widehead,P09196,Pelophylax ridibundus,peptides,fp_pred,23,False
esmc6b_3di_widehead,Q85Q99,Candida glabrata,propeptides,true,11,False
esmc6b_3di_widehead,Q85Q99,Candida glabrata,propeptides,fp_pred,7,False
esmc6b_3di_widehead,P0DMX9,Anemonia viridis,peptides,fp_pred,43,False
esmc6b_3di_widehead,P0DMX9,Anemonia viridis,propeptides,true,12,True
esmc6b_3di_widehead,P0DMX9,Anemonia viridis,propeptides,tp_pred,14,True
esmc6b_3di_widehead,P59906,Dicentrarchus labrax,peptides,true,22,True
esmc6b_3di_widehead,P59906,Dicentrarchus labrax,peptides,tp_pred,21,True
esmc6b_3di_widehead,P59906,Dicentrarchus labrax,propeptides,true,33,True
esmc6b_3di_widehead,P59906,Dicentrarchus labrax,propeptides,tp_pred,34,True
esmc6b_3di_widehead,P27197,Chloroflexus aurantiacus,propeptides,true,24,False
esmc6b_3di_widehead,P27197,Chloroflexus aurantiacus,propeptides,fp_pred,28,False
esmc6b_3di_widehead,P0CE79,Loxosceles reclusa,propeptides,true,8,True
esmc6b_3di_widehead,P0CE79,Loxosceles reclusa,propeptides,tp_pred,8,True
esmc6b_3di_widehead,P0CE81,Loxosceles intermedia,propeptides,true,8,True
esmc6b_3di_widehead,P0CE81,Loxosceles intermedia,propeptides,tp_pred,8,True
esmc6b_3di_widehead,B2KKV6,Loxosceles intermedia,propeptides,true,8,True
esmc6b_3di_widehead,B2KKV6,Loxosceles intermedia,propeptides,tp_pred,8,True
esmc6b_3di_widehead,Q5XF51,Arabidopsis thaliana,propeptides,true,26,False
esmc6b_3di_widehead,Q5XF51,Arabidopsis thaliana,propeptides,fp_pred,32,False
esmc6b_3di_widehead,B2KKW0,Loxosceles intermedia,propeptides,true,8,True
esmc6b_3di_widehead,B2KKW0,Loxosceles intermedia,propeptides,tp_pred,8,True
esmc6b_3di_widehead,D4B3I5,Arthroderma benhamiae,propeptides,true,23,True
esmc6b_3di_widehead,D4B3I5,Arthroderma benhamiae,propeptides,tp_pred,24,True
esmc6b_3di_widehead,Q64277,Mus musculus,propeptides,true,25,True
esmc6b_3di_widehead,Q64277,Mus musculus,propeptides,tp_pred,25,True
esmc6b_3di_widehead,Q63072,Rattus norvegicus,propeptides,true,25,False
esmc6b_3di_widehead,Q63072,Rattus norvegicus,propeptides,fp_pred,32,False
esmc6b_3di_widehead,Q05927,Bos taurus,propeptides,true,25,True
esmc6b_3di_widehead,Q05927,Bos taurus,propeptides,tp_pred,25,True
esmc6b_3di_widehead,P35807,Schistocerca nitens,peptides,true,8,True
esmc6b_3di_widehead,P35807,Schistocerca nitens,peptides,true,28,False
esmc6b_3di_widehead,P35807,Schistocerca nitens,peptides,tp_pred,8,True
esmc6b_3di_widehead,P14749,Cyamopsis tetragonoloba,propeptides,true,23,True
esmc6b_3di_widehead,P14749,Cyamopsis tetragonoloba,propeptides,tp_pred,23,True
esmc6b_3di_widehead,P21808,Bombyx mori,peptides,true,28,True
esmc6b_3di_widehead,P21808,Bombyx mori,peptides,true,20,True
esmc6b_3di_widehead,P21808,Bombyx mori,peptides,tp_pred,28,True
esmc6b_3di_widehead,P21808,Bombyx mori,peptides,tp_pred,20,True
esmc6b_3di_widehead,P21808,Bombyx mori,propeptides,true,26,True
esmc6b_3di_widehead,P21808,Bombyx mori,propeptides,tp_pred,26,True
esmc6b_3di_widehead,O61271,Bombyx mori,peptides,true,27,True
esmc6b_3di_widehead,O61271,Bombyx mori,peptides,true,21,True
esmc6b_3di_widehead,O61271,Bombyx mori,peptides,tp_pred,27,True
esmc6b_3di_widehead,O61271,Bombyx mori,peptides,tp_pred,21,True
esmc6b_3di_widehead,O61271,Bombyx mori,propeptides,true,19,True
esmc6b_3di_widehead,O61271,Bombyx mori,propeptides,tp_pred,19,True
esmc6b_3di_widehead,A0A5C1ZXT8,Conus purpurascens,propeptides,true,33,True
esmc6b_3di_widehead,A0A5C1ZXT8,Conus purpurascens,propeptides,tp_pred,31,True
esmc6b_3di_widehead,P51662,Oryctolagus cuniculus,peptides,true,25,False
esmc6b_3di_widehead,P52826,Columba livia,propeptides,true,30,False
esmc6b_3di_widehead,P52826,Columba livia,propeptides,fp_pred,22,False
esmc6b_3di_widehead,P01360,Aplysia californica,peptides,true,34,False
esmc6b_3di_widehead,P01360,Aplysia californica,peptides,true,36,True
esmc6b_3di_widehead,P01360,Aplysia californica,peptides,true,18,True
esmc6b_3di_widehead,P01360,Aplysia californica,peptides,fp_pred,6,False
esmc6b_3di_widehead,P01360,Aplysia californica,peptides,fp_pred,20,False
esmc6b_3di_widehead,P01360,Aplysia californica,peptides,fp_pred,19,False
esmc6b_3di_widehead,P01360,Aplysia californica,peptides,tp_pred,36,True
esmc6b_3di_widehead,P01360,Aplysia californica,peptides,tp_pred,18,True
esmc6b_3di_widehead,P01360,Aplysia californica,propeptides,true,13,False
esmc6b_3di_widehead,P01360,Aplysia californica,propeptides,true,42,False
esmc6b_3di_widehead,Q9NZH6,Homo sapiens,propeptides,true,45,False
esmc6b_3di_widehead,Q9NZH6,Homo sapiens,propeptides,fp_pred,52,False
esmc6b_3di_widehead,P09221,Bacillus sp.,propeptides,true,11,True
esmc6b_3di_widehead,P09221,Bacillus sp.,propeptides,tp_pred,11,True
esmc6b_3di_widehead,O15946,Bombyx mori,peptides,true,32,True
esmc6b_3di_widehead,O15946,Bombyx mori,peptides,fp_pred,21,False
esmc6b_3di_widehead,O15946,Bombyx mori,peptides,tp_pred,32,True
esmc6b_3di_widehead,O15946,Bombyx mori,propeptides,true,27,True
esmc6b_3di_widehead,O15946,Bombyx mori,propeptides,tp_pred,25,True
esmc6b_3di_widehead,O23006,Arabidopsis thaliana,propeptides,true,32,False
esmc6b_3di_widehead,O23006,Arabidopsis thaliana,propeptides,fp_pred,26,False
esmc6b_3di_widehead,Q5F1N4,Mesobuthus martensii,propeptides,true,11,False
esmc6b_3di_widehead,P48679,Rattus norvegicus,propeptides,true,15,False
esmc6b_3di_widehead,P17981,Mus musculus,propeptides,true,29,True
esmc6b_3di_widehead,P17981,Mus musculus,propeptides,tp_pred,28,True
esmc6b_3di_widehead,P17982,Rattus norvegicus,propeptides,true,29,True
esmc6b_3di_widehead,P17982,Rattus norvegicus,propeptides,tp_pred,29,True
esmc6b_3di_widehead,O35975,Mus musculus,propeptides,true,29,True
esmc6b_3di_widehead,O35975,Mus musculus,propeptides,tp_pred,27,True
esmc6b_3di_widehead,P20974,Rattus norvegicus,propeptides,true,29,True
esmc6b_3di_widehead,P20974,Rattus norvegicus,propeptides,tp_pred,29,True
esmc6b_3di_widehead,Q93070,Homo sapiens,propeptides,true,29,True
esmc6b_3di_widehead,Q93070,Homo sapiens,propeptides,tp_pred,29,True
esmc6b_3di_widehead,Q9CRA0,Mus musculus,propeptides,true,36,False
esmc6b_3di_widehead,Q9CRA0,Mus musculus,propeptides,fp_pred,32,False
esmc6b_3di_widehead,Q95NE0,Pan troglodytes,propeptides,true,29,True
esmc6b_3di_widehead,Q95NE0,Pan troglodytes,propeptides,tp_pred,29,True
esmc6b_3di_widehead,Q66S08,Thalassophryne nattereri,peptides,true,26,False
esmc6b_3di_widehead,Q66S08,Thalassophryne nattereri,peptides,fp_pred,10,False
esmc6b_3di_widehead,Q66S08,Thalassophryne nattereri,propeptides,true,27,False
esmc6b_3di_widehead,Q66S08,Thalassophryne nattereri,propeptides,fp_pred,43,False
esmc6b_3di_widehead,P0DMZ1,Anemonia viridis,peptides,fp_pred,46,False
esmc6b_3di_widehead,P0DMZ1,Anemonia viridis,propeptides,true,12,True
esmc6b_3di_widehead,P0DMZ1,Anemonia viridis,propeptides,tp_pred,12,True
esmc6b_3di_widehead,Q9NJQ2,Actinia equina,propeptides,true,7,True
esmc6b_3di_widehead,Q9NJQ2,Actinia equina,propeptides,tp_pred,7,True
esmc6b_3di_widehead,B1NWU2,Actinia equina,peptides,fp_pred,26,False
esmc6b_3di_widehead,B1NWU2,Actinia equina,propeptides,true,7,True
esmc6b_3di_widehead,B1NWU2,Actinia equina,propeptides,tp_pred,7,True
esmc6b_3di_widehead,B1NWU3,Actinia equina,peptides,fp_pred,26,False
esmc6b_3di_widehead,B1NWU3,Actinia equina,propeptides,true,7,True
esmc6b_3di_widehead,B1NWU3,Actinia equina,propeptides,tp_pred,7,True
esmc6b_3di_widehead,P0DL50,Anemonia viridis,peptides,fp_pred,47,False
esmc6b_3di_widehead,P0DL50,Anemonia viridis,propeptides,true,10,True
esmc6b_3di_widehead,P0DL50,Anemonia viridis,propeptides,tp_pred,10,True
esmc6b_3di_widehead,B1NWU4,Actinia equina,peptides,fp_pred,26,False
esmc6b_3di_widehead,B1NWU4,Actinia equina,propeptides,true,7,True
esmc6b_3di_widehead,B1NWU4,Actinia equina,propeptides,tp_pred,7,True
esmc6b_3di_widehead,P0DL51,Anemonia viridis,peptides,fp_pred,47,False
esmc6b_3di_widehead,P0DL51,Anemonia viridis,propeptides,true,10,True
esmc6b_3di_widehead,P0DL51,Anemonia viridis,propeptides,tp_pred,10,True
esmc6b_3di_widehead,P0DL52,Anemonia viridis,peptides,fp_pred,47,False
esmc6b_3di_widehead,P0DL52,Anemonia viridis,propeptides,true,10,True
esmc6b_3di_widehead,P0DL52,Anemonia viridis,propeptides,tp_pred,10,True
esmc6b_3di_widehead,P0DL53,Anemonia viridis,peptides,fp_pred,47,False
esmc6b_3di_widehead,P0DL53,Anemonia viridis,propeptides,true,10,True
esmc6b_3di_widehead,P0DL53,Anemonia viridis,propeptides,tp_pred,10,True
esmc6b_3di_widehead,P0DL54,Anemonia viridis,peptides,fp_pred,47,False
esmc6b_3di_widehead,P0DL54,Anemonia viridis,propeptides,true,10,True
esmc6b_3di_widehead,P0DL54,Anemonia viridis,propeptides,tp_pred,10,True
esmc6b_3di_widehead,B1NWT7,Anemonia viridis,peptides,fp_pred,47,False
esmc6b_3di_widehead,B1NWT7,Anemonia viridis,propeptides,true,9,True
esmc6b_3di_widehead,B1NWT7,Anemonia viridis,propeptides,tp_pred,9,True
esmc6b_3di_widehead,P0DL49,Anemonia viridis,peptides,fp_pred,47,False
esmc6b_3di_widehead,P0DL49,Anemonia viridis,propeptides,true,10,True
esmc6b_3di_widehead,P0DL49,Anemonia viridis,propeptides,tp_pred,10,True
esmc6b_3di_widehead,B1NWU5,Actinia equina,peptides,fp_pred,26,False
esmc6b_3di_widehead,B1NWU5,Actinia equina,propeptides,true,7,True
esmc6b_3di_widehead,B1NWU5,Actinia equina,propeptides,tp_pred,7,True
esmc6b_3di_widehead,P69928,Antheopsis maculata,peptides,true,47,True
esmc6b_3di_widehead,P69928,Antheopsis maculata,peptides,tp_pred,48,True
esmc6b_3di_widehead,P69928,Antheopsis maculata,propeptides,true,5,True
esmc6b_3di_widehead,P69928,Antheopsis maculata,propeptides,tp_pred,7,True
esmc6b_3di_widehead,B1NWU6,Actinia equina,peptides,fp_pred,26,False
esmc6b_3di_widehead,B1NWU6,Actinia equina,propeptides,true,6,True
esmc6b_3di_widehead,B1NWU6,Actinia equina,propeptides,tp_pred,6,True
esmc6b_3di_widehead,B1NWT3,Anemonia viridis,peptides,fp_pred,38,False
esmc6b_3di_widehead,B1NWT3,Anemonia viridis,propeptides,true,11,True
esmc6b_3di_widehead,B1NWT3,Anemonia viridis,propeptides,tp_pred,11,True
esmc6b_3di_widehead,B1NWT4,Anemonia viridis,peptides,fp_pred,40,False
esmc6b_3di_widehead,B1NWT4,Anemonia viridis,propeptides,true,12,True
esmc6b_3di_widehead,B1NWT4,Anemonia viridis,propeptides,tp_pred,14,True
esmc6b_3di_widehead,B1NWT5,Anemonia viridis,peptides,fp_pred,49,False
esmc6b_3di_widehead,B1NWT5,Anemonia viridis,propeptides,true,11,True
esmc6b_3di_widehead,B1NWT5,Anemonia viridis,propeptides,tp_pred,11,True
esmc6b_3di_widehead,D2KX90,Cryptodendrum adhaesivum,propeptides,true,14,True
esmc6b_3di_widehead,D2KX90,Cryptodendrum adhaesivum,propeptides,tp_pred,14,True
esmc6b_3di_widehead,D2KX92,Thalassianthus aster,propeptides,true,14,True
esmc6b_3di_widehead,D2KX92,Thalassianthus aster,propeptides,tp_pred,14,True
esmc6b_3di_widehead,B1NWS4,Nematostella vectensis,propeptides,true,16,True
esmc6b_3di_widehead,B1NWS4,Nematostella vectensis,propeptides,tp_pred,18,True
esmc6b_3di_widehead,B1NWS1,Nematostella vectensis,propeptides,true,16,True
esmc6b_3di_widehead,B1NWS1,Nematostella vectensis,propeptides,tp_pred,16,True
esmc6b_3di_widehead,B1NWR6,Nematostella vectensis,propeptides,true,16,True
esmc6b_3di_widehead,B1NWR6,Nematostella vectensis,propeptides,tp_pred,18,True
esmc6b_3di_widehead,P0CH90,Nematostella vectensis,propeptides,true,16,True
esmc6b_3di_widehead,P0CH90,Nematostella vectensis,propeptides,tp_pred,16,True
esmc6b_3di_widehead,P0CH46,Nematostella vectensis,propeptides,true,16,True
esmc6b_3di_widehead,P0CH46,Nematostella vectensis,propeptides,tp_pred,18,True
esmc6b_3di_widehead,P30832,Heteractis crispa,peptides,true,12,False
esmc6b_3di_widehead,P30832,Heteractis crispa,peptides,true,35,False
esmc6b_3di_widehead,B1NWS8,Nematostella vectensis,propeptides,true,16,True
esmc6b_3di_widehead,B1NWS8,Nematostella vectensis,propeptides,tp_pred,16,True
esmc6b_3di_widehead,A7SCE5,Nematostella vectensis,propeptides,true,16,True
esmc6b_3di_widehead,A7SCE5,Nematostella vectensis,propeptides,tp_pred,16,True
esmc6b_3di_widehead,B1NWR7,Nematostella vectensis,propeptides,true,16,True
esmc6b_3di_widehead,B1NWR7,Nematostella vectensis,propeptides,tp_pred,18,True
esmc6b_3di_widehead,B1B5I9,Stichodactyla haddoni,peptides,fp_pred,48,False
esmc6b_3di_widehead,B1B5I9,Stichodactyla haddoni,propeptides,true,14,True
esmc6b_3di_widehead,B1B5I9,Stichodactyla haddoni,propeptides,tp_pred,14,True
esmc6b_3di_widehead,P0CH45,Nematostella vectensis,propeptides,true,16,True
esmc6b_3di_widehead,P0CH45,Nematostella vectensis,propeptides,tp_pred,16,True
esmc6b_3di_widehead,Q76CA0,Stichodactyla gigantea,propeptides,true,14,True
esmc6b_3di_widehead,Q76CA0,Stichodactyla gigantea,propeptides,tp_pred,14,True
esmc6b_3di_widehead,D2KX91,Heterodactyla hemprichii,propeptides,true,14,True
esmc6b_3di_widehead,D2KX91,Heterodactyla hemprichii,propeptides,tp_pred,14,True
esmc6b_3di_widehead,Q9GU57,Conus gloriamaris,peptides,true,27,True
esmc6b_3di_widehead,Q9GU57,Conus gloriamaris,peptides,tp_pred,27,True
esmc6b_3di_widehead,Q9GU57,Conus gloriamaris,propeptides,true,31,True
esmc6b_3di_widehead,Q9GU57,Conus gloriamaris,propeptides,tp_pred,33,True
esmc6b_3di_widehead,P01335,Cyprinus carpio,peptides,true,30,True
esmc6b_3di_widehead,P01335,Cyprinus carpio,peptides,true,21,True
esmc6b_3di_widehead,P01335,Cyprinus carpio,peptides,tp_pred,30,True
esmc6b_3di_widehead,P01335,Cyprinus carpio,peptides,tp_pred,21,True
esmc6b_3di_widehead,P01335,Cyprinus carpio,propeptides,true,32,True
esmc6b_3di_widehead,P01335,Cyprinus carpio,propeptides,tp_pred,33,True
esmc6b_3di_widehead,O73727,Danio rerio,peptides,true,30,True
esmc6b_3di_widehead,O73727,Danio rerio,peptides,true,21,True
esmc6b_3di_widehead,O73727,Danio rerio,peptides,tp_pred,30,True
esmc6b_3di_widehead,O73727,Danio rerio,peptides,tp_pred,21,True
esmc6b_3di_widehead,O73727,Danio rerio,propeptides,true,31,True
esmc6b_3di_widehead,O73727,Danio rerio,propeptides,tp_pred,32,True
esmc6b_3di_widehead,A0A0B5A8Q2,Conus geographus,peptides,true,22,False
esmc6b_3di_widehead,A0A0B5A8Q2,Conus geographus,peptides,true,20,True
esmc6b_3di_widehead,A0A0B5A8Q2,Conus geographus,peptides,fp_pred,28,False
esmc6b_3di_widehead,A0A0B5A8Q2,Conus geographus,peptides,tp_pred,21,True
esmc6b_3di_widehead,A0A0B5A8Q2,Conus geographus,propeptides,true,5,False
esmc6b_3di_widehead,A0A0B5A8Q2,Conus geographus,propeptides,true,43,True
esmc6b_3di_widehead,A0A0B5A8Q2,Conus geographus,propeptides,tp_pred,40,True
esmc6b_3di_widehead,P18109,Didelphis virginiana,peptides,true,30,False
esmc6b_3di_widehead,P18109,Didelphis virginiana,peptides,true,21,False
esmc6b_3di_widehead,P18109,Didelphis virginiana,peptides,fp_pred,50,False
esmc6b_3di_widehead,P01316,Elephas maximus,peptides,true,30,False
esmc6b_3di_widehead,P01316,Elephas maximus,peptides,true,21,False
esmc6b_3di_widehead,P01316,Elephas maximus,peptides,fp_pred,50,False
esmc6b_3di_widehead,A0A0B5ABE4,Conus quercinus,peptides,true,34,False
esmc6b_3di_widehead,A0A0B5ABE4,Conus quercinus,peptides,true,38,False
esmc6b_3di_widehead,A0A0B5ABE4,Conus quercinus,peptides,fp_pred,42,False
esmc6b_3di_widehead,A0A0B5ABE4,Conus quercinus,peptides,fp_pred,27,False
esmc6b_3di_widehead,A0A0B5ABE4,Conus quercinus,propeptides,true,34,False
esmc6b_3di_widehead,A0A0B5ABE4,Conus quercinus,propeptides,fp_pred,33,False
esmc6b_3di_widehead,P06306,Felis catus,peptides,true,30,True
esmc6b_3di_widehead,P06306,Felis catus,peptides,true,21,True
esmc6b_3di_widehead,P06306,Felis catus,peptides,tp_pred,30,True
esmc6b_3di_widehead,P06306,Felis catus,peptides,tp_pred,21,True
esmc6b_3di_widehead,P06306,Felis catus,propeptides,true,31,False
esmc6b_3di_widehead,P01336,Gadus morhua subsp. callarias,peptides,true,30,False
esmc6b_3di_widehead,P01336,Gadus morhua subsp. callarias,peptides,true,21,False
esmc6b_3di_widehead,A0A0B5AC90,Conus tulipa,peptides,true,22,False
esmc6b_3di_widehead,A0A0B5AC90,Conus tulipa,peptides,true,20,True
esmc6b_3di_widehead,A0A0B5AC90,Conus tulipa,peptides,fp_pred,33,False
esmc6b_3di_widehead,A0A0B5AC90,Conus tulipa,peptides,tp_pred,21,True
esmc6b_3di_widehead,A0A0B5AC90,Conus tulipa,propeptides,true,5,False
esmc6b_3di_widehead,A0A0B5AC90,Conus tulipa,propeptides,true,43,False
esmc6b_3di_widehead,A0A0B5AC90,Conus tulipa,propeptides,fp_pred,33,False
esmc6b_3di_widehead,Q6YK33,Gorilla gorilla gorilla,peptides,true,30,True
esmc6b_3di_widehead,Q6YK33,Gorilla gorilla gorilla,peptides,true,21,True
esmc6b_3di_widehead,Q6YK33,Gorilla gorilla gorilla,peptides,tp_pred,30,True
esmc6b_3di_widehead,Q6YK33,Gorilla gorilla gorilla,peptides,tp_pred,21,True
esmc6b_3di_widehead,Q6YK33,Gorilla gorilla gorilla,propeptides,true,31,False
esmc6b_3di_widehead,P01310,Equus caballus,peptides,true,30,True
esmc6b_3di_widehead,P01310,Equus caballus,peptides,true,21,True
esmc6b_3di_widehead,P01310,Equus caballus,peptides,tp_pred,30,True
esmc6b_3di_widehead,P01310,Equus caballus,peptides,tp_pred,21,True
esmc6b_3di_widehead,P01310,Equus caballus,propeptides,true,31,True
esmc6b_3di_widehead,P01310,Equus caballus,propeptides,tp_pred,33,True
esmc6b_3di_widehead,A0A0B5A7P2,Conus geographus,peptides,true,23,False
esmc6b_3di_widehead,A0A0B5A7P2,Conus geographus,peptides,true,21,True
esmc6b_3di_widehead,A0A0B5A7P2,Conus geographus,peptides,fp_pred,33,False
esmc6b_3di_widehead,A0A0B5A7P2,Conus geographus,peptides,tp_pred,21,True
esmc6b_3di_widehead,A0A0B5A7P2,Conus geographus,propeptides,true,5,False
esmc6b_3di_widehead,A0A0B5A7P2,Conus geographus,propeptides,true,42,False
esmc6b_3di_widehead,A0A0B5A7P2,Conus geographus,propeptides,fp_pred,33,False
esmc6b_3di_widehead,P81025,Oreochromis niloticus,peptides,true,30,True
esmc6b_3di_widehead,P81025,Oreochromis niloticus,peptides,true,21,True
esmc6b_3di_widehead,P81025,Oreochromis niloticus,peptides,tp_pred,29,True
esmc6b_3di_widehead,P81025,Oreochromis niloticus,peptides,tp_pred,21,True
esmc6b_3di_widehead,P81025,Oreochromis niloticus,propeptides,true,35,True
esmc6b_3di_widehead,P81025,Oreochromis niloticus,propeptides,tp_pred,36,True
esmc6b_3di_widehead,A0A0B5ABD9,Conus geographus,peptides,true,34,False
esmc6b_3di_widehead,A0A0B5ABD9,Conus geographus,peptides,true,38,False
esmc6b_3di_widehead,A0A0B5ABD9,Conus geographus,peptides,fp_pred,43,False
esmc6b_3di_widehead,A0A0B5ABD9,Conus geographus,propeptides,true,34,False
esmc6b_3di_widehead,A0A0B5ABD9,Conus geographus,propeptides,fp_pred,18,False
esmc6b_3di_widehead,Q9TQY7,Ornithorhynchus anatinus,peptides,true,30,False
esmc6b_3di_widehead,Q9TQY7,Ornithorhynchus anatinus,peptides,true,21,True
esmc6b_3di_widehead,Q9TQY7,Ornithorhynchus anatinus,peptides,tp_pred,22,True
esmc6b_3di_widehead,C0HJI4,Pagrus major,peptides,true,30,False
esmc6b_3di_widehead,C0HJI4,Pagrus major,peptides,true,21,False
esmc6b_3di_widehead,A0A0B5A7N1,Conus floridulus,peptides,true,34,False
esmc6b_3di_widehead,A0A0B5A7N1,Conus floridulus,peptides,true,38,False
esmc6b_3di_widehead,A0A0B5A7N1,Conus floridulus,peptides,fp_pred,39,False
esmc6b_3di_widehead,A0A0B5A7N1,Conus floridulus,peptides,fp_pred,28,False
esmc6b_3di_widehead,A0A0B5A7N1,Conus floridulus,propeptides,true,31,False
esmc6b_3di_widehead,A0A0B5A7N1,Conus floridulus,propeptides,fp_pred,33,False
esmc6b_3di_widehead,Q98TA8,Pantodon buchholzi,peptides,true,30,True
esmc6b_3di_widehead,Q98TA8,Pantodon buchholzi,peptides,true,21,True
esmc6b_3di_widehead,Q98TA8,Pantodon buchholzi,peptides,tp_pred,30,True
esmc6b_3di_widehead,Q98TA8,Pantodon buchholzi,peptides,tp_pred,21,True
esmc6b_3di_widehead,Q98TA8,Pantodon buchholzi,propeptides,true,32,True
esmc6b_3di_widehead,Q98TA8,Pantodon buchholzi,propeptides,tp_pred,32,True
esmc6b_3di_widehead,A0A0B5ADT3,Conus geographus,peptides,true,35,False
esmc6b_3di_widehead,A0A0B5ADT3,Conus geographus,peptides,true,37,False
esmc6b_3di_widehead,A0A0B5ADT3,Conus geographus,peptides,fp_pred,43,False
esmc6b_3di_widehead,A0A0B5ADT3,Conus geographus,propeptides,true,34,False
esmc6b_3di_widehead,P30410,Pan troglodytes,peptides,true,30,True
esmc6b_3di_widehead,P30410,Pan troglodytes,peptides,true,21,True
esmc6b_3di_widehead,P30410,Pan troglodytes,peptides,tp_pred,30,True
esmc6b_3di_widehead,P30410,Pan troglodytes,peptides,tp_pred,21,True
esmc6b_3di_widehead,P30410,Pan troglodytes,propeptides,true,31,True
esmc6b_3di_widehead,P30410,Pan troglodytes,propeptides,tp_pred,31,True
esmc6b_3di_widehead,P68987,Petromyzon marinus,peptides,true,36,False
esmc6b_3di_widehead,P68987,Petromyzon marinus,peptides,true,21,False
esmc6b_3di_widehead,P68987,Petromyzon marinus,peptides,fp_pred,49,False
esmc6b_3di_widehead,P81881,Piaractus mesopotamicus,peptides,true,31,False
esmc6b_3di_widehead,P81881,Piaractus mesopotamicus,peptides,true,21,False
esmc6b_3di_widehead,P01323,Rattus norvegicus,peptides,true,30,True
esmc6b_3di_widehead,P01323,Rattus norvegicus,peptides,true,21,True
esmc6b_3di_widehead,P01323,Rattus norvegicus,peptides,tp_pred,30,True
esmc6b_3di_widehead,P01323,Rattus norvegicus,peptides,tp_pred,21,True
esmc6b_3di_widehead,P01323,Rattus norvegicus,propeptides,true,31,True
esmc6b_3di_widehead,P01323,Rattus norvegicus,propeptides,tp_pred,31,True
esmc6b_3di_widehead,C0HJT9,Seriola quinqueradiata,peptides,true,30,False
esmc6b_3di_widehead,C0HJT9,Seriola quinqueradiata,peptides,true,21,False
esmc6b_3di_widehead,C0HJI6,Thunnus orientalis,peptides,true,30,False
esmc6b_3di_widehead,C0HJI6,Thunnus orientalis,peptides,true,21,False
esmc6b_3di_widehead,P01318,Ovis aries,peptides,true,30,True
esmc6b_3di_widehead,P01318,Ovis aries,peptides,true,21,True
esmc6b_3di_widehead,P01318,Ovis aries,peptides,tp_pred,30,True
esmc6b_3di_widehead,P01318,Ovis aries,peptides,tp_pred,21,True
esmc6b_3di_widehead,P01318,Ovis aries,propeptides,true,26,False
esmc6b_3di_widehead,Q03877,Trypanosoma cruzi,propeptides,true,23,False
esmc6b_3di_widehead,P33680,Mus musculus,peptides,true,15,False
esmc6b_3di_widehead,O13009,Sus scrofa,peptides,true,16,True
esmc6b_3di_widehead,O13009,Sus scrofa,peptides,tp_pred,16,True
esmc6b_3di_widehead,Q9WUK0,Rattus norvegicus,peptides,true,26,True
esmc6b_3di_widehead,Q9WUK0,Rattus norvegicus,peptides,tp_pred,26,True
esmc6b_3di_widehead,Q7KUD5,Drosophila melanogaster,peptides,true,28,True
esmc6b_3di_widehead,Q7KUD5,Drosophila melanogaster,peptides,true,25,True
esmc6b_3di_widehead,Q7KUD5,Drosophila melanogaster,peptides,tp_pred,28,True
esmc6b_3di_widehead,Q7KUD5,Drosophila melanogaster,peptides,tp_pred,22,True
esmc6b_3di_widehead,Q7KUD5,Drosophila melanogaster,propeptides,true,29,False
esmc6b_3di_widehead,Q7KUD5,Drosophila melanogaster,propeptides,fp_pred,34,False
esmc6b_3di_widehead,P17974,Ralstonia solanacearum,propeptides,true,26,False
esmc6b_3di_widehead,P17974,Ralstonia solanacearum,propeptides,fp_pred,31,False
esmc6b_3di_widehead,D2Y297,Cyriopagopus hainanus,peptides,true,39,False
esmc6b_3di_widehead,D2Y297,Cyriopagopus hainanus,propeptides,fp_pred,53,False
esmc6b_3di_widehead,D2Y270,Cyriopagopus hainanus,peptides,true,39,False
esmc6b_3di_widehead,D2Y270,Cyriopagopus hainanus,propeptides,fp_pred,53,False
esmc6b_3di_widehead,D2Y292,Cyriopagopus hainanus,peptides,true,39,False
esmc6b_3di_widehead,D2Y292,Cyriopagopus hainanus,propeptides,fp_pred,53,False
esmc6b_3di_widehead,Q9AYP9,Phytolacca americana,propeptides,true,18,False
esmc6b_3di_widehead,Q9AYP9,Phytolacca americana,propeptides,true,24,False
esmc6b_3di_widehead,P48678,Mus musculus,propeptides,true,15,False
esmc6b_3di_widehead,C0HKS4,Agrotis ipsilon,peptides,true,18,False
esmc6b_3di_widehead,C0HKS4,Agrotis ipsilon,peptides,fp_pred,24,False
esmc6b_3di_widehead,C0HKS4,Agrotis ipsilon,peptides,fp_pred,20,False
esmc6b_3di_widehead,C0HKS4,Agrotis ipsilon,propeptides,true,24,False
esmc6b_3di_widehead,C0HKS4,Agrotis ipsilon,propeptides,true,20,False
esmc6b_3di_widehead,C0HKS4,Agrotis ipsilon,propeptides,fp_pred,19,False
esmc6b_3di_widehead,Q7MXK0,Porphyromonas gingivalis,propeptides,true,35,False
esmc6b_3di_widehead,Q7MXK0,Porphyromonas gingivalis,propeptides,fp_pred,36,False
esmc6b_3di_widehead,Q27441,Aplysia californica,peptides,true,40,True
esmc6b_3di_widehead,Q27441,Aplysia californica,peptides,true,31,False
esmc6b_3di_widehead,Q27441,Aplysia californica,peptides,tp_pred,40,True
esmc6b_3di_widehead,Q27441,Aplysia californica,propeptides,fp_pred,28,False
esmc6b_3di_widehead,Q8I6V7,Conus regius,peptides,true,30,False
esmc6b_3di_widehead,Q8I6V7,Conus regius,peptides,fp_pred,35,False
esmc6b_3di_widehead,Q8I6V7,Conus regius,propeptides,true,40,False
esmc6b_3di_widehead,Q8I6V7,Conus regius,propeptides,fp_pred,30,False
esmc6b_3di_widehead,Q9LFW3,Arabidopsis thaliana,propeptides,true,17,False
esmc6b_3di_widehead,Q9LFW3,Arabidopsis thaliana,propeptides,fp_pred,22,False
esmc6b_3di_widehead,Q7LZ09,Macrovipera lebetina,peptides,true,37,True
esmc6b_3di_widehead,Q7LZ09,Macrovipera lebetina,peptides,tp_pred,38,True
esmc6b_3di_widehead,P01579,Homo sapiens,peptides,fp_pred,15,False
esmc6b_3di_widehead,P01579,Homo sapiens,propeptides,true,5,False
esmc6b_3di_widehead,P01579,Homo sapiens,propeptides,fp_pred,12,False
esmc6b_3di_widehead,P01324,Acomys cahirinus,peptides,true,30,False
esmc6b_3di_widehead,P01324,Acomys cahirinus,peptides,true,21,True
esmc6b_3di_widehead,P01324,Acomys cahirinus,peptides,tp_pred,22,True
esmc6b_3di_widehead,P07453,Myoxocephalus scorpius,peptides,true,29,False
esmc6b_3di_widehead,P07453,Myoxocephalus scorpius,peptides,true,21,False
esmc6b_3di_widehead,P01308,Homo sapiens,peptides,true,30,True
esmc6b_3di_widehead,P01308,Homo sapiens,peptides,true,21,True
esmc6b_3di_widehead,P01308,Homo sapiens,peptides,tp_pred,30,True
esmc6b_3di_widehead,P01308,Homo sapiens,peptides,tp_pred,21,True
esmc6b_3di_widehead,P01308,Homo sapiens,propeptides,true,31,False
esmc6b_3di_widehead,P04667,Oncorhynchus keta,peptides,true,28,True
esmc6b_3di_widehead,P04667,Oncorhynchus keta,peptides,true,21,True
esmc6b_3di_widehead,P04667,Oncorhynchus keta,peptides,tp_pred,25,True
esmc6b_3di_widehead,P04667,Oncorhynchus keta,peptides,tp_pred,21,True
esmc6b_3di_widehead,P04667,Oncorhynchus keta,propeptides,true,30,True
esmc6b_3di_widehead,P04667,Oncorhynchus keta,propeptides,tp_pred,30,True
esmc6b_3di_widehead,P56254,Oldenlandia affinis,peptides,true,29,False
esmc6b_3di_widehead,P56254,Oldenlandia affinis,peptides,fp_pred,36,False
esmc6b_3di_widehead,P56254,Oldenlandia affinis,propeptides,true,7,False
esmc6b_3di_widehead,P41365,Pseudozyma antarctica,propeptides,true,7,True
esmc6b_3di_widehead,P41365,Pseudozyma antarctica,propeptides,tp_pred,6,True
esmc6b_3di_widehead,A0A0C4G5K0,Heterometrus spinifer,peptides,true,24,True
esmc6b_3di_widehead,A0A0C4G5K0,Heterometrus spinifer,peptides,tp_pred,24,True
esmc6b_3di_widehead,A0A0C4G5K0,Heterometrus spinifer,propeptides,true,27,True
esmc6b_3di_widehead,A0A0C4G5K0,Heterometrus spinifer,propeptides,tp_pred,25,True
esmc6b_3di_widehead,C0HKU2,Agrotis ipsilon,peptides,true,10,True
esmc6b_3di_widehead,C0HKU2,Agrotis ipsilon,peptides,tp_pred,10,True
esmc6b_3di_widehead,P85527,Apis mellifera,peptides,true,10,True
esmc6b_3di_widehead,P85527,Apis mellifera,peptides,tp_pred,10,True
esmc6b_3di_widehead,E2A3M7,Camponotus floridanus,peptides,true,10,True
esmc6b_3di_widehead,E2A3M7,Camponotus floridanus,peptides,tp_pred,10,True
esmc6b_3di_widehead,P61849,Drosophila melanogaster,peptides,true,10,True
esmc6b_3di_widehead,P61849,Drosophila melanogaster,peptides,tp_pred,10,True
esmc6b_3di_widehead,P34129,Xiphophorus maculatus,propeptides,true,49,True
esmc6b_3di_widehead,P34129,Xiphophorus maculatus,propeptides,tp_pred,47,True
esmc6b_3di_widehead,P0DKQ6,Conus consors,peptides,true,35,True
esmc6b_3di_widehead,P0DKQ6,Conus consors,peptides,tp_pred,34,True
esmc6b_3di_widehead,P0DKQ6,Conus consors,propeptides,true,20,True
esmc6b_3di_widehead,P0DKQ6,Conus consors,propeptides,tp_pred,21,True
esmc6b_3di_widehead,P0ACE1,Escherichia coli O157:H7,propeptides,true,15,False
esmc6b_3di_widehead,P40953,Candida albicans,propeptides,true,23,True
esmc6b_3di_widehead,P40953,Candida albicans,propeptides,tp_pred,24,True
esmc6b_3di_widehead,O77801,Bos taurus,peptides,true,45,False
esmc6b_3di_widehead,O77801,Bos taurus,peptides,true,26,True
esmc6b_3di_widehead,O77801,Bos taurus,peptides,tp_pred,26,True
esmc6b_3di_widehead,O77801,Bos taurus,propeptides,true,38,False
esmc6b_3di_widehead,Q6X7V3,Canis lupus familiaris,peptides,true,34,False
esmc6b_3di_widehead,Q6X7V3,Canis lupus familiaris,peptides,true,26,True
esmc6b_3di_widehead,Q6X7V3,Canis lupus familiaris,peptides,tp_pred,26,True
esmc6b_3di_widehead,Q6X7V3,Canis lupus familiaris,propeptides,true,44,False
esmc6b_3di_widehead,P70107,Cavia porcellus,peptides,true,15,False
esmc6b_3di_widehead,Q28358,Didelphis virginiana,peptides,true,15,False
esmc6b_3di_widehead,Q28358,Didelphis virginiana,peptides,fp_pred,50,False
esmc6b_3di_widehead,P51460,Homo sapiens,peptides,true,35,False
esmc6b_3di_widehead,P51460,Homo sapiens,peptides,true,26,True
esmc6b_3di_widehead,P51460,Homo sapiens,peptides,tp_pred,26,True
esmc6b_3di_widehead,P51460,Homo sapiens,propeptides,true,47,False
esmc6b_3di_widehead,O09051,Mus musculus,peptides,true,15,True
esmc6b_3di_widehead,O09051,Mus musculus,peptides,tp_pred,15,True
esmc6b_3di_widehead,Q8R5G8,Notomys alexis,peptides,true,15,True
esmc6b_3di_widehead,Q8R5G8,Notomys alexis,peptides,tp_pred,15,True
esmc6b_3di_widehead,P28902,Rattus norvegicus,peptides,true,15,False
esmc6b_3di_widehead,P58599,Ralstonia solanacearum,propeptides,true,24,True
esmc6b_3di_widehead,P58599,Ralstonia solanacearum,propeptides,tp_pred,24,True
esmc6b_3di_widehead,D2Y256,Cyriopagopus hainanus,peptides,true,39,False
esmc6b_3di_widehead,D2Y256,Cyriopagopus hainanus,propeptides,fp_pred,53,False
esmc6b_3di_widehead,D2Y266,Cyriopagopus hainanus,peptides,true,39,False
esmc6b_3di_widehead,D2Y266,Cyriopagopus hainanus,propeptides,fp_pred,51,False
esmc6b_3di_widehead,D2Y2P8,Cyriopagopus hainanus,peptides,true,42,False
esmc6b_3di_widehead,D2Y2P8,Cyriopagopus hainanus,propeptides,fp_pred,51,False
esmc6b_3di_widehead,D2Y273,Cyriopagopus hainanus,peptides,true,39,False
esmc6b_3di_widehead,D2Y273,Cyriopagopus hainanus,propeptides,fp_pred,51,False
esmc6b_3di_widehead,D2Y283,Cyriopagopus hainanus,peptides,true,39,False
esmc6b_3di_widehead,D2Y283,Cyriopagopus hainanus,propeptides,fp_pred,51,False
esmc6b_3di_widehead,D2Y2I2,Cyriopagopus hainanus,peptides,true,39,False
esmc6b_3di_widehead,D2Y2I2,Cyriopagopus hainanus,propeptides,fp_pred,53,False
esmc6b_3di_widehead,D2Y285,Cyriopagopus hainanus,peptides,true,39,True
esmc6b_3di_widehead,D2Y285,Cyriopagopus hainanus,peptides,tp_pred,39,True
esmc6b_3di_widehead,D2Y285,Cyriopagopus hainanus,propeptides,fp_pred,53,False
esmc6b_3di_widehead,D2Y299,Cyriopagopus hainanus,peptides,true,42,False
esmc6b_3di_widehead,D2Y299,Cyriopagopus hainanus,propeptides,fp_pred,54,False
esmc6b_3di_widehead,P56650,Actinoplanes garbadinensis,peptides,true,19,True
esmc6b_3di_widehead,P56650,Actinoplanes garbadinensis,peptides,tp_pred,19,True
esmc6b_3di_widehead,P56650,Actinoplanes garbadinensis,propeptides,true,45,True
esmc6b_3di_widehead,P56650,Actinoplanes garbadinensis,propeptides,tp_pred,45,True
esmc6b_3di_widehead,P25289,Lymnaea stagnalis,peptides,true,37,True
esmc6b_3di_widehead,P25289,Lymnaea stagnalis,peptides,true,25,True
esmc6b_3di_widehead,P25289,Lymnaea stagnalis,peptides,tp_pred,37,True
esmc6b_3di_widehead,P25289,Lymnaea stagnalis,peptides,tp_pred,25,True
esmc6b_3di_widehead,P25289,Lymnaea stagnalis,propeptides,true,13,False
esmc6b_3di_widehead,P25289,Lymnaea stagnalis,propeptides,true,25,False
esmc6b_3di_widehead,P25289,Lymnaea stagnalis,propeptides,fp_pred,40,False
esmc6b_3di_widehead,I0B6G2,Chassalia chartacea,peptides,true,31,True
esmc6b_3di_widehead,I0B6G2,Chassalia chartacea,peptides,tp_pred,33,True
esmc6b_3di_widehead,I0B6G2,Chassalia chartacea,propeptides,true,20,True
esmc6b_3di_widehead,I0B6G2,Chassalia chartacea,propeptides,tp_pred,20,True
esmc6b_3di_widehead,Q801Y3,Salmo salar,peptides,true,25,True
esmc6b_3di_widehead,Q801Y3,Salmo salar,peptides,tp_pred,25,True
esmc6b_3di_widehead,Q801Y3,Salmo salar,propeptides,true,37,True
esmc6b_3di_widehead,Q801Y3,Salmo salar,propeptides,tp_pred,39,True
esmc6b_3di_widehead,P55796,Bombyx mori,peptides,true,32,True
esmc6b_3di_widehead,P55796,Bombyx mori,peptides,fp_pred,21,False
esmc6b_3di_widehead,P55796,Bombyx mori,peptides,tp_pred,32,True
esmc6b_3di_widehead,P55796,Bombyx mori,propeptides,true,27,True
esmc6b_3di_widehead,P55796,Bombyx mori,propeptides,tp_pred,25,True
esmc6b_3di_widehead,Q17128,Blaberus discoidalis,peptides,true,10,True
esmc6b_3di_widehead,Q17128,Blaberus discoidalis,peptides,true,38,False
esmc6b_3di_widehead,Q17128,Blaberus discoidalis,peptides,tp_pred,10,True
esmc6b_3di_widehead,Q93WP8,Nicotiana tabacum,peptides,true,18,True
esmc6b_3di_widehead,Q93WP8,Nicotiana tabacum,peptides,true,18,True
esmc6b_3di_widehead,Q93WP8,Nicotiana tabacum,peptides,tp_pred,18,True
esmc6b_3di_widehead,Q93WP8,Nicotiana tabacum,peptides,tp_pred,18,True
esmc6b_3di_widehead,Q93WP8,Nicotiana tabacum,propeptides,true,17,True
esmc6b_3di_widehead,Q93WP8,Nicotiana tabacum,propeptides,tp_pred,17,True
esmc6b_3di_widehead,Q93WP8,Nicotiana tabacum,propeptides,fp_pred,5,False
esmc6b_3di_widehead,Q93WP7,Nicotiana tabacum,peptides,true,18,True
esmc6b_3di_widehead,Q93WP7,Nicotiana tabacum,peptides,true,18,True
esmc6b_3di_widehead,Q93WP7,Nicotiana tabacum,peptides,tp_pred,18,True
esmc6b_3di_widehead,Q93WP7,Nicotiana tabacum,peptides,tp_pred,16,True
esmc6b_3di_widehead,Q93WP7,Nicotiana tabacum,propeptides,true,17,True
esmc6b_3di_widehead,Q93WP7,Nicotiana tabacum,propeptides,tp_pred,17,True
esmc6b_3di_widehead,Q93WP7,Nicotiana tabacum,propeptides,fp_pred,5,False
esmc6b_3di_widehead,Q18060,Caenorhabditis elegans,peptides,true,25,False
esmc6b_3di_widehead,Q18060,Caenorhabditis elegans,peptides,true,31,False
esmc6b_3di_widehead,Q18060,Caenorhabditis elegans,propeptides,fp_pred,7,False
esmc6b_3di_widehead,Q2YX94,Staphylococcus aureus,propeptides,true,35,True
esmc6b_3di_widehead,Q2YX94,Staphylococcus aureus,propeptides,tp_pred,35,True
esmc6b_3di_widehead,Q99UX3,Staphylococcus aureus,propeptides,true,35,True
esmc6b_3di_widehead,Q99UX3,Staphylococcus aureus,propeptides,tp_pred,35,True
esmc6b_3di_widehead,P30406,Macaca fascicularis,peptides,true,30,True
esmc6b_3di_widehead,P30406,Macaca fascicularis,peptides,true,21,True
esmc6b_3di_widehead,P30406,Macaca fascicularis,peptides,tp_pred,30,True
esmc6b_3di_widehead,P30406,Macaca fascicularis,peptides,tp_pred,21,True
esmc6b_3di_widehead,P30406,Macaca fascicularis,propeptides,true,31,True
esmc6b_3di_widehead,P30406,Macaca fascicularis,propeptides,tp_pred,31,True
esmc6b_3di_widehead,P01320,Camelus dromedarius,peptides,true,30,False
esmc6b_3di_widehead,P01320,Camelus dromedarius,peptides,true,21,True
esmc6b_3di_widehead,P01320,Camelus dromedarius,peptides,tp_pred,22,True
esmc6b_3di_widehead,P29335,Amia calva,peptides,true,31,True
esmc6b_3di_widehead,P29335,Amia calva,peptides,true,21,True
esmc6b_3di_widehead,P29335,Amia calva,peptides,tp_pred,28,True
esmc6b_3di_widehead,P29335,Amia calva,peptides,tp_pred,22,True
esmc6b_3di_widehead,O04500,Arabidopsis thaliana,propeptides,true,25,False
esmc6b_3di_widehead,O04500,Arabidopsis thaliana,propeptides,fp_pred,29,False
esmc6b_3di_widehead,A9P3S1,Melicytus ramiflorus,peptides,true,31,True
esmc6b_3di_widehead,A9P3S1,Melicytus ramiflorus,peptides,true,30,True
esmc6b_3di_widehead,A9P3S1,Melicytus ramiflorus,peptides,tp_pred,29,True
esmc6b_3di_widehead,A9P3S1,Melicytus ramiflorus,peptides,tp_pred,31,True
esmc6b_3di_widehead,A9P3S1,Melicytus ramiflorus,propeptides,true,5,True
esmc6b_3di_widehead,A9P3S1,Melicytus ramiflorus,propeptides,fp_pred,52,False
esmc6b_3di_widehead,A9P3S1,Melicytus ramiflorus,propeptides,tp_pred,5,True
esmc6b_3di_widehead,I0B6F2,Chassalia chartacea,peptides,true,31,True
esmc6b_3di_widehead,I0B6F2,Chassalia chartacea,peptides,tp_pred,33,True
esmc6b_3di_widehead,I0B6F2,Chassalia chartacea,propeptides,true,20,True
esmc6b_3di_widehead,I0B6F2,Chassalia chartacea,propeptides,tp_pred,20,True
esmc6b_3di_widehead,Q86LE4,Rhipicephalus microplus,peptides,fp_pred,38,False
esmc6b_3di_widehead,Q86LE4,Rhipicephalus microplus,propeptides,true,13,True
esmc6b_3di_widehead,Q86LE4,Rhipicephalus microplus,propeptides,tp_pred,17,True
esmc6b_3di_widehead,E2ASG4,Camponotus floridanus,peptides,true,12,True
esmc6b_3di_widehead,E2ASG4,Camponotus floridanus,peptides,tp_pred,12,True
esmc6b_3di_widehead,E2ASG4,Camponotus floridanus,peptides,fp_pred,35,False
esmc6b_3di_widehead,E2ASG4,Camponotus floridanus,propeptides,true,35,False
esmc6b_3di_widehead,Q8LEJ6,Arabidopsis thaliana,propeptides,true,27,True
esmc6b_3di_widehead,Q8LEJ6,Arabidopsis thaliana,propeptides,tp_pred,27,True
esmc6b_3di_widehead,Q09553,Caenorhabditis elegans,propeptides,true,23,True
esmc6b_3di_widehead,Q09553,Caenorhabditis elegans,propeptides,tp_pred,23,True
esmc6b_3di_widehead,Q5U9D2,Canis lupus familiaris,peptides,true,25,True
esmc6b_3di_widehead,Q5U9D2,Canis lupus familiaris,peptides,tp_pred,25,True
esmc6b_3di_widehead,Q5U9D2,Canis lupus familiaris,propeptides,true,32,False
esmc6b_3di_widehead,Q5U9D2,Canis lupus familiaris,propeptides,fp_pred,37,False
esmc6b_3di_widehead,P82951,Morone chrysops x Morone saxatilis,peptides,true,21,False
esmc6b_3di_widehead,P82951,Morone chrysops x Morone saxatilis,peptides,fp_pred,26,False
esmc6b_3di_widehead,P82951,Morone chrysops x Morone saxatilis,propeptides,true,40,False
esmc6b_3di_widehead,P82951,Morone chrysops x Morone saxatilis,propeptides,fp_pred,33,False
esmc6b_3di_widehead,Q05164,Saccharomyces cerevisiae,propeptides,true,21,True
esmc6b_3di_widehead,Q05164,Saccharomyces cerevisiae,propeptides,tp_pred,23,True
esmc6b_3di_widehead,D6C4K5,Californiconus californicus,peptides,true,38,False
esmc6b_3di_widehead,D6C4K5,Californiconus californicus,propeptides,true,18,True
esmc6b_3di_widehead,D6C4K5,Californiconus californicus,propeptides,tp_pred,18,True
esmc6b_3di_widehead,D9U2B8,Lychas mucronatus,peptides,true,16,True
esmc6b_3di_widehead,D9U2B8,Lychas mucronatus,peptides,tp_pred,16,True
esmc6b_3di_widehead,D9U2B8,Lychas mucronatus,propeptides,true,30,True
esmc6b_3di_widehead,D9U2B8,Lychas mucronatus,propeptides,tp_pred,31,True
esmc6b_3di_widehead,P31241,Lymnaea stagnalis,peptides,true,38,True
esmc6b_3di_widehead,P31241,Lymnaea stagnalis,peptides,true,25,True
esmc6b_3di_widehead,P31241,Lymnaea stagnalis,peptides,tp_pred,37,True
esmc6b_3di_widehead,P31241,Lymnaea stagnalis,peptides,tp_pred,25,True
esmc6b_3di_widehead,P31241,Lymnaea stagnalis,propeptides,true,13,False
esmc6b_3di_widehead,P31241,Lymnaea stagnalis,propeptides,true,25,False
esmc6b_3di_widehead,P31241,Lymnaea stagnalis,propeptides,fp_pred,40,False
esmc6b_3di_widehead,B3EWH6,Petunia hybrida,peptides,true,31,True
esmc6b_3di_widehead,B3EWH6,Petunia hybrida,peptides,tp_pred,31,True
esmc6b_3di_widehead,B3EWH6,Petunia hybrida,propeptides,true,19,False
esmc6b_3di_widehead,B3EWH6,Petunia hybrida,propeptides,fp_pred,11,False
esmc6b_3di_widehead,Q5BU36,Formica aquilonia,peptides,fp_pred,40,False
esmc6b_3di_widehead,Q5BU36,Formica aquilonia,propeptides,true,38,True
esmc6b_3di_widehead,Q5BU36,Formica aquilonia,propeptides,tp_pred,36,True
esmc6b_3di_widehead,D2DGD8,Conus pulicarius,peptides,true,41,False
esmc6b_3di_widehead,D2DGD8,Conus pulicarius,peptides,fp_pred,49,False
esmc6b_3di_widehead,D2DGD8,Conus pulicarius,propeptides,true,23,False
esmc6b_3di_widehead,D2DGD8,Conus pulicarius,propeptides,fp_pred,15,False
esmc6b_3di_widehead,C0HKS3,Agrotis ipsilon,peptides,true,18,False
esmc6b_3di_widehead,C0HKS3,Agrotis ipsilon,peptides,fp_pred,25,False
esmc6b_3di_widehead,C0HKS3,Agrotis ipsilon,peptides,fp_pred,20,False
esmc6b_3di_widehead,C0HKS3,Agrotis ipsilon,propeptides,true,25,False
esmc6b_3di_widehead,C0HKS3,Agrotis ipsilon,propeptides,true,20,False
esmc6b_3di_widehead,C0HKS3,Agrotis ipsilon,propeptides,fp_pred,19,False
esmc6b_3di_widehead,P09476,Atractosteus spatula,peptides,true,31,False
esmc6b_3di_widehead,P09476,Atractosteus spatula,peptides,true,21,False
esmc6b_3di_widehead,P01330,Myocastor coypus,peptides,true,29,False
esmc6b_3di_widehead,P01330,Myocastor coypus,peptides,true,22,False
esmc6b_3di_widehead,P01330,Myocastor coypus,peptides,fp_pred,49,False
esmc6b_3di_widehead,C0HJI5,Thunnus orientalis,peptides,true,29,False
esmc6b_3di_widehead,C0HJI5,Thunnus orientalis,peptides,true,21,True
esmc6b_3di_widehead,C0HJI5,Thunnus orientalis,peptides,tp_pred,21,True
esmc6b_3di_widehead,P68992,Hydrolagus colliei,peptides,true,38,False
esmc6b_3di_widehead,P68992,Hydrolagus colliei,peptides,true,21,False
esmc6b_3di_widehead,P68992,Hydrolagus colliei,peptides,fp_pred,27,False
esmc6b_3di_widehead,A0A0B5A7N8,Conus textile,peptides,true,34,True
esmc6b_3di_widehead,A0A0B5A7N8,Conus textile,peptides,true,32,False
esmc6b_3di_widehead,A0A0B5A7N8,Conus textile,peptides,tp_pred,36,True
esmc6b_3di_widehead,A0A0B5A7N8,Conus textile,peptides,fp_pred,21,False
esmc6b_3di_widehead,A0A0B5A7N8,Conus textile,propeptides,true,34,False
esmc6b_3di_widehead,A0A0B5A7N8,Conus textile,propeptides,fp_pred,38,False
esmc6b_3di_widehead,C0HJI7,Huso dauricus,peptides,true,36,False
esmc6b_3di_widehead,C0HJI7,Huso dauricus,peptides,true,22,True
esmc6b_3di_widehead,C0HJI7,Huso dauricus,peptides,tp_pred,22,True
esmc6b_3di_widehead,A0A0B5ADT9,Conus floridulus,peptides,true,34,False
esmc6b_3di_widehead,A0A0B5ADT9,Conus floridulus,peptides,true,38,False
esmc6b_3di_widehead,A0A0B5ADT9,Conus floridulus,peptides,fp_pred,39,False
esmc6b_3di_widehead,A0A0B5ADT9,Conus floridulus,peptides,fp_pred,28,False
esmc6b_3di_widehead,A0A0B5ADT9,Conus floridulus,propeptides,true,31,False
esmc6b_3di_widehead,A0A0B5ADT9,Conus floridulus,propeptides,fp_pred,33,False
esmc6b_3di_widehead,P68990,Oncorhynchus kisutch,peptides,true,29,False
esmc6b_3di_widehead,P68990,Oncorhynchus kisutch,peptides,true,21,False
esmc6b_3di_widehead,P68990,Oncorhynchus kisutch,peptides,fp_pred,47,False
esmc6b_3di_widehead,P67972,Aotus trivirgatus,peptides,true,30,True
esmc6b_3di_widehead,P67972,Aotus trivirgatus,peptides,true,21,True
esmc6b_3di_widehead,P67972,Aotus trivirgatus,peptides,tp_pred,30,True
esmc6b_3di_widehead,P67972,Aotus trivirgatus,peptides,tp_pred,21,True
esmc6b_3di_widehead,P67972,Aotus trivirgatus,propeptides,true,29,True
esmc6b_3di_widehead,P67972,Aotus trivirgatus,propeptides,tp_pred,31,True
esmc6b_3di_widehead,C0HJI2,Katsuwonus pelamis,peptides,true,29,False
esmc6b_3di_widehead,C0HJI2,Katsuwonus pelamis,peptides,true,21,True
esmc6b_3di_widehead,C0HJI2,Katsuwonus pelamis,peptides,tp_pred,21,True
esmc6b_3di_widehead,Q9R0S3,Mus musculus,propeptides,true,20,True
esmc6b_3di_widehead,Q9R0S3,Mus musculus,propeptides,tp_pred,20,True
esmc6b_3di_widehead,B1P1H7,Chilobrachys guangxiensis,peptides,true,42,False
esmc6b_3di_widehead,B1P1H7,Chilobrachys guangxiensis,propeptides,true,49,True
esmc6b_3di_widehead,B1P1H7,Chilobrachys guangxiensis,propeptides,tp_pred,47,True
esmc6b_3di_widehead,P55319,Locusta migratoria,peptides,true,10,True
esmc6b_3di_widehead,P55319,Locusta migratoria,peptides,true,28,True
esmc6b_3di_widehead,P55319,Locusta migratoria,peptides,tp_pred,10,True
esmc6b_3di_widehead,P55319,Locusta migratoria,peptides,tp_pred,28,True
esmc6b_3di_widehead,C0HL92,Agrotis ipsilon,peptides,true,10,True
esmc6b_3di_widehead,C0HL92,Agrotis ipsilon,peptides,tp_pred,10,True
esmc6b_3di_widehead,C0HL92,Agrotis ipsilon,propeptides,true,35,True
esmc6b_3di_widehead,C0HL92,Agrotis ipsilon,propeptides,tp_pred,35,True
esmc6b_3di_widehead,P18829,Schistocerca gregaria,peptides,true,10,True
esmc6b_3di_widehead,P18829,Schistocerca gregaria,peptides,true,28,True
esmc6b_3di_widehead,P18829,Schistocerca gregaria,peptides,tp_pred,10,True
esmc6b_3di_widehead,P18829,Schistocerca gregaria,peptides,tp_pred,28,True
esmc6b_3di_widehead,P85797,Apis mellifera,peptides,true,8,False
esmc6b_3di_widehead,P85797,Apis mellifera,peptides,true,8,True
esmc6b_3di_widehead,P85797,Apis mellifera,peptides,true,8,True
esmc6b_3di_widehead,P85797,Apis mellifera,peptides,true,7,True
esmc6b_3di_widehead,P85797,Apis mellifera,peptides,true,34,False
esmc6b_3di_widehead,P85797,Apis mellifera,peptides,true,9,True
esmc6b_3di_widehead,P85797,Apis mellifera,peptides,true,27,True
esmc6b_3di_widehead,P85797,Apis mellifera,peptides,tp_pred,8,True
esmc6b_3di_widehead,P85797,Apis mellifera,peptides,tp_pred,8,True
esmc6b_3di_widehead,P85797,Apis mellifera,peptides,tp_pred,7,True
esmc6b_3di_widehead,P85797,Apis mellifera,peptides,tp_pred,9,True
esmc6b_3di_widehead,P85797,Apis mellifera,peptides,tp_pred,12,True
esmc6b_3di_widehead,P85797,Apis mellifera,peptides,tp_pred,13,True
esmc6b_3di_widehead,P85797,Apis mellifera,propeptides,true,29,False
esmc6b_3di_widehead,P85797,Apis mellifera,propeptides,true,7,True
esmc6b_3di_widehead,P85797,Apis mellifera,propeptides,true,10,True
esmc6b_3di_widehead,P85797,Apis mellifera,propeptides,fp_pred,39,False
esmc6b_3di_widehead,P85797,Apis mellifera,propeptides,tp_pred,7,True
esmc6b_3di_widehead,P85797,Apis mellifera,propeptides,fp_pred,34,False
esmc6b_3di_widehead,P85797,Apis mellifera,propeptides,tp_pred,10,True
esmc6b_3di_widehead,P26727,Bombyx mori,peptides,true,28,True
esmc6b_3di_widehead,P26727,Bombyx mori,peptides,true,20,True
esmc6b_3di_widehead,P26727,Bombyx mori,peptides,tp_pred,28,True
esmc6b_3di_widehead,P26727,Bombyx mori,peptides,tp_pred,20,True
esmc6b_3di_widehead,P26727,Bombyx mori,propeptides,true,21,True
esmc6b_3di_widehead,P26727,Bombyx mori,propeptides,tp_pred,21,True
esmc6b_3di_widehead,Q3SZM7,Bos taurus,propeptides,true,26,True
esmc6b_3di_widehead,Q3SZM7,Bos taurus,propeptides,tp_pred,26,True
esmc6b_3di_widehead,P16444,Homo sapiens,propeptides,true,26,True
esmc6b_3di_widehead,P16444,Homo sapiens,propeptides,tp_pred,26,True
esmc6b_3di_widehead,P31428,Mus musculus,propeptides,true,26,True
esmc6b_3di_widehead,P31428,Mus musculus,propeptides,tp_pred,26,True
esmc6b_3di_widehead,P22412,Sus scrofa,propeptides,true,25,True
esmc6b_3di_widehead,P22412,Sus scrofa,propeptides,tp_pred,25,True
esmc6b_3di_widehead,P31429,Oryctolagus cuniculus,propeptides,true,26,True
esmc6b_3di_widehead,P31429,Oryctolagus cuniculus,propeptides,tp_pred,26,True
esmc6b_3di_widehead,P31430,Rattus norvegicus,propeptides,true,26,True
esmc6b_3di_widehead,P31430,Rattus norvegicus,propeptides,tp_pred,26,True
esmc6b_3di_widehead,P43477,Ovis aries,propeptides,true,26,True
esmc6b_3di_widehead,P43477,Ovis aries,propeptides,tp_pred,26,True
esmc6b_3di_widehead,P36193,Drosophila melanogaster,peptides,true,19,True
esmc6b_3di_widehead,P36193,Drosophila melanogaster,peptides,tp_pred,17,True
esmc6b_3di_widehead,P36193,Drosophila melanogaster,propeptides,true,22,True
esmc6b_3di_widehead,P36193,Drosophila melanogaster,propeptides,tp_pred,22,True
esmc6b_3di_widehead,Q6XMH8,Drosophila simulans,peptides,true,19,True
esmc6b_3di_widehead,Q6XMH8,Drosophila simulans,peptides,tp_pred,16,True
esmc6b_3di_widehead,Q6XMH8,Drosophila simulans,propeptides,true,22,True
esmc6b_3di_widehead,Q6XMH8,Drosophila simulans,propeptides,fp_pred,5,False
esmc6b_3di_widehead,Q6XMH8,Drosophila simulans,propeptides,tp_pred,22,True
esmc6b_3di_widehead,Q9FHX5,Arabidopsis thaliana,propeptides,true,24,True
esmc6b_3di_widehead,Q9FHX5,Arabidopsis thaliana,propeptides,tp_pred,24,True
esmc6b_3di_widehead,Q8L868,Arabidopsis thaliana,propeptides,true,28,True
esmc6b_3di_widehead,Q8L868,Arabidopsis thaliana,propeptides,tp_pred,28,True
esmc6b_3di_widehead,Q8VYE5,Arabidopsis thaliana,propeptides,true,27,True
esmc6b_3di_widehead,Q8VYE5,Arabidopsis thaliana,propeptides,tp_pred,24,True
esmc6b_3di_widehead,Q9FJU9,Arabidopsis thaliana,propeptides,true,35,True
esmc6b_3di_widehead,Q9FJU9,Arabidopsis thaliana,propeptides,tp_pred,35,True
esmc6b_3di_widehead,Q9ZQG9,Arabidopsis thaliana,propeptides,true,33,True
esmc6b_3di_widehead,Q9ZQG9,Arabidopsis thaliana,propeptides,tp_pred,33,True
esmc6b_3di_widehead,O65399,Arabidopsis thaliana,propeptides,true,26,True
esmc6b_3di_widehead,O65399,Arabidopsis thaliana,propeptides,tp_pred,24,True
esmc6b_3di_widehead,Q9C7U5,Arabidopsis thaliana,propeptides,true,28,True
esmc6b_3di_widehead,Q9C7U5,Arabidopsis thaliana,propeptides,tp_pred,28,True
esmc6b_3di_widehead,P52401,Solanum tuberosum,propeptides,true,23,False
esmc6b_3di_widehead,Q9ZU91,Arabidopsis thaliana,propeptides,true,31,True
esmc6b_3di_widehead,Q9ZU91,Arabidopsis thaliana,propeptides,tp_pred,31,True
esmc6b_3di_widehead,Q94CD8,Arabidopsis thaliana,propeptides,true,31,True
esmc6b_3di_widehead,Q94CD8,Arabidopsis thaliana,propeptides,tp_pred,32,True
esmc6b_3di_widehead,Q9M088,Arabidopsis thaliana,propeptides,true,24,True
esmc6b_3di_widehead,Q9M088,Arabidopsis thaliana,propeptides,tp_pred,26,True
esmc6b_3di_widehead,Q93Z08,Arabidopsis thaliana,propeptides,true,22,True
esmc6b_3di_widehead,Q93Z08,Arabidopsis thaliana,propeptides,tp_pred,23,True
esmc6b_3di_widehead,Q6NKW9,Arabidopsis thaliana,propeptides,true,26,True
esmc6b_3di_widehead,Q6NKW9,Arabidopsis thaliana,propeptides,tp_pred,26,True
esmc6b_3di_widehead,Q9FGH4,Arabidopsis thaliana,propeptides,true,23,True
esmc6b_3di_widehead,Q9FGH4,Arabidopsis thaliana,propeptides,tp_pred,25,True
esmc6b_3di_widehead,P52407,Hevea brasiliensis,propeptides,true,18,True
esmc6b_3di_widehead,P52407,Hevea brasiliensis,propeptides,tp_pred,15,True
esmc6b_3di_widehead,P23431,Nicotiana plumbaginifolia,propeptides,true,17,False
esmc6b_3di_widehead,Q03467,Pisum sativum,propeptides,true,23,False
esmc6b_3di_widehead,P23535,Phaseolus vulgaris,propeptides,true,32,False
esmc6b_3di_widehead,Q01413,Solanum lycopersicum,propeptides,true,20,False
esmc6b_3di_widehead,P15797,Nicotiana tabacum,propeptides,true,22,False
esmc6b_3di_widehead,P23546,Nicotiana tabacum,propeptides,true,22,False
esmc6b_3di_widehead,P27666,Nicotiana tabacum,propeptides,true,22,False
esmc6b_3di_widehead,P0DP14,Conus figulinus,peptides,true,7,True
esmc6b_3di_widehead,P0DP14,Conus figulinus,peptides,tp_pred,8,True
esmc6b_3di_widehead,A6YR21,Californiconus californicus,peptides,true,45,True
esmc6b_3di_widehead,A6YR21,Californiconus californicus,peptides,tp_pred,45,True
esmc6b_3di_widehead,A6YR21,Californiconus californicus,propeptides,true,23,True
esmc6b_3di_widehead,A6YR21,Californiconus californicus,propeptides,tp_pred,23,True
esmc6b_3di_widehead,Q10JL1,Oryza sativa subsp. japonica,propeptides,true,25,True
esmc6b_3di_widehead,Q10JL1,Oryza sativa subsp. japonica,propeptides,tp_pred,25,True
esmc6b_3di_widehead,Q6DN61,Kluyveromyces lactis,propeptides,true,7,True
esmc6b_3di_widehead,Q6DN61,Kluyveromyces lactis,propeptides,tp_pred,7,True
esmc6b_3di_widehead,P0CE80,Loxosceles intermedia,propeptides,true,8,True
esmc6b_3di_widehead,P0CE80,Loxosceles intermedia,propeptides,tp_pred,8,True
esmc6b_3di_widehead,K9USW8,Loxosceles gaucho,peptides,true,16,False
esmc6b_3di_widehead,Q1W695,Loxosceles intermedia,propeptides,true,8,True
esmc6b_3di_widehead,Q1W695,Loxosceles intermedia,propeptides,tp_pred,8,True
esmc6b_3di_widehead,Q8I914,Loxosceles laeta,propeptides,true,5,True
esmc6b_3di_widehead,Q8I914,Loxosceles laeta,propeptides,tp_pred,8,True
esmc6b_3di_widehead,E5D3Z8,Loxosceles laeta,propeptides,true,5,True
esmc6b_3di_widehead,E5D3Z8,Loxosceles laeta,propeptides,tp_pred,8,True
esmc6b_3di_widehead,Q8I913,Loxosceles laeta,propeptides,true,5,True
esmc6b_3di_widehead,Q8I913,Loxosceles laeta,propeptides,tp_pred,8,True
esmc6b_3di_widehead,Q10588,Homo sapiens,propeptides,true,25,False
esmc6b_3di_widehead,Q10588,Homo sapiens,propeptides,fp_pred,31,False
esmc6b_3di_widehead,O23507,Arabidopsis thaliana,propeptides,true,25,True
esmc6b_3di_widehead,O23507,Arabidopsis thaliana,propeptides,tp_pred,26,True
esmc6b_3di_widehead,P21589,Homo sapiens,propeptides,true,25,True
esmc6b_3di_widehead,P21589,Homo sapiens,propeptides,tp_pred,25,True
esmc6b_3di_widehead,P01089,Ricinus communis,propeptides,true,11,True
esmc6b_3di_widehead,P01089,Ricinus communis,propeptides,true,10,False
esmc6b_3di_widehead,P01089,Ricinus communis,propeptides,tp_pred,14,True
esmc6b_3di_widehead,Q8GWW6,Arabidopsis thaliana,propeptides,true,25,True
esmc6b_3di_widehead,Q8GWW6,Arabidopsis thaliana,propeptides,tp_pred,28,True
esmc6b_3di_widehead,Q07488,Arabidopsis thaliana,propeptides,true,22,True
esmc6b_3di_widehead,Q07488,Arabidopsis thaliana,propeptides,tp_pred,22,True
esmc6b_3di_widehead,C0HL91,Agrotis ipsilon,peptides,true,10,True
esmc6b_3di_widehead,C0HL91,Agrotis ipsilon,peptides,tp_pred,10,True
esmc6b_3di_widehead,C0HL91,Agrotis ipsilon,propeptides,true,35,False
esmc6b_3di_widehead,P67788,Manduca sexta,peptides,true,9,True
esmc6b_3di_widehead,P67788,Manduca sexta,peptides,tp_pred,9,True
esmc6b_3di_widehead,O44314,Helicoverpa armigera,peptides,true,8,True
esmc6b_3di_widehead,O44314,Helicoverpa armigera,peptides,true,18,True
esmc6b_3di_widehead,O44314,Helicoverpa armigera,peptides,true,8,True
esmc6b_3di_widehead,O44314,Helicoverpa armigera,peptides,true,8,True
esmc6b_3di_widehead,O44314,Helicoverpa armigera,peptides,true,8,True
esmc6b_3di_widehead,O44314,Helicoverpa armigera,peptides,true,8,True
esmc6b_3di_widehead,O44314,Helicoverpa armigera,peptides,true,8,True
esmc6b_3di_widehead,O44314,Helicoverpa armigera,peptides,true,8,True
esmc6b_3di_widehead,O44314,Helicoverpa armigera,peptides,true,11,True
esmc6b_3di_widehead,O44314,Helicoverpa armigera,peptides,fp_pred,30,False
esmc6b_3di_widehead,O44314,Helicoverpa armigera,peptides,tp_pred,8,True
esmc6b_3di_widehead,O44314,Helicoverpa armigera,peptides,tp_pred,8,True
esmc6b_3di_widehead,O44314,Helicoverpa armigera,peptides,tp_pred,8,True
esmc6b_3di_widehead,O44314,Helicoverpa armigera,peptides,tp_pred,8,True
esmc6b_3di_widehead,O44314,Helicoverpa armigera,peptides,tp_pred,8,True
esmc6b_3di_widehead,O44314,Helicoverpa armigera,peptides,tp_pred,8,True
esmc6b_3di_widehead,O44314,Helicoverpa armigera,peptides,tp_pred,8,True
esmc6b_3di_widehead,O44314,Helicoverpa armigera,peptides,tp_pred,8,True
esmc6b_3di_widehead,O44314,Helicoverpa armigera,peptides,tp_pred,11,True
esmc6b_3di_widehead,O44314,Helicoverpa armigera,propeptides,true,30,False
esmc6b_3di_widehead,O44314,Helicoverpa armigera,propeptides,true,34,True
esmc6b_3di_widehead,O44314,Helicoverpa armigera,propeptides,true,9,True
esmc6b_3di_widehead,O44314,Helicoverpa armigera,propeptides,true,16,True
esmc6b_3di_widehead,O44314,Helicoverpa armigera,propeptides,fp_pred,8,False
esmc6b_3di_widehead,O44314,Helicoverpa armigera,propeptides,tp_pred,34,True
esmc6b_3di_widehead,O44314,Helicoverpa armigera,propeptides,tp_pred,9,True
esmc6b_3di_widehead,O44314,Helicoverpa armigera,propeptides,tp_pred,16,True
esmc6b_3di_widehead,Q9WTR5,Mus musculus,propeptides,true,21,True
esmc6b_3di_widehead,Q9WTR5,Mus musculus,propeptides,tp_pred,24,True
esmc6b_3di_widehead,D4B2Q8,Arthroderma benhamiae,propeptides,true,23,True
esmc6b_3di_widehead,D4B2Q8,Arthroderma benhamiae,propeptides,tp_pred,23,True
esmc6b_3di_widehead,B3EWR6,Echinochloa crus-galli,peptides,true,37,False
esmc6b_3di_widehead,B3EWR6,Echinochloa crus-galli,peptides,true,35,False
esmc6b_3di_widehead,B3EWR6,Echinochloa crus-galli,peptides,true,31,False
esmc6b_3di_widehead,O24006,Impatiens balsamina,peptides,true,20,True
esmc6b_3di_widehead,O24006,Impatiens balsamina,peptides,true,20,True
esmc6b_3di_widehead,O24006,Impatiens balsamina,peptides,true,20,True
esmc6b_3di_widehead,O24006,Impatiens balsamina,peptides,true,20,True
esmc6b_3di_widehead,O24006,Impatiens balsamina,peptides,true,20,True
esmc6b_3di_widehead,O24006,Impatiens balsamina,peptides,true,20,True
esmc6b_3di_widehead,O24006,Impatiens balsamina,peptides,tp_pred,23,True
esmc6b_3di_widehead,O24006,Impatiens balsamina,peptides,tp_pred,22,True
esmc6b_3di_widehead,O24006,Impatiens balsamina,peptides,tp_pred,22,True
esmc6b_3di_widehead,O24006,Impatiens balsamina,peptides,tp_pred,22,True
esmc6b_3di_widehead,O24006,Impatiens balsamina,peptides,tp_pred,22,True
esmc6b_3di_widehead,O24006,Impatiens balsamina,peptides,tp_pred,21,True
esmc6b_3di_widehead,O24006,Impatiens balsamina,propeptides,true,31,True
esmc6b_3di_widehead,O24006,Impatiens balsamina,propeptides,true,28,False
esmc6b_3di_widehead,O24006,Impatiens balsamina,propeptides,true,26,True
esmc6b_3di_widehead,O24006,Impatiens balsamina,propeptides,true,28,True
esmc6b_3di_widehead,O24006,Impatiens balsamina,propeptides,true,16,False
esmc6b_3di_widehead,O24006,Impatiens balsamina,propeptides,true,26,True
esmc6b_3di_widehead,O24006,Impatiens balsamina,propeptides,true,35,False
esmc6b_3di_widehead,O24006,Impatiens balsamina,propeptides,tp_pred,31,True
esmc6b_3di_widehead,O24006,Impatiens balsamina,propeptides,tp_pred,24,True
esmc6b_3di_widehead,O24006,Impatiens balsamina,propeptides,tp_pred,26,True
esmc6b_3di_widehead,O24006,Impatiens balsamina,propeptides,tp_pred,24,True
esmc6b_3di_widehead,P86521,Leymus arenarius,peptides,true,43,True
esmc6b_3di_widehead,P86521,Leymus arenarius,peptides,tp_pred,43,True
esmc6b_3di_widehead,P85966,Triticum kiharae,peptides,true,45,True
esmc6b_3di_widehead,P85966,Triticum kiharae,peptides,tp_pred,44,True
esmc6b_3di_widehead,P85966,Triticum kiharae,propeptides,true,37,False
esmc6b_3di_widehead,P10107,Mus musculus,peptides,true,25,False
esmc6b_3di_widehead,A5A6M2,Pan troglodytes,peptides,true,25,False
esmc6b_3di_widehead,P0DTR9,Theropithecus gelada,propeptides,true,6,False
esmc6b_3di_widehead,D6C4I3,Californiconus californicus,peptides,true,45,True
esmc6b_3di_widehead,D6C4I3,Californiconus californicus,peptides,tp_pred,45,True
esmc6b_3di_widehead,D6C4I3,Californiconus californicus,propeptides,true,23,True
esmc6b_3di_widehead,D6C4I3,Californiconus californicus,propeptides,tp_pred,23,True
esmc6b_3di_widehead,J7GY56,Conus generalis,peptides,true,28,True
esmc6b_3di_widehead,J7GY56,Conus generalis,peptides,tp_pred,28,True
esmc6b_3di_widehead,J7GY56,Conus generalis,propeptides,true,24,True
esmc6b_3di_widehead,J7GY56,Conus generalis,propeptides,tp_pred,24,True
esmc6b_3di_widehead,Q8LFL4,Arabidopsis thaliana,peptides,true,12,True
esmc6b_3di_widehead,Q8LFL4,Arabidopsis thaliana,peptides,tp_pred,12,True
esmc6b_3di_widehead,Q8LDN4,Arabidopsis thaliana,peptides,true,12,True
esmc6b_3di_widehead,Q8LDN4,Arabidopsis thaliana,peptides,tp_pred,13,True
esmc6b_3di_widehead,Q8LDN4,Arabidopsis thaliana,propeptides,fp_pred,28,False
esmc6b_3di_widehead,Q0H8Y6,Ustilago maydis,propeptides,true,6,True
esmc6b_3di_widehead,Q0H8Y6,Ustilago maydis,propeptides,tp_pred,6,True
esmc6b_3di_widehead,A0A5C1ZW08,Conus purpurascens,propeptides,true,33,True
esmc6b_3di_widehead,A0A5C1ZW08,Conus purpurascens,propeptides,tp_pred,31,True
esmc6b_3di_widehead,Q9SRT7,Arabidopsis thaliana,propeptides,true,20,False
esmc6b_3di_widehead,Q9SRT7,Arabidopsis thaliana,propeptides,fp_pred,25,False
esmc6b_3di_widehead,A2XHZ9,Oryza sativa subsp. indica,propeptides,true,25,True
esmc6b_3di_widehead,A2XHZ9,Oryza sativa subsp. indica,propeptides,tp_pred,25,True
esmc6b_3di_widehead,P32926,Homo sapiens,propeptides,true,26,True
esmc6b_3di_widehead,P32926,Homo sapiens,propeptides,tp_pred,26,True
esmc6b_3di_widehead,Q9GZZ7,Homo sapiens,propeptides,true,21,True
esmc6b_3di_widehead,Q9GZZ7,Homo sapiens,propeptides,tp_pred,24,True
esmc6b_3di_widehead,Q9JJT2,Mus musculus,propeptides,true,23,True
esmc6b_3di_widehead,Q9JJT2,Mus musculus,propeptides,tp_pred,22,True
esmc6b_3di_widehead,Q2RAP0,Oryza sativa subsp. japonica,propeptides,true,42,False
esmc6b_3di_widehead,Q2QXY1,Oryza sativa subsp. japonica,propeptides,true,42,False
esmc6b_3di_widehead,Q05915,Mus musculus,propeptides,true,11,False
esmc6b_3di_widehead,P22288,Rattus norvegicus,propeptides,true,11,False
esmc6b_3di_widehead,P0CE83,Loxosceles intermedia,propeptides,true,8,True
esmc6b_3di_widehead,P0CE83,Loxosceles intermedia,propeptides,tp_pred,8,True
esmc6b_3di_widehead,Q7Z1Y7,Loxosceles arizonica,propeptides,true,26,False
esmc6b_3di_widehead,Q7Z1Y7,Loxosceles arizonica,propeptides,fp_pred,41,False
esmc6b_3di_widehead,Q6WRU0,Cricetulus griseus,propeptides,true,20,True
esmc6b_3di_widehead,Q6WRU0,Cricetulus griseus,propeptides,tp_pred,20,True
esmc6b_3di_widehead,Q8R2Q8,Mus musculus,propeptides,true,20,True
esmc6b_3di_widehead,Q8R2Q8,Mus musculus,propeptides,tp_pred,21,True
esmc6b_3di_widehead,Q811A2,Rattus norvegicus,propeptides,true,20,True
esmc6b_3di_widehead,Q811A2,Rattus norvegicus,propeptides,tp_pred,20,True
esmc6b_3di_widehead,P21588,Rattus norvegicus,propeptides,true,25,True
esmc6b_3di_widehead,P21588,Rattus norvegicus,propeptides,tp_pred,25,True
esmc6b_3di_widehead,O80517,Arabidopsis thaliana,propeptides,true,24,True
esmc6b_3di_widehead,O80517,Arabidopsis thaliana,propeptides,tp_pred,24,True
esmc6b_3di_widehead,Q96316,Arabidopsis thaliana,propeptides,true,24,True
esmc6b_3di_widehead,Q96316,Arabidopsis thaliana,propeptides,tp_pred,24,True
esmc6b_3di_widehead,C0HKR1,Agrotis ipsilon,peptides,true,10,True
esmc6b_3di_widehead,C0HKR1,Agrotis ipsilon,peptides,tp_pred,10,True
esmc6b_3di_widehead,C0HKR1,Agrotis ipsilon,propeptides,true,40,True
esmc6b_3di_widehead,C0HKR1,Agrotis ipsilon,propeptides,tp_pred,40,True
esmc6b_3di_widehead,E2ADX8,Camponotus floridanus,peptides,true,8,True
esmc6b_3di_widehead,E2ADX8,Camponotus floridanus,peptides,true,8,True
esmc6b_3di_widehead,E2ADX8,Camponotus floridanus,peptides,true,8,True
esmc6b_3di_widehead,E2ADX8,Camponotus floridanus,peptides,true,9,True
esmc6b_3di_widehead,E2ADX8,Camponotus floridanus,peptides,true,12,False
esmc6b_3di_widehead,E2ADX8,Camponotus floridanus,peptides,tp_pred,8,True
esmc6b_3di_widehead,E2ADX8,Camponotus floridanus,peptides,tp_pred,8,True
esmc6b_3di_widehead,E2ADX8,Camponotus floridanus,peptides,tp_pred,8,True
esmc6b_3di_widehead,E2ADX8,Camponotus floridanus,peptides,tp_pred,9,True
esmc6b_3di_widehead,E2ADX8,Camponotus floridanus,peptides,fp_pred,13,False
esmc6b_3di_widehead,E2ADX8,Camponotus floridanus,propeptides,true,39,True
esmc6b_3di_widehead,E2ADX8,Camponotus floridanus,propeptides,true,7,True
esmc6b_3di_widehead,E2ADX8,Camponotus floridanus,propeptides,true,31,True
esmc6b_3di_widehead,E2ADX8,Camponotus floridanus,propeptides,true,25,False
esmc6b_3di_widehead,E2ADX8,Camponotus floridanus,propeptides,tp_pred,39,True
esmc6b_3di_widehead,E2ADX8,Camponotus floridanus,propeptides,tp_pred,7,True
esmc6b_3di_widehead,E2ADX8,Camponotus floridanus,propeptides,tp_pred,31,True
esmc6b_3di_widehead,E2ADX8,Camponotus floridanus,propeptides,fp_pred,13,False
esmc6b_3di_widehead,E2ADX8,Camponotus floridanus,propeptides,fp_pred,10,False
esmc6b_3di_widehead,Q2XQ09,Loxosceles intermedia,propeptides,true,5,True
esmc6b_3di_widehead,Q2XQ09,Loxosceles intermedia,propeptides,tp_pred,5,True
esmc6b_3di_widehead,Q5R5W6,Pongo abelii,propeptides,true,23,True
esmc6b_3di_widehead,Q5R5W6,Pongo abelii,propeptides,tp_pred,23,True
esmc6b_3di_widehead,P15411,Bombyx mori,peptides,true,28,True
esmc6b_3di_widehead,P15411,Bombyx mori,peptides,true,20,True
esmc6b_3di_widehead,P15411,Bombyx mori,peptides,tp_pred,28,True
esmc6b_3di_widehead,P15411,Bombyx mori,peptides,tp_pred,20,True
esmc6b_3di_widehead,P15411,Bombyx mori,propeptides,true,19,False
esmc6b_3di_widehead,P33719,Samia cynthia,peptides,true,26,True
esmc6b_3di_widehead,P33719,Samia cynthia,peptides,true,23,True
esmc6b_3di_widehead,P33719,Samia cynthia,peptides,tp_pred,26,True
esmc6b_3di_widehead,P33719,Samia cynthia,peptides,tp_pred,23,True
esmc6b_3di_widehead,P33719,Samia cynthia,propeptides,true,29,True
esmc6b_3di_widehead,P33719,Samia cynthia,propeptides,tp_pred,29,True
esmc6b_3di_widehead,P26726,Bombyx mori,peptides,true,28,True
esmc6b_3di_widehead,P26726,Bombyx mori,peptides,true,20,True
esmc6b_3di_widehead,P26726,Bombyx mori,peptides,tp_pred,28,True
esmc6b_3di_widehead,P26726,Bombyx mori,peptides,tp_pred,20,True
esmc6b_3di_widehead,P26726,Bombyx mori,propeptides,true,21,True
esmc6b_3di_widehead,P26726,Bombyx mori,propeptides,tp_pred,21,True
esmc6b_3di_widehead,Q8C255,Mus musculus,propeptides,true,19,True
esmc6b_3di_widehead,Q8C255,Mus musculus,propeptides,tp_pred,21,True
esmc6b_3di_widehead,Q5U2X4,Rattus norvegicus,propeptides,true,28,True
esmc6b_3di_widehead,Q5U2X4,Rattus norvegicus,propeptides,tp_pred,29,True
esmc6b_3di_widehead,Q9H4B8,Homo sapiens,propeptides,true,25,False
esmc6b_3di_widehead,Q9H4B8,Homo sapiens,propeptides,fp_pred,31,False
esmc6b_3di_widehead,Q6FT26,Candida glabrata,propeptides,true,18,False
esmc6b_3di_widehead,P01500,Apis mellifera,peptides,true,18,True
esmc6b_3di_widehead,P01500,Apis mellifera,peptides,tp_pred,19,True
esmc6b_3di_widehead,P91896,Bombyx mori,peptides,true,31,True
esmc6b_3di_widehead,P91896,Bombyx mori,peptides,true,20,True
esmc6b_3di_widehead,P91896,Bombyx mori,peptides,tp_pred,31,True
esmc6b_3di_widehead,P91896,Bombyx mori,peptides,tp_pred,20,True
esmc6b_3di_widehead,P91896,Bombyx mori,propeptides,true,19,True
esmc6b_3di_widehead,P91896,Bombyx mori,propeptides,tp_pred,19,True
esmc6b_3di_widehead,Q36835,Trichophyton rubrum,propeptides,true,7,True
esmc6b_3di_widehead,Q36835,Trichophyton rubrum,propeptides,tp_pred,7,True
esmc6b_3di_widehead,P00854,Saccharomyces cerevisiae,propeptides,true,10,True
esmc6b_3di_widehead,P00854,Saccharomyces cerevisiae,propeptides,tp_pred,10,True
esmc6b_3di_widehead,C0HK57,Pichia angusta,propeptides,true,7,False
esmc6b_3di_widehead,A0NDK8,Anopheles gambiae,peptides,true,11,True
esmc6b_3di_widehead,A0NDK8,Anopheles gambiae,peptides,true,45,False
esmc6b_3di_widehead,A0NDK8,Anopheles gambiae,peptides,tp_pred,11,True
esmc6b_3di_widehead,Q27Q54,Loxosceles intermedia,propeptides,true,5,True
esmc6b_3di_widehead,Q27Q54,Loxosceles intermedia,propeptides,tp_pred,5,True
esmc6b_3di_widehead,Q8I912,Loxosceles laeta,propeptides,true,5,True
esmc6b_3di_widehead,Q8I912,Loxosceles laeta,propeptides,tp_pred,5,True
esmc6b_3di_widehead,P26732,Bombyx mori,peptides,true,28,True
esmc6b_3di_widehead,P26732,Bombyx mori,peptides,true,20,True
esmc6b_3di_widehead,P26732,Bombyx mori,peptides,tp_pred,28,True
esmc6b_3di_widehead,P26732,Bombyx mori,peptides,tp_pred,20,True
esmc6b_3di_widehead,P26732,Bombyx mori,propeptides,true,22,True
esmc6b_3di_widehead,P26732,Bombyx mori,propeptides,tp_pred,23,True
esmc6b_3di_widehead,P08818,Hordeum vulgare,propeptides,true,19,False
esmc6b_3di_widehead,P47710,Homo sapiens,peptides,true,7,False
esmc6b_3di_widehead,P47710,Homo sapiens,propeptides,fp_pred,7,False
esmc6b_3di_widehead,P02662,Bos taurus,peptides,true,11,False
esmc6b_3di_widehead,P02662,Bos taurus,propeptides,fp_pred,35,False
esmc6b_3di_widehead,P33718,Samia cynthia,peptides,true,26,True
esmc6b_3di_widehead,P33718,Samia cynthia,peptides,true,21,True
esmc6b_3di_widehead,P33718,Samia cynthia,peptides,tp_pred,26,True
esmc6b_3di_widehead,P33718,Samia cynthia,peptides,tp_pred,21,True
esmc6b_3di_widehead,P33718,Samia cynthia,propeptides,true,29,True
esmc6b_3di_widehead,P33718,Samia cynthia,propeptides,tp_pred,29,True
esmc6b_3di_widehead,Q4WEP7,Neosartorya fumigata,propeptides,true,25,True
esmc6b_3di_widehead,Q4WEP7,Neosartorya fumigata,propeptides,tp_pred,25,True
esmc6b_3di_widehead,Q5M872,Rattus norvegicus,propeptides,true,19,True
esmc6b_3di_widehead,Q5M872,Rattus norvegicus,propeptides,tp_pred,21,True
esmc6b_3di_widehead,Q4R7M2,Macaca fascicularis,propeptides,true,25,False
esmc6b_3di_widehead,Q4R7M2,Macaca fascicularis,propeptides,fp_pred,31,False
esmc6b_3di_widehead,P12764,Diploptera punctata,peptides,true,6,True
esmc6b_3di_widehead,P12764,Diploptera punctata,peptides,true,18,False
esmc6b_3di_widehead,P12764,Diploptera punctata,peptides,true,8,True
esmc6b_3di_widehead,P12764,Diploptera punctata,peptides,true,9,True
esmc6b_3di_widehead,P12764,Diploptera punctata,peptides,true,8,True
esmc6b_3di_widehead,P12764,Diploptera punctata,peptides,true,8,True
esmc6b_3di_widehead,P12764,Diploptera punctata,peptides,true,13,True
esmc6b_3di_widehead,P12764,Diploptera punctata,peptides,true,9,True
esmc6b_3di_widehead,P12764,Diploptera punctata,peptides,true,10,True
esmc6b_3di_widehead,P12764,Diploptera punctata,peptides,true,16,True
esmc6b_3di_widehead,P12764,Diploptera punctata,peptides,true,11,True
esmc6b_3di_widehead,P12764,Diploptera punctata,peptides,true,6,True
esmc6b_3di_widehead,P12764,Diploptera punctata,peptides,true,8,True
esmc6b_3di_widehead,P12764,Diploptera punctata,peptides,tp_pred,6,True
esmc6b_3di_widehead,P12764,Diploptera punctata,peptides,fp_pred,8,False
esmc6b_3di_widehead,P12764,Diploptera punctata,peptides,tp_pred,8,True
esmc6b_3di_widehead,P12764,Diploptera punctata,peptides,tp_pred,9,True
esmc6b_3di_widehead,P12764,Diploptera punctata,peptides,tp_pred,8,True
esmc6b_3di_widehead,P12764,Diploptera punctata,peptides,tp_pred,8,True
esmc6b_3di_widehead,P12764,Diploptera punctata,peptides,tp_pred,13,True
esmc6b_3di_widehead,P12764,Diploptera punctata,peptides,tp_pred,9,True
esmc6b_3di_widehead,P12764,Diploptera punctata,peptides,tp_pred,10,True
esmc6b_3di_widehead,P12764,Diploptera punctata,peptides,tp_pred,16,True
esmc6b_3di_widehead,P12764,Diploptera punctata,peptides,tp_pred,11,True
esmc6b_3di_widehead,P12764,Diploptera punctata,peptides,fp_pred,8,False
esmc6b_3di_widehead,P12764,Diploptera punctata,peptides,tp_pred,7,True
esmc6b_3di_widehead,P12764,Diploptera punctata,peptides,tp_pred,8,True
esmc6b_3di_widehead,P12764,Diploptera punctata,propeptides,true,38,True
esmc6b_3di_widehead,P12764,Diploptera punctata,propeptides,true,31,True
esmc6b_3di_widehead,P12764,Diploptera punctata,propeptides,true,16,True
esmc6b_3di_widehead,P12764,Diploptera punctata,propeptides,tp_pred,38,True
esmc6b_3di_widehead,P12764,Diploptera punctata,propeptides,fp_pred,8,False
esmc6b_3di_widehead,P12764,Diploptera punctata,propeptides,tp_pred,31,True
esmc6b_3di_widehead,P12764,Diploptera punctata,propeptides,tp_pred,16,True
esmc6b_3di_widehead,O89110,Mus musculus,propeptides,true,11,True
esmc6b_3di_widehead,O89110,Mus musculus,propeptides,tp_pred,11,True
esmc6b_3di_widehead,Q24049,Drosophila melanogaster,peptides,true,24,False
esmc6b_3di_widehead,Q24049,Drosophila melanogaster,peptides,true,32,False
esmc6b_3di_widehead,Q24049,Drosophila melanogaster,propeptides,true,29,False
esmc6b_3di_widehead,O00906,Tetrahymena pyriformis,propeptides,true,19,False
esmc6b_3di_widehead,O00906,Tetrahymena pyriformis,propeptides,fp_pred,30,False
esmc6b_3di_widehead,P32323,Saccharomyces cerevisiae,propeptides,true,26,True
esmc6b_3di_widehead,P32323,Saccharomyces cerevisiae,propeptides,tp_pred,26,True
esmc6b_3di_widehead,Q3C255,Actinia equina,propeptides,true,16,True
esmc6b_3di_widehead,Q3C255,Actinia equina,propeptides,tp_pred,18,True
esmc6b_3di_widehead,P80703,Galleria mellonella,propeptides,true,5,True
esmc6b_3di_widehead,P80703,Galleria mellonella,propeptides,tp_pred,5,True
esmc6b_3di_widehead,P02876,Triticum aestivum,propeptides,true,15,True
esmc6b_3di_widehead,P02876,Triticum aestivum,propeptides,tp_pred,17,True
esmc6b_3di_widehead,Q01MB6,Oryza sativa subsp. indica,propeptides,true,26,True
esmc6b_3di_widehead,Q01MB6,Oryza sativa subsp. indica,propeptides,tp_pred,28,True
esmc6b_3di_widehead,Q0JF21,Oryza sativa subsp. japonica,propeptides,true,26,True
esmc6b_3di_widehead,Q0JF21,Oryza sativa subsp. japonica,propeptides,tp_pred,28,True
esmc6b_3di_widehead,Q86QT2,Apis cerana cerana,peptides,true,18,True
esmc6b_3di_widehead,Q86QT2,Apis cerana cerana,peptides,tp_pred,19,True
esmc6b_3di_widehead,A0A2Y9GHM8,Neomonachus schauinslandi,propeptides,true,6,False
esmc6b_3di_widehead,T1W425,Panthera tigris altaica,propeptides,true,6,False
esmc6b_3di_widehead,P09326,Homo sapiens,propeptides,true,23,True
esmc6b_3di_widehead,P09326,Homo sapiens,propeptides,tp_pred,23,True
esmc6b_3di_widehead,P18181,Mus musculus,propeptides,true,23,True
esmc6b_3di_widehead,P18181,Mus musculus,propeptides,tp_pred,23,True
esmc6b_3di_widehead,P10252,Rattus norvegicus,propeptides,true,23,True
esmc6b_3di_widehead,P10252,Rattus norvegicus,propeptides,tp_pred,23,True
esmc6b_3di_widehead,P07150,Rattus norvegicus,peptides,true,25,False
esmc6b_3di_widehead,Q17AN4,Aedes aegypti,peptides,true,11,True
esmc6b_3di_widehead,Q17AN4,Aedes aegypti,peptides,true,32,False
esmc6b_3di_widehead,Q17AN4,Aedes aegypti,peptides,tp_pred,11,True
esmc6b_3di_widehead,Q17AN4,Aedes aegypti,propeptides,fp_pred,15,False
esmc6b_3di_widehead,P00488,Homo sapiens,propeptides,true,37,False
esmc6b_3di_widehead,Q8BH61,Mus musculus,propeptides,true,37,True
esmc6b_3di_widehead,Q8BH61,Mus musculus,propeptides,tp_pred,38,True
esmc6b_3di_widehead,O08619,Rattus norvegicus,propeptides,true,37,True
esmc6b_3di_widehead,O08619,Rattus norvegicus,propeptides,tp_pred,38,True
esmc6b_3di_widehead,P0DUQ8,Conus planorbis,peptides,fp_pred,9,False
esmc6b_3di_widehead,P0DUQ8,Conus planorbis,peptides,fp_pred,26,False
esmc6b_3di_widehead,P0DUQ8,Conus planorbis,propeptides,true,8,True
esmc6b_3di_widehead,P0DUQ8,Conus planorbis,propeptides,tp_pred,9,True
esmc6b_3di_widehead,P0DUQ7,Conus planorbis,peptides,fp_pred,38,False
esmc6b_3di_widehead,P0DUQ7,Conus planorbis,propeptides,true,11,True
esmc6b_3di_widehead,P0DUQ7,Conus planorbis,propeptides,tp_pred,9,True
esmc6b_3di_widehead,P36192,Drosophila melanogaster,peptides,fp_pred,40,False
esmc6b_3di_widehead,P36192,Drosophila melanogaster,propeptides,true,32,True
esmc6b_3di_widehead,P36192,Drosophila melanogaster,propeptides,tp_pred,30,True
esmc6b_3di_widehead,Q7TSF0,Mus musculus,propeptides,true,26,True
esmc6b_3di_widehead,Q7TSF0,Mus musculus,propeptides,tp_pred,26,True
esmc6b_3di_widehead,P38844,Saccharomyces cerevisiae,propeptides,true,17,False
esmc6b_3di_widehead,O35902,Mus musculus,propeptides,true,26,True
esmc6b_3di_widehead,O35902,Mus musculus,propeptides,tp_pred,26,True
esmc6b_3di_widehead,D4AQH0,Arthroderma benhamiae,propeptides,true,28,False
esmc6b_3di_widehead,D4AQH0,Arthroderma benhamiae,propeptides,fp_pred,22,False
esmc6b_3di_widehead,B6K9M7,Toxoplasma gondii,propeptides,true,40,False
esmc6b_3di_widehead,B6K9M7,Toxoplasma gondii,propeptides,fp_pred,42,False
esmc6b_3di_widehead,P85829,Apis mellifera,peptides,true,13,False
esmc6b_3di_widehead,P85829,Apis mellifera,propeptides,fp_pred,22,False
esmc6b_3di_widehead,P0DMX7,Anemonia viridis,peptides,fp_pred,43,False
esmc6b_3di_widehead,P0DMX7,Anemonia viridis,propeptides,true,12,True
esmc6b_3di_widehead,P0DMX7,Anemonia viridis,propeptides,tp_pred,14,True
esmc6b_3di_widehead,Q17192,Bombyx mori,peptides,true,28,True
esmc6b_3di_widehead,Q17192,Bombyx mori,peptides,true,20,True
esmc6b_3di_widehead,Q17192,Bombyx mori,peptides,tp_pred,28,True
esmc6b_3di_widehead,Q17192,Bombyx mori,peptides,tp_pred,20,True
esmc6b_3di_widehead,Q17192,Bombyx mori,propeptides,true,21,True
esmc6b_3di_widehead,Q17192,Bombyx mori,propeptides,tp_pred,21,True
esmc6b_3di_widehead,A6YR42,Californiconus californicus,peptides,true,42,True
esmc6b_3di_widehead,A6YR42,Californiconus californicus,peptides,tp_pred,42,True
esmc6b_3di_widehead,A6YR42,Californiconus californicus,propeptides,true,23,True
esmc6b_3di_widehead,A6YR42,Californiconus californicus,propeptides,tp_pred,20,True
esmc6b_3di_widehead,Q86QI5,Dermacentor variabilis,peptides,fp_pred,38,False
esmc6b_3di_widehead,Q86QI5,Dermacentor variabilis,propeptides,true,14,True
esmc6b_3di_widehead,Q86QI5,Dermacentor variabilis,propeptides,tp_pred,14,True
esmc6b_3di_widehead,Q0TU55,Clostridium perfringens,propeptides,true,10,True
esmc6b_3di_widehead,Q0TU55,Clostridium perfringens,propeptides,tp_pred,11,True
esmc6b_3di_widehead,Q30KK1,Pan troglodytes,peptides,true,43,False
esmc6b_3di_widehead,Q30KK1,Pan troglodytes,peptides,fp_pred,47,False
esmc6b_3di_widehead,Q30KK1,Pan troglodytes,propeptides,true,34,False
esmc6b_3di_widehead,P10675,Schistocerca americana,propeptides,true,31,True
esmc6b_3di_widehead,P10675,Schistocerca americana,propeptides,tp_pred,28,True
esmc6b_3di_widehead,P11924,Aplysia californica,peptides,true,36,False
esmc6b_3di_widehead,P11924,Aplysia californica,peptides,true,18,False
esmc6b_3di_widehead,P11924,Aplysia californica,peptides,fp_pred,5,False
esmc6b_3di_widehead,P11924,Aplysia californica,propeptides,fp_pred,49,False
