{
  "precision peptides": 0.3125,
  "recall peptides": 0.3125,
  "f1 peptides": 0.3125,
  "precision propeptides": 0.4230769230769231,
  "recall propeptides": 0.41509433962264153,
  "f1 propeptides": 0.4190476190476191,
  "precision all": 0.38095238095238093,
  "recall all": 0.3764705882352941,
  "f1 all": 0.378698224852071
}