{
  "precision peptides": 0.3125,
  "recall peptides": 0.3125,
  "f1 peptides": 0.3125,
  "precision propeptides": 0.4230769230769231,
  "recall propeptides": 0.41509433962264153,
  "f1 propeptides": 0.4190476190476191,
  "precision all": 0.38095238095238093,
  "recall all": 0.3764705882352941,
  "f1 all": 0.378698224852071,
  "residue mcc peptides": 0.5105072188891557,
  "residue positives peptides": 778,
  "residue total peptides": 22018,
  "residue roc_auc peptides": 0.9421708204435536,
  "residue mcc propeptides": 0.6663830455309971,
  "residue positives propeptides": 1316,
  "residue total propeptides": 22018,
  "residue roc_auc propeptides": 0.945995629396041,
  "residue mcc all": 0.6296886049416124,
  "residue positives all": 2094,
  "residue total all": 22018,
  "residue roc_auc all": 0.9400478743772659,
  "loss": 18.627833366394043
}