{
  "precision peptides": 0.3333333333333333,
  "recall peptides": 0.34375,
  "f1 peptides": 0.3384615384615385,
  "precision propeptides": 0.6590909090909091,
  "recall propeptides": 0.4915254237288136,
  "f1 propeptides": 0.5631067961165048,
  "precision all": 0.5194805194805194,
  "recall all": 0.43956043956043955,
  "f1 all": 0.47619047619047616
}