{
  "precision peptides": 0.3333333333333333,
  "recall peptides": 0.34375,
  "f1 peptides": 0.3384615384615385,
  "precision propeptides": 0.6590909090909091,
  "recall propeptides": 0.4915254237288136,
  "f1 propeptides": 0.5631067961165048,
  "precision all": 0.5194805194805194,
  "recall all": 0.43956043956043955,
  "f1 all": 0.47619047619047616,
  "residue mcc peptides": 0.6018138162402874,
  "residue positives peptides": 730,
  "residue total peptides": 29231,
  "residue roc_auc peptides": 0.8839122203354557,
  "residue mcc propeptides": 0.6842280182927254,
  "residue positives propeptides": 1488,
  "residue total propeptides": 29231,
  "residue roc_auc propeptides": 0.5104200580094019,
  "residue mcc all": 0.6822793396919135,
  "residue positives all": 2218,
  "residue total all": 29231,
  "residue roc_auc all": 0.6462309901417735,
  "loss": 28.063218116760254
}