{
  "precision peptides": 0.3333333333333333,
  "recall peptides": 0.34375,
  "f1 peptides": 0.3384615384615385,
  "precision propeptides": 0.6590909090909091,
  "recall propeptides": 0.4915254237288136,
  "f1 propeptides": 0.5631067961165048,
  "precision all": 0.5194805194805194,
  "recall all": 0.43956043956043955,
  "f1 all": 0.47619047619047616,
  "residue mcc peptides": 0.6080777414919858,
  "residue positives peptides": 767,
  "residue total peptides": 29231,
  "residue roc_auc peptides": 0.8833975788076597,
  "residue mcc propeptides": 0.6842280182927254,
  "residue positives propeptides": 1488,
  "residue total propeptides": 29231,
  "residue roc_auc propeptides": 0.5104200580094019,
  "residue mcc all": 0.6842958188027268,
  "residue positives all": 2255,
  "residue total all": 29231,
  "residue roc_auc all": 0.6503906650701091,
  "loss": 28.246968269348145
}