{
  "precision peptides": 0.3333333333333333,
  "recall peptides": 0.34375,
  "f1 peptides": 0.3384615384615385,
  "precision propeptides": 0.6590909090909091,
  "recall propeptides": 0.4915254237288136,
  "f1 propeptides": 0.5631067961165048,
  "precision all": 0.5194805194805194,
  "recall all": 0.43956043956043955,
  "f1 all": 0.47619047619047616,
  "residue mcc peptides": 0.612176403756396,
  "residue positives peptides": 778,
  "residue total peptides": 29231,
  "residue roc_auc peptides": 0.9211018811792359,
  "residue mcc propeptides": 0.6842280182927254,
  "residue positives propeptides": 1488,
  "residue total propeptides": 29231,
  "residue roc_auc propeptides": 0.9674738013928922,
  "residue mcc all": 0.6857538820233829,
  "residue positives all": 2266,
  "residue total all": 29231,
  "residue roc_auc all": 0.9473472608161768,
  "loss": 28.404318809509277
}