{
  "precision peptides": 0.6072319201995012,
  "recall peptides": 0.42421602787456447,
  "f1 peptides": 0.49948717948717947,
  "precision propeptides": 0.6130856219709209,
  "recall propeptides": 0.548014440433213,
  "f1 propeptides": 0.5787266488753335,
  "precision all": 0.6107843137254902,
  "recall all": 0.49190682984603235,
  "f1 all": 0.5449376776732998,
  "residue mcc peptides": 0.6014241084866782,
  "residue positives peptides": 27306,
  "residue total peptides": 309829,
  "residue roc_auc peptides": 0.8211784580682844,
  "residue mcc propeptides": 0.7264907959192647,
  "residue positives propeptides": 30390,
  "residue total propeptides": 309829,
  "residue roc_auc propeptides": 0.4543294096031528,
  "residue mcc all": 0.708804610204434,
  "residue positives all": 57696,
  "residue total all": 309829,
  "residue roc_auc all": 0.6640068576956316,
  "loss": 14.894328559332706
}