{
  "precision peptides": 0.5846153846153846,
  "recall peptides": 0.4306887532693984,
  "f1 peptides": 0.49598393574297184,
  "precision propeptides": 0.6104,
  "recall propeptides": 0.5509025270758122,
  "f1 propeptides": 0.5791271347248577,
  "precision all": 0.6,
  "recall all": 0.49644549763033174,
  "f1 all": 0.5433326129241409,
  "residue mcc peptides": 0.5885787108426968,
  "residue positives peptides": 27324,
  "residue total peptides": 309829,
  "residue roc_auc peptides": 0.9321991063589712,
  "residue mcc propeptides": 0.7285968700241824,
  "residue positives propeptides": 30387,
  "residue total propeptides": 309829,
  "residue roc_auc propeptides": 0.9606034867882169,
  "residue mcc all": 0.703299228331509,
  "residue positives all": 57711,
  "residue total all": 309829,
  "residue roc_auc all": 0.9409774816202316,
  "loss": 14.81410982063476
}