{
  "precision peptides": 0.6072319201995012,
  "recall peptides": 0.42421602787456447,
  "f1 peptides": 0.49948717948717947,
  "precision propeptides": 0.6130856219709209,
  "recall propeptides": 0.548014440433213,
  "f1 propeptides": 0.5787266488753335,
  "precision all": 0.6107843137254902,
  "recall all": 0.49190682984603235,
  "f1 all": 0.5449376776732998,
  "residue mcc peptides": 0.6005277689578301,
  "residue positives peptides": 27361,
  "residue total peptides": 309829,
  "residue roc_auc peptides": 0.8213233397957503,
  "residue mcc propeptides": 0.726458522547355,
  "residue positives propeptides": 30387,
  "residue total propeptides": 309829,
  "residue roc_auc propeptides": 0.45428678496141667,
  "residue mcc all": 0.7087947344304952,
  "residue positives all": 57748,
  "residue total all": 309829,
  "residue roc_auc all": 0.6642612009841754,
  "loss": 14.914863465948308
}