model,fold,protein,task,length,m3
adapter256,2,A0A059UI30,propep,8,0
adapter256,2,A0A068B0Z6,pep,16,1
adapter256,2,A0A068B409,pep,22,0
adapter256,2,A0A068B6Q6,pep,16,1
adapter256,2,A0A077DF94,pep,14,0
adapter256,2,A0A077DF94,propep,8,0
adapter256,2,A0A077DF94,propep,26,0
adapter256,2,A0A0C4G4L1,pep,13,1
adapter256,2,A0A0C4G4L1,propep,28,1
adapter256,2,A0A0D4WTV1,propep,9,1
adapter256,2,A0A0P0UTI6,pep,27,1
adapter256,2,A0A0P0UTI6,pep,27,1
adapter256,2,A0A0P0UTI6,pep,27,1
adapter256,2,A0A0P0UTI6,pep,27,1
adapter256,2,A0A0P0UTI6,propep,15,1
adapter256,2,A0A0P0UTI6,propep,7,1
adapter256,2,A0A0P0UTI6,propep,7,1
adapter256,2,A0A0P0UTI6,propep,7,1
adapter256,2,A0A0P0UTI6,propep,12,1
adapter256,2,A0A0P0UTQ7,pep,28,1
adapter256,2,A0A0P0UTQ7,pep,28,1
adapter256,2,A0A0P0UTQ7,propep,11,0
adapter256,2,A0A0R4IKU3,propep,24,1
adapter256,2,A0A125S9E1,pep,13,0
adapter256,2,A0A125S9E1,propep,27,0
adapter256,2,A0A125S9G2,pep,25,0
adapter256,2,A0A125S9G2,propep,27,0
adapter256,2,A0A139GI49,pep,11,1
adapter256,2,A0A139GI49,pep,11,1
adapter256,2,A0A139GI49,pep,11,1
adapter256,2,A0A139GI49,propep,33,1
adapter256,2,A0A139GI49,propep,7,0
adapter256,2,A0A139GI49,propep,7,0
adapter256,2,A0A139GI49,propep,7,1
adapter256,2,A0A144LVM3,propep,16,0
adapter256,2,A0A1D5PPP7,propep,35,1
adapter256,2,A0A1D5PPP7,propep,13,0
adapter256,2,A0A1D5PUP4,propep,27,0
adapter256,2,A0A1S6EK91,pep,43,0
adapter256,2,A0A1S6EK91,propep,16,1
adapter256,2,A0A2I8B352,pep,47,0
adapter256,2,A0A318,propep,24,0
adapter256,2,A0A348G5V8,pep,33,1
adapter256,2,A0A348G5V8,propep,22,1
adapter256,2,A0A348G5V9,pep,40,1
adapter256,2,A0A348G5V9,propep,14,1
adapter256,2,A0A348G5W0,pep,29,1
adapter256,2,A0A348G5W0,propep,14,1
adapter256,2,A0A348G5W2,pep,36,1
adapter256,2,A0A348G5W2,propep,22,1
adapter256,2,A0A348G6I7,pep,17,1
adapter256,2,A0A348G6I7,propep,18,1
adapter256,2,A0A348G6I9,pep,29,1
adapter256,2,A0A348G6I9,propep,14,1
adapter256,2,A0A348G6J1,pep,25,0
adapter256,2,A0A348G6J1,propep,18,1
adapter256,2,A0A3G3C7R5,pep,11,1
adapter256,2,A0A3G3C7R5,propep,27,1
adapter256,2,A0A3G3C7S0,pep,18,1
adapter256,2,A0A3G3C7S0,propep,25,1
adapter256,2,A0A3G3C7S2,pep,15,1
adapter256,2,A0A3G3C7S2,propep,27,0
adapter256,2,A0A3G3C7S9,pep,16,1
adapter256,2,A0A3G3C7S9,propep,23,1
adapter256,2,A0A3G3C7U4,pep,17,1
adapter256,2,A0A3G3C7U4,propep,23,1
adapter256,2,A0A3G3C7V0,pep,16,1
adapter256,2,A0A3G3C7V0,propep,23,1
adapter256,2,A0A3G6IHA6,pep,30,1
adapter256,2,A0A6G9KHD1,pep,14,1
adapter256,2,A0A6G9KHD1,propep,8,1
adapter256,2,A0A6G9KHD6,pep,29,1
adapter256,2,A0A6G9KHD6,propep,26,1
adapter256,2,A0A6G9KHE4,pep,20,1
adapter256,2,A0A6G9KIR5,pep,26,1
adapter256,2,A0A6G9KIR5,propep,10,1
adapter256,2,A0A6G9KJK9,pep,29,1
adapter256,2,A0A6G9KJK9,propep,26,1
adapter256,2,A0A6G9KJV6,pep,28,1
adapter256,2,A0A6G9KJV6,propep,26,1
adapter256,2,A0A6M3Z4D9,pep,21,0
adapter256,2,A0A6M3Z4D9,propep,10,1
adapter256,2,A0A6M3Z4R1,pep,23,1
adapter256,2,A0A6M3Z4R1,propep,26,1
adapter256,2,A0A6M3Z4R4,pep,10,1
adapter256,2,A0A6M3Z4R4,propep,26,1
adapter256,2,A0A8U0LTF0,pep,26,1
adapter256,2,A0A8U0LTF0,propep,26,1
adapter256,2,A0A8U0LTY4,pep,27,1
adapter256,2,A0A8U0LTY4,propep,28,1
adapter256,2,A0A976XKR0,propep,45,1
adapter256,2,A0SE59,pep,17,1
adapter256,2,A0SE59,propep,27,1
adapter256,2,A0SE60,pep,17,1
adapter256,2,A0SE60,propep,25,1
adapter256,2,A0T099,propep,7,1
adapter256,2,A0T0S8,propep,7,1
adapter256,2,A0ZZ18,propep,24,0
adapter256,2,A1E9Q7,propep,24,1
adapter256,2,A1E9Z1,propep,25,0
adapter256,2,A1R6Q7,propep,46,1
adapter256,2,A1SK13,propep,48,1
adapter256,2,A1X8B8,pep,19,1
adapter256,2,A1X8B8,propep,28,1
adapter256,2,A1X8B9,pep,20,1
adapter256,2,A1X8B9,propep,27,1
adapter256,2,A1X8C2,pep,23,1
adapter256,2,A1X8C2,propep,20,1
adapter256,2,A1X8C3,pep,23,1
adapter256,2,A1X8C3,propep,20,1
adapter256,2,A1X8C6,pep,21,0
adapter256,2,A1X8D0,pep,16,1
adapter256,2,A1X8D8,pep,16,1
adapter256,2,A1X8D9,pep,15,1
adapter256,2,A2BP71,propep,9,1
adapter256,2,A2BUQ3,propep,9,1
adapter256,2,A2C0A5,propep,10,1
adapter256,2,A2CCL2,propep,10,1
adapter256,2,A3DT44,pep,29,0
adapter256,2,A3PAZ3,propep,9,1
adapter256,2,A4USB4,propep,8,1
adapter256,2,A4X3P0,propep,48,1
adapter256,2,A5GIE8,propep,10,1
adapter256,2,A5GWF4,propep,10,1
adapter256,2,A5LHX3,propep,49,1
adapter256,2,A6LHQ9,propep,26,0
adapter256,2,A6M934,pep,17,1
adapter256,2,A6M934,propep,27,1
adapter256,2,A6M938,pep,17,1
adapter256,2,A6MFK7,propep,20,1
adapter256,2,A6MFK7,propep,47,1
adapter256,2,A6MFK8,propep,20,1
adapter256,2,A6MFK8,propep,45,1
adapter256,2,A6P331,pep,9,0
adapter256,2,A6YRN9,propep,26,0
adapter256,2,A6ZL22,propep,23,1
adapter256,2,A6ZY20,propep,25,1
adapter256,2,A7GT16,propep,15,0
adapter256,2,A7SRR3,propep,28,1
adapter256,2,A7Z6W8,propep,16,0
adapter256,2,A8FFD9,propep,16,0
adapter256,2,A8G2T2,propep,9,1
adapter256,2,A9VHU8,propep,15,0
adapter256,2,A9XDG0,propep,23,1
adapter256,2,A9XDG1,propep,23,1
adapter256,2,A9XDG2,propep,23,1
adapter256,2,A9XDG3,propep,23,1
adapter256,2,B0BK71,propep,35,0
adapter256,2,B0BK72,propep,39,0
adapter256,2,B0JSW8,propep,8,1
adapter256,2,B0XT09,propep,32,1
adapter256,2,B0XT72,propep,33,1
adapter256,2,B0XVI5,propep,29,0
adapter256,2,B0Y8H9,propep,24,1
adapter256,2,B1P1H5,pep,35,1
adapter256,2,B1P1H5,propep,25,1
adapter256,2,B1WUL2,propep,8,1
adapter256,2,B1XMN4,propep,8,1
adapter256,2,B2CJ57,pep,9,1
adapter256,2,B2CJ57,pep,9,1
adapter256,2,B2CJ57,pep,9,1
adapter256,2,B2CJ57,pep,9,1
adapter256,2,B2CJ57,propep,20,1
adapter256,2,B2CJ57,propep,18,1
adapter256,2,B2CJ57,propep,18,1
adapter256,2,B2CJ57,propep,18,1
adapter256,2,B2J4T9,propep,8,1
adapter256,2,B2KKV6,propep,8,1
adapter256,2,B2KKV7,propep,8,1
adapter256,2,B2KKV8,propep,8,1
adapter256,2,B2KKW0,propep,8,1
adapter256,2,B2RH54,propep,28,1
adapter256,2,B2RH58,propep,26,1
adapter256,2,B2Y1W5,propep,19,1
adapter256,2,B3EWS9,pep,19,0
adapter256,2,B3EWS9,pep,19,0
adapter256,2,B3H5A9,pep,15,1
adapter256,2,B3H5A9,pep,15,1
adapter256,2,B3H5A9,propep,22,1
adapter256,2,B3H5A9,propep,14,1
adapter256,2,B3H5A9,propep,9,1
adapter256,2,B5G6G5,propep,20,1
adapter256,2,B5G6G5,propep,28,0
adapter256,2,B5VE42,propep,23,1
adapter256,2,B6D434,pep,30,1
adapter256,2,B6DT16,pep,14,1
adapter256,2,B6DT16,pep,14,1
adapter256,2,B6DT16,pep,14,1
adapter256,2,B6DT16,propep,12,0
adapter256,2,B6DT16,propep,11,0
adapter256,2,B6K9M7,propep,40,0
adapter256,2,B6KAM0,propep,18,0
adapter256,2,B6S2X0,pep,34,1
adapter256,2,B6S2X2,pep,30,0
adapter256,2,B7HCU7,propep,15,0
adapter256,2,B7HPM0,propep,15,0
adapter256,2,B7IYH4,propep,15,0
adapter256,2,B7JNV3,propep,15,0
adapter256,2,B7JVQ3,propep,8,1
adapter256,2,B7K989,propep,8,1
adapter256,2,B8H8L6,propep,50,1
adapter256,2,B8HTR1,propep,8,1
adapter256,2,B8JLQ9,propep,24,1
adapter256,2,B8XH40,propep,7,0
adapter256,2,B8XH50,pep,10,1
adapter256,2,B8XH50,propep,31,1
adapter256,2,B9IY88,propep,15,0
adapter256,2,C0HJV6,propep,43,1
adapter256,2,C0HJV7,propep,47,1
adapter256,2,C0HJV8,propep,47,1
adapter256,2,C0HKF6,pep,16,1
adapter256,2,C0HKF6,propep,30,1
adapter256,2,C0HKS1,pep,15,0
adapter256,2,C0HKS1,pep,13,1
adapter256,2,C0HKT2,pep,11,1
adapter256,2,C0HKT3,pep,31,1
adapter256,2,C0HKT3,propep,47,1
adapter256,2,C0HKT3,propep,5,0
adapter256,2,C0HKY1,pep,14,0
adapter256,2,C0HKY1,pep,19,1
adapter256,2,C0HKY1,pep,33,0
adapter256,2,C0HKY1,pep,14,1
adapter256,2,C0HKY1,pep,22,0
adapter256,2,C0HKY1,pep,12,1
adapter256,2,C0HKY1,pep,22,1
adapter256,2,C0KYC3,pep,13,1
adapter256,2,C0KYC3,propep,22,0
adapter256,2,C0KYC4,pep,13,1
adapter256,2,C0KYC4,propep,10,1
adapter256,2,C0KYC5,pep,15,1
adapter256,2,C0KYC5,propep,22,1
adapter256,2,C0KYC6,pep,14,1
adapter256,2,C0KYC6,propep,22,0
adapter256,2,C0L2T8,propep,19,0
adapter256,2,C0L2T8,propep,5,0
adapter256,2,C1ESL5,propep,15,0
adapter256,2,C3L5S4,propep,15,0
adapter256,2,C3P8M7,propep,15,0
adapter256,2,C5BVA2,propep,47,1
adapter256,2,C5D4U8,propep,15,0
adapter256,2,C5J886,pep,13,1
adapter256,2,C5J886,propep,31,1
adapter256,2,C5J887,pep,14,1
adapter256,2,C5J887,propep,29,1
adapter256,2,C6FX52,pep,12,1
adapter256,2,C6KSX0,propep,25,1
adapter256,2,C6ZJQ2,pep,19,1
adapter256,2,C6ZJQ2,propep,28,1
adapter256,2,C7DQB9,pep,46,1
adapter256,2,C7DQB9,propep,9,1
adapter256,2,C7DQC0,pep,34,1
adapter256,2,C7DQC0,propep,5,0
adapter256,2,C7DQC1,pep,27,1
adapter256,2,C7DQC1,propep,11,0
adapter256,2,C7DQC2,pep,31,1
adapter256,2,C7DQC2,propep,10,1
adapter256,2,C7DQX6,pep,31,1
adapter256,2,C7DQX6,propep,11,1
adapter256,2,C7DQX8,pep,32,1
adapter256,2,C7DQX8,propep,13,1
adapter256,2,C7DQX9,pep,33,1
adapter256,2,C7DQX9,propep,13,1
adapter256,2,C7DQY0,pep,44,0
adapter256,2,C7DQY0,propep,14,0
adapter256,2,C7GQJ1,propep,23,1
adapter256,2,C7LYP7,propep,50,0
adapter256,2,C7R403,propep,50,1
adapter256,2,C9E1R9,propep,12,0
adapter256,2,C9E1S1,propep,20,0
adapter256,2,D1BHT9,propep,50,0
adapter256,2,D2DGD3,pep,38,1
adapter256,2,D2DGD3,propep,23,1
adapter256,2,D2DGD8,pep,41,0
adapter256,2,D2DGD8,propep,23,0
adapter256,2,D2DGD9,pep,39,0
adapter256,2,D2DGD9,propep,23,0
adapter256,2,D2Y2C5,pep,34,0
adapter256,2,D2Y2C5,propep,24,1
adapter256,2,D2Y2C6,pep,34,1
adapter256,2,D2Y2C6,propep,24,1
adapter256,2,D2Y2C7,pep,34,0
adapter256,2,D2Y2C7,propep,24,1
adapter256,2,D2Y2C8,pep,34,0
adapter256,2,D2Y2C8,propep,24,1
adapter256,2,D2Y498,pep,27,1
adapter256,2,D2Y4A0,pep,27,1
adapter256,2,D2Y4A1,pep,27,1
adapter256,2,D2Y4A2,pep,28,0
adapter256,2,D3JWK3,pep,47,0
adapter256,2,D3JWK4,pep,47,0
adapter256,2,D3JWK5,pep,47,0
adapter256,2,D3JWK6,pep,45,0
adapter256,2,D4ATC3,propep,33,1
adapter256,2,D4HRK4,pep,16,1
adapter256,2,D4HRK4,propep,24,1
adapter256,2,D4HRK7,pep,14,0
adapter256,2,D5KXG5,pep,35,0
adapter256,2,D5KXG5,propep,14,0
adapter256,2,D5LGE0,pep,11,0
adapter256,2,D5LGE0,pep,11,0
adapter256,2,D5LGE0,pep,11,0
adapter256,2,D5LGE0,propep,26,0
adapter256,2,D5LGE0,propep,31,0
adapter256,2,D6C4H5,pep,11,0
adapter256,2,D6C4H5,propep,29,0
adapter256,2,D6C4J4,pep,21,1
adapter256,2,D6C4J4,propep,16,0
adapter256,2,D6C4J8,pep,23,1
adapter256,2,D6C4J8,propep,25,1
adapter256,2,D6C4J8,propep,5,1
adapter256,2,D6C4K5,pep,38,1
adapter256,2,D6C4K5,propep,18,1
adapter256,2,D9IWN6,pep,22,1
adapter256,2,D9IWN6,propep,19,1
adapter256,2,D9IWN7,pep,22,1
adapter256,2,D9IWN7,propep,19,1
adapter256,2,D9U2A7,propep,8,0
adapter256,2,E1ZVK3,pep,14,0
adapter256,2,E1ZVK3,pep,11,1
adapter256,2,E1ZVK3,pep,14,1
adapter256,2,E1ZVK3,pep,9,0
adapter256,2,E1ZVK3,propep,6,0
adapter256,2,E2A6P1,pep,12,0
adapter256,2,E2AJ76,pep,8,1
adapter256,2,E2AJ76,propep,24,1
adapter256,2,E2ARW3,pep,11,1
adapter256,2,E2AX35,pep,12,0
adapter256,2,E2AZE8,pep,31,1
adapter256,2,E2AZE8,propep,40,1
adapter256,2,E2AZE8,propep,5,1
adapter256,2,E2DIH5,pep,16,1
adapter256,2,E2DIH5,propep,25,1
adapter256,2,E2DIH6,pep,16,1
adapter256,2,E2DIH6,propep,22,1
adapter256,2,E4VP07,pep,13,1
adapter256,2,E4VP07,propep,31,1
adapter256,2,E5D3Z8,propep,5,1
adapter256,2,E9NW26,propep,18,0
adapter256,2,E9NW27,propep,18,0
adapter256,2,F1CJ89,pep,10,1
adapter256,2,F1DFM9,propep,45,1
adapter256,2,F1NV61,propep,24,1
adapter256,2,F1NV61,propep,11,0
adapter256,2,F4I082,propep,24,1
adapter256,2,F4JIG1,propep,27,1
adapter256,2,F8S122,propep,8,0
adapter256,2,G0R947,propep,32,1
adapter256,2,G0RUP7,propep,14,1
adapter256,2,H2CYR5,pep,13,1
adapter256,2,H2CYR5,propep,29,1
adapter256,2,H7C8I3,pep,20,1
adapter256,2,H7C8I3,propep,26,1
adapter256,2,I0DEB3,pep,13,1
adapter256,2,I0DEB3,propep,29,1
adapter256,2,I0DEB4,pep,13,1
adapter256,2,I0DEB4,propep,30,1
adapter256,2,I0DEB5,pep,13,1
adapter256,2,I0DEB5,propep,29,1
adapter256,2,I0DEB6,pep,13,1
adapter256,2,I0DEB6,propep,29,1
adapter256,2,I2DBY1,propep,39,1
adapter256,2,I2DBY2,propep,39,0
adapter256,2,I2DBY3,propep,42,0
adapter256,2,I6R1R5,propep,22,0
adapter256,2,J9VS02,propep,34,0
adapter256,2,K1XVG1,propep,24,1
adapter256,2,K8DWB5,pep,15,1
adapter256,2,K9USW8,pep,16,0
adapter256,2,L0GAZ8,pep,13,1
adapter256,2,L0GAZ8,propep,29,1
adapter256,2,L0GCV8,pep,14,1
adapter256,2,L0GCV8,propep,39,1
adapter256,2,O01382,propep,28,0
adapter256,2,O01382,propep,13,0
adapter256,2,O02002,propep,33,0
adapter256,2,O02002,propep,13,0
adapter256,2,O08524,propep,24,1
adapter256,2,O08738,propep,5,1
adapter256,2,O08738,propep,13,0
adapter256,2,O13318,propep,29,1
adapter256,2,O13547,propep,21,1
adapter256,2,O13692,propep,25,1
adapter256,2,O15130,pep,11,1
adapter256,2,O15130,pep,18,0
adapter256,2,O15130,propep,45,1
adapter256,2,O15130,propep,14,0
adapter256,2,O18494,pep,31,0
adapter256,2,O18494,propep,26,1
adapter256,2,O18495,pep,32,0
adapter256,2,O18495,propep,26,1
adapter256,2,O18496,pep,32,0
adapter256,2,O18496,propep,26,1
adapter256,2,O24565,pep,12,1
adapter256,2,O24567,pep,12,0
adapter256,2,O24572,pep,12,1
adapter256,2,O24602,pep,12,1
adapter256,2,O24618,pep,12,1
adapter256,2,O31840,pep,5,1
adapter256,2,O31840,propep,34,1
adapter256,2,O32025,pep,5,0
adapter256,2,O32025,propep,30,0
adapter256,2,O32025,propep,9,0
adapter256,2,O32295,pep,5,1
adapter256,2,O32295,propep,33,1
adapter256,2,O32389,propep,26,1
adapter256,2,O35314,pep,11,1
adapter256,2,O35397,propep,5,1
adapter256,2,O35397,propep,14,1
adapter256,2,O44185,pep,15,1
adapter256,2,O44185,pep,10,1
adapter256,2,O44185,pep,10,1
adapter256,2,O44185,pep,10,1
adapter256,2,O44185,pep,10,1
adapter256,2,O44185,pep,10,1
adapter256,2,O44185,pep,10,1
adapter256,2,O44185,pep,9,1
adapter256,2,O44185,pep,9,1
adapter256,2,O44185,propep,26,0
adapter256,2,O44516,propep,19,1
adapter256,2,O48915,propep,24,1
adapter256,2,O49644,propep,25,1
adapter256,2,O49645,propep,25,1
adapter256,2,O57413,propep,18,0
adapter256,2,O60087,propep,12,1
adapter256,2,O64864,propep,28,1
adapter256,2,O64865,propep,28,1
adapter256,2,O73795,propep,16,0
adapter256,2,O75003,propep,25,0
adapter256,2,O77256,pep,10,1
adapter256,2,O77256,propep,22,1
adapter256,2,O78504,propep,8,1
adapter256,2,O82081,propep,24,1
adapter256,2,O82549,propep,36,0
adapter256,2,O88947,propep,20,1
adapter256,2,O88947,propep,48,1
adapter256,2,O89094,propep,12,0
adapter256,2,O94779,propep,28,1
adapter256,2,O95831,propep,47,0
adapter256,2,O95980,propep,29,1
adapter256,2,O96447,propep,14,0
adapter256,2,O96812,propep,7,1
adapter256,2,P00740,propep,18,1
adapter256,2,P00740,propep,35,0
adapter256,2,P00741,propep,18,1
adapter256,2,P00741,propep,35,0
adapter256,2,P00742,propep,9,0
adapter256,2,P00745,pep,14,0
adapter256,2,P00745,propep,24,1
adapter256,2,P00750,propep,10,1
adapter256,2,P01068,pep,11,0
adapter256,2,P01068,pep,41,0
adapter256,2,P01068,pep,11,0
adapter256,2,P01068,pep,41,0
adapter256,2,P01068,pep,11,0
adapter256,2,P01068,pep,41,0
adapter256,2,P01068,propep,5,0
adapter256,2,P01068,propep,19,0
adapter256,2,P01068,propep,5,0
adapter256,2,P01068,propep,19,0
adapter256,2,P01068,propep,5,0
adapter256,2,P01068,propep,18,0
adapter256,2,P01156,pep,6,1
adapter256,2,P01156,pep,13,1
adapter256,2,P01156,pep,5,0
adapter256,2,P01252,pep,28,1
adapter256,2,P01344,pep,34,1
adapter256,2,P01346,pep,34,1
adapter256,2,P01357,pep,10,1
adapter256,2,P01357,pep,10,1
adapter256,2,P01357,pep,10,1
adapter256,2,P01357,pep,10,1
adapter256,2,P01357,propep,46,0
adapter256,2,P01357,propep,5,1
adapter256,2,P01358,pep,9,1
adapter256,2,P01501,pep,26,1
adapter256,2,P01501,propep,22,1
adapter256,2,P01579,propep,5,0
adapter256,2,P02545,propep,15,0
adapter256,2,P02674,pep,6,1
adapter256,2,P02681,pep,28,0
adapter256,2,P02876,propep,15,1
adapter256,2,P03997,pep,28,0
adapter256,2,P03998,pep,28,0
adapter256,2,P04002,propep,21,0
adapter256,2,P04070,pep,12,0
adapter256,2,P04070,propep,24,1
adapter256,2,P04124,propep,13,1
adapter256,2,P05017,propep,35,0
adapter256,2,P05019,propep,27,0
adapter256,2,P05060,pep,11,1
adapter256,2,P05118,propep,13,1
adapter256,2,P05222,pep,10,1
adapter256,2,P05222,propep,5,1
adapter256,2,P05224,pep,10,1
adapter256,2,P05224,pep,10,1
adapter256,2,P05224,pep,10,1
adapter256,2,P05224,propep,46,0
adapter256,2,P05224,propep,5,1
adapter256,2,P05225,pep,10,1
adapter256,2,P05225,pep,10,1
adapter256,2,P05225,pep,10,1
adapter256,2,P05225,pep,10,1
adapter256,2,P05225,propep,22,0
adapter256,2,P05226,pep,10,1
adapter256,2,P05226,pep,10,1
adapter256,2,P05226,pep,10,1
adapter256,2,P05226,pep,10,1
adapter256,2,P05226,propep,47,0
adapter256,2,P05226,propep,5,1
adapter256,2,P06302,pep,28,1
adapter256,2,P06454,pep,28,1
adapter256,2,P06731,propep,26,1
adapter256,2,P07095,propep,8,0
adapter256,2,P07455,propep,35,0
adapter256,2,P07456,pep,34,0
adapter256,2,P07835,propep,18,0
adapter256,2,P07907,pep,11,0
adapter256,2,P07907,pep,11,0
adapter256,2,P07907,pep,11,0
adapter256,2,P07907,pep,11,0
adapter256,2,P08025,propep,35,0
adapter256,2,P08454,propep,13,1
adapter256,2,P08459,propep,27,1
adapter256,2,P08709,propep,40,1
adapter256,2,P09031,propep,25,0
adapter256,2,P09166,propep,47,0
adapter256,2,P09167,propep,48,0
adapter256,2,P09535,pep,34,0
adapter256,2,P09598,propep,14,1
adapter256,2,P09989,propep,19,0
adapter256,2,P0C0P5,pep,20,0
adapter256,2,P0C0P5,propep,44,0
adapter256,2,P0C0P6,pep,20,0
adapter256,2,P0C0P6,propep,44,0
adapter256,2,P0C0P7,pep,20,0
adapter256,2,P0C0P7,propep,46,0
adapter256,2,P0C0P8,pep,20,0
adapter256,2,P0C0P8,propep,46,0
adapter256,2,P0C1V9,pep,16,1
adapter256,2,P0C1V9,propep,25,1
adapter256,2,P0C1W0,pep,16,0
adapter256,2,P0C1W0,propep,27,1
adapter256,2,P0C1X1,pep,36,0
adapter256,2,P0C1X1,propep,17,0
adapter256,2,P0C1X1,propep,5,1
adapter256,2,P0C1Y2,pep,13,1
adapter256,2,P0C1Y2,propep,30,1
adapter256,2,P0C252,propep,5,0
adapter256,2,P0C254,propep,10,1
adapter256,2,P0C255,propep,10,0
adapter256,2,P0C2B0,pep,12,1
adapter256,2,P0C2B0,propep,27,1
adapter256,2,P0C2B1,pep,12,1
adapter256,2,P0C2B1,propep,24,1
adapter256,2,P0C2F3,pep,10,0
adapter256,2,P0C2S9,propep,21,1
adapter256,2,P0C408,propep,24,1
adapter256,2,P0C409,propep,24,1
adapter256,2,P0C410,propep,24,1
adapter256,2,P0C636,pep,12,1
adapter256,2,P0C636,propep,29,1
adapter256,2,P0C637,pep,11,1
adapter256,2,P0C637,propep,30,1
adapter256,2,P0C638,pep,11,1
adapter256,2,P0C638,propep,28,1
adapter256,2,P0C639,pep,12,1
adapter256,2,P0C639,propep,28,1
adapter256,2,P0C640,pep,18,1
adapter256,2,P0C640,propep,27,1
adapter256,2,P0C666,pep,14,0
adapter256,2,P0C666,propep,37,0
adapter256,2,P0C667,pep,12,1
adapter256,2,P0C667,propep,26,1
adapter256,2,P0C668,pep,11,1
adapter256,2,P0C668,propep,26,1
adapter256,2,P0C670,pep,12,1
adapter256,2,P0C670,propep,28,0
adapter256,2,P0C6E4,propep,16,0
adapter256,2,P0C6E8,propep,16,0
adapter256,2,P0C7S9,propep,33,1
adapter256,2,P0C828,pep,30,0
adapter256,2,P0C828,propep,17,0
adapter256,2,P0C829,pep,37,1
adapter256,2,P0C829,propep,17,1
adapter256,2,P0C829,propep,5,1
adapter256,2,P0C8P8,pep,17,1
adapter256,2,P0C8P9,pep,14,1
adapter256,2,P0C8P9,propep,42,1
adapter256,2,P0C8R2,pep,19,1
adapter256,2,P0C8U4,pep,15,1
adapter256,2,P0C8U4,propep,26,1
adapter256,2,P0C8U6,pep,20,1
adapter256,2,P0C8U6,propep,22,1
adapter256,2,P0C8U7,pep,20,1
adapter256,2,P0C8U7,propep,22,1
adapter256,2,P0C8U8,pep,42,0
adapter256,2,P0C8U8,propep,19,1
adapter256,2,P0C8U9,pep,42,0
adapter256,2,P0C8U9,propep,19,1
adapter256,2,P0C8V0,pep,23,1
adapter256,2,P0C8V0,propep,18,1
adapter256,2,P0C8W1,pep,13,1
adapter256,2,P0C8W1,propep,32,1
adapter256,2,P0C8W2,pep,10,1
adapter256,2,P0C8W2,propep,32,1
adapter256,2,P0C901,pep,18,0
adapter256,2,P0C901,propep,26,0
adapter256,2,P0C940,propep,28,1
adapter256,2,P0C954,propep,24,1
adapter256,2,P0C955,propep,32,0
adapter256,2,P0C956,propep,29,0
adapter256,2,P0CAQ2,pep,36,0
adapter256,2,P0CAQ2,propep,5,0
adapter256,2,P0CAQ3,pep,37,0
adapter256,2,P0CAQ3,propep,5,0
adapter256,2,P0CAQ5,pep,15,1
adapter256,2,P0CAQ5,propep,26,1
adapter256,2,P0CAQ6,pep,16,1
adapter256,2,P0CAQ6,propep,23,1
adapter256,2,P0CAQ7,pep,17,0
adapter256,2,P0CAQ8,pep,17,1
adapter256,2,P0CAQ9,pep,17,1
adapter256,2,P0CAZ2,propep,40,1
adapter256,2,P0CAZ3,propep,40,1
adapter256,2,P0CAZ4,propep,40,1
adapter256,2,P0CAZ5,propep,40,1
adapter256,2,P0CAZ6,propep,40,1
adapter256,2,P0CAZ7,propep,40,1
adapter256,2,P0CAZ8,propep,40,1
adapter256,2,P0CAZ9,propep,40,1
adapter256,2,P0CB07,pep,17,1
adapter256,2,P0CB07,propep,26,1
adapter256,2,P0CB08,pep,18,1
adapter256,2,P0CB08,propep,26,1
adapter256,2,P0CB12,pep,17,1
adapter256,2,P0CB12,propep,26,1
adapter256,2,P0CB14,propep,26,0
adapter256,2,P0CE73,pep,16,1
adapter256,2,P0CE73,propep,27,1
adapter256,2,P0CE75,pep,37,0
adapter256,2,P0CE75,propep,17,0
adapter256,2,P0CE75,propep,5,1
adapter256,2,P0CE76,pep,37,0
adapter256,2,P0CE76,propep,17,0
adapter256,2,P0CE76,propep,5,1
adapter256,2,P0CE79,propep,8,1
adapter256,2,P0CE80,propep,8,1
adapter256,2,P0CE81,propep,8,1
adapter256,2,P0CE82,propep,8,1
adapter256,2,P0CE83,propep,8,1
adapter256,2,P0CH50,pep,31,1
adapter256,2,P0CI13,propep,32,1
adapter256,2,P0CI49,propep,8,0
adapter256,2,P0CY75,pep,16,1
adapter256,2,P0CY75,propep,27,1
adapter256,2,P0CY76,pep,15,0
adapter256,2,P0CY77,pep,16,1
adapter256,2,P0CY78,pep,33,0
adapter256,2,P0CY78,propep,16,0
adapter256,2,P0CY80,pep,26,0
adapter256,2,P0CY80,propep,23,1
adapter256,2,P0CY81,pep,22,1
adapter256,2,P0CY81,propep,27,1
adapter256,2,P0CY82,pep,36,0
adapter256,2,P0CY82,propep,5,0
adapter256,2,P0CY86,pep,15,1
adapter256,2,P0CY86,propep,26,1
adapter256,2,P0DJ02,pep,13,1
adapter256,2,P0DJ02,propep,29,1
adapter256,2,P0DJ03,pep,13,1
adapter256,2,P0DJ03,propep,31,1
adapter256,2,P0DJO3,pep,14,1
adapter256,2,P0DJO3,propep,34,1
adapter256,2,P0DJO4,pep,14,1
adapter256,2,P0DJO4,propep,29,1
adapter256,2,P0DKM1,propep,13,1
adapter256,2,P0DKN0,propep,8,1
adapter256,2,P0DKP4,pep,21,0
adapter256,2,P0DKP4,pep,29,0
adapter256,2,P0DKP4,pep,28,0
adapter256,2,P0DKP4,pep,21,1
adapter256,2,P0DKP6,pep,12,1
adapter256,2,P0DKP6,propep,28,1
adapter256,2,P0DKP8,pep,12,1
adapter256,2,P0DKP8,propep,28,1
adapter256,2,P0DM21,pep,16,1
adapter256,2,P0DM21,propep,23,1
adapter256,2,P0DM23,pep,16,1
adapter256,2,P0DM23,propep,23,1
adapter256,2,P0DM26,pep,20,0
adapter256,2,P0DM26,propep,7,0
adapter256,2,P0DM26,propep,16,0
adapter256,2,P0DME6,pep,13,1
adapter256,2,P0DME6,propep,28,1
adapter256,2,P0DME7,pep,13,1
adapter256,2,P0DME7,propep,28,1
adapter256,2,P0DME8,pep,13,1
adapter256,2,P0DME8,propep,28,1
adapter256,2,P0DME9,pep,13,1
adapter256,2,P0DME9,propep,29,1
adapter256,2,P0DMF1,pep,10,1
adapter256,2,P0DMF4,pep,10,1
adapter256,2,P0DMF4,propep,31,1
adapter256,2,P0DMF5,pep,15,0
adapter256,2,P0DMF5,propep,31,1
adapter256,2,P0DMF6,pep,10,1
adapter256,2,P0DMF6,propep,31,1
adapter256,2,P0DMF7,pep,14,1
adapter256,2,P0DMF7,propep,34,1
adapter256,2,P0DMF9,pep,14,1
adapter256,2,P0DMF9,propep,25,1
adapter256,2,P0DMZ2,pep,30,1
adapter256,2,P0DMZ8,pep,29,1
adapter256,2,P0DMZ8,pep,29,1
adapter256,2,P0DMZ8,pep,29,1
adapter256,2,P0DMZ8,pep,29,1
adapter256,2,P0DMZ8,propep,8,1
adapter256,2,P0DMZ9,pep,29,1
adapter256,2,P0DMZ9,pep,29,1
adapter256,2,P0DMZ9,pep,29,1
adapter256,2,P0DMZ9,pep,29,1
adapter256,2,P0DMZ9,propep,8,1
adapter256,2,P0DN46,pep,24,1
adapter256,2,P0DN46,propep,17,1
adapter256,2,P0DN47,pep,22,1
adapter256,2,P0DN47,propep,19,1
adapter256,2,P0DOZ7,pep,18,1
adapter256,2,P0DOZ7,propep,6,1
adapter256,2,P0DOZ7,propep,15,1
adapter256,2,P0DPE6,propep,24,0
adapter256,2,P0DPL8,pep,14,1
adapter256,2,P0DPL8,propep,25,0
adapter256,2,P0DPL9,pep,18,1
adapter256,2,P0DPL9,propep,22,0
adapter256,2,P0DPM0,pep,14,1
adapter256,2,P0DPM0,propep,26,1
adapter256,2,P0DPM1,pep,16,1
adapter256,2,P0DPM1,propep,27,1
adapter256,2,P0DPT2,pep,16,1
adapter256,2,P0DQJ4,propep,24,1
adapter256,2,P0DQP3,propep,17,0
adapter256,2,P0DQP4,propep,17,1
adapter256,2,P0DQR6,propep,10,1
adapter256,2,P0DRD0,pep,24,1
adapter256,2,P0DRD0,propep,37,1
adapter256,2,P0DRD1,pep,27,1
adapter256,2,P0DRD1,propep,39,1
adapter256,2,P0DRD2,pep,22,1
adapter256,2,P0DRD2,propep,36,1
adapter256,2,P0DRD4,pep,27,1
adapter256,2,P0DRD4,propep,10,1
adapter256,2,P0DRD5,pep,29,1
adapter256,2,P0DRD5,propep,12,1
adapter256,2,P0DRH5,pep,13,1
adapter256,2,P0DRH5,propep,32,1
adapter256,2,P0DRH6,pep,16,1
adapter256,2,P0DRH6,propep,32,1
adapter256,2,P0DRH7,pep,28,1
adapter256,2,P0DRH7,propep,18,1
adapter256,2,P0DRH9,propep,21,0
adapter256,2,P0DRH9,propep,29,1
adapter256,2,P0DRI0,propep,20,0
adapter256,2,P0DRI0,propep,26,1
adapter256,2,P0DRI1,propep,16,0
adapter256,2,P0DRI1,propep,31,1
adapter256,2,P0DRI3,propep,15,1
adapter256,2,P0DSI4,pep,13,1
adapter256,2,P0DSI4,propep,14,1
adapter256,2,P0DSI5,pep,18,1
adapter256,2,P0DSI5,propep,10,1
adapter256,2,P0DSI6,pep,16,0
adapter256,2,P0DSI6,propep,12,0
adapter256,2,P0DSJ4,propep,26,1
adapter256,2,P0DSJ5,propep,24,1
adapter256,2,P0DSJ8,pep,21,1
adapter256,2,P0DSJ8,propep,17,0
adapter256,2,P0DSJ9,pep,21,1
adapter256,2,P0DSJ9,propep,17,0
adapter256,2,P0DSK1,pep,13,1
adapter256,2,P0DSK1,propep,13,0
adapter256,2,P0DSK4,propep,33,0
adapter256,2,P0DUG2,propep,48,1
adapter256,2,P0DUJ5,pep,21,1
adapter256,2,P0DUJ5,propep,23,1
adapter256,2,P0DUQ4,pep,18,1
adapter256,2,P0DUQ4,propep,6,1
adapter256,2,P0DUQ4,propep,15,1
adapter256,2,P0DUQ8,propep,8,1
adapter256,2,P0DV71,pep,21,1
adapter256,2,P0DW72,propep,19,1
adapter256,2,P0DX20,pep,14,0
adapter256,2,P0DX61,pep,29,1
adapter256,2,P0DX61,propep,26,1
adapter256,2,P0DX64,pep,14,1
adapter256,2,P0DX64,propep,29,1
adapter256,2,P0DXT1,pep,22,1
adapter256,2,P0DXT1,propep,34,1
adapter256,2,P0DXT2,pep,27,1
adapter256,2,P0DXT2,propep,38,1
adapter256,2,P0DXT3,pep,27,1
adapter256,2,P0DXT4,pep,27,1
adapter256,2,P0DXT4,propep,38,1
adapter256,2,P0DXT5,pep,27,1
adapter256,2,P0DXT5,propep,34,1
adapter256,2,P0DXT7,pep,20,1
adapter256,2,P0DXT7,propep,30,1
adapter256,2,P0DXT8,pep,26,1
adapter256,2,P0DXT8,propep,10,1
adapter256,2,P0DXT9,pep,26,1
adapter256,2,P0DXT9,propep,10,1
adapter256,2,P0DXU0,pep,26,1
adapter256,2,P0DXU0,propep,10,1
adapter256,2,P0DXU1,pep,28,1
adapter256,2,P0DXU1,propep,12,1
adapter256,2,P0DXZ8,pep,14,1
adapter256,2,P0DXZ8,propep,32,1
adapter256,2,P0DY01,pep,13,1
adapter256,2,P0DY01,propep,32,1
adapter256,2,P0DY02,pep,13,1
adapter256,2,P0DY02,propep,32,1
adapter256,2,P0DY17,pep,13,1
adapter256,2,P0DY17,propep,32,1
adapter256,2,P0DY19,propep,35,0
adapter256,2,P0DY25,pep,28,0
adapter256,2,P0DY25,propep,12,0
adapter256,2,P0DY99,pep,16,0
adapter256,2,P0DY99,propep,24,0
adapter256,2,P10347,propep,24,1
adapter256,2,P10348,propep,18,1
adapter256,2,P10673,pep,6,1
adapter256,2,P10673,pep,20,1
adapter256,2,P10743,propep,15,1
adapter256,2,P10763,propep,35,0
adapter256,2,P10764,pep,34,0
adapter256,2,P10863,propep,21,1
adapter256,2,P10968,propep,15,1
adapter256,2,P10969,propep,15,1
adapter256,2,P11006,pep,6,0
adapter256,2,P11006,pep,23,1
adapter256,2,P11006,pep,6,0
adapter256,2,P11006,pep,23,1
adapter256,2,P11006,pep,6,0
adapter256,2,P11006,pep,23,1
adapter256,2,P11006,pep,6,0
adapter256,2,P11006,pep,23,1
adapter256,2,P11006,pep,6,0
adapter256,2,P11006,pep,23,1
adapter256,2,P11006,pep,6,0
adapter256,2,P11006,pep,23,1
adapter256,2,P11006,propep,8,0
adapter256,2,P11006,propep,11,0
adapter256,2,P11006,propep,11,0
adapter256,2,P11006,propep,11,0
adapter256,2,P11006,propep,11,0
adapter256,2,P11006,propep,11,0
adapter256,2,P11006,propep,12,1
adapter256,2,P11214,propep,12,1
adapter256,2,P11863,propep,19,1
adapter256,2,P12163,propep,22,0
adapter256,2,P12164,propep,24,0
adapter256,2,P12729,propep,21,1
adapter256,2,P12960,propep,19,0
adapter256,2,P13208,pep,21,1
adapter256,2,P13208,pep,21,0
adapter256,2,P13208,pep,21,0
adapter256,2,P13208,pep,21,0
adapter256,2,P13208,pep,21,0
adapter256,2,P13208,pep,21,0
adapter256,2,P13208,pep,21,0
adapter256,2,P13208,pep,21,0
adapter256,2,P13208,pep,21,0
adapter256,2,P13208,pep,21,0
adapter256,2,P13208,pep,21,0
adapter256,2,P13208,pep,21,0
adapter256,2,P13208,propep,46,0
adapter256,2,P13208,propep,18,0
adapter256,2,P13208,propep,18,0
adapter256,2,P13208,propep,18,0
adapter256,2,P13208,propep,18,0
adapter256,2,P13208,propep,18,0
adapter256,2,P13208,propep,18,0
adapter256,2,P13208,propep,18,0
adapter256,2,P13208,propep,18,0
adapter256,2,P13208,propep,18,0
adapter256,2,P13208,propep,18,0
adapter256,2,P13208,propep,18,0
adapter256,2,P13208,propep,12,1
adapter256,2,P13684,pep,25,1
adapter256,2,P13684,pep,14,0
adapter256,2,P14089,propep,8,1
adapter256,2,P14530,propep,18,0
adapter256,2,P14749,propep,23,1
adapter256,2,P14781,propep,26,1
adapter256,2,P15167,propep,21,0
adapter256,2,P15471,pep,13,1
adapter256,2,P15471,propep,28,1
adapter256,2,P15490,propep,13,0
adapter256,2,P15566,pep,28,0
adapter256,2,P15819,propep,8,1
adapter256,2,P16014,pep,11,0
adapter256,2,P16094,propep,17,0
adapter256,2,P16231,propep,13,0
adapter256,2,P16291,propep,18,1
adapter256,2,P16291,propep,35,0
adapter256,2,P16292,propep,18,1
adapter256,2,P16292,propep,35,0
adapter256,2,P16293,propep,35,1
adapter256,2,P16294,propep,18,1
adapter256,2,P16294,propep,44,0
adapter256,2,P16296,propep,18,1
adapter256,2,P16296,propep,42,0
adapter256,2,P16501,propep,35,0
adapter256,2,P16545,propep,35,0
adapter256,2,P17349,propep,16,0
adapter256,2,P17647,propep,35,0
adapter256,2,P17896,propep,24,0
adapter256,2,P18254,propep,35,0
adapter256,2,P18263,propep,9,1
adapter256,2,P18619,propep,18,0
adapter256,2,P19259,propep,25,1
adapter256,2,P19540,propep,18,1
adapter256,2,P19540,propep,32,0
adapter256,2,P19578,pep,34,1
adapter256,2,P19578,propep,26,1
adapter256,2,P19637,propep,12,1
adapter256,2,P20068,pep,6,1
adapter256,2,P20068,pep,13,1
adapter256,2,P20068,pep,5,0
adapter256,2,P20076,propep,21,1
adapter256,2,P20164,propep,7,0
adapter256,2,P20465,pep,11,0
adapter256,2,P20465,pep,11,0
adapter256,2,P20465,pep,11,0
adapter256,2,P20465,pep,11,0
adapter256,2,P20465,pep,11,0
adapter256,2,P20466,pep,11,0
adapter256,2,P20466,pep,11,1
adapter256,2,P20466,pep,11,0
adapter256,2,P21786,pep,13,1
adapter256,2,P21786,propep,15,1
adapter256,2,P21840,propep,22,1
adapter256,2,P22063,propep,25,1
adapter256,2,P22146,propep,31,1
adapter256,2,P22282,propep,5,1
adapter256,2,P22321,propep,15,0
adapter256,2,P22322,propep,16,0
adapter256,2,P22334,pep,27,0
adapter256,2,P22334,pep,21,0
adapter256,2,P22334,propep,25,0
adapter256,2,P22457,propep,17,1
adapter256,2,P22522,propep,15,1
adapter256,2,P22891,propep,17,1
adapter256,2,P23079,propep,11,1
adapter256,2,P23317,propep,8,1
adapter256,2,P23318,propep,5,0
adapter256,2,P23389,pep,11,1
adapter256,2,P23389,pep,14,0
adapter256,2,P23389,pep,13,0
adapter256,2,P23695,pep,34,0
adapter256,2,P23699,propep,18,0
adapter256,2,P24478,propep,19,0
adapter256,2,P25380,propep,23,1
adapter256,2,P25955,propep,5,1
adapter256,2,P26350,pep,28,1
adapter256,2,P27058,pep,18,0
adapter256,2,P27654,propep,24,1
adapter256,2,P28319,propep,22,1
adapter256,2,P28642,propep,24,0
adapter256,2,P28879,pep,19,1
adapter256,2,P28879,propep,29,1
adapter256,2,P29827,pep,19,1
adapter256,2,P30403,propep,16,0
adapter256,2,P30990,pep,5,1
adapter256,2,P30990,pep,13,1
adapter256,2,P30990,pep,5,1
adapter256,2,P31358,pep,12,0
adapter256,2,P31358,propep,25,0
adapter256,2,P31394,pep,14,0
adapter256,2,P31394,propep,23,1
adapter256,2,P31481,propep,17,1
adapter256,2,P31736,propep,29,0
adapter256,2,P31944,propep,5,1
adapter256,2,P31944,propep,6,1
adapter256,2,P31956,propep,31,0
adapter256,2,P31997,propep,29,0
adapter256,2,P32763,pep,11,0
adapter256,2,P32763,propep,25,1
adapter256,2,P33185,propep,20,0
adapter256,2,P33186,propep,20,0
adapter256,2,P33186,propep,19,0
adapter256,2,P33376,propep,14,1
adapter256,2,P33378,propep,26,1
adapter256,2,P33587,pep,14,0
adapter256,2,P33587,propep,23,1
adapter256,2,P33712,propep,35,0
adapter256,2,P33890,propep,20,1
adapter256,2,P34068,pep,9,0
adapter256,2,P34068,propep,30,0
adapter256,2,P34069,pep,9,0
adapter256,2,P34069,propep,32,0
adapter256,2,P34182,propep,18,0
adapter256,2,P35853,propep,11,1
adapter256,2,P36217,propep,14,1
adapter256,2,P36218,propep,32,1
adapter256,2,P37302,propep,35,0
adapter256,2,P38248,propep,23,1
adapter256,2,P40199,propep,24,1
adapter256,2,P40552,propep,24,0
adapter256,2,P40849,pep,9,0
adapter256,2,P40849,propep,29,0
adapter256,2,P41598,propep,19,0
adapter256,2,P41694,pep,34,0
adapter256,2,P42574,propep,9,0
adapter256,2,P42574,propep,19,0
adapter256,2,P42575,propep,8,0
adapter256,2,P43076,propep,31,1
adapter256,2,P47178,propep,23,1
adapter256,2,P48188,propep,24,1
adapter256,2,P48678,propep,15,0
adapter256,2,P48679,propep,15,0
adapter256,2,P49513,propep,7,1
adapter256,2,P50982,pep,18,1
adapter256,2,P50982,propep,27,1
adapter256,2,P50985,pep,16,1
adapter256,2,P50985,propep,23,1
adapter256,2,P51317,propep,8,1
adapter256,2,P51457,propep,35,0
adapter256,2,P51459,pep,34,1
adapter256,2,P51462,propep,35,0
adapter256,2,P54097,propep,25,0
adapter256,2,P55210,propep,22,1
adapter256,2,P55210,propep,8,0
adapter256,2,P55212,propep,23,1
adapter256,2,P55212,propep,14,1
adapter256,2,P55213,propep,9,0
adapter256,2,P55213,propep,19,0
adapter256,2,P55214,propep,22,0
adapter256,2,P55214,propep,8,0
adapter256,2,P55215,propep,8,0
adapter256,2,P55330,propep,19,1
adapter256,2,P55790,propep,41,0
adapter256,2,P55939,propep,36,0
adapter256,2,P55963,pep,25,1
adapter256,2,P55963,propep,25,1
adapter256,2,P56348,propep,5,1
adapter256,2,P56626,propep,30,0
adapter256,2,P56636,pep,16,1
adapter256,2,P56636,propep,27,1
adapter256,2,P56638,pep,16,1
adapter256,2,P56638,propep,23,1
adapter256,2,P56639,pep,16,1
adapter256,2,P56639,propep,23,1
adapter256,2,P56640,pep,15,1
adapter256,2,P56640,propep,23,1
adapter256,2,P56782,propep,24,1
adapter256,2,P56973,pep,15,1
adapter256,2,P56973,propep,26,1
adapter256,2,P58273,propep,24,1
adapter256,2,P58560,propep,11,1
adapter256,2,P58583,propep,8,1
adapter256,2,P58808,pep,13,1
adapter256,2,P58808,propep,29,1
adapter256,2,P58809,pep,12,1
adapter256,2,P58809,propep,30,1
adapter256,2,P58811,pep,19,1
adapter256,2,P58811,propep,22,1
adapter256,2,P59261,pep,26,1
adapter256,2,P59261,propep,22,1
adapter256,2,P59262,pep,26,1
adapter256,2,P59262,propep,22,1
adapter256,2,P59406,propep,6,0
adapter256,2,P59906,pep,22,1
adapter256,2,P59906,propep,33,1
adapter256,2,P59914,propep,27,1
adapter256,2,P60274,pep,19,1
adapter256,2,P60274,propep,23,1
adapter256,2,P68407,pep,26,1
adapter256,2,P68407,propep,22,1
adapter256,2,P68408,pep,26,1
adapter256,2,P68408,propep,22,1
adapter256,2,P68409,pep,26,1
adapter256,2,P68409,propep,22,1
adapter256,2,P68500,propep,27,1
adapter256,2,P68577,pep,37,0
adapter256,2,P68577,propep,19,1
adapter256,2,P69498,propep,5,0
adapter256,2,P69499,propep,5,1
adapter256,2,P69500,propep,5,0
adapter256,2,P69501,propep,5,0
adapter256,2,P69657,pep,13,1
adapter256,2,P69657,propep,27,1
adapter256,2,P69658,pep,18,1
adapter256,2,P69693,propep,24,1
adapter256,2,P69694,propep,24,1
adapter256,2,P69764,pep,10,1
adapter256,2,P69764,propep,26,1
adapter256,2,P69765,pep,10,1
adapter256,2,P69765,propep,28,1
adapter256,2,P69766,pep,11,1
adapter256,2,P69766,propep,29,1
adapter256,2,P69768,pep,11,1
adapter256,2,P69768,propep,26,1
adapter256,2,P69770,propep,17,0
adapter256,2,P69929,pep,27,1
adapter256,2,P69929,pep,27,1
adapter256,2,P69929,pep,27,1
adapter256,2,P69929,pep,27,1
adapter256,2,P69929,pep,27,1
adapter256,2,P69929,pep,27,1
adapter256,2,P69929,propep,11,0
adapter256,2,P69939,propep,8,0
adapter256,2,P69940,pep,8,0
adapter256,2,P69940,pep,10,0
adapter256,2,P70375,propep,17,1
adapter256,2,P70677,propep,9,0
adapter256,2,P70677,propep,19,0
adapter256,2,P81323,propep,14,1
adapter256,2,P81428,propep,20,1
adapter256,2,P81428,propep,28,0
adapter256,2,P81755,pep,13,1
adapter256,2,P81755,propep,31,1
adapter256,2,P81791,propep,21,1
adapter256,2,P81941,pep,25,0
adapter256,2,P81941,propep,21,0
adapter256,2,P82701,pep,45,1
adapter256,2,P82807,propep,20,1
adapter256,2,P82807,propep,28,0
adapter256,2,P83370,propep,20,1
adapter256,2,P83370,propep,28,0
adapter256,2,P83403,pep,39,1
adapter256,2,P83512,propep,14,0
adapter256,2,P84845,pep,13,1
adapter256,2,P84845,propep,22,0
adapter256,2,P85013,pep,16,1
adapter256,2,P85013,propep,28,1
adapter256,2,P85079,propep,23,1
adapter256,2,P85247,propep,40,1
adapter256,2,P85253,propep,40,1
adapter256,2,P85254,propep,40,1
adapter256,2,P85255,propep,40,1
adapter256,2,P85256,propep,40,1
adapter256,2,P85257,propep,40,1
adapter256,2,P85258,propep,40,1
adapter256,2,P85259,propep,40,1
adapter256,2,P85829,pep,13,0
adapter256,2,P85831,pep,12,0
adapter256,2,P85832,pep,14,1
adapter256,2,P85832,pep,14,1
adapter256,2,P85832,pep,20,1
adapter256,2,P85886,pep,18,1
adapter256,2,P85886,propep,27,1
adapter256,2,P85966,pep,45,0
adapter256,2,P85966,propep,37,0
adapter256,2,P86013,pep,30,1
adapter256,2,P86013,propep,24,1
adapter256,2,P86047,pep,31,1
adapter256,2,P86047,propep,24,1
adapter256,2,P86521,pep,43,0
adapter256,2,P89116,propep,28,1
adapter256,2,P89116,propep,11,0
adapter256,2,P91797,pep,42,1
adapter256,2,P91797,pep,26,1
adapter256,2,P97527,propep,27,1
adapter256,2,P97528,propep,29,1
adapter256,2,P97766,propep,36,0
adapter256,2,P97864,propep,23,0
adapter256,2,P97864,propep,8,0
adapter256,2,P98139,propep,18,1
adapter256,2,Q00783,propep,13,1
adapter256,2,Q00829,pep,5,0
adapter256,2,Q00829,propep,39,0
adapter256,2,Q01MB6,propep,26,1
adapter256,2,Q02246,propep,28,1
adapter256,2,Q03029,propep,25,1
adapter256,2,Q03198,propep,14,1
adapter256,2,Q03199,propep,17,0
adapter256,2,Q03561,pep,15,0
adapter256,2,Q03655,propep,26,1
adapter256,2,Q04469,propep,14,1
adapter256,2,Q06135,propep,24,1
adapter256,2,Q06303,propep,47,1
adapter256,2,Q06304,propep,45,0
adapter256,2,Q06305,propep,47,1
adapter256,2,Q06306,propep,40,0
adapter256,2,Q06FX8,propep,24,0
adapter256,2,Q06GS7,propep,22,0
adapter256,2,Q06H14,propep,24,0
adapter256,2,Q06J16,propep,6,1
adapter256,2,Q06RE8,propep,24,0
adapter256,2,Q06SD3,propep,9,1
adapter256,2,Q072L5,propep,10,0
adapter256,2,Q07409,propep,26,1
adapter256,2,Q07488,propep,22,1
adapter256,2,Q07932,pep,48,0
adapter256,2,Q07932,propep,30,1
adapter256,2,Q08193,propep,22,1
adapter256,2,Q08271,propep,24,1
adapter256,2,Q08279,pep,34,0
adapter256,2,Q08676,propep,45,0
adapter256,2,Q08DY9,propep,9,0
adapter256,2,Q08DY9,propep,19,0
adapter256,2,Q09MJ5,propep,24,0
adapter256,2,Q09X34,propep,24,0
adapter256,2,Q0G9N6,propep,24,0
adapter256,2,Q0G9X9,propep,24,0
adapter256,2,Q0GY44,propep,8,0
adapter256,2,Q0GY46,propep,8,0
adapter256,2,Q0IDF4,propep,10,1
adapter256,2,Q0II73,propep,21,1
adapter256,2,Q0JF21,propep,26,1
adapter256,2,Q0NZX5,propep,16,0
adapter256,2,Q0P3J6,propep,8,1
adapter256,2,Q0SRD5,propep,7,0
adapter256,2,Q0TNR9,propep,7,0
adapter256,2,Q0ZJ37,propep,24,0
adapter256,2,Q10XU6,propep,8,1
adapter256,2,Q12039,propep,14,1
adapter256,2,Q12120,propep,41,0
adapter256,2,Q12173,pep,26,1
adapter256,2,Q12218,propep,22,1
adapter256,2,Q12355,propep,25,1
adapter256,2,Q12737,propep,19,1
adapter256,2,Q14002,propep,23,1
adapter256,2,Q14FH4,propep,24,0
adapter256,2,Q14FJ4,propep,22,0
adapter256,2,Q14FJ4,propep,13,0
adapter256,2,Q16992,pep,6,1
adapter256,2,Q16992,pep,6,1
adapter256,2,Q16992,pep,5,1
adapter256,2,Q16992,pep,6,1
adapter256,2,Q16992,pep,5,1
adapter256,2,Q16992,pep,6,1
adapter256,2,Q16992,pep,5,1
adapter256,2,Q16992,pep,6,1
adapter256,2,Q16992,pep,5,1
adapter256,2,Q16992,pep,6,1
adapter256,2,Q16992,pep,5,1
adapter256,2,Q16992,pep,6,1
adapter256,2,Q16992,pep,5,1
adapter256,2,Q16992,pep,6,1
adapter256,2,Q16992,pep,5,1
adapter256,2,Q16992,pep,6,1
adapter256,2,Q16992,pep,5,1
adapter256,2,Q16992,pep,6,1
adapter256,2,Q16992,pep,6,1
adapter256,2,Q16992,pep,6,1
adapter256,2,Q16992,pep,6,1
adapter256,2,Q16992,pep,6,1
adapter256,2,Q16992,pep,6,1
adapter256,2,Q16992,pep,6,1
adapter256,2,Q16992,pep,6,1
adapter256,2,Q16992,pep,6,1
adapter256,2,Q16992,pep,6,1
adapter256,2,Q16992,pep,6,1
adapter256,2,Q16992,pep,6,1
adapter256,2,Q16992,pep,6,1
adapter256,2,Q16992,pep,6,1
adapter256,2,Q16992,pep,6,1
adapter256,2,Q16992,pep,6,1
adapter256,2,Q16992,pep,6,1
adapter256,2,Q16992,pep,5,1
adapter256,2,Q16992,pep,7,1
adapter256,2,Q16992,propep,5,1
adapter256,2,Q16992,propep,5,1
adapter256,2,Q16992,propep,5,1
adapter256,2,Q16992,propep,5,1
adapter256,2,Q16992,propep,5,1
adapter256,2,Q16992,propep,10,0
adapter256,2,Q16992,propep,5,1
adapter256,2,Q16992,propep,10,0
adapter256,2,Q16992,propep,5,1
adapter256,2,Q16992,propep,5,1
adapter256,2,Q16992,propep,11,0
adapter256,2,Q16992,propep,12,0
adapter256,2,Q16992,propep,5,1
adapter256,2,Q16992,propep,25,1
adapter256,2,Q18502,pep,7,1
adapter256,2,Q18502,pep,7,1
adapter256,2,Q18502,propep,44,1
adapter256,2,Q18502,propep,16,1
adapter256,2,Q1A3Q1,pep,15,0
adapter256,2,Q1A3Q1,propep,35,0
adapter256,2,Q1A3Q2,pep,14,0
adapter256,2,Q1A3Q2,propep,35,0
adapter256,2,Q1A3Q6,pep,15,0
adapter256,2,Q1A3Q6,propep,35,0
adapter256,2,Q1A3Q7,pep,19,1
adapter256,2,Q1A3Q7,propep,27,1
adapter256,2,Q1A3Q8,pep,12,0
adapter256,2,Q1A3Q8,propep,35,0
adapter256,2,Q1A3Q9,pep,14,0
adapter256,2,Q1A3Q9,propep,35,0
adapter256,2,Q1A3R0,pep,11,1
adapter256,2,Q1A3R0,propep,26,1
adapter256,2,Q1ACL6,propep,22,1
adapter256,2,Q1ELT9,pep,25,1
adapter256,2,Q1ELT9,propep,40,1
adapter256,2,Q1ELU2,pep,20,1
adapter256,2,Q1ELU2,propep,39,1
adapter256,2,Q1ELU3,pep,20,1
adapter256,2,Q1ELU3,propep,39,1
adapter256,2,Q1ELV0,pep,34,0
adapter256,2,Q1ELV0,propep,41,1
adapter256,2,Q1G3I0,propep,25,1
adapter256,2,Q1I8U1,propep,33,0
adapter256,2,Q1KVV2,propep,9,1
adapter256,2,Q1KXX6,propep,22,0
adapter256,2,Q1L658,propep,20,1
adapter256,2,Q1L658,propep,27,0
adapter256,2,Q1L659,propep,20,1
adapter256,2,Q1L777,pep,16,1
adapter256,2,Q1PBD1,propep,16,0
adapter256,2,Q1W694,propep,8,1
adapter256,2,Q1W695,propep,8,1
adapter256,2,Q1XDH0,propep,8,1
adapter256,2,Q20EY3,propep,6,1
adapter256,2,Q24049,pep,24,0
adapter256,2,Q24049,pep,32,0
adapter256,2,Q24049,propep,29,0
adapter256,2,Q27441,pep,40,1
adapter256,2,Q27441,pep,31,0
adapter256,2,Q27J48,propep,8,0
adapter256,2,Q27Q54,propep,5,1
adapter256,2,Q28106,propep,19,0
adapter256,2,Q28198,propep,12,1
adapter256,2,Q28278,pep,11,0
adapter256,2,Q28278,propep,22,1
adapter256,2,Q28315,pep,14,0
adapter256,2,Q28315,propep,24,1
adapter256,2,Q28380,pep,11,0
adapter256,2,Q28380,propep,25,1
adapter256,2,Q28661,pep,15,0
adapter256,2,Q28661,propep,9,0
adapter256,2,Q28896,pep,20,0
adapter256,2,Q28896,propep,22,0
adapter256,2,Q2EI26,propep,23,0
adapter256,2,Q2F9P2,propep,40,1
adapter256,2,Q2F9P4,propep,40,1
adapter256,2,Q2I2R6,pep,19,0
adapter256,2,Q2I2R6,propep,24,0
adapter256,2,Q2I2R7,pep,17,1
adapter256,2,Q2I2R7,propep,27,1
adapter256,2,Q2I2R8,pep,16,1
adapter256,2,Q2I2R8,propep,27,1
adapter256,2,Q2L8Z0,propep,24,0
adapter256,2,Q2MIB7,propep,24,0
adapter256,2,Q2MIK4,propep,24,0
adapter256,2,Q2PFV2,propep,9,0
adapter256,2,Q2PFV2,propep,19,0
adapter256,2,Q2PMS6,propep,24,0
adapter256,2,Q2RQ23,propep,13,1
adapter256,2,Q2V2G5,pep,10,0
adapter256,2,Q2V2G5,propep,21,0
adapter256,2,Q2VEJ3,propep,24,0
adapter256,2,Q2XQ09,propep,5,1
adapter256,2,Q31CR0,propep,9,1
adapter256,2,Q32LD3,propep,21,1
adapter256,2,Q32RP3,propep,21,1
adapter256,2,Q32RW6,propep,21,1
adapter256,2,Q33C56,propep,24,0
adapter256,2,Q3BAQ9,propep,24,0
adapter256,2,Q3C1G0,propep,24,0
adapter256,2,Q3E880,pep,13,1
adapter256,2,Q3ECM0,pep,15,1
adapter256,2,Q3ECM0,pep,15,1
adapter256,2,Q3ECM0,propep,10,0
adapter256,2,Q3ECM0,propep,6,0
adapter256,2,Q3M4K0,propep,8,1
adapter256,2,Q3T0P5,propep,23,1
adapter256,2,Q3T0P5,propep,14,1
adapter256,2,Q3YEE9,pep,11,1
adapter256,2,Q3YEE9,propep,25,1
adapter256,2,Q3YEG9,pep,15,1
adapter256,2,Q3YEG9,propep,26,1
adapter256,2,Q3YEH0,pep,11,1
adapter256,2,Q3YEH0,propep,25,1
adapter256,2,Q3YEH1,pep,15,1
adapter256,2,Q3YEH1,propep,30,1
adapter256,2,Q3YEH2,pep,12,1
adapter256,2,Q3YEH2,propep,26,1
adapter256,2,Q3YEH4,pep,14,1
adapter256,2,Q3YEH4,propep,26,1
adapter256,2,Q3YEH5,pep,15,0
adapter256,2,Q3YEH5,propep,22,0
adapter256,2,Q3YEH6,pep,11,1
adapter256,2,Q3YEH6,propep,26,0
adapter256,2,Q3YEH7,pep,12,1
adapter256,2,Q3YEH7,propep,27,1
adapter256,2,Q3ZD69,propep,15,0
adapter256,2,Q3ZJ18,propep,7,1
adapter256,2,Q41142,propep,30,0
adapter256,2,Q43007,propep,46,0
adapter256,2,Q46HA2,propep,10,1
adapter256,2,Q49L15,propep,24,0
adapter256,2,Q4G3C7,propep,8,1
adapter256,2,Q4GWU5,pep,14,0
adapter256,2,Q4GWU5,propep,14,1
adapter256,2,Q4QXT9,propep,20,1
adapter256,2,Q4V3D2,propep,26,1
adapter256,2,Q4VZQ0,propep,24,0
adapter256,2,Q4ZFU1,propep,26,1
adapter256,2,Q4ZFU2,propep,26,1
adapter256,2,Q51822,propep,28,1
adapter256,2,Q51825,propep,28,1
adapter256,2,Q51826,propep,28,1
adapter256,2,Q51827,propep,27,1
adapter256,2,Q54LM2,propep,21,1
adapter256,2,Q56P17,propep,22,0
adapter256,2,Q56VR3,propep,18,1
adapter256,2,Q56VR3,propep,28,0
adapter256,2,Q589B1,propep,22,0
adapter256,2,Q58L93,propep,20,1
adapter256,2,Q58L93,propep,28,0
adapter256,2,Q58L94,propep,20,1
adapter256,2,Q58L94,propep,28,0
adapter256,2,Q58L95,propep,20,1
adapter256,2,Q58L95,propep,28,0
adapter256,2,Q58L96,propep,20,1
adapter256,2,Q58L96,propep,28,0
adapter256,2,Q59L96,propep,24,1
adapter256,2,Q59SG9,propep,22,1
adapter256,2,Q59UP6,propep,20,1
adapter256,2,Q59UT4,propep,20,1
adapter256,2,Q59UT5,propep,25,1
adapter256,2,Q59VW6,propep,19,0
adapter256,2,Q5A1A9,propep,28,1
adapter256,2,Q5AA33,propep,22,0
adapter256,2,Q5ABW2,propep,22,1
adapter256,2,Q5AFN8,propep,19,1
adapter256,2,Q5AGC4,propep,23,1
adapter256,2,Q5AHE8,propep,31,1
adapter256,2,Q5AJY5,propep,21,1
adapter256,2,Q5AK97,propep,23,1
adapter256,2,Q5AMF7,propep,23,1
adapter256,2,Q5CZK2,pep,27,1
adapter256,2,Q5CZK2,pep,24,1
adapter256,2,Q5CZK5,pep,24,1
adapter256,2,Q5CZK5,pep,21,0
adapter256,2,Q5DW47,pep,11,1
adapter256,2,Q5DW47,pep,50,0
adapter256,2,Q5DW47,propep,20,0
adapter256,2,Q5F1N4,propep,11,0
adapter256,2,Q5G8A6,pep,10,0
adapter256,2,Q5I4E5,propep,10,1
adapter256,2,Q5I4E6,pep,47,0
adapter256,2,Q5I4E6,propep,6,0
adapter256,2,Q5IS54,propep,9,0
adapter256,2,Q5IS54,propep,19,0
adapter256,2,Q5IS99,propep,9,0
adapter256,2,Q5IS99,propep,19,0
adapter256,2,Q5R790,pep,28,1
adapter256,2,Q5R8J0,propep,12,1
adapter256,2,Q5SC59,pep,21,1
adapter256,2,Q5SC60,pep,21,1
adapter256,2,Q5SCX1,propep,16,0
adapter256,2,Q5XUW8,propep,10,0
adapter256,2,Q5Y4U4,propep,26,1
adapter256,2,Q60136,propep,31,0
adapter256,2,Q60431,propep,9,0
adapter256,2,Q60431,propep,19,0
adapter256,2,Q61330,propep,26,1
adapter256,2,Q624D2,propep,19,1
adapter256,2,Q62682,propep,26,1
adapter256,2,Q62845,propep,26,1
adapter256,2,Q63064,pep,47,0
adapter256,2,Q63064,propep,26,1
adapter256,2,Q63198,propep,20,0
adapter256,2,Q63207,propep,20,1
adapter256,2,Q63207,propep,48,1
adapter256,2,Q634M0,propep,15,0
adapter256,2,Q64389,pep,24,0
adapter256,2,Q64389,propep,27,1
adapter256,2,Q65H47,propep,16,0
adapter256,2,Q68IP5,pep,12,1
adapter256,2,Q68IP5,propep,26,0
adapter256,2,Q68LC0,propep,35,0
adapter256,2,Q68S23,propep,24,0
adapter256,2,Q68Y22,pep,36,1
adapter256,2,Q68Y22,propep,27,0
adapter256,2,Q698K8,propep,16,0
adapter256,2,Q69Z26,propep,26,1
adapter256,2,Q6B8V0,propep,8,1
adapter256,2,Q6ENJ4,propep,24,1
adapter256,2,Q6ENY5,propep,24,1
adapter256,2,Q6EW65,propep,24,0
adapter256,2,Q6GUL6,propep,35,0
adapter256,2,Q6HDK0,propep,15,0
adapter256,2,Q6IVA5,propep,35,0
adapter256,2,Q6IWB1,pep,12,1
adapter256,2,Q6JLX1,propep,35,0
adapter256,2,Q6JQN2,pep,13,1
adapter256,2,Q6JQN2,propep,31,1
adapter256,2,Q6L3B3,propep,24,1
adapter256,2,Q6M0N7,propep,8,1
adapter256,2,Q6NKW9,propep,26,1
adapter256,2,Q6PN80,pep,14,0
adapter256,2,Q6PN80,propep,35,0
adapter256,2,Q6PN81,pep,15,1
adapter256,2,Q6PN81,propep,28,1
adapter256,2,Q6PN82,pep,12,1
adapter256,2,Q6PN82,propep,29,1
adapter256,2,Q6PN83,pep,13,1
adapter256,2,Q6PN83,propep,29,1
adapter256,2,Q6PN84,pep,15,1
adapter256,2,Q6PN84,propep,29,1
adapter256,2,Q6PN85,pep,15,1
adapter256,2,Q6PN85,propep,29,1
adapter256,2,Q6PN86,pep,14,1
adapter256,2,Q6PN86,propep,29,1
adapter256,2,Q6PPB3,pep,21,1
adapter256,2,Q6PPB3,propep,25,1
adapter256,2,Q6PTD1,pep,16,1
adapter256,2,Q6PTD1,propep,27,1
adapter256,2,Q6PTD4,pep,16,1
adapter256,2,Q6PTD4,propep,27,1
adapter256,2,Q6PTD5,pep,17,1
adapter256,2,Q6PTD5,propep,27,1
adapter256,2,Q6PTD6,pep,14,1
adapter256,2,Q6PTD6,propep,27,1
adapter256,2,Q6PTD7,pep,21,1
adapter256,2,Q6PTD7,propep,25,1
adapter256,2,Q6RY98,pep,24,0
adapter256,2,Q6RY98,pep,24,0
adapter256,2,Q6RY98,pep,24,0
adapter256,2,Q6RY98,pep,24,0
adapter256,2,Q6RY98,pep,24,0
adapter256,2,Q6RY98,pep,24,0
adapter256,2,Q6RY98,pep,24,0
adapter256,2,Q6RY98,propep,24,0
adapter256,2,Q6RY98,propep,24,0
adapter256,2,Q6RY98,propep,24,0
adapter256,2,Q6RY98,propep,24,0
adapter256,2,Q6RY98,propep,24,0
adapter256,2,Q6RY98,propep,24,0
adapter256,2,Q6RY98,propep,24,0
adapter256,2,Q6RY98,propep,10,1
adapter256,2,Q6SA95,propep,21,1
adapter256,2,Q6SA95,propep,39,1
adapter256,2,Q6T271,propep,15,0
adapter256,2,Q6UWN0,propep,21,1
adapter256,2,Q6YXN4,propep,21,1
adapter256,2,Q70XC3,pep,13,1
adapter256,2,Q70XC3,propep,15,1
adapter256,2,Q70Y14,propep,24,0
adapter256,2,Q730L4,propep,15,0
adapter256,2,Q79AV1,propep,8,1
adapter256,2,Q7M6Z0,propep,22,1
adapter256,2,Q7SZD9,propep,24,0
adapter256,2,Q7SZE0,propep,24,0
adapter256,2,Q7U9L1,propep,10,1
adapter256,2,Q7V323,propep,9,1
adapter256,2,Q7V4T1,propep,10,1
adapter256,2,Q7VDR4,propep,10,1
adapter256,2,Q7YJY5,propep,22,0
adapter256,2,Q7YZS9,propep,5,0
adapter256,2,Q7Z090,propep,15,1
adapter256,2,Q7Z1Y7,propep,26,0
adapter256,2,Q7ZW34,propep,21,0
adapter256,2,Q7ZZS9,propep,18,0
adapter256,2,Q804X6,propep,20,1
adapter256,2,Q804X6,propep,50,0
adapter256,2,Q805F4,propep,20,0
adapter256,2,Q805F6,propep,24,0
adapter256,2,Q80WD0,propep,21,1
adapter256,2,Q80WD1,propep,30,0
adapter256,2,Q812G9,pep,14,1
adapter256,2,Q812G9,propep,38,1
adapter256,2,Q818E2,propep,15,0
adapter256,2,Q81LR5,propep,15,0
adapter256,2,Q85BB6,propep,18,1
adapter256,2,Q85FN7,propep,21,1
adapter256,2,Q85FY2,propep,6,1
adapter256,2,Q85X72,propep,22,1
adapter256,2,Q86N75,pep,11,1
adapter256,2,Q86RB2,pep,16,1
adapter256,2,Q86UN2,propep,21,1
adapter256,2,Q86UN3,propep,30,0
adapter256,2,Q877A8,propep,12,1
adapter256,2,Q8AXZ4,propep,22,1
adapter256,2,Q8BFS3,pep,27,1
adapter256,2,Q8BFS3,pep,24,1
adapter256,2,Q8BG41,propep,49,1
adapter256,2,Q8BVP6,propep,21,1
adapter256,2,Q8CHK2,pep,27,1
adapter256,2,Q8CHK2,pep,24,1
adapter256,2,Q8CJY7,propep,34,1
adapter256,2,Q8CXC9,propep,13,0
adapter256,2,Q8I912,propep,5,1
adapter256,2,Q8I913,propep,5,1
adapter256,2,Q8I914,propep,5,1
adapter256,2,Q8IDN0,propep,24,1
adapter256,2,Q8IS98,propep,10,1
adapter256,2,Q8IVL8,propep,22,1
adapter256,2,Q8IWV2,propep,26,1
adapter256,2,Q8JIM3,pep,12,1
adapter256,2,Q8JIM3,pep,9,0
adapter256,2,Q8JIM3,pep,18,1
adapter256,2,Q8JIM3,pep,18,1
adapter256,2,Q8JIM3,propep,18,0
adapter256,2,Q8JIM3,propep,43,0
adapter256,2,Q8JJ51,propep,21,0
adapter256,2,Q8K0S5,propep,21,1
adapter256,2,Q8K3U6,propep,17,1
adapter256,2,Q8K4P1,pep,29,1
adapter256,2,Q8K4P2,pep,29,1
adapter256,2,Q8LW54,pep,26,1
adapter256,2,Q8LW54,propep,20,0
adapter256,2,Q8MA00,propep,21,1
adapter256,2,Q8MJC3,propep,9,0
adapter256,2,Q8MJC3,propep,19,0
adapter256,2,Q8MJU1,propep,9,0
adapter256,2,Q8MJU1,propep,19,0
adapter256,2,Q8MJV4,pep,29,1
adapter256,2,Q8MKI5,propep,9,0
adapter256,2,Q8MKI5,propep,19,0
adapter256,2,Q8MMJ7,pep,13,1
adapter256,2,Q8MMJ7,propep,29,1
adapter256,2,Q8MTX2,pep,13,1
adapter256,2,Q8MTX2,propep,32,1
adapter256,2,Q8N6Q3,propep,29,1
adapter256,2,Q8NG41,pep,29,1
adapter256,2,Q8QG89,propep,20,0
adapter256,2,Q8RB77,propep,10,0
adapter256,2,Q8S8Y4,propep,24,0
adapter256,2,Q8SQ23,propep,13,0
adapter256,2,Q8SWI4,propep,29,1
adapter256,2,Q8T9R8,pep,42,0
adapter256,2,Q8UUG0,pep,22,1
adapter256,2,Q8UUG0,propep,33,1
adapter256,2,Q8UUG2,pep,22,1
adapter256,2,Q8UUG2,propep,33,1
adapter256,2,Q8WI34,propep,21,1
adapter256,2,Q8WPU1,propep,23,1
adapter256,2,Q8WXF3,pep,27,1
adapter256,2,Q8WXF3,pep,24,1
adapter256,2,Q8XIS3,propep,7,0
adapter256,2,Q8YYG5,propep,8,1
adapter256,2,Q90325,propep,47,0
adapter256,2,Q90326,propep,47,0
adapter256,2,Q90391,propep,21,0
adapter256,2,Q90392,propep,21,0
adapter256,2,Q90VW7,pep,25,0
adapter256,2,Q90VW7,propep,14,0
adapter256,2,Q90W79,propep,28,1
adapter256,2,Q90WC0,propep,16,0
adapter256,2,Q90YA6,propep,16,0
adapter256,2,Q90ZX8,pep,25,0
adapter256,2,Q90ZX8,propep,21,0
adapter256,2,Q90ZY0,pep,25,0
adapter256,2,Q90ZY0,propep,21,0
adapter256,2,Q92405,propep,12,1
adapter256,2,Q93R80,propep,28,1
adapter256,2,Q93V72,propep,25,1
adapter256,2,Q93Z08,propep,22,1
adapter256,2,Q95222,propep,41,0
adapter256,2,Q95ND5,propep,9,0
adapter256,2,Q95ND5,propep,19,0
adapter256,2,Q95ND7,propep,18,1
adapter256,2,Q95ND7,propep,35,0
adapter256,2,Q96316,propep,24,1
adapter256,2,Q96PL2,propep,24,0
adapter256,2,Q97JJ9,propep,7,0
adapter256,2,Q98995,propep,16,0
adapter256,2,Q98SP2,propep,15,0
adapter256,2,Q99013,propep,21,1
adapter256,2,Q99219,pep,26,1
adapter256,2,Q99M75,propep,26,1
adapter256,2,Q99PI8,propep,26,1
adapter256,2,Q9AVB0,propep,15,1
adapter256,2,Q9AVB0,propep,25,1
adapter256,2,Q9AYP9,propep,18,1
adapter256,2,Q9AYP9,propep,24,1
adapter256,2,Q9BBS2,propep,24,1
adapter256,2,Q9BDB7,pep,8,0
adapter256,2,Q9BH21,pep,11,1
adapter256,2,Q9BH21,propep,26,1
adapter256,2,Q9BH75,pep,11,1
adapter256,2,Q9BH75,propep,29,1
adapter256,2,Q9BH79,pep,13,0
adapter256,2,Q9BH79,propep,34,0
adapter256,2,Q9BH81,pep,19,1
adapter256,2,Q9BH81,propep,26,1
adapter256,2,Q9BH86,pep,12,1
adapter256,2,Q9BH86,propep,26,1
adapter256,2,Q9BHA6,pep,33,1
adapter256,2,Q9BHA6,propep,25,1
adapter256,2,Q9BMP8,propep,22,1
adapter256,2,Q9BP43,pep,20,1
adapter256,2,Q9BP46,pep,14,0
adapter256,2,Q9BP46,propep,23,0
adapter256,2,Q9BP47,pep,38,1
adapter256,2,Q9BP51,pep,33,1
adapter256,2,Q9BP51,propep,25,1
adapter256,2,Q9BP53,pep,19,1
adapter256,2,Q9BP53,propep,24,1
adapter256,2,Q9BP56,pep,16,1
adapter256,2,Q9BP56,propep,23,1
adapter256,2,Q9BPD1,pep,18,1
adapter256,2,Q9BPD1,propep,24,1
adapter256,2,Q9BPD2,pep,24,0
adapter256,2,Q9BPD2,propep,33,0
adapter256,2,Q9BPD3,pep,18,1
adapter256,2,Q9BPD3,propep,24,1
adapter256,2,Q9BPD4,pep,18,1
adapter256,2,Q9BPD4,propep,24,1
adapter256,2,Q9BPD5,pep,19,1
adapter256,2,Q9BPD5,propep,24,1
adapter256,2,Q9BPD6,pep,19,1
adapter256,2,Q9BPD6,propep,24,1
adapter256,2,Q9BPD7,pep,8,0
adapter256,2,Q9BPD7,propep,35,0
adapter256,2,Q9BPD9,pep,14,0
adapter256,2,Q9BPD9,propep,41,0
adapter256,2,Q9BPE0,pep,16,0
adapter256,2,Q9BPE0,propep,40,0
adapter256,2,Q9BPE1,pep,16,0
adapter256,2,Q9BPE1,propep,40,0
adapter256,2,Q9BPE2,pep,18,1
adapter256,2,Q9BPE2,propep,26,1
adapter256,2,Q9BPE3,pep,31,0
adapter256,2,Q9BPE3,propep,25,1
adapter256,2,Q9BPE4,pep,11,1
adapter256,2,Q9BPE4,propep,30,1
adapter256,2,Q9BPE5,pep,12,1
adapter256,2,Q9BPE5,propep,30,1
adapter256,2,Q9BPE6,pep,11,1
adapter256,2,Q9BPE6,propep,29,1
adapter256,2,Q9BPE7,pep,11,1
adapter256,2,Q9BPE7,propep,27,1
adapter256,2,Q9BPE9,pep,12,1
adapter256,2,Q9BPE9,propep,29,0
adapter256,2,Q9BPF1,pep,14,1
adapter256,2,Q9BPF1,propep,26,1
adapter256,2,Q9BPF2,pep,11,1
adapter256,2,Q9BPF2,propep,26,1
adapter256,2,Q9BPF3,pep,13,1
adapter256,2,Q9BPF3,propep,26,1
adapter256,2,Q9BPF4,pep,12,1
adapter256,2,Q9BPF4,propep,30,1
adapter256,2,Q9BPF5,pep,15,1
adapter256,2,Q9BPF5,propep,28,1
adapter256,2,Q9BPF7,pep,15,1
adapter256,2,Q9BPF7,propep,26,1
adapter256,2,Q9BPF9,pep,14,1
adapter256,2,Q9BPF9,propep,24,1
adapter256,2,Q9BPG0,pep,12,1
adapter256,2,Q9BPG0,propep,26,1
adapter256,2,Q9BPG1,pep,10,1
adapter256,2,Q9BPG1,propep,31,1
adapter256,2,Q9BPG2,pep,10,1
adapter256,2,Q9BPG2,propep,31,1
adapter256,2,Q9BPG5,pep,10,1
adapter256,2,Q9BPG5,propep,28,1
adapter256,2,Q9BPG6,pep,13,1
adapter256,2,Q9BPG6,propep,31,1
adapter256,2,Q9BPG7,pep,14,1
adapter256,2,Q9BPG7,propep,28,1
adapter256,2,Q9BPG8,pep,11,1
adapter256,2,Q9BPG8,propep,30,1
adapter256,2,Q9BPH0,pep,14,1
adapter256,2,Q9BPH0,propep,28,1
adapter256,2,Q9BPH1,pep,12,1
adapter256,2,Q9BPH1,propep,24,0
adapter256,2,Q9BPH2,pep,13,1
adapter256,2,Q9BPH2,propep,23,1
adapter256,2,Q9BZR6,propep,26,1
adapter256,2,Q9C169,propep,12,1
adapter256,2,Q9C7F7,propep,28,0
adapter256,2,Q9C9B1,propep,25,1
adapter256,2,Q9CQW3,propep,18,1
adapter256,2,Q9D3P9,pep,6,1
adapter256,2,Q9D3P9,pep,13,1
adapter256,2,Q9D3P9,pep,5,0
adapter256,2,Q9F1K9,propep,9,1
adapter256,2,Q9FGF6,pep,13,1
adapter256,2,Q9FGF6,propep,39,1
adapter256,2,Q9FGH4,propep,23,1
adapter256,2,Q9FNQ2,propep,29,1
adapter256,2,Q9FZ86,propep,26,1
adapter256,2,Q9FZD0,propep,25,1
adapter256,2,Q9GJY2,propep,24,1
adapter256,2,Q9GK16,propep,24,1
adapter256,2,Q9GLG4,pep,11,0
adapter256,2,Q9GLG4,pep,17,0
adapter256,2,Q9GLG4,pep,34,0
adapter256,2,Q9GLG4,pep,11,0
adapter256,2,Q9GLP2,pep,15,0
adapter256,2,Q9GLP2,propep,23,1
adapter256,2,Q9GQW4,pep,13,1
adapter256,2,Q9GQW4,propep,31,1
adapter256,2,Q9GSA4,pep,11,1
adapter256,2,Q9IAB0,propep,24,0
adapter256,2,Q9IAX6,propep,25,0
adapter256,2,Q9IAY0,propep,23,0
adapter256,2,Q9IAY1,propep,23,0
adapter256,2,Q9IAY2,propep,26,0
adapter256,2,Q9IAY3,propep,23,0
adapter256,2,Q9JM53,propep,47,0
adapter256,2,Q9JMB8,propep,29,1
adapter256,2,Q9KD78,propep,15,0
adapter256,2,Q9M088,propep,24,1
adapter256,2,Q9M2G1,propep,25,1
adapter256,2,Q9MS55,propep,8,1
adapter256,2,Q9MS58,propep,17,1
adapter256,2,Q9MS61,propep,11,1
adapter256,2,Q9MS64,propep,13,1
adapter256,2,Q9MS67,propep,17,1
adapter256,2,Q9MS70,propep,17,1
adapter256,2,Q9MS73,propep,11,1
adapter256,2,Q9MS76,propep,16,1
adapter256,2,Q9MS79,propep,12,1
adapter256,2,Q9MTL6,propep,22,1
adapter256,2,Q9MUS0,propep,10,1
adapter256,2,Q9N0E3,propep,26,1
adapter256,2,Q9N4D8,pep,12,0
adapter256,2,Q9N4D8,pep,34,0
adapter256,2,Q9N4D8,pep,7,1
adapter256,2,Q9N4D8,pep,47,0
adapter256,2,Q9N661,propep,8,0
adapter256,2,Q9NDE8,pep,7,1
adapter256,2,Q9NDE8,pep,7,1
adapter256,2,Q9NDE8,pep,7,1
adapter256,2,Q9NDE8,pep,6,1
adapter256,2,Q9NDE8,pep,6,1
adapter256,2,Q9NDE8,pep,6,1
adapter256,2,Q9NDE8,pep,6,1
adapter256,2,Q9NDE8,pep,6,1
adapter256,2,Q9NDE8,pep,6,1
adapter256,2,Q9NDE8,pep,6,1
adapter256,2,Q9NDE8,pep,6,1
adapter256,2,Q9NDE8,pep,6,1
adapter256,2,Q9NDE8,pep,6,1
adapter256,2,Q9NDE8,pep,6,1
adapter256,2,Q9NDE8,pep,6,1
adapter256,2,Q9NDE8,pep,6,1
adapter256,2,Q9NDE8,pep,6,1
adapter256,2,Q9NDE8,pep,6,1
adapter256,2,Q9NDE8,pep,6,1
adapter256,2,Q9NDE8,pep,6,1
adapter256,2,Q9NDE8,pep,6,1
adapter256,2,Q9NDE8,pep,6,1
adapter256,2,Q9NDE8,pep,6,1
adapter256,2,Q9NDE8,pep,6,1
adapter256,2,Q9NDE8,pep,6,1
adapter256,2,Q9NDE8,pep,7,1
adapter256,2,Q9NDE8,propep,17,1
adapter256,2,Q9NDE8,propep,10,1
adapter256,2,Q9NDE8,propep,16,0
adapter256,2,Q9NDE8,propep,17,1
adapter256,2,Q9NDE8,propep,9,1
adapter256,2,Q9NDE8,propep,9,1
adapter256,2,Q9NDE8,propep,14,1
adapter256,2,Q9NDE8,propep,12,1
adapter256,2,Q9NDE8,propep,12,1
adapter256,2,Q9NDE8,propep,15,1
adapter256,2,Q9NDE8,propep,15,1
adapter256,2,Q9NDE8,propep,15,1
adapter256,2,Q9NDE8,propep,25,1
adapter256,2,Q9NDE8,propep,23,0
adapter256,2,Q9NDE8,propep,7,1
adapter256,2,Q9NDE8,propep,28,1
adapter256,2,Q9NDE8,propep,30,1
adapter256,2,Q9NDE8,propep,30,1
adapter256,2,Q9NDE8,propep,32,1
adapter256,2,Q9NDE8,propep,21,1
adapter256,2,Q9P232,propep,26,1
adapter256,2,Q9P378,propep,26,1
adapter256,2,Q9PVK9,propep,16,0
adapter256,2,Q9PW35,propep,23,0
adapter256,2,Q9PW36,propep,25,0
adapter256,2,Q9PWJ0,propep,25,0
adapter256,2,Q9QUG3,propep,24,1
adapter256,2,Q9S0W8,propep,22,0
adapter256,2,Q9S9K4,propep,26,1
adapter256,2,Q9SD84,propep,23,1
adapter256,2,Q9SKW7,pep,15,1
adapter256,2,Q9SKW7,pep,15,1
adapter256,2,Q9SKW7,pep,15,1
adapter256,2,Q9SKW7,propep,47,0
adapter256,2,Q9SKW7,propep,10,1
adapter256,2,Q9SKW7,propep,10,1
adapter256,2,Q9SUV6,propep,22,1
adapter256,2,Q9TKY7,propep,9,1
adapter256,2,Q9TUX7,pep,11,1
adapter256,2,Q9TUX7,pep,18,1
adapter256,2,Q9TUX7,propep,44,1
adapter256,2,Q9TUX7,propep,14,0
adapter256,2,Q9TY83,propep,10,1
adapter256,2,Q9TY84,propep,10,1
adapter256,2,Q9U619,pep,13,1
adapter256,2,Q9U619,propep,30,1
adapter256,2,Q9U6Z5,pep,12,1
adapter256,2,Q9U6Z5,propep,29,1
adapter256,2,Q9U6Z9,pep,13,1
adapter256,2,Q9U6Z9,propep,29,1
adapter256,2,Q9U700,pep,11,1
adapter256,2,Q9U700,propep,27,1
adapter256,2,Q9UKY0,propep,24,1
adapter256,2,Q9UQ52,propep,29,1
adapter256,2,Q9UV63,propep,26,0
adapter256,2,Q9VLK4,pep,31,1
adapter256,2,Q9VLK4,propep,50,0
adapter256,2,Q9VLK4,propep,5,1
adapter256,2,Q9VT50,pep,40,0
adapter256,2,Q9VT50,pep,30,1
adapter256,2,Q9VT50,propep,50,0
adapter256,2,Q9VTM6,propep,23,1
adapter256,2,Q9VU58,pep,10,0
adapter256,2,Q9VU58,propep,15,0
adapter256,2,Q9VU58,propep,42,0
adapter256,2,Q9VVF7,pep,9,1
adapter256,2,Q9VVF7,pep,9,1
adapter256,2,Q9VVF7,pep,13,1
adapter256,2,Q9VVF7,pep,11,1
adapter256,2,Q9VVF7,pep,10,1
adapter256,2,Q9VVF7,propep,39,0
adapter256,2,Q9VVF7,propep,6,1
adapter256,2,Q9W7S2,propep,25,0
adapter256,2,Q9WUG6,pep,21,1
adapter256,2,Q9WVA8,pep,11,1
adapter256,2,Q9WVA8,pep,11,0
adapter256,2,Q9WVA8,propep,48,0
adapter256,2,Q9WVA8,propep,16,0
adapter256,2,Q9WVA9,pep,11,1
adapter256,2,Q9WVA9,pep,11,0
adapter256,2,Q9WVA9,propep,48,1
adapter256,2,Q9WVA9,propep,16,0
adapter256,2,Q9XZK6,pep,17,1
adapter256,2,Q9XZK6,propep,28,1
adapter256,2,Q9XZK7,pep,17,1
adapter256,2,Q9XZK7,propep,28,1
adapter256,2,Q9Y5Q6,pep,24,1
adapter256,2,Q9Y5Q6,pep,21,0
adapter256,2,Q9Y7Y7,propep,24,1
adapter256,2,Q9YI19,propep,16,0
adapter256,2,Q9Z0J1,propep,29,1
adapter256,2,Q9Z0X1,propep,47,0
adapter256,2,R4JJN6,pep,13,1
adapter256,2,R4JJN6,propep,29,1
adapter256,2,R4JNJ5,pep,14,1
adapter256,2,R4JNJ5,propep,29,1
adapter256,2,R4JQZ0,pep,13,1
adapter256,2,R4JQZ0,propep,29,1
adapter256,2,R4ZCU1,pep,29,0
adapter256,2,R4ZCU1,pep,29,1
adapter256,2,R4ZCU1,pep,29,1
adapter256,2,R4ZCU1,pep,29,1
adapter256,2,S4UJW3,pep,17,1
adapter256,2,S4UJW3,propep,27,1
adapter256,2,S4UJW3,propep,18,1
adapter256,2,U4N938,pep,33,0
adapter256,2,U5KJC9,pep,34,1
adapter256,2,U5KJJ1,pep,34,1
adapter256,2,U5KJM4,pep,34,1
adapter256,2,U5KJM6,pep,34,1
adapter256,2,U5KJT7,pep,34,1
adapter256,2,U5KJZ2,pep,34,1
adapter256,2,W8GNV3,pep,20,1
adapter256,2,W8GNV3,propep,30,1
adapter256,2,X5I9Y2,pep,13,1
adapter256,2,X5I9Y2,propep,28,1
adapter256,2,X5I9Z2,pep,18,1
adapter256,2,X5I9Z2,propep,26,1
adapter256,2,X5IFZ1,pep,24,0
adapter256,2,X5IFZ1,propep,23,0
adapter256,5,A0A024SH76,propep,6,1
adapter256,5,A0A059J5P2,propep,26,1
adapter256,5,A0A084G2W8,propep,31,0
adapter256,5,A0A125S9E4,propep,8,1
adapter256,5,A0A144LUY5,pep,30,0
adapter256,5,A0A144LUY5,pep,13,0
adapter256,5,A0A144LUY5,propep,30,1
adapter256,5,A0A144LUY5,propep,24,0
adapter256,5,A0A144LVL3,pep,32,0
adapter256,5,A0A144LVL3,pep,13,0
adapter256,5,A0A144LVL3,propep,30,1
adapter256,5,A0A144LVL3,propep,24,0
adapter256,5,A0A1B0GVD1,propep,27,1
adapter256,5,A0A1D0BR67,propep,36,1
adapter256,5,A0A1D0BZF5,propep,32,1
adapter256,5,A0A1P8VFM2,propep,21,0
adapter256,5,A0A384K116,propep,29,1
adapter256,5,A0A5C1ZW08,propep,33,1
adapter256,5,A0A5C1ZXT8,propep,33,1
adapter256,5,A0A5C2A2T2,propep,33,0
adapter256,5,A0A6B9L8Y4,pep,21,0
adapter256,5,A0A6B9L8Y4,propep,23,0
adapter256,5,A0AIY9,propep,9,1
adapter256,5,A0Q1T6,propep,9,1
adapter256,5,A0RJ49,propep,9,1
adapter256,5,A0RZB4,propep,26,1
adapter256,5,A0ZT93,propep,17,0
adapter256,5,A1EC31,pep,12,1
adapter256,5,A1JKC3,propep,48,0
adapter256,5,A2BDG0,propep,13,0
adapter256,5,A2BDG5,propep,38,1
adapter256,5,A2BDG9,propep,30,1
adapter256,5,A2RLA2,propep,9,1
adapter256,5,A2VE33,propep,19,1
adapter256,5,A2XHZ9,propep,25,1
adapter256,5,A2ZBG5,pep,5,1
adapter256,5,A2ZBG5,propep,5,1
adapter256,5,A3DBS4,propep,9,1
adapter256,5,A3F7X2,propep,33,0
adapter256,5,A4TL44,propep,42,1
adapter256,5,A4VUF9,propep,12,1
adapter256,5,A4W0Q0,propep,12,1
adapter256,5,A4XJS7,propep,10,1
adapter256,5,A5A6J6,pep,13,0
adapter256,5,A5A6P7,propep,26,1
adapter256,5,A5A752,pep,21,1
adapter256,5,A5I667,propep,9,1
adapter256,5,A5ITG9,propep,9,1
adapter256,5,A5LHG2,propep,7,0
adapter256,5,A5LHG2,propep,20,1
adapter256,5,A5N6K1,propep,9,1
adapter256,5,A5VKS3,propep,8,1
adapter256,5,A6BM07,propep,49,0
adapter256,5,A6LQR8,propep,9,1
adapter256,5,A6MFK9,propep,8,0
adapter256,5,A6P3B2,pep,7,1
adapter256,5,A6P3B2,pep,15,1
adapter256,5,A6P3B2,pep,10,1
adapter256,5,A6P3B2,pep,9,1
adapter256,5,A6P3B2,pep,9,1
adapter256,5,A6P3B2,pep,9,1
adapter256,5,A6P3B2,pep,10,1
adapter256,5,A6P3B2,pep,10,1
adapter256,5,A6P3B2,pep,10,1
adapter256,5,A6P3B2,pep,10,1
adapter256,5,A6P3B2,pep,10,1
adapter256,5,A6P3B2,pep,10,1
adapter256,5,A6P3B2,pep,10,1
adapter256,5,A6P3B2,pep,10,1
adapter256,5,A6P3B2,pep,7,1
adapter256,5,A6P3B2,pep,11,1
adapter256,5,A6P3B2,pep,11,1
adapter256,5,A6P3B2,propep,14,1
adapter256,5,A6QHI7,propep,9,1
adapter256,5,A6U2B3,propep,9,1
adapter256,5,A6XN32,propep,26,1
adapter256,5,A7FFL9,propep,42,1
adapter256,5,A7FXU7,propep,9,1
adapter256,5,A7GHK3,propep,9,1
adapter256,5,A7GTC2,propep,9,1
adapter256,5,A7RMN1,propep,13,1
adapter256,5,A7X362,propep,9,1
adapter256,5,A7Z783,propep,9,1
adapter256,5,A8AWF9,propep,12,1
adapter256,5,A8D888,propep,14,1
adapter256,5,A8FFT0,propep,9,1
adapter256,5,A8WU84,pep,23,1
adapter256,5,A8WU84,propep,12,1
adapter256,5,A8WU84,propep,26,1
adapter256,5,A8Z2H3,propep,9,1
adapter256,5,A9KMF6,propep,9,1
adapter256,5,A9R3T6,propep,42,1
adapter256,5,A9VIR7,propep,9,1
adapter256,5,B0BND0,propep,21,1
adapter256,5,B0K416,propep,6,1
adapter256,5,B0KAC0,propep,6,1
adapter256,5,B0TBW5,propep,9,1
adapter256,5,B0XZV8,propep,24,1
adapter256,5,B0Y665,propep,24,1
adapter256,5,B1AIJ8,propep,13,1
adapter256,5,B1B6T1,propep,12,1
adapter256,5,B1IBP4,propep,12,1
adapter256,5,B1ILY6,propep,9,1
adapter256,5,B1IQZ3,propep,37,0
adapter256,5,B1JR58,propep,42,1
adapter256,5,B1KZR4,propep,9,1
adapter256,5,B1P1A2,pep,36,1
adapter256,5,B1P1A4,pep,34,1
adapter256,5,B1P1A4,propep,8,1
adapter256,5,B1P1B6,pep,30,1
adapter256,5,B1P1B6,propep,32,1
adapter256,5,B1P1B7,pep,33,1
adapter256,5,B1P1B7,propep,8,1
adapter256,5,B1P1B8,pep,33,1
adapter256,5,B1P1B8,propep,8,1
adapter256,5,B1P1B9,pep,32,1
adapter256,5,B1P1B9,propep,10,1
adapter256,5,B1P1C2,pep,37,1
adapter256,5,B1P1C2,propep,8,1
adapter256,5,B1P1C6,pep,34,1
adapter256,5,B1P1C6,propep,8,1
adapter256,5,B1P1C7,pep,46,1
adapter256,5,B1P1C7,propep,8,1
adapter256,5,B1P1C8,pep,37,1
adapter256,5,B1P1C8,propep,8,1
adapter256,5,B1P1D7,pep,36,1
adapter256,5,B1P1D7,propep,31,1
adapter256,5,B1P1D8,pep,35,1
adapter256,5,B1P1D8,propep,30,1
adapter256,5,B1P1D9,pep,34,1
adapter256,5,B1P1D9,propep,29,1
adapter256,5,B1P1E0,pep,34,1
adapter256,5,B1P1E0,propep,29,1
adapter256,5,B1P1E1,pep,34,1
adapter256,5,B1P1E1,propep,29,1
adapter256,5,B1P1E2,propep,29,1
adapter256,5,B1P1E3,pep,34,1
adapter256,5,B1P1E3,propep,29,1
adapter256,5,B1P1E4,pep,34,1
adapter256,5,B1P1E4,propep,29,1
adapter256,5,B1P1E5,pep,28,0
adapter256,5,B1P1E5,propep,28,1
adapter256,5,B1P1E6,pep,28,0
adapter256,5,B1P1E6,propep,28,1
adapter256,5,B1P1E7,pep,28,0
adapter256,5,B1P1E7,propep,28,1
adapter256,5,B1P1E8,pep,28,0
adapter256,5,B1P1E8,propep,28,1
adapter256,5,B1P1F1,pep,35,1
adapter256,5,B1P1F1,propep,25,1
adapter256,5,B1P1F3,pep,34,1
adapter256,5,B1P1F3,propep,29,1
adapter256,5,B1P1F4,pep,34,1
adapter256,5,B1P1F4,propep,29,1
adapter256,5,B1P1F5,pep,35,0
adapter256,5,B1P1F5,propep,29,1
adapter256,5,B1P1F6,pep,38,0
adapter256,5,B1P1F6,propep,29,1
adapter256,5,B1P1F7,pep,35,1
adapter256,5,B1P1F7,propep,29,1
adapter256,5,B1P1F8,pep,36,1
adapter256,5,B1P1F8,propep,26,1
adapter256,5,B1P1F9,pep,36,1
adapter256,5,B1P1F9,propep,26,1
adapter256,5,B1P1G0,pep,35,1
adapter256,5,B1P1G0,propep,26,1
adapter256,5,B1P1G1,pep,35,0
adapter256,5,B1P1G1,propep,27,1
adapter256,5,B1P1G1,propep,23,0
adapter256,5,B1P1G2,pep,35,1
adapter256,5,B1P1G2,propep,26,1
adapter256,5,B1P1G3,pep,35,1
adapter256,5,B1P1G3,propep,26,1
adapter256,5,B1P1G4,pep,35,0
adapter256,5,B1P1G4,propep,26,1
adapter256,5,B1P1G5,pep,37,0
adapter256,5,B1P1G5,propep,26,1
adapter256,5,B1P1G6,pep,36,0
adapter256,5,B1P1G6,propep,27,1
adapter256,5,B1P1H0,pep,29,1
adapter256,5,B1P1H1,pep,34,1
adapter256,5,B1P1H1,propep,30,1
adapter256,5,B1P1H2,pep,34,0
adapter256,5,B1P1H2,propep,25,1
adapter256,5,B1P1H9,pep,35,0
adapter256,5,B1P1H9,propep,25,1
adapter256,5,B1P1I1,propep,36,1
adapter256,5,B1P1I2,propep,36,1
adapter256,5,B1P1I3,propep,33,1
adapter256,5,B1P1I4,propep,33,1
adapter256,5,B1P1I5,propep,24,1
adapter256,5,B1P1I6,propep,24,1
adapter256,5,B1VAF3,propep,10,1
adapter256,5,B1XF62,propep,37,0
adapter256,5,B1YJS1,propep,9,1
adapter256,5,B2A6B5,propep,10,1
adapter256,5,B2G856,propep,8,1
adapter256,5,B2GD71,propep,8,1
adapter256,5,B2IQ02,propep,12,1
adapter256,5,B2KAB7,propep,42,1
adapter256,5,B2MW54,propep,7,1
adapter256,5,B2RH57,propep,28,1
adapter256,5,B2TK69,propep,9,1
adapter256,5,B2V0A7,propep,9,1
adapter256,5,B2ZB95,pep,7,0
adapter256,5,B2ZB95,pep,9,1
adapter256,5,B2ZB95,pep,14,1
adapter256,5,B2ZB95,propep,42,0
adapter256,5,B2ZB95,propep,26,0
adapter256,5,B2ZB96,pep,7,0
adapter256,5,B2ZB96,pep,9,1
adapter256,5,B2ZB96,pep,14,0
adapter256,5,B2ZB96,propep,40,0
adapter256,5,B2ZB96,propep,26,0
adapter256,5,B2ZB98,pep,7,0
adapter256,5,B2ZB98,pep,9,1
adapter256,5,B2ZB98,pep,14,0
adapter256,5,B2ZB98,propep,40,0
adapter256,5,B2ZB98,propep,26,0
adapter256,5,B2ZB99,pep,7,0
adapter256,5,B2ZB99,pep,9,1
adapter256,5,B2ZB99,pep,14,0
adapter256,5,B2ZB99,propep,42,0
adapter256,5,B2ZB99,propep,26,0
adapter256,5,B2ZBA0,pep,7,0
adapter256,5,B2ZBA0,pep,9,1
adapter256,5,B2ZBA0,pep,14,1
adapter256,5,B2ZBA0,propep,40,0
adapter256,5,B2ZBA0,propep,23,0
adapter256,5,B2ZBA1,pep,7,0
adapter256,5,B2ZBA1,pep,9,1
adapter256,5,B2ZBA1,pep,14,1
adapter256,5,B2ZBA1,propep,43,0
adapter256,5,B2ZBA1,propep,23,0
adapter256,5,B3EWM3,pep,9,1
adapter256,5,B3FIN4,propep,33,1
adapter256,5,B3FIS2,propep,28,1
adapter256,5,B3FIS3,propep,28,1
adapter256,5,B3FIS4,propep,28,1
adapter256,5,B3H587,propep,28,1
adapter256,5,B3H5Q2,pep,15,1
adapter256,5,B3QZT2,propep,10,1
adapter256,5,B4THR7,propep,35,0
adapter256,5,B5E4L9,propep,12,1
adapter256,5,B5ZB18,propep,13,1
adapter256,5,B6DD59,propep,33,1
adapter256,5,B6IB31,propep,37,0
adapter256,5,B7GIR0,propep,9,1
adapter256,5,B7HE75,propep,9,1
adapter256,5,B7HQK0,propep,9,1
adapter256,5,B7IIV4,propep,9,1
adapter256,5,B7JQ28,propep,9,1
adapter256,5,B7L5E9,propep,37,0
adapter256,5,B7LZY9,propep,37,0
adapter256,5,B7M9V0,propep,37,0
adapter256,5,B7MV44,propep,37,0
adapter256,5,B7NB47,propep,37,0
adapter256,5,B7NUP2,propep,37,0
adapter256,5,B7URT6,propep,37,0
adapter256,5,B8DHK8,propep,9,1
adapter256,5,B8FUS1,propep,9,1
adapter256,5,B8I178,propep,9,1
adapter256,5,B8K1V9,pep,41,0
adapter256,5,B8K1V9,propep,50,0
adapter256,5,B8K1V9,propep,23,0
adapter256,5,B8ZPV1,propep,12,1
adapter256,5,B9DNE8,propep,9,1
adapter256,5,B9DU56,propep,12,1
adapter256,5,B9E020,propep,9,1
adapter256,5,B9ENM6,propep,17,1
adapter256,5,B9IZ18,propep,9,1
adapter256,5,B9MRB7,propep,10,1
adapter256,5,B9TQX1,propep,39,1
adapter256,5,B9TQX2,propep,36,1
adapter256,5,B9TQX3,propep,36,1
adapter256,5,B9TQX4,propep,37,1
adapter256,5,C0HJK2,pep,8,0
adapter256,5,C0HJK4,pep,9,1
adapter256,5,C0HK27,propep,16,0
adapter256,5,C0HK27,propep,11,0
adapter256,5,C0HKS3,pep,18,0
adapter256,5,C0HKS3,propep,25,0
adapter256,5,C0HKS3,propep,20,0
adapter256,5,C0HKS5,pep,18,0
adapter256,5,C0HKS5,propep,26,0
adapter256,5,C0HKS5,propep,20,0
adapter256,5,C0HKU2,pep,10,1
adapter256,5,C0HL17,pep,26,0
adapter256,5,C0HL17,pep,7,1
adapter256,5,C0HL17,pep,18,1
adapter256,5,C0HL17,pep,33,0
adapter256,5,C0HL17,pep,8,1
adapter256,5,C0HL17,propep,44,1
adapter256,5,C0HL17,propep,23,1
adapter256,5,C0M7I0,propep,12,1
adapter256,5,C0ME76,propep,12,1
adapter256,5,C1BJ98,propep,8,1
adapter256,5,C1C7A1,propep,12,1
adapter256,5,C1CE94,propep,12,1
adapter256,5,C1CKH0,propep,12,1
adapter256,5,C1CRK7,propep,12,1
adapter256,5,C1ETN9,propep,9,1
adapter256,5,C1FVW6,propep,9,1
adapter256,5,C1KVI7,propep,9,1
adapter256,5,C3L3J4,propep,9,1
adapter256,5,C3L6X4,propep,9,1
adapter256,5,C3P9C8,propep,9,1
adapter256,5,C4L4N3,propep,9,1
adapter256,5,C4YMJ3,propep,38,1
adapter256,5,C4YNQ5,propep,40,1
adapter256,5,C4YSF6,propep,32,1
adapter256,5,C4Z9Z8,propep,9,1
adapter256,5,C4ZY59,propep,37,0
adapter256,5,C5D5G7,propep,9,1
adapter256,5,C6EVG7,pep,10,0
adapter256,5,C6EVG7,pep,11,0
adapter256,5,C6EVG7,pep,13,0
adapter256,5,C6EVG7,pep,10,0
adapter256,5,C6EVG7,pep,32,1
adapter256,5,C6EVG7,propep,33,0
adapter256,5,C6EVG7,propep,5,0
adapter256,5,C6EVG7,propep,5,0
adapter256,5,C6EVG7,propep,10,0
adapter256,5,C6EVG7,propep,24,0
adapter256,5,C6Y4B5,propep,27,0
adapter256,5,D0PX84,propep,6,1
adapter256,5,D0PX85,propep,6,1
adapter256,5,D2Y1X9,pep,33,1
adapter256,5,D2Y1X9,propep,27,1
adapter256,5,D2Y1Y0,pep,33,1
adapter256,5,D2Y1Y0,propep,27,1
adapter256,5,D2Y1Y1,pep,33,1
adapter256,5,D2Y1Y1,propep,27,1
adapter256,5,D2Y1Y2,pep,33,1
adapter256,5,D2Y1Y2,propep,27,1
adapter256,5,D2Y1Y3,pep,33,1
adapter256,5,D2Y1Y3,propep,27,1
adapter256,5,D2Y1Y4,pep,33,1
adapter256,5,D2Y1Y4,propep,27,1
adapter256,5,D2Y1Y5,pep,33,1
adapter256,5,D2Y1Y5,propep,27,1
adapter256,5,D2Y1Y6,pep,33,1
adapter256,5,D2Y1Y6,propep,27,1
adapter256,5,D2Y1Y7,pep,33,1
adapter256,5,D2Y1Y7,propep,27,1
adapter256,5,D2Y1Y8,pep,33,1
adapter256,5,D2Y1Y8,propep,27,1
adapter256,5,D2Y1Y9,pep,33,1
adapter256,5,D2Y1Y9,propep,27,1
adapter256,5,D2Y1Z0,pep,33,1
adapter256,5,D2Y1Z0,propep,27,1
adapter256,5,D2Y1Z2,pep,32,1
adapter256,5,D2Y1Z2,propep,27,1
adapter256,5,D2Y1Z4,pep,33,1
adapter256,5,D2Y1Z4,propep,27,1
adapter256,5,D2Y1Z5,pep,33,1
adapter256,5,D2Y1Z5,propep,27,1
adapter256,5,D2Y1Z6,pep,33,1
adapter256,5,D2Y1Z6,propep,27,1
adapter256,5,D2Y1Z7,pep,33,1
adapter256,5,D2Y1Z7,propep,27,1
adapter256,5,D2Y1Z8,pep,33,1
adapter256,5,D2Y1Z8,propep,27,1
adapter256,5,D2Y1Z9,pep,33,1
adapter256,5,D2Y1Z9,propep,27,1
adapter256,5,D2Y200,pep,33,1
adapter256,5,D2Y200,propep,27,1
adapter256,5,D2Y201,pep,33,1
adapter256,5,D2Y201,propep,27,1
adapter256,5,D2Y202,pep,33,1
adapter256,5,D2Y202,propep,27,1
adapter256,5,D2Y203,pep,33,1
adapter256,5,D2Y203,propep,27,1
adapter256,5,D2Y232,pep,35,1
adapter256,5,D2Y232,propep,28,1
adapter256,5,D2Y233,pep,35,1
adapter256,5,D2Y233,propep,28,1
adapter256,5,D2Y236,pep,36,1
adapter256,5,D2Y236,propep,29,1
adapter256,5,D2Y237,pep,36,1
adapter256,5,D2Y237,propep,29,1
adapter256,5,D2Y238,pep,36,1
adapter256,5,D2Y238,propep,29,1
adapter256,5,D2Y239,pep,36,1
adapter256,5,D2Y239,propep,29,1
adapter256,5,D2Y240,pep,35,1
adapter256,5,D2Y240,propep,28,1
adapter256,5,D2Y241,pep,35,1
adapter256,5,D2Y241,propep,28,1
adapter256,5,D2Y242,pep,35,1
adapter256,5,D2Y242,propep,28,1
adapter256,5,D2Y243,pep,35,1
adapter256,5,D2Y243,propep,28,1
adapter256,5,D2Y244,pep,35,1
adapter256,5,D2Y244,propep,28,1
adapter256,5,D2Y245,pep,35,1
adapter256,5,D2Y245,propep,28,1
adapter256,5,D2Y246,pep,35,1
adapter256,5,D2Y246,propep,28,1
adapter256,5,D2Y247,pep,35,1
adapter256,5,D2Y247,propep,28,1
adapter256,5,D2Y248,pep,35,1
adapter256,5,D2Y248,propep,28,1
adapter256,5,D2Y249,pep,35,1
adapter256,5,D2Y249,propep,28,1
adapter256,5,D2Y250,pep,35,1
adapter256,5,D2Y250,propep,28,1
adapter256,5,D2Y251,propep,28,1
adapter256,5,D2Y252,propep,28,1
adapter256,5,D2Y2A0,pep,40,0
adapter256,5,D2Y2A0,propep,31,1
adapter256,5,D2Y2A1,pep,40,0
adapter256,5,D2Y2A1,propep,31,1
adapter256,5,D2Y2A2,pep,40,0
adapter256,5,D2Y2A2,propep,24,0
adapter256,5,D2Y2A3,pep,40,0
adapter256,5,D2Y2A3,propep,31,1
adapter256,5,D2Y2A4,pep,40,0
adapter256,5,D2Y2A4,propep,31,1
adapter256,5,D2Y2A5,pep,40,0
adapter256,5,D2Y2A5,propep,31,1
adapter256,5,D2Y2A6,pep,40,0
adapter256,5,D2Y2A6,propep,31,1
adapter256,5,D2Y2A7,pep,40,0
adapter256,5,D2Y2A7,propep,31,1
adapter256,5,D2Y2A8,pep,40,0
adapter256,5,D2Y2A8,propep,31,1
adapter256,5,D2Y2A9,pep,40,0
adapter256,5,D2Y2A9,propep,31,1
adapter256,5,D2Y2B0,pep,40,0
adapter256,5,D2Y2B0,propep,31,1
adapter256,5,D2Y2B1,pep,40,0
adapter256,5,D2Y2B1,propep,31,1
adapter256,5,D2Y2B2,pep,40,0
adapter256,5,D2Y2B2,propep,31,1
adapter256,5,D2Y2B3,pep,40,0
adapter256,5,D2Y2B3,propep,31,1
adapter256,5,D2Y2B4,pep,40,0
adapter256,5,D2Y2B4,propep,31,1
adapter256,5,D2Y2B5,pep,40,0
adapter256,5,D2Y2B5,propep,31,1
adapter256,5,D2Y2B6,propep,36,1
adapter256,5,D2Y2B7,propep,36,1
adapter256,5,D2Y2B8,propep,36,1
adapter256,5,D2Y2B9,propep,36,1
adapter256,5,D2Y2C1,pep,36,1
adapter256,5,D2Y2C1,propep,28,1
adapter256,5,D2Y2D2,pep,33,1
adapter256,5,D2Y2D2,propep,27,1
adapter256,5,D2Y2D7,pep,35,1
adapter256,5,D2Y2D7,propep,28,1
adapter256,5,D2Y2D8,propep,36,1
adapter256,5,D2Y2D9,propep,36,1
adapter256,5,D2Y2E8,pep,36,1
adapter256,5,D2Y2E8,propep,29,1
adapter256,5,D2Y2E9,pep,36,1
adapter256,5,D2Y2E9,propep,29,1
adapter256,5,D2Y2F0,pep,36,1
adapter256,5,D2Y2F0,propep,29,1
adapter256,5,D2Y2F1,pep,36,1
adapter256,5,D2Y2F1,propep,29,1
adapter256,5,D2Y2G3,pep,35,1
adapter256,5,D2Y2G3,propep,28,1
adapter256,5,D2Y2G4,pep,35,1
adapter256,5,D2Y2G4,propep,28,1
adapter256,5,D2Y2G5,pep,35,1
adapter256,5,D2Y2G5,propep,28,1
adapter256,5,D2Y2G6,pep,35,1
adapter256,5,D2Y2G6,propep,28,1
adapter256,5,D2Y2G7,pep,35,1
adapter256,5,D2Y2G7,propep,28,1
adapter256,5,D2Y2G8,pep,35,1
adapter256,5,D2Y2G8,propep,28,1
adapter256,5,D2Y2G9,pep,35,1
adapter256,5,D2Y2G9,propep,28,1
adapter256,5,D2Y2H1,propep,28,1
adapter256,5,D2Y2H2,propep,28,1
adapter256,5,D2Y2H3,pep,40,0
adapter256,5,D2Y2H3,propep,31,1
adapter256,5,D2Y2H4,pep,40,0
adapter256,5,D2Y2H4,propep,31,1
adapter256,5,D2Y2H5,pep,40,0
adapter256,5,D2Y2H5,propep,31,1
adapter256,5,D2Y2H6,pep,36,1
adapter256,5,D2Y2H6,propep,28,1
adapter256,5,D2Y2H7,pep,36,1
adapter256,5,D2Y2H7,propep,28,1
adapter256,5,D2Y2H8,pep,36,1
adapter256,5,D2Y2H8,propep,28,1
adapter256,5,D2Y2I3,pep,33,1
adapter256,5,D2Y2I3,propep,27,1
adapter256,5,D2Y2I5,pep,33,1
adapter256,5,D2Y2I5,propep,27,1
adapter256,5,D2Y2I6,pep,33,1
adapter256,5,D2Y2I6,propep,27,1
adapter256,5,D2Y2L5,pep,36,1
adapter256,5,D2Y2L5,propep,29,1
adapter256,5,D2Y2M0,pep,35,1
adapter256,5,D2Y2M0,propep,28,1
adapter256,5,D2Y2M1,pep,35,1
adapter256,5,D2Y2M1,propep,28,1
adapter256,5,D2Y2M2,pep,35,1
adapter256,5,D2Y2M2,propep,28,1
adapter256,5,D2Y2M3,pep,35,1
adapter256,5,D2Y2M3,propep,28,1
adapter256,5,D2Y2M4,pep,35,1
adapter256,5,D2Y2M4,propep,28,1
adapter256,5,D2Y2M5,pep,35,1
adapter256,5,D2Y2M5,propep,28,1
adapter256,5,D2Y2M6,pep,35,1
adapter256,5,D2Y2M6,propep,28,1
adapter256,5,D2Y2M8,pep,35,1
adapter256,5,D2Y2M8,propep,28,1
adapter256,5,D2Y2M9,pep,35,1
adapter256,5,D2Y2M9,propep,28,1
adapter256,5,D2Y2N0,pep,35,1
adapter256,5,D2Y2N0,propep,28,1
adapter256,5,D2Y2N1,pep,35,1
adapter256,5,D2Y2N1,propep,28,1
adapter256,5,D2Y2N2,pep,35,1
adapter256,5,D2Y2N2,propep,28,1
adapter256,5,D2Y2N3,pep,35,1
adapter256,5,D2Y2N3,propep,28,1
adapter256,5,D2Y2N4,pep,35,1
adapter256,5,D2Y2N4,propep,28,1
adapter256,5,D2Y2N5,pep,35,1
adapter256,5,D2Y2N5,propep,28,1
adapter256,5,D2Y2N6,pep,35,1
adapter256,5,D2Y2N6,propep,28,1
adapter256,5,D2Y2N7,pep,35,1
adapter256,5,D2Y2N7,propep,28,1
adapter256,5,D2Y2N9,propep,28,1
adapter256,5,D2Y2P0,propep,28,1
adapter256,5,D2Y2P1,propep,28,1
adapter256,5,D2Y2P2,propep,28,1
adapter256,5,D3ZTT2,propep,24,1
adapter256,5,D4B388,propep,24,1
adapter256,5,D5J9S0,pep,46,0
adapter256,5,D5J9S0,propep,19,0
adapter256,5,D5KXH3,propep,9,1
adapter256,5,D9IX97,propep,37,0
adapter256,5,E2A3M7,pep,10,1
adapter256,5,E2E4L2,propep,32,1
adapter256,5,E2S064,pep,35,1
adapter256,5,E2S064,propep,18,1
adapter256,5,E5KIB6,pep,22,1
adapter256,5,E5KIB6,propep,42,1
adapter256,5,F1N5C8,propep,24,1
adapter256,5,F1R4U0,propep,20,1
adapter256,5,F4IVN9,propep,25,1
adapter256,5,F4JL85,propep,20,1
adapter256,5,F4K6R7,propep,29,0
adapter256,5,F4KB79,pep,16,1
adapter256,5,F4KB79,propep,49,0
adapter256,5,F4KB79,propep,6,1
adapter256,5,F5CPE8,propep,45,0
adapter256,5,F5CPE8,propep,11,0
adapter256,5,F6KSI8,pep,39,0
adapter256,5,G1UBC2,propep,21,1
adapter256,5,G3MU46,pep,11,0
adapter256,5,G3MU46,pep,12,1
adapter256,5,G3MU46,pep,31,0
adapter256,5,G3MU46,propep,5,0
adapter256,5,G3MU46,propep,8,1
adapter256,5,G3MU46,propep,22,0
adapter256,5,H3BJG9,propep,24,0
adapter256,5,I1S2N3,propep,17,0
adapter256,5,K7LFJ0,pep,8,0
adapter256,5,K7LSB9,pep,8,0
adapter256,5,L0GCJ6,pep,18,0
adapter256,5,L0GCJ6,propep,45,0
adapter256,5,M1E1F0,pep,35,0
adapter256,5,M1E1F0,propep,19,0
adapter256,5,M1E1F1,pep,31,0
adapter256,5,M1E1F1,propep,17,0
adapter256,5,O00451,propep,20,1
adapter256,5,O04500,propep,25,1
adapter256,5,O08619,propep,37,1
adapter256,5,O08842,propep,21,1
adapter256,5,O09164,propep,9,0
adapter256,5,O09209,pep,35,0
adapter256,5,O09209,pep,21,1
adapter256,5,O09209,propep,24,0
adapter256,5,O13035,propep,43,1
adapter256,5,O13035,propep,50,0
adapter256,5,O13035,propep,30,0
adapter256,5,O13035,propep,11,0
adapter256,5,O13035,propep,39,1
adapter256,5,O13156,propep,39,0
adapter256,5,O13157,propep,20,1
adapter256,5,O13351,propep,6,1
adapter256,5,O14669,propep,26,0
adapter256,5,O18492,pep,23,0
adapter256,5,O18492,propep,10,1
adapter256,5,O18492,propep,27,0
adapter256,5,O18493,pep,23,0
adapter256,5,O18493,propep,10,1
adapter256,5,O18493,propep,27,0
adapter256,5,O18641,pep,24,0
adapter256,5,O18641,pep,7,1
adapter256,5,O18641,pep,18,1
adapter256,5,O18641,pep,33,0
adapter256,5,O18641,pep,8,1
adapter256,5,O18641,propep,44,1
adapter256,5,O18641,propep,23,1
adapter256,5,O18794,pep,36,0
adapter256,5,O18794,propep,11,0
adapter256,5,O18811,pep,22,1
adapter256,5,O18815,pep,38,1
adapter256,5,O18845,pep,22,1
adapter256,5,O23006,propep,32,1
adapter256,5,O31422,pep,26,0
adapter256,5,O31422,propep,29,1
adapter256,5,O32388,propep,28,1
adapter256,5,O35118,propep,26,1
adapter256,5,O44662,pep,7,0
adapter256,5,O44662,pep,8,0
adapter256,5,O44662,pep,8,0
adapter256,5,O44662,pep,5,0
adapter256,5,O44662,pep,6,0
adapter256,5,O44662,pep,7,0
adapter256,5,O44663,pep,7,0
adapter256,5,O44663,pep,8,0
adapter256,5,O44663,pep,5,0
adapter256,5,O44663,pep,5,0
adapter256,5,O44663,pep,7,0
adapter256,5,O44664,pep,7,0
adapter256,5,O44664,pep,8,0
adapter256,5,O44664,pep,6,0
adapter256,5,O44664,pep,6,0
adapter256,5,O44664,pep,6,0
adapter256,5,O44664,pep,6,0
adapter256,5,O44665,pep,7,0
adapter256,5,O44665,pep,8,0
adapter256,5,O44665,pep,6,0
adapter256,5,O44665,pep,6,0
adapter256,5,O44665,pep,6,0
adapter256,5,O45027,pep,7,1
adapter256,5,O45027,pep,18,1
adapter256,5,O45027,pep,33,0
adapter256,5,O45027,pep,8,1
adapter256,5,O45027,propep,44,1
adapter256,5,O45027,propep,23,1
adapter256,5,O46617,pep,22,0
adapter256,5,O60609,propep,26,1
adapter256,5,O61016,propep,9,1
adapter256,5,O61271,pep,27,1
adapter256,5,O61271,pep,21,1
adapter256,5,O61271,propep,19,1
adapter256,5,O62697,pep,41,1
adapter256,5,O62820,pep,22,1
adapter256,5,O70176,pep,48,1
adapter256,5,O70176,pep,38,1
adapter256,5,O75326,propep,18,0
adapter256,5,O76198,propep,44,1
adapter256,5,O76818,pep,27,0
adapter256,5,O76818,pep,25,0
adapter256,5,O76818,pep,19,0
adapter256,5,O76818,pep,7,1
adapter256,5,O76818,pep,18,1
adapter256,5,O76818,pep,33,0
adapter256,5,O76818,pep,8,1
adapter256,5,O76818,pep,14,0
adapter256,5,O76818,propep,8,0
adapter256,5,O81003,pep,5,1
adapter256,5,O81003,propep,5,1
adapter256,5,O81277,pep,5,1
adapter256,5,O81277,propep,5,0
adapter256,5,O82227,propep,26,1
adapter256,5,O89117,pep,37,0
adapter256,5,O89117,propep,11,0
adapter256,5,O93512,propep,28,1
adapter256,5,O94549,propep,20,0
adapter256,5,O95399,pep,11,1
adapter256,5,O97395,pep,23,0
adapter256,5,O97395,propep,12,1
adapter256,5,O97395,propep,28,0
adapter256,5,O97946,pep,38,0
adapter256,5,O97946,propep,6,0
adapter256,5,O97980,pep,10,0
adapter256,5,P00273,pep,36,0
adapter256,5,P00488,propep,37,1
adapter256,5,P01165,pep,13,0
adapter256,5,P01203,pep,5,1
adapter256,5,P01205,pep,5,1
adapter256,5,P01282,pep,42,1
adapter256,5,P01282,pep,28,1
adapter256,5,P01282,propep,15,1
adapter256,5,P01283,pep,42,1
adapter256,5,P01283,pep,28,1
adapter256,5,P01283,propep,15,1
adapter256,5,P01284,pep,27,1
adapter256,5,P01284,pep,28,1
adapter256,5,P01298,pep,36,1
adapter256,5,P01298,pep,20,0
adapter256,5,P01298,propep,7,0
adapter256,5,P01299,pep,36,1
adapter256,5,P01299,pep,20,0
adapter256,5,P01299,propep,5,0
adapter256,5,P01300,pep,36,1
adapter256,5,P01300,pep,19,0
adapter256,5,P01301,pep,36,1
adapter256,5,P01301,pep,20,0
adapter256,5,P01302,pep,36,1
adapter256,5,P01302,pep,21,1
adapter256,5,P01302,pep,39,1
adapter256,5,P01303,pep,36,1
adapter256,5,P01303,pep,30,1
adapter256,5,P01304,pep,36,1
adapter256,5,P01307,pep,22,1
adapter256,5,P01347,pep,35,0
adapter256,5,P01347,pep,24,1
adapter256,5,P01348,pep,32,0
adapter256,5,P01348,pep,22,1
adapter256,5,P01349,pep,20,0
adapter256,5,P01349,pep,24,0
adapter256,5,P01364,pep,26,0
adapter256,5,P01364,pep,12,0
adapter256,5,P01364,pep,43,0
adapter256,5,P02814,pep,38,0
adapter256,5,P02866,propep,15,0
adapter256,5,P02866,propep,9,0
adapter256,5,P02870,propep,7,0
adapter256,5,P02870,propep,6,0
adapter256,5,P02873,propep,7,0
adapter256,5,P02896,propep,23,1
adapter256,5,P04058,propep,22,1
adapter256,5,P04090,pep,29,1
adapter256,5,P04090,pep,24,1
adapter256,5,P04279,pep,31,0
adapter256,5,P04566,pep,27,1
adapter256,5,P04566,pep,28,1
adapter256,5,P04808,pep,31,1
adapter256,5,P04808,pep,23,1
adapter256,5,P05140,propep,17,1
adapter256,5,P05161,propep,8,1
adapter256,5,P05186,propep,23,1
adapter256,5,P05187,propep,29,1
adapter256,5,P05408,pep,13,0
adapter256,5,P05657,propep,9,1
adapter256,5,P05834,propep,26,0
adapter256,5,P06303,pep,36,1
adapter256,5,P06303,pep,30,0
adapter256,5,P06884,pep,36,1
adapter256,5,P06884,pep,20,0
adapter256,5,P07140,propep,30,1
adapter256,5,P07224,propep,17,1
adapter256,5,P07225,propep,17,1
adapter256,5,P07602,propep,43,1
adapter256,5,P07602,propep,36,1
adapter256,5,P07602,propep,12,0
adapter256,5,P07602,propep,38,0
adapter256,5,P07662,propep,9,0
adapter256,5,P07692,propep,23,1
adapter256,5,P07808,pep,36,1
adapter256,5,P07808,pep,30,1
adapter256,5,P07987,propep,6,1
adapter256,5,P08289,propep,23,1
adapter256,5,P08697,propep,12,0
adapter256,5,P08947,pep,9,0
adapter256,5,P08947,propep,18,0
adapter256,5,P08947,propep,30,1
adapter256,5,P08948,pep,9,1
adapter256,5,P08948,propep,18,1
adapter256,5,P08948,propep,30,1
adapter256,5,P08950,pep,11,1
adapter256,5,P08950,propep,20,1
adapter256,5,P08950,propep,21,0
adapter256,5,P09040,pep,7,0
adapter256,5,P09040,pep,9,1
adapter256,5,P09040,pep,14,0
adapter256,5,P09040,propep,40,0
adapter256,5,P09040,propep,26,0
adapter256,5,P09242,propep,23,1
adapter256,5,P09475,pep,37,1
adapter256,5,P09475,pep,30,0
adapter256,5,P09487,propep,25,1
adapter256,5,P09681,pep,42,0
adapter256,5,P09681,propep,29,1
adapter256,5,P09805,propep,12,1
adapter256,5,P09923,propep,25,1
adapter256,5,P09971,pep,24,0
adapter256,5,P09971,pep,7,1
adapter256,5,P09971,pep,17,1
adapter256,5,P09971,pep,34,0
adapter256,5,P09971,pep,8,1
adapter256,5,P09971,propep,44,1
adapter256,5,P09971,propep,22,1
adapter256,5,P0A312,propep,21,1
adapter256,5,P0A313,propep,21,1
adapter256,5,P0C1T5,pep,23,1
adapter256,5,P0C249,pep,7,1
adapter256,5,P0C2S8,propep,13,1
adapter256,5,P0C2X7,pep,34,1
adapter256,5,P0C2X7,propep,8,1
adapter256,5,P0C5X7,pep,29,1
adapter256,5,P0C5X7,propep,32,1
adapter256,5,P0C8S6,pep,22,1
adapter256,5,P0C957,propep,24,1
adapter256,5,P0C958,propep,24,1
adapter256,5,P0CG54,propep,7,1
adapter256,5,P0CH28,propep,6,1
adapter256,5,P0CH56,pep,34,1
adapter256,5,P0CH56,propep,29,1
adapter256,5,P0CH70,pep,34,1
adapter256,5,P0CI88,propep,10,0
adapter256,5,P0CS83,propep,38,1
adapter256,5,P0CS93,propep,17,0
adapter256,5,P0CW02,propep,22,0
adapter256,5,P0CW03,propep,22,0
adapter256,5,P0CY26,propep,32,1
adapter256,5,P0CY27,propep,32,1
adapter256,5,P0CY28,propep,40,1
adapter256,5,P0CY29,propep,40,1
adapter256,5,P0DE28,propep,9,1
adapter256,5,P0DE29,propep,9,1
adapter256,5,P0DJ06,propep,38,1
adapter256,5,P0DJ95,pep,27,1
adapter256,5,P0DJI8,propep,28,0
adapter256,5,P0DKL3,propep,9,0
adapter256,5,P0DKM3,propep,25,0
adapter256,5,P0DKN1,propep,17,0
adapter256,5,P0DL57,propep,30,1
adapter256,5,P0DL58,propep,28,1
adapter256,5,P0DL58,propep,5,0
adapter256,5,P0DM55,propep,6,0
adapter256,5,P0DM67,propep,8,1
adapter256,5,P0DM68,pep,29,1
adapter256,5,P0DM68,propep,29,1
adapter256,5,P0DMD7,propep,6,1
adapter256,5,P0DMD7,propep,14,0
adapter256,5,P0DMG0,pep,11,1
adapter256,5,P0DMG0,propep,34,0
adapter256,5,P0DN01,propep,19,1
adapter256,5,P0DN03,propep,18,1
adapter256,5,P0DN04,propep,22,1
adapter256,5,P0DN98,pep,15,1
adapter256,5,P0DP14,pep,7,1
adapter256,5,P0DP55,pep,36,1
adapter256,5,P0DP55,pep,32,0
adapter256,5,P0DPU4,propep,11,0
adapter256,5,P0DQA3,propep,9,0
adapter256,5,P0DQA4,propep,9,0
adapter256,5,P0DQA5,propep,16,1
adapter256,5,P0DRB9,propep,21,1
adapter256,5,P0DRC4,propep,5,0
adapter256,5,P0DRI2,propep,15,0
adapter256,5,P0DRI2,propep,21,0
adapter256,5,P0DRJ4,pep,18,1
adapter256,5,P0DRJ4,pep,25,1
adapter256,5,P0DRJ4,pep,18,1
adapter256,5,P0DRJ4,pep,18,1
adapter256,5,P0DRJ4,pep,18,1
adapter256,5,P0DRJ4,pep,18,1
adapter256,5,P0DRJ4,pep,18,1
adapter256,5,P0DRJ4,propep,37,1
adapter256,5,P0DRJ4,propep,15,1
adapter256,5,P0DRJ4,propep,15,1
adapter256,5,P0DRJ4,propep,15,1
adapter256,5,P0DRJ4,propep,15,1
adapter256,5,P0DRJ4,propep,15,1
adapter256,5,P0DRJ4,propep,15,1
adapter256,5,P0DTJ9,pep,17,1
adapter256,5,P0DTJ9,propep,39,1
adapter256,5,P0DUT2,pep,31,1
adapter256,5,P0DUT2,pep,31,1
adapter256,5,P0DUT2,pep,31,1
adapter256,5,P0DUT2,propep,8,1
adapter256,5,P0DUT2,propep,15,0
adapter256,5,P0DUT2,propep,15,0
adapter256,5,P0DUT6,pep,11,1
adapter256,5,P0DUT6,pep,10,1
adapter256,5,P0DUT6,pep,13,1
adapter256,5,P0DUT6,propep,5,0
adapter256,5,P0DUT6,propep,5,0
adapter256,5,P0DY21,propep,26,1
adapter256,5,P10082,pep,36,1
adapter256,5,P10082,propep,30,1
adapter256,5,P10419,propep,8,1
adapter256,5,P10419,propep,8,1
adapter256,5,P10419,propep,8,1
adapter256,5,P10552,pep,9,1
adapter256,5,P10552,pep,21,1
adapter256,5,P10552,pep,6,1
adapter256,5,P10552,pep,9,1
adapter256,5,P10552,pep,9,1
adapter256,5,P10552,pep,9,1
adapter256,5,P10552,pep,9,1
adapter256,5,P10552,pep,9,1
adapter256,5,P10552,pep,9,1
adapter256,5,P10552,pep,9,1
adapter256,5,P10552,pep,7,1
adapter256,5,P10552,pep,9,1
adapter256,5,P10552,pep,7,1
adapter256,5,P10552,pep,9,1
adapter256,5,P10552,pep,8,1
adapter256,5,P10552,propep,6,1
adapter256,5,P10601,pep,36,1
adapter256,5,P10601,pep,32,1
adapter256,5,P10631,pep,36,1
adapter256,5,P10631,propep,31,0
adapter256,5,P10674,propep,27,1
adapter256,5,P10675,propep,31,1
adapter256,5,P10696,propep,29,1
adapter256,5,P10960,propep,43,1
adapter256,5,P10960,propep,36,1
adapter256,5,P10960,propep,38,0
adapter256,5,P11159,pep,24,0
adapter256,5,P11159,pep,7,1
adapter256,5,P11159,pep,18,1
adapter256,5,P11159,pep,33,0
adapter256,5,P11159,pep,8,1
adapter256,5,P11159,propep,44,1
adapter256,5,P11159,propep,23,1
adapter256,5,P11184,pep,32,1
adapter256,5,P11184,pep,22,1
adapter256,5,P11185,pep,32,0
adapter256,5,P11185,pep,22,0
adapter256,5,P11952,pep,40,0
adapter256,5,P11952,pep,24,0
adapter256,5,P11953,pep,30,0
adapter256,5,P11953,pep,24,0
adapter256,5,P12661,propep,5,0
adapter256,5,P12872,pep,22,1
adapter256,5,P12961,pep,13,0
adapter256,5,P13083,pep,36,1
adapter256,5,P13589,pep,48,1
adapter256,5,P13589,pep,38,1
adapter256,5,P14138,pep,21,1
adapter256,5,P14608,propep,20,0
adapter256,5,P14765,pep,36,1
adapter256,5,P14765,pep,30,1
adapter256,5,P14894,propep,15,0
adapter256,5,P14894,propep,9,0
adapter256,5,P14904,propep,45,0
adapter256,5,P15369,propep,34,1
adapter256,5,P15411,pep,28,1
adapter256,5,P15411,pep,20,1
adapter256,5,P15411,propep,19,1
adapter256,5,P15513,pep,8,1
adapter256,5,P15513,pep,7,1
adapter256,5,P15513,pep,7,1
adapter256,5,P15513,pep,7,1
adapter256,5,P15513,pep,7,1
adapter256,5,P15513,pep,7,1
adapter256,5,P15513,pep,7,1
adapter256,5,P15513,pep,7,1
adapter256,5,P15513,pep,7,1
adapter256,5,P15513,pep,7,1
adapter256,5,P15513,pep,7,1
adapter256,5,P15513,pep,7,1
adapter256,5,P15513,pep,7,1
adapter256,5,P15513,pep,7,1
adapter256,5,P15513,pep,7,1
adapter256,5,P15513,pep,7,1
adapter256,5,P15513,propep,32,1
adapter256,5,P15513,propep,25,1
adapter256,5,P15513,propep,6,1
adapter256,5,P15693,propep,29,1
adapter256,5,P15797,propep,22,0
adapter256,5,P16404,propep,13,0
adapter256,5,P16613,pep,48,1
adapter256,5,P16613,pep,38,1
adapter256,5,P17118,propep,13,0
adapter256,5,P17681,pep,26,0
adapter256,5,P17681,pep,12,0
adapter256,5,P17681,pep,43,0
adapter256,5,P18509,pep,48,0
adapter256,5,P18509,pep,38,1
adapter256,5,P18844,pep,10,0
adapter256,5,P19111,propep,27,1
adapter256,5,P19260,propep,26,1
adapter256,5,P19425,pep,10,0
adapter256,5,P19599,propep,26,0
adapter256,5,P19660,pep,43,1
adapter256,5,P19707,propep,18,0
adapter256,5,P19708,propep,18,0
adapter256,5,P19884,pep,29,1
adapter256,5,P19884,pep,24,1
adapter256,5,P19971,propep,10,0
adapter256,5,P19998,pep,21,0
adapter256,5,P20481,pep,12,1
adapter256,5,P20481,pep,11,1
adapter256,5,P20481,pep,10,1
adapter256,5,P20481,pep,11,1
adapter256,5,P20481,pep,10,1
adapter256,5,P20481,pep,11,1
adapter256,5,P20481,pep,11,1
adapter256,5,P20481,pep,11,1
adapter256,5,P20481,pep,11,1
adapter256,5,P20481,pep,11,1
adapter256,5,P20481,pep,11,1
adapter256,5,P20481,pep,11,1
adapter256,5,P20481,pep,11,1
adapter256,5,P20481,pep,10,1
adapter256,5,P20481,pep,10,1
adapter256,5,P20481,pep,11,1
adapter256,5,P20481,pep,10,1
adapter256,5,P20481,pep,10,1
adapter256,5,P20481,pep,11,1
adapter256,5,P20481,pep,11,1
adapter256,5,P20481,pep,11,0
adapter256,5,P20481,pep,11,1
adapter256,5,P20481,pep,11,1
adapter256,5,P20481,pep,11,1
adapter256,5,P20481,pep,10,1
adapter256,5,P20481,pep,11,1
adapter256,5,P20481,pep,10,1
adapter256,5,P20481,pep,11,1
adapter256,5,P20481,pep,11,1
adapter256,5,P20481,pep,11,1
adapter256,5,P20481,pep,14,0
adapter256,5,P20481,propep,37,0
adapter256,5,P20481,propep,11,0
adapter256,5,P20948,propep,19,1
adapter256,5,P21591,pep,14,1
adapter256,5,P21591,propep,15,1
adapter256,5,P22226,pep,12,0
adapter256,5,P22287,pep,28,0
adapter256,5,P22287,propep,12,1
adapter256,5,P22304,propep,8,1
adapter256,5,P22969,pep,28,1
adapter256,5,P22969,pep,20,1
adapter256,5,P23431,propep,17,0
adapter256,5,P23535,propep,32,1
adapter256,5,P23546,propep,22,0
adapter256,5,P24665,propep,41,1
adapter256,5,P24665,propep,11,0
adapter256,5,P24822,propep,31,1
adapter256,5,P24823,propep,27,1
adapter256,5,P26329,propep,23,1
adapter256,5,P26334,propep,23,1
adapter256,5,P26335,propep,17,0
adapter256,5,P26727,pep,28,1
adapter256,5,P26727,pep,20,1
adapter256,5,P26727,propep,21,0
adapter256,5,P26731,pep,28,1
adapter256,5,P26731,pep,20,1
adapter256,5,P26731,propep,19,0
adapter256,5,P26733,pep,26,1
adapter256,5,P26733,pep,21,1
adapter256,5,P26733,propep,19,1
adapter256,5,P26734,pep,26,1
adapter256,5,P26734,pep,21,1
adapter256,5,P26734,propep,19,1
adapter256,5,P26735,pep,25,1
adapter256,5,P26735,pep,26,1
adapter256,5,P26735,propep,21,1
adapter256,5,P26736,pep,27,1
adapter256,5,P26736,pep,20,1
adapter256,5,P26736,propep,21,1
adapter256,5,P26737,pep,26,1
adapter256,5,P26737,pep,21,1
adapter256,5,P26737,propep,19,1
adapter256,5,P26738,pep,26,1
adapter256,5,P26738,pep,21,1
adapter256,5,P26738,propep,19,1
adapter256,5,P26739,pep,26,1
adapter256,5,P26739,pep,24,1
adapter256,5,P26739,propep,16,0
adapter256,5,P26740,pep,26,1
adapter256,5,P26740,pep,21,1
adapter256,5,P26740,propep,19,1
adapter256,5,P26741,pep,26,1
adapter256,5,P26741,pep,21,1
adapter256,5,P26741,propep,19,1
adapter256,5,P26742,pep,26,1
adapter256,5,P26742,pep,21,1
adapter256,5,P26742,propep,19,1
adapter256,5,P26743,pep,26,1
adapter256,5,P26743,pep,24,1
adapter256,5,P26743,propep,16,0
adapter256,5,P26779,propep,43,1
adapter256,5,P26779,propep,36,1
adapter256,5,P26779,propep,14,1
adapter256,5,P26779,propep,38,0
adapter256,5,P27114,pep,22,1
adapter256,5,P27666,propep,22,0
adapter256,5,P27682,pep,13,0
adapter256,5,P28672,pep,36,1
adapter256,5,P28672,pep,29,0
adapter256,5,P28673,pep,36,1
adapter256,5,P28673,pep,30,1
adapter256,5,P28674,pep,36,1
adapter256,5,P28674,pep,31,0
adapter256,5,P28800,propep,18,0
adapter256,5,P28825,propep,44,1
adapter256,5,P28826,propep,44,1
adapter256,5,P29425,propep,17,1
adapter256,5,P29519,pep,26,1
adapter256,5,P29519,pep,21,1
adapter256,5,P29519,propep,19,1
adapter256,5,P29523,propep,26,1
adapter256,5,P32089,propep,13,0
adapter256,5,P32194,pep,18,1
adapter256,5,P32195,pep,16,0
adapter256,5,P32196,pep,18,1
adapter256,5,P32329,propep,46,0
adapter256,5,P32329,propep,21,1
adapter256,5,P32623,propep,22,1
adapter256,5,P32648,pep,42,1
adapter256,5,P32648,pep,28,1
adapter256,5,P32648,propep,15,1
adapter256,5,P32649,pep,27,1
adapter256,5,P32649,pep,28,1
adapter256,5,P32950,propep,36,1
adapter256,5,P32951,propep,37,1
adapter256,5,P33046,pep,13,1
adapter256,5,P33689,pep,36,1
adapter256,5,P33689,pep,30,1
adapter256,5,P33715,pep,13,1
adapter256,5,P33718,pep,26,1
adapter256,5,P33718,pep,21,1
adapter256,5,P33718,propep,29,1
adapter256,5,P33719,pep,26,1
adapter256,5,P33719,pep,23,1
adapter256,5,P33719,propep,29,1
adapter256,5,P33720,pep,26,1
adapter256,5,P33720,pep,21,1
adapter256,5,P33720,propep,29,1
adapter256,5,P33721,pep,27,1
adapter256,5,P33721,pep,20,1
adapter256,5,P33721,propep,21,1
adapter256,5,P33722,pep,27,1
adapter256,5,P33722,pep,20,1
adapter256,5,P33722,propep,21,1
adapter256,5,P34026,propep,6,1
adapter256,5,P34806,propep,8,0
adapter256,5,P34962,pep,8,0
adapter256,5,P34963,pep,9,0
adapter256,5,P34964,pep,8,0
adapter256,5,P35460,propep,22,0
adapter256,5,P35461,propep,29,1
adapter256,5,P35518,propep,21,1
adapter256,5,P36193,pep,19,1
adapter256,5,P36193,pep,22,0
adapter256,5,P36560,propep,37,0
adapter256,5,P39105,propep,30,1
adapter256,5,P40765,pep,25,0
adapter256,5,P41365,propep,7,1
adapter256,5,P41534,pep,46,0
adapter256,5,P41534,pep,38,1
adapter256,5,P41535,pep,48,1
adapter256,5,P41535,pep,38,1
adapter256,5,P41585,pep,45,0
adapter256,5,P41585,pep,38,1
adapter256,5,P41876,pep,9,1
adapter256,5,P41876,pep,9,1
adapter256,5,P41876,pep,9,1
adapter256,5,P41876,pep,8,1
adapter256,5,P41876,pep,9,1
adapter256,5,P41876,pep,7,1
adapter256,5,P41876,pep,9,1
adapter256,5,P41876,pep,7,1
adapter256,5,P41876,pep,9,1
adapter256,5,P41876,pep,8,1
adapter256,5,P41876,propep,26,0
adapter256,5,P41876,propep,8,1
adapter256,5,P41964,propep,6,0
adapter256,5,P42723,pep,11,0
adapter256,5,P42723,propep,31,0
adapter256,5,P42785,propep,24,0
adapter256,5,P43030,propep,6,0
adapter256,5,P43443,pep,10,1
adapter256,5,P43443,propep,15,1
adapter256,5,P45644,pep,27,1
adapter256,5,P45644,pep,28,1
adapter256,5,P45644,propep,8,1
adapter256,5,P45644,propep,41,1
adapter256,5,P46157,pep,40,0
adapter256,5,P46157,propep,6,0
adapter256,5,P46158,pep,36,0
adapter256,5,P46158,propep,6,0
adapter256,5,P46161,pep,42,1
adapter256,5,P46167,pep,40,1
adapter256,5,P46591,propep,24,1
adapter256,5,P47476,propep,15,1
adapter256,5,P47932,pep,35,0
adapter256,5,P47932,pep,25,1
adapter256,5,P48097,pep,36,1
adapter256,5,P48097,propep,31,1
adapter256,5,P48098,pep,36,1
adapter256,5,P48098,propep,29,1
adapter256,5,P48143,pep,27,1
adapter256,5,P48143,pep,28,1
adapter256,5,P48143,propep,8,1
adapter256,5,P48143,propep,41,0
adapter256,5,P48144,pep,45,1
adapter256,5,P48144,pep,38,1
adapter256,5,P48144,propep,25,0
adapter256,5,P48299,pep,21,1
adapter256,5,P48503,propep,8,0
adapter256,5,P48756,pep,42,0
adapter256,5,P48756,propep,21,1
adapter256,5,P49126,propep,21,0
adapter256,5,P49913,pep,39,1
adapter256,5,P49928,pep,29,1
adapter256,5,P49929,pep,29,1
adapter256,5,P49930,pep,23,0
adapter256,5,P49931,pep,37,1
adapter256,5,P49932,pep,37,1
adapter256,5,P49933,pep,18,1
adapter256,5,P49934,pep,18,1
adapter256,5,P50496,propep,26,1
adapter256,5,P50497,propep,26,0
adapter256,5,P50498,propep,26,1
adapter256,5,P50499,propep,26,1
adapter256,5,P51437,pep,38,0
adapter256,5,P51453,pep,24,1
adapter256,5,P51454,pep,29,1
adapter256,5,P51454,pep,24,1
adapter256,5,P51455,pep,29,1
adapter256,5,P51455,pep,24,1
adapter256,5,P51456,pep,32,1
adapter256,5,P51456,pep,24,1
adapter256,5,P51524,pep,13,0
adapter256,5,P51654,propep,26,1
adapter256,5,P51694,pep,36,1
adapter256,5,P51694,propep,30,1
adapter256,5,P51740,propep,20,1
adapter256,5,P52400,propep,23,0
adapter256,5,P52401,propep,23,0
adapter256,5,P52402,propep,23,0
adapter256,5,P52407,propep,18,0
adapter256,5,P52700,propep,12,0
adapter256,5,P52718,propep,27,1
adapter256,5,P52719,propep,34,0
adapter256,5,P53007,propep,13,0
adapter256,5,P53140,propep,37,0
adapter256,5,P53379,propep,43,0
adapter256,5,P53379,propep,21,1
adapter256,5,P53621,pep,35,0
adapter256,5,P53813,propep,17,1
adapter256,5,P54228,pep,27,0
adapter256,5,P54229,pep,28,1
adapter256,5,P54230,pep,12,0
adapter256,5,P54422,propep,7,0
adapter256,5,P55854,propep,11,1
adapter256,5,P56159,propep,36,0
adapter256,5,P56161,propep,17,0
adapter256,5,P56386,pep,37,0
adapter256,5,P56386,propep,11,1
adapter256,5,P56425,pep,34,1
adapter256,5,P56568,pep,45,0
adapter256,5,P57774,pep,36,1
adapter256,5,P57774,pep,30,1
adapter256,5,P58906,propep,15,0
adapter256,5,P59082,propep,12,0
adapter256,5,P59097,propep,9,0
adapter256,5,P60022,pep,36,0
adapter256,5,P60022,propep,11,0
adapter256,5,P60023,pep,36,0
adapter256,5,P60023,propep,11,0
adapter256,5,P60590,pep,36,0
adapter256,5,P60590,propep,25,1
adapter256,5,P60980,pep,34,1
adapter256,5,P60980,propep,8,1
adapter256,5,P61103,propep,28,1
adapter256,5,P61104,propep,30,1
adapter256,5,P61261,pep,36,0
adapter256,5,P61261,propep,11,0
adapter256,5,P61262,pep,36,0
adapter256,5,P61262,propep,11,0
adapter256,5,P61263,pep,36,0
adapter256,5,P61263,propep,11,0
adapter256,5,P61409,pep,31,1
adapter256,5,P61409,propep,31,1
adapter256,5,P61849,pep,10,1
adapter256,5,P62530,propep,15,1
adapter256,5,P62531,propep,15,1
adapter256,5,P63186,propep,7,0
adapter256,5,P66125,propep,9,1
adapter256,5,P66126,propep,9,1
adapter256,5,P66133,propep,9,1
adapter256,5,P66134,propep,9,1
adapter256,5,P66135,propep,9,1
adapter256,5,P66136,propep,9,1
adapter256,5,P66137,propep,12,1
adapter256,5,P66139,propep,12,1
adapter256,5,P68004,pep,34,0
adapter256,5,P68005,pep,34,0
adapter256,5,P68248,propep,16,0
adapter256,5,P68426,propep,27,1
adapter256,5,P68827,propep,24,0
adapter256,5,P75458,propep,15,1
adapter256,5,P79076,propep,11,0
adapter256,5,P79110,propep,13,1
adapter256,5,P79362,pep,43,1
adapter256,5,P79799,propep,50,0
adapter256,5,P79799,propep,23,0
adapter256,5,P80710,pep,23,0
adapter256,5,P80710,propep,10,1
adapter256,5,P80710,propep,27,0
adapter256,5,P80713,pep,23,0
adapter256,5,P80713,propep,10,1
adapter256,5,P80713,propep,27,0
adapter256,5,P80734,propep,14,1
adapter256,5,P80735,propep,14,1
adapter256,5,P80957,propep,11,1
adapter256,5,P81191,pep,27,1
adapter256,5,P81401,pep,27,1
adapter256,5,P81401,pep,28,1
adapter256,5,P81401,propep,12,0
adapter256,5,P81401,propep,15,1
adapter256,5,P81592,pep,32,0
adapter256,5,P81592,propep,9,1
adapter256,5,P82018,pep,43,1
adapter256,5,P83211,propep,35,0
adapter256,5,P83303,propep,28,1
adapter256,5,P83412,pep,12,1
adapter256,5,P83974,propep,8,1
adapter256,5,P84213,pep,14,1
adapter256,5,P84213,propep,15,1
adapter256,5,P84408,pep,30,0
adapter256,5,P84808,propep,6,0
adapter256,5,P85527,pep,10,1
adapter256,5,P86442,pep,9,0
adapter256,5,P86442,propep,24,0
adapter256,5,P86442,propep,29,1
adapter256,5,P86828,pep,6,1
adapter256,5,P91896,pep,31,0
adapter256,5,P91896,pep,20,1
adapter256,5,P91896,propep,19,0
adapter256,5,P93248,propep,9,0
adapter256,5,P93328,propep,26,1
adapter256,5,P97785,propep,38,0
adapter256,5,Q00663,propep,37,1
adapter256,5,Q00676,pep,11,0
adapter256,5,Q01133,propep,5,0
adapter256,5,Q01133,propep,5,0
adapter256,5,Q01133,propep,5,0
adapter256,5,Q01133,propep,49,0
adapter256,5,Q01413,propep,20,0
adapter256,5,Q01416,propep,24,1
adapter256,5,Q01758,propep,17,1
adapter256,5,Q02ZA6,propep,9,1
adapter256,5,Q03467,propep,23,1
adapter256,5,Q03643,propep,26,1
adapter256,5,Q03644,propep,26,1
adapter256,5,Q03645,propep,26,1
adapter256,5,Q03646,propep,26,1
adapter256,5,Q03674,propep,26,1
adapter256,5,Q03994,propep,26,1
adapter256,5,Q03FZ9,propep,8,1
adapter256,5,Q03M32,propep,11,1
adapter256,5,Q04KI2,propep,12,1
adapter256,5,Q058G9,pep,15,1
adapter256,5,Q058G9,propep,5,1
adapter256,5,Q06145,pep,42,0
adapter256,5,Q06145,propep,21,1
adapter256,5,Q07053,propep,10,1
adapter256,5,Q07988,propep,21,1
adapter256,5,Q08108,propep,27,1
adapter256,5,Q08761,propep,17,1
adapter256,5,Q08890,propep,6,0
adapter256,5,Q08906,propep,23,1
adapter256,5,Q08907,propep,22,1
adapter256,5,Q09169,pep,46,1
adapter256,5,Q09169,pep,38,1
adapter256,5,Q09175,propep,20,0
adapter256,5,Q09982,pep,5,0
adapter256,5,Q09982,pep,5,0
adapter256,5,Q09982,pep,5,0
adapter256,5,Q09982,propep,32,1
adapter256,5,Q09JK2,propep,5,1
adapter256,5,Q0AWJ2,propep,9,1
adapter256,5,Q0EAE5,pep,34,1
adapter256,5,Q0EAE5,propep,27,1
adapter256,5,Q0H293,propep,6,0
adapter256,5,Q0IUL4,pep,5,1
adapter256,5,Q0IUL4,propep,5,1
adapter256,5,Q0MWV8,pep,40,0
adapter256,5,Q0MWV8,propep,22,1
adapter256,5,Q0SR53,propep,9,1
adapter256,5,Q0THN1,propep,37,0
adapter256,5,Q0TNI4,propep,9,1
adapter256,5,Q10416,propep,19,1
adapter256,5,Q10JL1,propep,25,1
adapter256,5,Q12303,propep,27,1
adapter256,5,Q12303,propep,25,1
adapter256,5,Q14641,pep,33,0
adapter256,5,Q14641,pep,25,1
adapter256,5,Q14BU0,propep,37,1
adapter256,5,Q15726,pep,14,1
adapter256,5,Q16819,propep,44,1
adapter256,5,Q16820,propep,39,1
adapter256,5,Q16994,propep,11,0
adapter256,5,Q16994,propep,11,0
adapter256,5,Q16994,propep,8,1
adapter256,5,Q16994,propep,8,1
adapter256,5,Q16994,propep,8,1
adapter256,5,Q16RI5,pep,10,1
adapter256,5,Q17192,pep,28,1
adapter256,5,Q17192,pep,20,1
adapter256,5,Q17192,propep,21,0
adapter256,5,Q17194,pep,24,1
adapter256,5,Q17194,pep,21,1
adapter256,5,Q17194,propep,19,1
adapter256,5,Q17196,pep,24,1
adapter256,5,Q17196,pep,27,1
adapter256,5,Q17196,propep,16,0
adapter256,5,Q17QV3,propep,12,1
adapter256,5,Q18184,pep,23,1
adapter256,5,Q18184,propep,12,1
adapter256,5,Q18184,propep,26,1
adapter256,5,Q18234,pep,9,1
adapter256,5,Q18B22,propep,9,1
adapter256,5,Q1C5C7,propep,42,1
adapter256,5,Q1CKL2,propep,42,1
adapter256,5,Q1ELU4,pep,18,1
adapter256,5,Q1ELU4,pep,18,1
adapter256,5,Q1ELU4,pep,18,1
adapter256,5,Q1ELU4,pep,18,1
adapter256,5,Q1ELU4,pep,24,1
adapter256,5,Q1ELU4,propep,21,1
adapter256,5,Q1ELU4,propep,9,1
adapter256,5,Q1ELU4,propep,9,1
adapter256,5,Q1ELU4,propep,9,1
adapter256,5,Q1ELU4,propep,8,1
adapter256,5,Q1ELU5,pep,18,1
adapter256,5,Q1ELU5,pep,18,1
adapter256,5,Q1ELU5,pep,18,1
adapter256,5,Q1ELU5,pep,18,1
adapter256,5,Q1ELU5,pep,18,1
adapter256,5,Q1ELU5,pep,24,1
adapter256,5,Q1ELU5,propep,21,1
adapter256,5,Q1ELU5,propep,9,1
adapter256,5,Q1ELU5,propep,9,1
adapter256,5,Q1ELU5,propep,9,1
adapter256,5,Q1ELU5,propep,9,1
adapter256,5,Q1ELU5,propep,8,1
adapter256,5,Q1ELU7,pep,35,0
adapter256,5,Q1ELU7,pep,33,0
adapter256,5,Q1ELU7,propep,22,1
adapter256,5,Q1ELU8,pep,35,0
adapter256,5,Q1ELU8,pep,33,0
adapter256,5,Q1ELU8,propep,22,1
adapter256,5,Q1JPW9,propep,25,1
adapter256,5,Q1KLX1,pep,39,1
adapter256,5,Q1KLX2,pep,39,1
adapter256,5,Q1KLX3,pep,39,1
adapter256,5,Q1KLX4,pep,39,1
adapter256,5,Q1KLX5,pep,39,0
adapter256,5,Q1KLX6,pep,39,1
adapter256,5,Q1KLX7,pep,39,1
adapter256,5,Q1KLX8,pep,39,1
adapter256,5,Q1KLY0,pep,39,1
adapter256,5,Q1KLY2,pep,39,1
adapter256,5,Q1KLY3,pep,39,1
adapter256,5,Q1KLY4,pep,39,0
adapter256,5,Q1KLY5,pep,39,1
adapter256,5,Q1KLY6,pep,39,1
adapter256,5,Q1KLY7,pep,39,1
adapter256,5,Q1KLY8,pep,39,1
adapter256,5,Q1PFD8,propep,22,1
adapter256,5,Q24238,propep,26,1
adapter256,5,Q25413,pep,7,1
adapter256,5,Q25413,pep,7,1
adapter256,5,Q25413,pep,7,1
adapter256,5,Q25413,pep,7,1
adapter256,5,Q25413,pep,7,1
adapter256,5,Q25413,pep,7,1
adapter256,5,Q25413,pep,7,1
adapter256,5,Q25413,pep,7,1
adapter256,5,Q25413,pep,7,1
adapter256,5,Q25413,pep,7,1
adapter256,5,Q25413,pep,7,1
adapter256,5,Q25413,pep,7,1
adapter256,5,Q25413,pep,7,1
adapter256,5,Q25413,pep,7,1
adapter256,5,Q25413,propep,31,1
adapter256,5,Q25413,propep,10,1
adapter256,5,Q25413,propep,14,1
adapter256,5,Q25413,propep,12,1
adapter256,5,Q27173,propep,29,1
adapter256,5,Q27174,propep,29,1
adapter256,5,Q27181,propep,29,1
adapter256,5,Q27677,propep,24,1
adapter256,5,Q27954,pep,35,0
adapter256,5,Q28HK1,propep,37,1
adapter256,5,Q29486,propep,25,1
adapter256,5,Q295C6,pep,7,0
adapter256,5,Q295C6,pep,9,1
adapter256,5,Q295C6,pep,14,1
adapter256,5,Q295C6,propep,36,0
adapter256,5,Q295C6,propep,29,0
adapter256,5,Q29B55,pep,28,0
adapter256,5,Q29B55,propep,37,1
adapter256,5,Q29W19,pep,48,0
adapter256,5,Q29W19,pep,38,1
adapter256,5,Q2FG82,propep,9,1
adapter256,5,Q2FUW9,propep,35,1
adapter256,5,Q2FXT0,propep,9,1
adapter256,5,Q2HYY9,propep,15,1
adapter256,5,Q2IAL6,pep,29,0
adapter256,5,Q2IAL7,pep,32,0
adapter256,5,Q2KJI7,propep,28,0
adapter256,5,Q2NIJ9,propep,10,1
adapter256,5,Q2SS74,propep,10,1
adapter256,5,Q2TA14,propep,26,0
adapter256,5,Q2YT85,propep,9,1
adapter256,5,Q32ZI4,pep,41,1
adapter256,5,Q39131,propep,31,1
adapter256,5,Q39962,propep,14,0
adapter256,5,Q3C255,propep,16,1
adapter256,5,Q3C256,propep,16,1
adapter256,5,Q3SB03,propep,9,0
adapter256,5,Q3SB04,propep,9,0
adapter256,5,Q3SB05,propep,9,0
adapter256,5,Q3SB06,propep,9,0
adapter256,5,Q3SB07,propep,9,0
adapter256,5,Q40987,propep,8,0
adapter256,5,Q41114,propep,7,0
adapter256,5,Q42460,propep,7,0
adapter256,5,Q48501,pep,26,1
adapter256,5,Q48501,propep,20,1
adapter256,5,Q49Y83,propep,9,1
adapter256,5,Q4L6Z1,propep,9,1
adapter256,5,Q4PSZ8,propep,28,0
adapter256,5,Q4WFV6,propep,21,1
adapter256,5,Q4WI46,propep,27,1
adapter256,5,Q53I06,propep,32,1
adapter256,5,Q54EQ7,propep,24,1
adapter256,5,Q58D68,propep,21,1
adapter256,5,Q59PF9,propep,21,1
adapter256,5,Q59SU1,propep,24,1
adapter256,5,Q59XA7,propep,24,1
adapter256,5,Q59XB0,propep,24,1
adapter256,5,Q59XL0,propep,23,1
adapter256,5,Q5A029,propep,24,1
adapter256,5,Q5A1E0,propep,24,1
adapter256,5,Q5A210,propep,28,1
adapter256,5,Q5A5M7,propep,24,1
adapter256,5,Q5A651,propep,24,1
adapter256,5,Q5A6M2,propep,25,1
adapter256,5,Q5A6U1,propep,24,1
adapter256,5,Q5A849,propep,30,0
adapter256,5,Q5AAL9,propep,24,1
adapter256,5,Q5ACP5,propep,29,0
adapter256,5,Q5AD34,propep,21,1
adapter256,5,Q5AJC0,propep,30,1
adapter256,5,Q5AL03,propep,24,1
adapter256,5,Q5BIV7,propep,25,1
adapter256,5,Q5BIV9,propep,25,1
adapter256,5,Q5BKW7,propep,23,1
adapter256,5,Q5CZK6,pep,33,0
adapter256,5,Q5CZK6,pep,25,1
adapter256,5,Q5E9X0,propep,24,1
adapter256,5,Q5G234,propep,10,0
adapter256,5,Q5HFB8,propep,9,1
adapter256,5,Q5HNQ6,propep,9,1
adapter256,5,Q5JNJ5,propep,31,0
adapter256,5,Q5KWP3,propep,9,1
adapter256,5,Q5M158,propep,11,1
adapter256,5,Q5PU89,propep,6,1
adapter256,5,Q5RAD6,propep,20,1
adapter256,5,Q5RB45,propep,22,1
adapter256,5,Q5RBU7,propep,24,0
adapter256,5,Q5WES5,propep,9,1
adapter256,5,Q5XCS5,propep,9,1
adapter256,5,Q5XIF4,propep,18,1
adapter256,5,Q5Z9C8,propep,29,1
adapter256,5,Q60E70,propep,27,1
adapter256,5,Q61207,propep,43,1
adapter256,5,Q61207,propep,36,1
adapter256,5,Q61207,propep,38,0
adapter256,5,Q61247,propep,12,0
adapter256,5,Q61847,propep,44,1
adapter256,5,Q62997,propep,38,0
adapter256,5,Q634A1,propep,9,1
adapter256,5,Q64171,pep,37,0
adapter256,5,Q64171,pep,24,1
adapter256,5,Q64230,propep,46,1
adapter256,5,Q64339,propep,6,1
adapter256,5,Q65DC2,propep,12,1
adapter256,5,Q65GM5,propep,9,1
adapter256,5,Q667N8,propep,42,1
adapter256,5,Q66IA6,propep,25,1
adapter256,5,Q67SC7,propep,6,1
adapter256,5,Q6DDP3,propep,25,1
adapter256,5,Q6E3K9,pep,43,1
adapter256,5,Q6ECK6,pep,10,1
adapter256,5,Q6ECK6,pep,12,0
adapter256,5,Q6ECK6,propep,36,1
adapter256,5,Q6ECK6,propep,16,0
adapter256,5,Q6F125,propep,10,1
adapter256,5,Q6G8S4,propep,9,1
adapter256,5,Q6GG59,propep,9,1
adapter256,5,Q6HD83,propep,9,1
adapter256,5,Q6IV23,propep,6,0
adapter256,5,Q6IV26,propep,6,0
adapter256,5,Q6LZM3,propep,8,1
adapter256,5,Q6MT50,propep,10,1
adapter256,5,Q6NLD7,propep,26,1
adapter256,5,Q6NLF7,propep,25,1
adapter256,5,Q6NNL3,pep,13,1
adapter256,5,Q6NUJ1,propep,42,0
adapter256,5,Q6NUJ1,propep,35,0
adapter256,5,Q6NUJ1,propep,30,0
adapter256,5,Q6NUJ1,propep,22,1
adapter256,5,Q6NUJ1,propep,48,0
adapter256,5,Q6NWB6,propep,34,1
adapter256,5,Q6QLQ5,pep,26,0
adapter256,5,Q6QLR1,propep,6,0
adapter256,5,Q6QWR1,propep,9,0
adapter256,5,Q6RUW3,pep,36,1
adapter256,5,Q6RUW3,pep,30,1
adapter256,5,Q6UG02,propep,9,0
adapter256,5,Q6UQ28,propep,20,0
adapter256,5,Q6UWR7,propep,21,1
adapter256,5,Q6UX82,propep,22,1
adapter256,5,Q6XMH8,pep,19,1
adapter256,5,Q6XMH8,pep,22,0
adapter256,5,Q6Y4S4,pep,10,0
adapter256,5,Q6YRC7,propep,10,1
adapter256,5,Q6Z4G7,propep,25,1
adapter256,5,Q6Z4G8,propep,26,1
adapter256,5,Q71ZD0,propep,9,1
adapter256,5,Q72ZY3,propep,9,1
adapter256,5,Q74IL5,propep,12,1
adapter256,5,Q75UG5,pep,9,1
adapter256,5,Q75UG5,propep,23,0
adapter256,5,Q75WG7,propep,35,1
adapter256,5,Q75WH2,pep,28,1
adapter256,5,Q75WH2,propep,26,1
adapter256,5,Q75WH4,propep,21,1
adapter256,5,Q75WH5,propep,26,1
adapter256,5,Q75WH6,propep,21,1
adapter256,5,Q765Z4,pep,21,1
adapter256,5,Q769J6,propep,43,1
adapter256,5,Q76CL2,pep,36,1
adapter256,5,Q76CL2,propep,30,0
adapter256,5,Q76LX8,propep,45,0
adapter256,5,Q7JGL8,pep,36,0
adapter256,5,Q7JGL8,propep,11,0
adapter256,5,Q7JGL9,pep,36,0
adapter256,5,Q7JGL9,propep,11,0
adapter256,5,Q7JGM0,pep,36,0
adapter256,5,Q7JGM0,propep,11,0
adapter256,5,Q7JGM1,pep,36,0
adapter256,5,Q7JGM1,propep,11,0
adapter256,5,Q7JGM2,pep,36,0
adapter256,5,Q7JGM2,propep,11,0
adapter256,5,Q7KUD5,pep,28,1
adapter256,5,Q7KUD5,pep,25,1
adapter256,5,Q7KUD5,propep,29,0
adapter256,5,Q7M3V5,pep,9,1
adapter256,5,Q7M3V5,pep,14,1
adapter256,5,Q7NBB0,propep,13,1
adapter256,5,Q7Q7R8,propep,25,1
adapter256,5,Q7RTW8,propep,23,1
adapter256,5,Q7TMR0,propep,26,0
adapter256,5,Q7TQN2,propep,27,1
adapter256,5,Q7TSB7,pep,10,0
adapter256,5,Q7XR91,propep,27,1
adapter256,5,Q7YXK5,propep,15,1
adapter256,5,Q803Y4,propep,7,1
adapter256,5,Q817U4,propep,9,1
adapter256,5,Q81LE8,propep,9,1
adapter256,5,Q836X4,propep,10,1
adapter256,5,Q83RD2,propep,37,0
adapter256,5,Q84JV2,propep,24,0
adapter256,5,Q84W98,pep,12,1
adapter256,5,Q86C51,propep,28,1
adapter256,5,Q86MA7,pep,5,1
adapter256,5,Q86MA7,pep,5,1
adapter256,5,Q86MA7,pep,5,1
adapter256,5,Q86MA7,pep,5,1
adapter256,5,Q86MA7,pep,5,1
adapter256,5,Q86MA7,pep,5,1
adapter256,5,Q86MA7,pep,5,1
adapter256,5,Q86MA7,pep,5,1
adapter256,5,Q86MA7,pep,5,1
adapter256,5,Q86MA7,pep,5,1
adapter256,5,Q86MA7,pep,5,1
adapter256,5,Q86MA7,pep,5,1
adapter256,5,Q86MA7,pep,5,1
adapter256,5,Q86MA7,pep,5,1
adapter256,5,Q86MA7,pep,5,1
adapter256,5,Q86MA7,pep,5,1
adapter256,5,Q86MA7,pep,5,1
adapter256,5,Q86MA7,pep,5,1
adapter256,5,Q86MA7,pep,5,1
adapter256,5,Q86MA7,pep,5,1
adapter256,5,Q86MA7,pep,5,1
adapter256,5,Q86MA7,pep,5,1
adapter256,5,Q86MA7,pep,5,1
adapter256,5,Q86MA7,pep,5,1
adapter256,5,Q86MA7,pep,5,1
adapter256,5,Q86MA7,pep,5,1
adapter256,5,Q86MA7,pep,5,1
adapter256,5,Q86MA7,pep,5,1
adapter256,5,Q86MA7,pep,5,1
adapter256,5,Q86MA7,pep,5,1
adapter256,5,Q86MA7,pep,5,1
adapter256,5,Q86MA7,pep,5,1
adapter256,5,Q86MA7,pep,5,1
adapter256,5,Q86MA7,pep,5,1
adapter256,5,Q86MA7,pep,5,1
adapter256,5,Q86MA7,pep,5,1
adapter256,5,Q86MA7,pep,5,1
adapter256,5,Q86MA7,propep,16,1
adapter256,5,Q86MA7,propep,10,1
adapter256,5,Q86MA7,propep,31,1
adapter256,5,Q86MA7,propep,9,1
adapter256,5,Q86MA7,propep,9,1
adapter256,5,Q86MA7,propep,9,1
adapter256,5,Q86MA7,propep,9,1
adapter256,5,Q86MA7,propep,9,1
adapter256,5,Q86MA7,propep,9,1
adapter256,5,Q86MA7,propep,9,1
adapter256,5,Q86MA7,propep,8,1
adapter256,5,Q86MA7,propep,9,1
adapter256,5,Q86MA7,propep,9,1
adapter256,5,Q86MA7,propep,8,1
adapter256,5,Q86MA7,propep,9,1
adapter256,5,Q86MA7,propep,9,1
adapter256,5,Q86MA7,propep,9,1
adapter256,5,Q86MA7,propep,9,1
adapter256,5,Q86MA7,propep,9,1
adapter256,5,Q86MA7,propep,9,1
adapter256,5,Q86MA7,propep,9,1
adapter256,5,Q86MA7,propep,9,1
adapter256,5,Q86MA7,propep,8,1
adapter256,5,Q86MA7,propep,8,1
adapter256,5,Q86MA7,propep,9,1
adapter256,5,Q86MA7,propep,34,1
adapter256,5,Q86MA7,propep,45,1
adapter256,5,Q86MA7,propep,40,1
adapter256,5,Q86QN6,propep,10,1
adapter256,5,Q86UU9,pep,47,1
adapter256,5,Q86UU9,pep,14,0
adapter256,5,Q86UU9,propep,9,0
adapter256,5,Q86UU9,propep,16,1
adapter256,5,Q86Y78,propep,24,1
adapter256,5,Q88WN3,propep,8,1
adapter256,5,Q892N6,propep,9,1
adapter256,5,Q8AVA3,propep,9,0
adapter256,5,Q8AVA4,propep,8,0
adapter256,5,Q8BGN3,propep,21,1
adapter256,5,Q8BGN6,propep,32,1
adapter256,5,Q8BH61,propep,37,1
adapter256,5,Q8BJ48,propep,24,0
adapter256,5,Q8BPP5,propep,24,1
adapter256,5,Q8BWU1,propep,25,1
adapter256,5,Q8C1C1,propep,42,0
adapter256,5,Q8C1C1,propep,38,0
adapter256,5,Q8C1C1,propep,30,0
adapter256,5,Q8C1C1,propep,22,0
adapter256,5,Q8C1C1,propep,48,0
adapter256,5,Q8CFZ4,propep,26,1
adapter256,5,Q8CH01,pep,10,1
adapter256,5,Q8CH01,propep,38,1
adapter256,5,Q8CIE6,pep,35,0
adapter256,5,Q8CS89,propep,9,1
adapter256,5,Q8CW15,propep,37,0
adapter256,5,Q8DQN5,propep,43,0
adapter256,5,Q8DUQ4,propep,12,1
adapter256,5,Q8DYV5,propep,9,1
adapter256,5,Q8E4G3,propep,12,1
adapter256,5,Q8EPP8,propep,9,1
adapter256,5,Q8EVW5,propep,12,1
adapter256,5,Q8GCB2,propep,12,1
adapter256,5,Q8GTM0,propep,33,1
adapter256,5,Q8H6Q0,propep,27,1
adapter256,5,Q8H6Q1,propep,31,1
adapter256,5,Q8HYC2,pep,11,1
adapter256,5,Q8I423,propep,34,0
adapter256,5,Q8ILP3,propep,24,1
adapter256,5,Q8IV16,propep,33,1
adapter256,5,Q8J136,propep,10,0
adapter256,5,Q8J2V8,propep,25,0
adapter256,5,Q8JZQ2,propep,28,0
adapter256,5,Q8JZU2,propep,13,0
adapter256,5,Q8K561,propep,24,1
adapter256,5,Q8L6Z5,propep,25,1
adapter256,5,Q8L8Q7,propep,24,1
adapter256,5,Q8LA14,pep,5,1
adapter256,5,Q8LC95,propep,21,1
adapter256,5,Q8LD63,pep,27,1
adapter256,5,Q8LEE9,propep,29,1
adapter256,5,Q8LEJ6,propep,27,1
adapter256,5,Q8MP00,propep,24,1
adapter256,5,Q8NI32,propep,19,1
adapter256,5,Q8QGP7,pep,38,0
adapter256,5,Q8QGP7,propep,15,1
adapter256,5,Q8R182,propep,34,1
adapter256,5,Q8RBA7,propep,6,1
adapter256,5,Q8REI3,propep,10,1
adapter256,5,Q8T112,pep,17,1
adapter256,5,Q8T112,propep,37,1
adapter256,5,Q8T1G4,propep,43,0
adapter256,5,Q8T1G5,propep,43,0
adapter256,5,Q8T1G6,propep,43,0
adapter256,5,Q8VXF2,propep,7,0
adapter256,5,Q8VXF2,propep,6,0
adapter256,5,Q8WVF2,propep,37,1
adapter256,5,Q8X783,propep,37,0
adapter256,5,Q8XIJ1,propep,9,1
adapter256,5,Q8ZDC4,propep,42,1
adapter256,5,Q8ZPK9,propep,35,0
adapter256,5,Q90WF4,pep,36,1
adapter256,5,Q90WF4,pep,32,1
adapter256,5,Q91V70,pep,46,0
adapter256,5,Q91V82,pep,35,1
adapter256,5,Q92058,propep,21,1
adapter256,5,Q924B5,propep,26,1
adapter256,5,Q931Q3,propep,9,1
adapter256,5,Q93MH4,propep,35,0
adapter256,5,Q93MH6,propep,38,0
adapter256,5,Q93WH6,propep,7,0
adapter256,5,Q93WH6,propep,6,0
adapter256,5,Q93X49,propep,7,0
adapter256,5,Q93X49,propep,6,0
adapter256,5,Q93XK2,propep,11,0
adapter256,5,Q941C5,pep,12,1
adapter256,5,Q94BT2,propep,26,1
adapter256,5,Q94DM8,propep,6,1
adapter256,5,Q94EY2,propep,6,1
adapter256,5,Q94F08,propep,24,1
adapter256,5,Q94KT8,propep,25,1
adapter256,5,Q95J18,pep,36,0
adapter256,5,Q95J18,propep,11,0
adapter256,5,Q95J22,pep,36,0
adapter256,5,Q95J22,propep,11,0
adapter256,5,Q95J24,pep,36,0
adapter256,5,Q95J24,propep,11,0
adapter256,5,Q95J46,pep,12,1
adapter256,5,Q95M66,pep,36,0
adapter256,5,Q95M66,propep,11,0
adapter256,5,Q95P48,pep,27,0
adapter256,5,Q95P48,pep,7,1
adapter256,5,Q95P48,pep,18,1
adapter256,5,Q95P48,pep,33,0
adapter256,5,Q95P48,pep,8,1
adapter256,5,Q95P48,propep,44,1
adapter256,5,Q95P48,propep,23,1
adapter256,5,Q97JL5,propep,9,1
adapter256,5,Q99317,propep,26,1
adapter256,5,Q99319,propep,26,1
adapter256,5,Q99320,propep,26,0
adapter256,5,Q99MP5,pep,22,1
adapter256,5,Q99N14,pep,11,1
adapter256,5,Q99N14,propep,38,1
adapter256,5,Q9AR88,pep,5,1
adapter256,5,Q9AR88,propep,46,0
adapter256,5,Q9BY14,propep,27,1
adapter256,5,Q9BZD6,propep,32,1
adapter256,5,Q9CA23,propep,7,1
adapter256,5,Q9CGL5,propep,9,1
adapter256,5,Q9D1N2,propep,30,1
adapter256,5,Q9D7F2,propep,24,1
adapter256,5,Q9D7S0,propep,22,1
adapter256,5,Q9DGK7,pep,36,1
adapter256,5,Q9DGK7,pep,29,0
adapter256,5,Q9EPI2,propep,23,0
adapter256,5,Q9EPS2,pep,36,1
adapter256,5,Q9EPS2,propep,31,0
adapter256,5,Q9FEB4,pep,5,1
adapter256,5,Q9FEB4,propep,44,0
adapter256,5,Q9FFH6,propep,23,1
adapter256,5,Q9FHQ6,propep,15,1
adapter256,5,Q9FIW0,pep,41,0
adapter256,5,Q9FIW0,propep,13,0
adapter256,5,Q9FIW1,pep,40,0
adapter256,5,Q9FIW1,propep,15,0
adapter256,5,Q9FRF9,pep,5,1
adapter256,5,Q9FRF9,propep,44,0
adapter256,5,Q9FS10,pep,5,1
adapter256,5,Q9FS10,propep,44,0
adapter256,5,Q9GLV5,pep,39,1
adapter256,5,Q9GQV7,pep,10,1
adapter256,5,Q9GQV7,pep,10,1
adapter256,5,Q9GQV7,pep,10,1
adapter256,5,Q9GQV7,propep,21,0
adapter256,5,Q9GQV7,propep,12,0
adapter256,5,Q9GQV7,propep,37,0
adapter256,5,Q9GZZ7,propep,21,1
adapter256,5,Q9I8P2,pep,36,1
adapter256,5,Q9I8P2,propep,30,1
adapter256,5,Q9I8P3,pep,36,1
adapter256,5,Q9I8P3,pep,29,0
adapter256,5,Q9I9D3,pep,36,1
adapter256,5,Q9I9D3,pep,29,0
adapter256,5,Q9JJT2,propep,23,1
adapter256,5,Q9JMI7,propep,26,1
adapter256,5,Q9K8J7,propep,9,1
adapter256,5,Q9L5D6,propep,11,0
adapter256,5,Q9L7Q2,propep,43,0
adapter256,5,Q9LE56,propep,22,1
adapter256,5,Q9LFW3,propep,17,0
adapter256,5,Q9LII0,propep,18,0
adapter256,5,Q9LJU1,propep,23,1
adapter256,5,Q9LMY9,pep,5,1
adapter256,5,Q9LMY9,propep,6,1
adapter256,5,Q9LUA1,pep,12,1
adapter256,5,Q9M0A1,propep,23,1
adapter256,5,Q9M2Y0,pep,5,1
adapter256,5,Q9M2Y0,propep,49,0
adapter256,5,Q9MAC1,propep,29,1
adapter256,5,Q9MYK8,pep,26,1
adapter256,5,Q9MYK8,pep,24,1
adapter256,5,Q9N5R0,propep,50,1
adapter256,5,Q9NL82,pep,11,1
adapter256,5,Q9NL82,pep,13,1
adapter256,5,Q9NL82,pep,13,1
adapter256,5,Q9NL82,pep,13,1
adapter256,5,Q9NL82,pep,13,1
adapter256,5,Q9NL82,pep,13,1
adapter256,5,Q9NL82,pep,13,1
adapter256,5,Q9NL82,pep,13,1
adapter256,5,Q9NL82,pep,13,1
adapter256,5,Q9NL82,pep,13,1
adapter256,5,Q9NL82,pep,11,0
adapter256,5,Q9NL82,pep,13,1
adapter256,5,Q9NL82,pep,13,1
adapter256,5,Q9NL82,pep,13,1
adapter256,5,Q9NL82,propep,26,1
adapter256,5,Q9NL82,propep,7,1
adapter256,5,Q9NL83,pep,11,1
adapter256,5,Q9NL83,pep,13,1
adapter256,5,Q9NL83,pep,13,1
adapter256,5,Q9NL83,pep,13,1
adapter256,5,Q9NL83,pep,13,1
adapter256,5,Q9NL83,pep,13,1
adapter256,5,Q9NL83,pep,13,1
adapter256,5,Q9NL83,pep,13,1
adapter256,5,Q9NL83,pep,13,1
adapter256,5,Q9NL83,pep,11,0
adapter256,5,Q9NL83,pep,13,1
adapter256,5,Q9NL83,pep,13,1
adapter256,5,Q9NL83,pep,13,1
adapter256,5,Q9NL83,propep,26,1
adapter256,5,Q9NL83,propep,7,1
adapter256,5,Q9P3E4,propep,27,0
adapter256,5,Q9PQT2,propep,13,1
adapter256,5,Q9PT98,pep,36,1
adapter256,5,Q9PT98,propep,30,1
adapter256,5,Q9PT99,pep,36,1
adapter256,5,Q9PT99,propep,35,1
adapter256,5,Q9PTA0,pep,36,1
adapter256,5,Q9PTA0,pep,32,1
adapter256,5,Q9PW68,pep,36,1
adapter256,5,Q9PW68,pep,30,1
adapter256,5,Q9QUR8,propep,18,0
adapter256,5,Q9QZQ3,pep,14,1
adapter256,5,Q9QZQ4,pep,14,1
adapter256,5,Q9SIL7,propep,25,1
adapter256,5,Q9SJ81,propep,22,1
adapter256,5,Q9SK27,propep,22,1
adapter256,5,Q9SQN9,propep,26,0
adapter256,5,Q9SRT7,propep,20,0
adapter256,5,Q9SSG3,propep,30,0
adapter256,5,Q9STH5,propep,23,1
adapter256,5,Q9SZ51,propep,24,1
adapter256,5,Q9SZG4,pep,5,0
adapter256,5,Q9SZG4,propep,5,0
adapter256,5,Q9TR93,pep,34,0
adapter256,5,Q9TRM8,pep,35,0
adapter256,5,Q9TRM8,pep,24,1
adapter256,5,Q9UK23,propep,24,0
adapter256,5,Q9VET0,pep,28,0
adapter256,5,Q9VET0,propep,6,0
adapter256,5,Q9VET0,propep,37,1
adapter256,5,Q9VPR7,propep,29,1
adapter256,5,Q9VT52,pep,19,0
adapter256,5,Q9VT52,pep,29,1
adapter256,5,Q9VT52,propep,39,0
adapter256,5,Q9WTL0,pep,41,1
adapter256,5,Q9XSE2,pep,22,1
adapter256,5,Q9XSW6,pep,36,1
adapter256,5,Q9XSW6,pep,30,1
adapter256,5,Q9Y4W6,propep,28,0
adapter256,5,Q9Z172,propep,18,1
adapter256,5,Q9ZQG9,propep,33,1
adapter256,5,Q9ZWA8,propep,23,1
adapter256,5,W4VRV4,propep,29,1
adapter256,5,W4VS49,propep,29,1
adapter256,5,W4VSC0,propep,29,1
adapter256,5,W4VSG7,pep,14,0
adapter256,5,W4VSG7,propep,36,1
adapter256,5,W4VSG7,propep,5,1
adapter256,5,W4VSI9,propep,29,1
