model,fold,protein,tp0,tp1,tp2,tp3,tp4,tp5,fn0,fn1,fn2,fn3,fn4,fn5,fp0,fp1,fp2,fp3,fp4,fp5
baseline_esm2,2,A0A059UI30,0,0,0,0,0,0,1,1,1,1,1,1,2,2,2,2,2,2
baseline_esm2,2,A0A068B0Z6,0,1,1,1,1,1,1,0,0,0,0,0,2,1,1,1,1,1
baseline_esm2,2,A0A068B409,0,0,0,0,0,0,1,1,1,1,1,1,1,1,1,1,1,1
baseline_esm2,2,A0A068B6Q6,0,0,0,0,0,0,1,1,1,1,1,1,1,1,1,1,1,1
baseline_esm2,2,A0A077DF94,0,0,0,1,1,1,3,3,3,2,2,2,2,2,2,1,1,1
baseline_esm2,2,A0A0C4G4L1,1,2,2,2,2,2,1,0,0,0,0,0,1,0,0,0,0,0
baseline_esm2,2,A0A0D4WTV1,0,0,0,0,0,0,1,1,1,1,1,1,0,0,0,0,0,0
baseline_esm2,2,A0A0P0UTI6,1,1,1,7,9,9,8,8,8,2,0,0,8,8,8,2,0,0
baseline_esm2,2,A0A0P0UTQ7,0,1,1,2,3,3,3,2,2,1,0,0,4,3,3,2,1,1
baseline_esm2,2,A0A0R4IKU3,0,1,1,1,1,1,1,0,0,0,0,0,1,0,0,0,0,0
baseline_esm2,2,A0A125S9E1,0,0,0,0,0,0,2,2,2,2,2,2,2,2,2,2,2,2
baseline_esm2,2,A0A125S9G2,0,0,0,0,0,0,2,2,2,2,2,2,2,2,2,2,2,2
baseline_esm2,2,A0A139GI49,1,3,4,4,4,4,6,4,3,3,3,3,4,2,1,1,1,1
baseline_esm2,2,A0A144LVM3,0,0,1,1,1,1,1,1,0,0,0,0,2,2,1,1,1,1
baseline_esm2,2,A0A1D5PPP7,0,0,0,1,1,1,2,2,2,1,1,1,2,2,2,1,1,1
baseline_esm2,2,A0A1D5PUP4,1,1,1,1,1,1,0,0,0,0,0,0,0,0,0,0,0,0
baseline_esm2,2,A0A1S6EK91,0,0,1,1,1,1,2,2,1,1,1,1,2,2,1,1,1,1
baseline_esm2,2,A0A2I8B352,0,0,0,0,0,0,1,1,1,1,1,1,0,0,0,0,0,0
baseline_esm2,2,A0A318,0,0,0,0,0,0,1,1,1,1,1,1,1,1,1,1,1,1
baseline_esm2,2,A0A348G5V8,1,2,2,2,2,2,1,0,0,0,0,0,1,0,0,0,0,0
baseline_esm2,2,A0A348G5V9,1,2,2,2,2,2,1,0,0,0,0,0,1,0,0,0,0,0
baseline_esm2,2,A0A348G5W0,0,0,0,0,2,2,2,2,2,2,0,0,2,2,2,2,0,0
baseline_esm2,2,A0A348G5W2,1,1,1,1,2,2,1,1,1,1,0,0,1,1,1,1,0,0
baseline_esm2,2,A0A348G6I7,2,2,2,2,2,2,0,0,0,0,0,0,0,0,0,0,0,0
baseline_esm2,2,A0A348G6I9,0,0,0,0,2,2,2,2,2,2,0,0,2,2,2,2,0,0
baseline_esm2,2,A0A348G6J1,0,0,0,0,0,0,2,2,2,2,2,2,1,1,1,1,1,1
baseline_esm2,2,A0A3G3C7R5,1,1,1,2,2,2,1,1,1,0,0,0,1,1,1,0,0,0
baseline_esm2,2,A0A3G3C7S0,0,2,2,2,2,2,2,0,0,0,0,0,2,0,0,0,0,0
baseline_esm2,2,A0A3G3C7S2,0,0,0,2,2,2,2,2,2,0,0,0,2,2,2,0,0,0
baseline_esm2,2,A0A3G3C7S9,0,1,1,1,2,2,2,1,1,1,0,0,2,1,1,1,0,0
baseline_esm2,2,A0A3G3C7U4,0,1,1,1,2,2,2,1,1,1,0,0,2,1,1,1,0,0
baseline_esm2,2,A0A3G3C7V0,0,1,1,1,2,2,2,1,1,1,0,0,2,1,1,1,0,0
baseline_esm2,2,A0A3G6IHA6,1,1,1,1,1,1,0,0,0,0,0,0,0,0,0,0,0,0
baseline_esm2,2,A0A6G9KHD1,1,1,1,1,2,2,1,1,1,1,0,0,1,1,1,1,0,0
baseline_esm2,2,A0A6G9KHD6,0,2,2,2,2,2,2,0,0,0,0,0,2,0,0,0,0,0
baseline_esm2,2,A0A6G9KHE4,0,0,1,1,1,1,1,1,0,0,0,0,2,2,1,1,1,1
baseline_esm2,2,A0A6G9KIR5,0,0,0,0,0,0,2,2,2,2,2,2,1,1,1,1,1,1
baseline_esm2,2,A0A6G9KJK9,0,2,2,2,2,2,2,0,0,0,0,0,2,0,0,0,0,0
baseline_esm2,2,A0A6G9KJV6,2,2,2,2,2,2,0,0,0,0,0,0,0,0,0,0,0,0
baseline_esm2,2,A0A6M3Z4D9,0,1,1,1,1,1,2,1,1,1,1,1,2,1,1,1,1,1
baseline_esm2,2,A0A6M3Z4R1,0,0,0,0,0,0,2,2,2,2,2,2,2,2,2,2,2,2
baseline_esm2,2,A0A6M3Z4R4,0,0,0,0,0,0,2,2,2,2,2,2,1,1,1,1,1,1
baseline_esm2,2,A0A8U0LTF0,0,1,1,1,1,1,2,1,1,1,1,1,2,1,1,1,1,1
baseline_esm2,2,A0A8U0LTY4,0,0,0,0,0,0,2,2,2,2,2,2,2,2,2,2,2,2
baseline_esm2,2,A0A976XKR0,0,1,1,1,1,1,1,0,0,0,0,0,1,0,0,0,0,0
baseline_esm2,2,A0SE59,1,2,2,2,2,2,1,0,0,0,0,0,1,0,0,0,0,0
baseline_esm2,2,A0SE60,1,2,2,2,2,2,1,0,0,0,0,0,1,0,0,0,0,0
baseline_esm2,2,A0T099,0,0,0,0,0,0,1,1,1,1,1,1,2,2,2,2,2,2
baseline_esm2,2,A0T0S8,0,0,0,0,0,0,1,1,1,1,1,1,1,1,1,1,1,1
baseline_esm2,2,A0ZZ18,0,0,0,0,0,0,1,1,1,1,1,1,1,1,1,1,1,1
baseline_esm2,2,A1E9Q7,0,0,0,0,0,0,1,1,1,1,1,1,2,2,2,2,2,2
baseline_esm2,2,A1E9Z1,0,0,0,0,0,0,1,1,1,1,1,1,2,2,2,2,2,2
baseline_esm2,2,A1R6Q7,1,1,1,1,1,1,0,0,0,0,0,0,0,0,0,0,0,0
baseline_esm2,2,A1SK13,1,1,1,1,1,1,0,0,0,0,0,0,0,0,0,0,0,0
baseline_esm2,2,A1X8B8,0,2,2,2,2,2,2,0,0,0,0,0,2,0,0,0,0,0
baseline_esm2,2,A1X8B9,2,2,2,2,2,2,0,0,0,0,0,0,0,0,0,0,0,0
baseline_esm2,2,A1X8C2,2,2,2,2,2,2,0,0,0,0,0,0,0,0,0,0,0,0
baseline_esm2,2,A1X8C3,0,2,2,2,2,2,2,0,0,0,0,0,2,0,0,0,0,0
baseline_esm2,2,A1X8C6,0,0,0,0,0,0,1,1,1,1,1,1,1,1,1,1,1,1
baseline_esm2,2,A1X8D0,0,0,0,0,0,0,1,1,1,1,1,1,1,1,1,1,1,1
baseline_esm2,2,A1X8D8,0,0,0,0,1,1,1,1,1,1,0,0,2,2,2,2,1,1
baseline_esm2,2,A1X8D9,0,0,0,0,0,0,1,1,1,1,1,1,1,1,1,1,1,1
baseline_esm2,2,A2BP71,0,0,0,0,0,0,1,1,1,1,1,1,1,1,1,1,1,1
baseline_esm2,2,A2BUQ3,0,0,0,0,0,0,1,1,1,1,1,1,2,2,2,2,2,2
baseline_esm2,2,A2C0A5,0,0,0,0,0,0,1,1,1,1,1,1,1,1,1,1,1,1
baseline_esm2,2,A2CCL2,0,0,0,0,0,0,1,1,1,1,1,1,1,1,1,1,1,1
baseline_esm2,2,A3DT44,0,0,0,0,0,0,1,1,1,1,1,1,2,2,2,2,2,2
baseline_esm2,2,A3PAZ3,0,0,0,0,0,0,1,1,1,1,1,1,1,1,1,1,1,1
baseline_esm2,2,A4USB4,0,0,0,1,1,1,1,1,1,0,0,0,1,1,1,0,0,0
baseline_esm2,2,A4X3P0,1,1,1,1,1,1,0,0,0,0,0,0,0,0,0,0,0,0
baseline_esm2,2,A5GIE8,0,1,1,1,1,1,1,0,0,0,0,0,1,0,0,0,0,0
baseline_esm2,2,A5GWF4,0,0,0,0,1,1,1,1,1,1,0,0,1,1,1,1,0,0
baseline_esm2,2,A5LHX3,1,1,1,1,1,1,0,0,0,0,0,0,0,0,0,0,0,0
baseline_esm2,2,A6LHQ9,0,0,0,0,0,1,1,1,1,1,1,0,1,1,1,1,1,0
baseline_esm2,2,A6M934,1,2,2,2,2,2,1,0,0,0,0,0,1,0,0,0,0,0
baseline_esm2,2,A6M938,0,0,0,0,0,0,1,1,1,1,1,1,1,1,1,1,1,1
baseline_esm2,2,A6MFK7,0,0,1,1,1,1,2,2,1,1,1,1,1,1,0,0,0,0
baseline_esm2,2,A6MFK8,0,0,1,1,1,1,2,2,1,1,1,1,2,2,1,1,1,1
baseline_esm2,2,A6P331,0,0,0,0,0,0,1,1,1,1,1,1,3,3,3,3,3,3
baseline_esm2,2,A6YRN9,0,0,0,0,0,0,1,1,1,1,1,1,0,0,0,0,0,0
baseline_esm2,2,A6ZL22,1,1,1,1,1,1,0,0,0,0,0,0,0,0,0,0,0,0
baseline_esm2,2,A6ZY20,0,1,1,1,1,1,1,0,0,0,0,0,1,0,0,0,0,0
baseline_esm2,2,A7GT16,0,0,0,0,0,0,1,1,1,1,1,1,1,1,1,1,1,1
baseline_esm2,2,A7SRR3,0,1,1,1,1,1,1,0,0,0,0,0,1,0,0,0,0,0
baseline_esm2,2,A7Z6W8,0,0,0,0,0,0,1,1,1,1,1,1,1,1,1,1,1,1
baseline_esm2,2,A8FFD9,0,0,0,0,0,0,1,1,1,1,1,1,1,1,1,1,1,1
baseline_esm2,2,A8G2T2,0,0,0,0,0,0,1,1,1,1,1,1,1,1,1,1,1,1
baseline_esm2,2,A9VHU8,0,0,0,0,0,0,1,1,1,1,1,1,1,1,1,1,1,1
baseline_esm2,2,A9XDG0,0,1,1,1,1,1,1,0,0,0,0,0,1,0,0,0,0,0
baseline_esm2,2,A9XDG1,0,1,1,1,1,1,1,0,0,0,0,0,1,0,0,0,0,0
baseline_esm2,2,A9XDG2,0,1,1,1,1,1,1,0,0,0,0,0,1,0,0,0,0,0
baseline_esm2,2,A9XDG3,0,1,1,1,1,1,1,0,0,0,0,0,1,0,0,0,0,0
baseline_esm2,2,B0BK71,0,1,1,1,1,1,1,0,0,0,0,0,1,0,0,0,0,0
baseline_esm2,2,B0BK72,0,0,0,0,0,0,1,1,1,1,1,1,1,1,1,1,1,1
baseline_esm2,2,B0JSW8,0,0,0,0,0,0,1,1,1,1,1,1,2,2,2,2,2,2
baseline_esm2,2,B0XT09,0,0,0,1,1,1,1,1,1,0,0,0,1,1,1,0,0,0
baseline_esm2,2,B0XT72,0,1,1,1,1,1,1,0,0,0,0,0,2,1,1,1,1,1
baseline_esm2,2,B0XVI5,0,0,0,0,0,0,1,1,1,1,1,1,2,2,2,2,2,2
baseline_esm2,2,B0Y8H9,1,1,1,1,1,1,0,0,0,0,0,0,0,0,0,0,0,0
baseline_esm2,2,B1P1H5,0,0,1,1,1,1,2,2,1,1,1,1,2,2,1,1,1,1
baseline_esm2,2,B1WUL2,0,0,0,0,0,0,1,1,1,1,1,1,1,1,1,1,1,1
baseline_esm2,2,B1XMN4,0,0,0,0,0,0,1,1,1,1,1,1,2,2,2,2,2,2
baseline_esm2,2,B2CJ57,4,4,7,8,8,8,4,4,1,0,0,0,4,4,1,0,0,0
baseline_esm2,2,B2J4T9,0,0,0,0,0,0,1,1,1,1,1,1,1,1,1,1,1,1
baseline_esm2,2,B2KKV6,1,1,1,1,1,1,0,0,0,0,0,0,0,0,0,0,0,0
baseline_esm2,2,B2KKV7,1,1,1,1,1,1,0,0,0,0,0,0,0,0,0,0,0,0
baseline_esm2,2,B2KKV8,1,1,1,1,1,1,0,0,0,0,0,0,0,0,0,0,0,0
baseline_esm2,2,B2KKW0,0,0,1,1,1,1,1,1,0,0,0,0,1,1,0,0,0,0
baseline_esm2,2,B2RH54,0,1,1,1,1,1,1,0,0,0,0,0,1,0,0,0,0,0
baseline_esm2,2,B2RH58,0,0,0,1,1,1,1,1,1,0,0,0,1,1,1,0,0,0
baseline_esm2,2,B2Y1W5,0,0,0,0,0,0,1,1,1,1,1,1,1,1,1,1,1,1
baseline_esm2,2,B3EWS9,0,0,0,0,0,0,2,2,2,2,2,2,0,0,0,0,0,0
baseline_esm2,2,B3H5A9,1,2,2,2,2,2,4,3,3,3,3,3,2,1,1,1,1,1
baseline_esm2,2,B5G6G5,0,0,1,1,1,1,2,2,1,1,1,1,2,2,1,1,1,1
baseline_esm2,2,B5VE42,1,1,1,1,1,1,0,0,0,0,0,0,0,0,0,0,0,0
baseline_esm2,2,B6D434,0,0,0,0,0,0,1,1,1,1,1,1,1,1,1,1,1,1
baseline_esm2,2,B6DT16,3,3,3,3,3,3,2,2,2,2,2,2,1,1,1,1,1,1
baseline_esm2,2,B6K9M7,0,0,0,0,0,0,1,1,1,1,1,1,0,0,0,0,0,0
baseline_esm2,2,B6KAM0,0,0,0,0,0,0,1,1,1,1,1,1,0,0,0,0,0,0
baseline_esm2,2,B6S2X0,0,0,0,0,0,0,1,1,1,1,1,1,1,1,1,1,1,1
baseline_esm2,2,B6S2X2,0,0,0,0,0,0,1,1,1,1,1,1,1,1,1,1,1,1
baseline_esm2,2,B7HCU7,0,0,0,0,0,0,1,1,1,1,1,1,1,1,1,1,1,1
baseline_esm2,2,B7HPM0,0,0,0,0,0,0,1,1,1,1,1,1,1,1,1,1,1,1
baseline_esm2,2,B7IYH4,0,0,0,0,0,0,1,1,1,1,1,1,1,1,1,1,1,1
baseline_esm2,2,B7JNV3,0,0,0,0,0,0,1,1,1,1,1,1,1,1,1,1,1,1
baseline_esm2,2,B7JVQ3,0,0,0,0,0,0,1,1,1,1,1,1,2,2,2,2,2,2
baseline_esm2,2,B7K989,0,0,0,0,0,0,1,1,1,1,1,1,1,1,1,1,1,1
baseline_esm2,2,B8H8L6,1,1,1,1,1,1,0,0,0,0,0,0,0,0,0,0,0,0
baseline_esm2,2,B8HTR1,0,0,0,0,0,0,1,1,1,1,1,1,2,2,2,2,2,2
baseline_esm2,2,B8JLQ9,1,1,1,1,1,1,0,0,0,0,0,0,0,0,0,0,0,0
baseline_esm2,2,B8XH40,0,0,0,0,0,0,1,1,1,1,1,1,2,2,2,2,2,2
baseline_esm2,2,B8XH50,2,2,2,2,2,2,0,0,0,0,0,0,0,0,0,0,0,0
baseline_esm2,2,B9IY88,0,0,0,0,0,0,1,1,1,1,1,1,1,1,1,1,1,1
baseline_esm2,2,C0HJV6,0,1,1,1,1,1,1,0,0,0,0,0,2,1,1,1,1,1
baseline_esm2,2,C0HJV7,0,1,1,1,1,1,1,0,0,0,0,0,2,1,1,1,1,1
baseline_esm2,2,C0HJV8,0,1,1,1,1,1,1,0,0,0,0,0,2,1,1,1,1,1
baseline_esm2,2,C0HKF6,1,2,2,2,2,2,1,0,0,0,0,0,1,0,0,0,0,0
baseline_esm2,2,C0HKS1,0,0,0,0,0,0,2,2,2,2,2,2,2,2,2,2,2,2
baseline_esm2,2,C0HKT2,1,1,1,1,1,1,0,0,0,0,0,0,1,1,1,1,1,1
baseline_esm2,2,C0HKT3,1,1,1,2,2,2,2,2,2,1,1,1,2,2,2,1,1,1
baseline_esm2,2,C0HKY1,4,4,4,4,4,4,3,3,3,3,3,3,4,4,4,4,4,4
baseline_esm2,2,C0KYC3,2,2,2,2,2,2,0,0,0,0,0,0,0,0,0,0,0,0
baseline_esm2,2,C0KYC4,1,1,2,2,2,2,1,1,0,0,0,0,1,1,0,0,0,0
baseline_esm2,2,C0KYC5,0,0,0,1,1,2,2,2,2,1,1,0,2,2,2,1,1,0
baseline_esm2,2,C0KYC6,1,1,2,2,2,2,1,1,0,0,0,0,1,1,0,0,0,0
baseline_esm2,2,C0L2T8,0,0,0,0,0,0,2,2,2,2,2,2,0,0,0,0,0,0
baseline_esm2,2,C1ESL5,0,0,0,0,0,0,1,1,1,1,1,1,1,1,1,1,1,1
baseline_esm2,2,C3L5S4,0,0,0,0,0,0,1,1,1,1,1,1,1,1,1,1,1,1
baseline_esm2,2,C3P8M7,0,0,0,0,0,0,1,1,1,1,1,1,1,1,1,1,1,1
baseline_esm2,2,C5BVA2,1,1,1,1,1,1,0,0,0,0,0,0,0,0,0,0,0,0
baseline_esm2,2,C5D4U8,0,0,0,0,0,0,1,1,1,1,1,1,1,1,1,1,1,1
baseline_esm2,2,C5J886,1,1,2,2,2,2,1,1,0,0,0,0,1,1,0,0,0,0
baseline_esm2,2,C5J887,2,2,2,2,2,2,0,0,0,0,0,0,0,0,0,0,0,0
baseline_esm2,2,C6FX52,0,0,0,1,1,1,1,1,1,0,0,0,2,2,2,1,1,1
baseline_esm2,2,C6KSX0,0,1,1,1,1,1,1,0,0,0,0,0,1,0,0,0,0,0
baseline_esm2,2,C6ZJQ2,0,2,2,2,2,2,2,0,0,0,0,0,2,0,0,0,0,0
baseline_esm2,2,C7DQB9,0,0,0,0,0,0,2,2,2,2,2,2,0,0,0,0,0,0
baseline_esm2,2,C7DQC0,1,1,1,1,1,1,1,1,1,1,1,1,0,0,0,0,0,0
baseline_esm2,2,C7DQC1,0,0,0,0,1,1,2,2,2,2,1,1,2,2,2,2,1,1
baseline_esm2,2,C7DQC2,0,1,1,1,2,2,2,1,1,1,0,0,2,1,1,1,0,0
baseline_esm2,2,C7DQX6,0,1,2,2,2,2,2,1,0,0,0,0,2,1,0,0,0,0
baseline_esm2,2,C7DQX8,0,0,0,0,1,1,2,2,2,2,1,1,2,2,2,2,1,1
baseline_esm2,2,C7DQX9,0,0,0,0,1,1,2,2,2,2,1,1,2,2,2,2,1,1
baseline_esm2,2,C7DQY0,0,0,0,0,0,0,2,2,2,2,2,2,2,2,2,2,2,2
baseline_esm2,2,C7GQJ1,1,1,1,1,1,1,0,0,0,0,0,0,0,0,0,0,0,0
baseline_esm2,2,C7LYP7,1,1,1,1,1,1,0,0,0,0,0,0,0,0,0,0,0,0
baseline_esm2,2,C7R403,1,1,1,1,1,1,0,0,0,0,0,0,0,0,0,0,0,0
baseline_esm2,2,C9E1R9,0,0,0,0,0,0,1,1,1,1,1,1,0,0,0,0,0,0
baseline_esm2,2,C9E1S1,0,0,0,0,0,0,1,1,1,1,1,1,0,0,0,0,0,0
baseline_esm2,2,D1BHT9,1,1,1,1,1,1,0,0,0,0,0,0,0,0,0,0,0,0
baseline_esm2,2,D2DGD3,1,1,1,1,1,1,1,1,1,1,1,1,1,1,1,1,1,1
baseline_esm2,2,D2DGD8,0,0,1,1,1,1,2,2,1,1,1,1,1,1,0,0,0,0
baseline_esm2,2,D2DGD9,2,2,2,2,2,2,0,0,0,0,0,0,0,0,0,0,0,0
baseline_esm2,2,D2Y2C5,2,2,2,2,2,2,0,0,0,0,0,0,0,0,0,0,0,0
baseline_esm2,2,D2Y2C6,2,2,2,2,2,2,0,0,0,0,0,0,0,0,0,0,0,0
baseline_esm2,2,D2Y2C7,2,2,2,2,2,2,0,0,0,0,0,0,0,0,0,0,0,0
baseline_esm2,2,D2Y2C8,2,2,2,2,2,2,0,0,0,0,0,0,0,0,0,0,0,0
baseline_esm2,2,D2Y498,1,1,1,1,1,1,0,0,0,0,0,0,1,1,1,1,1,1
baseline_esm2,2,D2Y4A0,1,1,1,1,1,1,0,0,0,0,0,0,1,1,1,1,1,1
baseline_esm2,2,D2Y4A1,1,1,1,1,1,1,0,0,0,0,0,0,1,1,1,1,1,1
baseline_esm2,2,D2Y4A2,0,1,1,1,1,1,1,0,0,0,0,0,2,1,1,1,1,1
baseline_esm2,2,D3JWK3,0,0,1,1,1,1,1,1,0,0,0,0,1,1,0,0,0,0
baseline_esm2,2,D3JWK4,0,0,1,1,1,1,1,1,0,0,0,0,1,1,0,0,0,0
baseline_esm2,2,D3JWK5,1,1,1,1,1,1,0,0,0,0,0,0,0,0,0,0,0,0
baseline_esm2,2,D3JWK6,0,0,0,0,1,1,1,1,1,1,0,0,1,1,1,1,0,0
baseline_esm2,2,D4ATC3,0,1,1,1,1,1,1,0,0,0,0,0,2,1,1,1,1,1
baseline_esm2,2,D4HRK4,1,2,2,2,2,2,1,0,0,0,0,0,1,0,0,0,0,0
baseline_esm2,2,D4HRK7,0,0,0,0,0,0,1,1,1,1,1,1,1,1,1,1,1,1
baseline_esm2,2,D5KXG5,0,0,0,0,0,0,2,2,2,2,2,2,3,3,3,3,3,3
baseline_esm2,2,D5LGE0,0,0,0,0,0,0,5,5,5,5,5,5,1,1,1,1,1,1
baseline_esm2,2,D6C4H5,0,0,0,0,0,1,2,2,2,2,2,1,2,2,2,2,2,1
baseline_esm2,2,D6C4J4,0,0,0,0,0,0,2,2,2,2,2,2,1,1,1,1,1,1
baseline_esm2,2,D6C4J8,3,3,3,3,3,3,0,0,0,0,0,0,0,0,0,0,0,0
baseline_esm2,2,D6C4K5,1,1,1,1,1,1,1,1,1,1,1,1,0,0,0,0,0,0
baseline_esm2,2,D9IWN6,2,2,2,2,2,2,0,0,0,0,0,0,0,0,0,0,0,0
baseline_esm2,2,D9IWN7,2,2,2,2,2,2,0,0,0,0,0,0,0,0,0,0,0,0
baseline_esm2,2,D9U2A7,0,0,0,0,0,0,1,1,1,1,1,1,2,2,2,2,2,2
baseline_esm2,2,E1ZVK3,2,2,3,3,3,3,3,3,2,2,2,2,2,2,1,1,1,1
baseline_esm2,2,E2A6P1,0,0,0,0,0,0,1,1,1,1,1,1,3,3,3,3,3,3
baseline_esm2,2,E2AJ76,1,1,1,2,2,2,1,1,1,0,0,0,2,2,2,1,1,1
baseline_esm2,2,E2ARW3,1,1,1,1,1,1,0,0,0,0,0,0,1,1,1,1,1,1
baseline_esm2,2,E2AX35,0,0,0,0,0,0,1,1,1,1,1,1,1,1,1,1,1,1
baseline_esm2,2,E2AZE8,2,2,2,3,3,3,1,1,1,0,0,0,1,1,1,0,0,0
baseline_esm2,2,E2DIH5,0,1,1,1,1,1,2,1,1,1,1,1,2,1,1,1,1,1
baseline_esm2,2,E2DIH6,0,1,2,2,2,2,2,1,0,0,0,0,2,1,0,0,0,0
baseline_esm2,2,E4VP07,2,2,2,2,2,2,0,0,0,0,0,0,0,0,0,0,0,0
baseline_esm2,2,E5D3Z8,0,0,0,1,1,1,1,1,1,0,0,0,1,1,1,0,0,0
baseline_esm2,2,E9NW26,0,0,0,0,0,0,1,1,1,1,1,1,0,0,0,0,0,0
baseline_esm2,2,E9NW27,0,0,0,0,0,0,1,1,1,1,1,1,0,0,0,0,0,0
baseline_esm2,2,F1CJ89,1,1,1,1,1,1,0,0,0,0,0,0,1,1,1,1,1,1
baseline_esm2,2,F1DFM9,0,0,1,1,1,1,1,1,0,0,0,0,1,1,0,0,0,0
baseline_esm2,2,F1NV61,0,0,1,1,1,1,2,2,1,1,1,1,1,1,0,0,0,0
baseline_esm2,2,F4I082,1,1,1,1,1,1,0,0,0,0,0,0,0,0,0,0,0,0
baseline_esm2,2,F4JIG1,1,1,1,1,1,1,0,0,0,0,0,0,0,0,0,0,0,0
baseline_esm2,2,F8S122,0,0,0,0,0,0,1,1,1,1,1,1,0,0,0,0,0,0
baseline_esm2,2,G0R947,1,1,1,1,1,1,0,0,0,0,0,0,0,0,0,0,0,0
baseline_esm2,2,G0RUP7,1,1,1,1,1,1,0,0,0,0,0,0,0,0,0,0,0,0
baseline_esm2,2,H2CYR5,2,2,2,2,2,2,0,0,0,0,0,0,0,0,0,0,0,0
baseline_esm2,2,H7C8I3,0,0,2,2,2,2,2,2,0,0,0,0,2,2,0,0,0,0
baseline_esm2,2,I0DEB3,2,2,2,2,2,2,0,0,0,0,0,0,0,0,0,0,0,0
baseline_esm2,2,I0DEB4,2,2,2,2,2,2,0,0,0,0,0,0,0,0,0,0,0,0
baseline_esm2,2,I0DEB5,2,2,2,2,2,2,0,0,0,0,0,0,0,0,0,0,0,0
baseline_esm2,2,I0DEB6,2,2,2,2,2,2,0,0,0,0,0,0,0,0,0,0,0,0
baseline_esm2,2,I2DBY1,0,0,0,0,0,1,1,1,1,1,1,0,1,1,1,1,1,0
baseline_esm2,2,I2DBY2,0,0,0,0,0,0,1,1,1,1,1,1,1,1,1,1,1,1
baseline_esm2,2,I2DBY3,0,0,0,0,0,0,1,1,1,1,1,1,1,1,1,1,1,1
baseline_esm2,2,I6R1R5,0,0,0,0,0,0,1,1,1,1,1,1,1,1,1,1,1,1
baseline_esm2,2,J9VS02,0,0,0,0,0,0,1,1,1,1,1,1,2,2,2,2,2,2
baseline_esm2,2,K1XVG1,0,1,1,1,1,1,1,0,0,0,0,0,2,1,1,1,1,1
baseline_esm2,2,K8DWB5,0,0,0,0,0,0,1,1,1,1,1,1,1,1,1,1,1,1
baseline_esm2,2,K9USW8,0,0,0,0,0,0,1,1,1,1,1,1,0,0,0,0,0,0
baseline_esm2,2,L0GAZ8,2,2,2,2,2,2,0,0,0,0,0,0,0,0,0,0,0,0
baseline_esm2,2,L0GCV8,1,2,2,2,2,2,1,0,0,0,0,0,1,0,0,0,0,0
baseline_esm2,2,O01382,0,0,0,0,0,0,2,2,2,2,2,2,2,2,2,2,2,2
baseline_esm2,2,O02002,0,0,0,0,0,0,2,2,2,2,2,2,3,3,3,3,3,3
baseline_esm2,2,O08524,0,0,1,1,1,1,1,1,0,0,0,0,1,1,0,0,0,0
baseline_esm2,2,O08738,0,0,0,1,1,1,2,2,2,1,1,1,1,1,1,0,0,0
baseline_esm2,2,O13318,1,1,1,1,1,1,0,0,0,0,0,0,0,0,0,0,0,0
baseline_esm2,2,O13547,1,1,1,1,1,1,0,0,0,0,0,0,0,0,0,0,0,0
baseline_esm2,2,O13692,1,1,1,1,1,1,0,0,0,0,0,0,0,0,0,0,0,0
baseline_esm2,2,O15130,1,1,1,1,1,1,3,3,3,3,3,3,2,2,2,2,2,2
baseline_esm2,2,O18494,0,0,0,0,0,0,2,2,2,2,2,2,0,0,0,0,0,0
baseline_esm2,2,O18495,0,0,0,0,0,0,2,2,2,2,2,2,0,0,0,0,0,0
baseline_esm2,2,O18496,0,0,0,0,0,0,2,2,2,2,2,2,0,0,0,0,0,0
baseline_esm2,2,O24565,1,1,1,1,1,1,0,0,0,0,0,0,0,0,0,0,0,0
baseline_esm2,2,O24567,1,1,1,1,1,1,0,0,0,0,0,0,1,1,1,1,1,1
baseline_esm2,2,O24572,1,1,1,1,1,1,0,0,0,0,0,0,0,0,0,0,0,0
baseline_esm2,2,O24602,1,1,1,1,1,1,0,0,0,0,0,0,1,1,1,1,1,1
baseline_esm2,2,O24618,1,1,1,1,1,1,0,0,0,0,0,0,0,0,0,0,0,0
baseline_esm2,2,O31840,0,1,1,1,1,1,2,1,1,1,1,1,2,1,1,1,1,1
baseline_esm2,2,O32025,0,0,0,0,0,0,3,3,3,3,3,3,1,1,1,1,1,1
baseline_esm2,2,O32295,0,0,0,0,0,0,2,2,2,2,2,2,1,1,1,1,1,1
baseline_esm2,2,O32389,0,0,0,1,1,1,1,1,1,0,0,0,1,1,1,0,0,0
baseline_esm2,2,O35314,0,0,0,0,0,0,1,1,1,1,1,1,5,5,5,5,5,5
baseline_esm2,2,O35397,0,0,0,1,1,1,2,2,2,1,1,1,1,1,1,0,0,0
baseline_esm2,2,O44185,7,7,7,7,7,9,3,3,3,3,3,1,5,5,5,5,5,3
baseline_esm2,2,O44516,0,0,1,1,1,1,1,1,0,0,0,0,1,1,0,0,0,0
baseline_esm2,2,O48915,1,1,1,1,1,1,0,0,0,0,0,0,0,0,0,0,0,0
baseline_esm2,2,O49644,1,1,1,1,1,1,0,0,0,0,0,0,0,0,0,0,0,0
baseline_esm2,2,O49645,0,0,0,1,1,1,1,1,1,0,0,0,1,1,1,0,0,0
baseline_esm2,2,O57413,0,0,0,0,0,0,1,1,1,1,1,1,0,0,0,0,0,0
baseline_esm2,2,O60087,0,0,0,1,1,1,1,1,1,0,0,0,1,1,1,0,0,0
baseline_esm2,2,O64864,0,1,1,1,1,1,1,0,0,0,0,0,1,0,0,0,0,0
baseline_esm2,2,O64865,1,1,1,1,1,1,0,0,0,0,0,0,0,0,0,0,0,0
baseline_esm2,2,O73795,0,0,0,0,0,0,1,1,1,1,1,1,1,1,1,1,1,1
baseline_esm2,2,O75003,0,0,0,0,0,0,1,1,1,1,1,1,1,1,1,1,1,1
baseline_esm2,2,O77256,0,0,0,0,0,0,2,2,2,2,2,2,1,1,1,1,1,1
baseline_esm2,2,O78504,0,0,0,0,0,0,1,1,1,1,1,1,1,1,1,1,1,1
baseline_esm2,2,O82081,0,0,0,1,1,1,1,1,1,0,0,0,1,1,1,0,0,0
baseline_esm2,2,O82549,0,0,0,0,0,0,1,1,1,1,1,1,2,2,2,2,2,2
baseline_esm2,2,O88947,0,0,0,1,1,1,2,2,2,1,1,1,1,1,1,0,0,0
baseline_esm2,2,O89094,0,0,0,0,0,0,1,1,1,1,1,1,1,1,1,1,1,1
baseline_esm2,2,O95831,0,0,0,0,0,0,1,1,1,1,1,1,0,0,0,0,0,0
baseline_esm2,2,O95980,1,1,1,1,1,1,0,0,0,0,0,0,0,0,0,0,0,0
baseline_esm2,2,O96447,0,0,0,0,0,0,1,1,1,1,1,1,2,2,2,2,2,2
baseline_esm2,2,O96812,0,0,0,0,0,0,1,1,1,1,1,1,1,1,1,1,1,1
baseline_esm2,2,P00740,1,1,1,1,1,1,1,1,1,1,1,1,1,1,1,1,1,1
baseline_esm2,2,P00741,1,1,1,1,1,1,1,1,1,1,1,1,0,0,0,0,0,0
baseline_esm2,2,P00742,0,0,0,0,0,0,1,1,1,1,1,1,2,2,2,2,2,2
baseline_esm2,2,P00745,0,1,1,1,1,1,2,1,1,1,1,1,2,1,1,1,1,1
baseline_esm2,2,P00750,0,1,1,1,1,1,1,0,0,0,0,0,1,0,0,0,0,0
baseline_esm2,2,P01068,1,1,1,4,4,4,11,11,11,8,8,8,6,6,6,3,3,3
baseline_esm2,2,P01156,1,3,3,3,3,3,2,0,0,0,0,0,2,0,0,0,0,0
baseline_esm2,2,P01252,0,0,0,0,0,0,1,1,1,1,1,1,0,0,0,0,0,0
baseline_esm2,2,P01344,0,0,0,0,0,0,1,1,1,1,1,1,3,3,3,3,3,3
baseline_esm2,2,P01346,0,0,0,0,0,0,1,1,1,1,1,1,3,3,3,3,3,3
baseline_esm2,2,P01357,1,2,5,5,5,5,5,4,1,1,1,1,14,13,10,10,10,10
baseline_esm2,2,P01358,0,1,1,1,1,1,1,0,0,0,0,0,1,0,0,0,0,0
baseline_esm2,2,P01501,0,1,1,1,1,2,2,1,1,1,1,0,2,1,1,1,1,0
baseline_esm2,2,P01579,0,0,0,0,0,0,1,1,1,1,1,1,1,1,1,1,1,1
baseline_esm2,2,P02545,0,0,0,0,0,0,1,1,1,1,1,1,0,0,0,0,0,0
baseline_esm2,2,P02674,0,0,0,0,0,0,1,1,1,1,1,1,0,0,0,0,0,0
baseline_esm2,2,P02681,0,0,0,0,0,0,1,1,1,1,1,1,0,0,0,0,0,0
baseline_esm2,2,P02876,0,0,0,1,1,1,1,1,1,0,0,0,5,5,5,4,4,4
baseline_esm2,2,P03997,0,0,0,0,0,0,1,1,1,1,1,1,0,0,0,0,0,0
baseline_esm2,2,P03998,0,0,0,0,0,0,1,1,1,1,1,1,0,0,0,0,0,0
baseline_esm2,2,P04002,0,0,0,1,1,1,1,1,1,0,0,0,2,2,2,1,1,1
baseline_esm2,2,P04070,0,1,1,1,1,1,2,1,1,1,1,1,1,0,0,0,0,0
baseline_esm2,2,P04124,0,0,0,0,1,1,1,1,1,1,0,0,2,2,2,2,1,1
baseline_esm2,2,P05017,0,0,0,0,0,0,1,1,1,1,1,1,3,3,3,3,3,3
baseline_esm2,2,P05019,0,0,0,0,0,0,1,1,1,1,1,1,3,3,3,3,3,3
baseline_esm2,2,P05060,0,0,0,0,0,0,1,1,1,1,1,1,3,3,3,3,3,3
baseline_esm2,2,P05118,0,0,0,0,0,0,1,1,1,1,1,1,1,1,1,1,1,1
baseline_esm2,2,P05222,0,0,0,0,0,0,2,2,2,2,2,2,7,7,7,7,7,7
baseline_esm2,2,P05224,1,3,4,4,4,4,4,2,1,1,1,1,9,7,6,6,6,6
baseline_esm2,2,P05225,0,1,3,4,4,4,5,4,2,1,1,1,14,13,11,10,10,10
baseline_esm2,2,P05226,1,2,5,5,5,5,5,4,1,1,1,1,14,13,10,10,10,10
baseline_esm2,2,P06302,0,0,0,0,0,0,1,1,1,1,1,1,0,0,0,0,0,0
baseline_esm2,2,P06454,0,0,0,0,0,0,1,1,1,1,1,1,0,0,0,0,0,0
baseline_esm2,2,P06731,0,0,0,0,0,0,1,1,1,1,1,1,0,0,0,0,0,0
baseline_esm2,2,P07095,0,0,1,1,1,1,1,1,0,0,0,0,1,1,0,0,0,0
baseline_esm2,2,P07455,0,0,0,0,0,0,1,1,1,1,1,1,3,3,3,3,3,3
baseline_esm2,2,P07456,0,0,0,0,0,0,1,1,1,1,1,1,3,3,3,3,3,3
baseline_esm2,2,P07835,0,0,0,0,0,0,1,1,1,1,1,1,1,1,1,1,1,1
baseline_esm2,2,P07907,0,0,0,0,0,0,4,4,4,4,4,4,2,2,2,2,2,2
baseline_esm2,2,P08025,0,0,0,0,0,0,1,1,1,1,1,1,3,3,3,3,3,3
baseline_esm2,2,P08454,0,0,0,0,0,0,1,1,1,1,1,1,0,0,0,0,0,0
baseline_esm2,2,P08459,1,1,1,1,1,1,0,0,0,0,0,0,0,0,0,0,0,0
baseline_esm2,2,P08709,1,1,1,1,1,1,0,0,0,0,0,0,0,0,0,0,0,0
baseline_esm2,2,P09031,0,0,0,0,0,0,1,1,1,1,1,1,1,1,1,1,1,1
baseline_esm2,2,P09166,0,0,0,0,0,0,1,1,1,1,1,1,0,0,0,0,0,0
baseline_esm2,2,P09167,0,0,0,0,0,0,1,1,1,1,1,1,1,1,1,1,1,1
baseline_esm2,2,P09535,0,0,0,0,0,0,1,1,1,1,1,1,3,3,3,3,3,3
baseline_esm2,2,P09598,0,1,1,1,1,1,1,0,0,0,0,0,1,0,0,0,0,0
baseline_esm2,2,P09989,0,0,0,0,0,0,1,1,1,1,1,1,1,1,1,1,1,1
baseline_esm2,2,P0C0P5,1,1,1,1,1,1,1,1,1,1,1,1,1,1,1,1,1,1
baseline_esm2,2,P0C0P6,0,0,0,0,1,1,2,2,2,2,1,1,2,2,2,2,1,1
baseline_esm2,2,P0C0P7,0,0,0,0,0,0,2,2,2,2,2,2,2,2,2,2,2,2
baseline_esm2,2,P0C0P8,0,0,0,0,0,0,2,2,2,2,2,2,2,2,2,2,2,2
baseline_esm2,2,P0C1V9,2,2,2,2,2,2,0,0,0,0,0,0,0,0,0,0,0,0
baseline_esm2,2,P0C1W0,1,1,1,1,2,2,1,1,1,1,0,0,1,1,1,1,0,0
baseline_esm2,2,P0C1X1,1,1,1,1,1,1,2,2,2,2,2,2,2,2,2,2,2,2
baseline_esm2,2,P0C1Y2,0,1,1,2,2,2,2,1,1,0,0,0,2,1,1,0,0,0
baseline_esm2,2,P0C252,1,1,1,1,1,1,0,0,0,0,0,0,0,0,0,0,0,0
baseline_esm2,2,P0C254,1,1,1,1,1,1,0,0,0,0,0,0,1,1,1,1,1,1
baseline_esm2,2,P0C255,0,0,0,0,1,1,1,1,1,1,0,0,2,2,2,2,1,1
baseline_esm2,2,P0C2B0,1,2,2,2,2,2,1,0,0,0,0,0,1,0,0,0,0,0
baseline_esm2,2,P0C2B1,0,1,1,2,2,2,2,1,1,0,0,0,2,1,1,0,0,0
baseline_esm2,2,P0C2F3,0,0,0,0,0,0,1,1,1,1,1,1,1,1,1,1,1,1
baseline_esm2,2,P0C2S9,1,1,1,1,1,1,0,0,0,0,0,0,0,0,0,0,0,0
baseline_esm2,2,P0C408,0,0,0,0,0,0,1,1,1,1,1,1,2,2,2,2,2,2
baseline_esm2,2,P0C409,0,0,0,0,0,0,1,1,1,1,1,1,2,2,2,2,2,2
baseline_esm2,2,P0C410,0,0,0,0,0,0,1,1,1,1,1,1,2,2,2,2,2,2
baseline_esm2,2,P0C636,1,2,2,2,2,2,1,0,0,0,0,0,1,0,0,0,0,0
baseline_esm2,2,P0C637,1,2,2,2,2,2,1,0,0,0,0,0,1,0,0,0,0,0
baseline_esm2,2,P0C638,1,2,2,2,2,2,1,0,0,0,0,0,1,0,0,0,0,0
baseline_esm2,2,P0C639,1,2,2,2,2,2,1,0,0,0,0,0,1,0,0,0,0,0
baseline_esm2,2,P0C640,2,2,2,2,2,2,0,0,0,0,0,0,0,0,0,0,0,0
baseline_esm2,2,P0C666,0,0,0,0,0,0,2,2,2,2,2,2,2,2,2,2,2,2
baseline_esm2,2,P0C667,0,2,2,2,2,2,2,0,0,0,0,0,2,0,0,0,0,0
baseline_esm2,2,P0C668,0,2,2,2,2,2,2,0,0,0,0,0,2,0,0,0,0,0
baseline_esm2,2,P0C670,0,0,1,2,2,2,2,2,1,0,0,0,2,2,1,0,0,0
baseline_esm2,2,P0C6E4,0,0,0,0,0,0,1,1,1,1,1,1,0,0,0,0,0,0
baseline_esm2,2,P0C6E8,0,0,0,0,0,0,1,1,1,1,1,1,0,0,0,0,0,0
baseline_esm2,2,P0C7S9,0,1,1,1,1,1,1,0,0,0,0,0,2,1,1,1,1,1
baseline_esm2,2,P0C828,0,0,0,0,0,0,2,2,2,2,2,2,2,2,2,2,2,2
baseline_esm2,2,P0C829,0,1,1,1,1,2,3,2,2,2,2,1,2,1,1,1,1,0
baseline_esm2,2,P0C8P8,0,1,1,1,1,1,1,0,0,0,0,0,3,2,2,2,2,2
baseline_esm2,2,P0C8P9,0,2,2,2,2,2,2,0,0,0,0,0,2,0,0,0,0,0
baseline_esm2,2,P0C8R2,0,0,0,0,0,0,1,1,1,1,1,1,1,1,1,1,1,1
baseline_esm2,2,P0C8U4,1,1,1,2,2,2,1,1,1,0,0,0,1,1,1,0,0,0
baseline_esm2,2,P0C8U6,1,2,2,2,2,2,1,0,0,0,0,0,1,0,0,0,0,0
baseline_esm2,2,P0C8U7,1,2,2,2,2,2,1,0,0,0,0,0,1,0,0,0,0,0
baseline_esm2,2,P0C8U8,0,0,0,0,0,0,2,2,2,2,2,2,2,2,2,2,2,2
baseline_esm2,2,P0C8U9,0,0,0,1,2,2,2,2,2,1,0,0,2,2,2,1,0,0
baseline_esm2,2,P0C8V0,1,1,2,2,2,2,1,1,0,0,0,0,1,1,0,0,0,0
baseline_esm2,2,P0C8W1,2,2,2,2,2,2,0,0,0,0,0,0,0,0,0,0,0,0
baseline_esm2,2,P0C8W2,2,2,2,2,2,2,0,0,0,0,0,0,0,0,0,0,0,0
baseline_esm2,2,P0C901,0,0,1,2,2,2,2,2,1,0,0,0,2,2,1,0,0,0
baseline_esm2,2,P0C940,0,1,1,1,1,1,1,0,0,0,0,0,1,0,0,0,0,0
baseline_esm2,2,P0C954,1,1,1,1,1,1,0,0,0,0,0,0,0,0,0,0,0,0
baseline_esm2,2,P0C955,0,0,0,1,1,1,1,1,1,0,0,0,1,1,1,0,0,0
baseline_esm2,2,P0C956,0,0,0,0,0,0,1,1,1,1,1,1,2,2,2,2,2,2
baseline_esm2,2,P0CAQ2,0,0,0,0,0,0,2,2,2,2,2,2,1,1,1,1,1,1
baseline_esm2,2,P0CAQ3,0,0,0,0,0,1,2,2,2,2,2,1,1,1,1,1,1,0
baseline_esm2,2,P0CAQ5,0,2,2,2,2,2,2,0,0,0,0,0,2,0,0,0,0,0
baseline_esm2,2,P0CAQ6,1,2,2,2,2,2,1,0,0,0,0,0,1,0,0,0,0,0
baseline_esm2,2,P0CAQ7,0,0,0,0,0,0,1,1,1,1,1,1,1,1,1,1,1,1
baseline_esm2,2,P0CAQ8,0,0,0,0,0,0,1,1,1,1,1,1,1,1,1,1,1,1
baseline_esm2,2,P0CAQ9,0,0,0,0,0,0,1,1,1,1,1,1,1,1,1,1,1,1
baseline_esm2,2,P0CAZ2,1,1,1,1,1,1,0,0,0,0,0,0,1,1,1,1,1,1
baseline_esm2,2,P0CAZ3,1,1,1,1,1,1,0,0,0,0,0,0,1,1,1,1,1,1
baseline_esm2,2,P0CAZ4,1,1,1,1,1,1,0,0,0,0,0,0,1,1,1,1,1,1
baseline_esm2,2,P0CAZ5,1,1,1,1,1,1,0,0,0,0,0,0,1,1,1,1,1,1
baseline_esm2,2,P0CAZ6,1,1,1,1,1,1,0,0,0,0,0,0,1,1,1,1,1,1
baseline_esm2,2,P0CAZ7,1,1,1,1,1,1,0,0,0,0,0,0,1,1,1,1,1,1
baseline_esm2,2,P0CAZ8,0,0,0,1,1,1,1,1,1,0,0,0,2,2,2,1,1,1
baseline_esm2,2,P0CAZ9,1,1,1,1,1,1,0,0,0,0,0,0,0,0,0,0,0,0
baseline_esm2,2,P0CB07,0,1,2,2,2,2,2,1,0,0,0,0,2,1,0,0,0,0
baseline_esm2,2,P0CB08,0,1,1,2,2,2,2,1,1,0,0,0,2,1,1,0,0,0
baseline_esm2,2,P0CB12,0,1,2,2,2,2,2,1,0,0,0,0,2,1,0,0,0,0
baseline_esm2,2,P0CB14,0,0,0,0,0,0,1,1,1,1,1,1,0,0,0,0,0,0
baseline_esm2,2,P0CE73,0,1,2,2,2,2,2,1,0,0,0,0,2,1,0,0,0,0
baseline_esm2,2,P0CE75,0,1,1,1,1,2,3,2,2,2,2,1,2,1,1,1,1,0
baseline_esm2,2,P0CE76,0,1,1,1,1,2,3,2,2,2,2,1,2,1,1,1,1,0
baseline_esm2,2,P0CE79,1,1,1,1,1,1,0,0,0,0,0,0,0,0,0,0,0,0
baseline_esm2,2,P0CE80,1,1,1,1,1,1,0,0,0,0,0,0,0,0,0,0,0,0
baseline_esm2,2,P0CE81,1,1,1,1,1,1,0,0,0,0,0,0,0,0,0,0,0,0
baseline_esm2,2,P0CE82,1,1,1,1,1,1,0,0,0,0,0,0,0,0,0,0,0,0
baseline_esm2,2,P0CE83,1,1,1,1,1,1,0,0,0,0,0,0,0,0,0,0,0,0
baseline_esm2,2,P0CH50,0,1,1,1,1,1,1,0,0,0,0,0,1,0,0,0,0,0
baseline_esm2,2,P0CI13,0,0,0,0,0,0,1,1,1,1,1,1,2,2,2,2,2,2
baseline_esm2,2,P0CI49,0,0,0,0,0,0,1,1,1,1,1,1,2,2,2,2,2,2
baseline_esm2,2,P0CY75,1,2,2,2,2,2,1,0,0,0,0,0,1,0,0,0,0,0
baseline_esm2,2,P0CY76,0,0,0,1,1,1,1,1,1,0,0,0,2,2,2,1,1,1
baseline_esm2,2,P0CY77,0,0,0,0,0,0,1,1,1,1,1,1,1,1,1,1,1,1
baseline_esm2,2,P0CY78,0,0,0,0,0,0,2,2,2,2,2,2,2,2,2,2,2,2
baseline_esm2,2,P0CY80,1,2,2,2,2,2,1,0,0,0,0,0,1,0,0,0,0,0
baseline_esm2,2,P0CY81,0,0,2,2,2,2,2,2,0,0,0,0,2,2,0,0,0,0
baseline_esm2,2,P0CY82,0,0,0,0,0,0,2,2,2,2,2,2,2,2,2,2,2,2
baseline_esm2,2,P0CY86,0,2,2,2,2,2,2,0,0,0,0,0,2,0,0,0,0,0
baseline_esm2,2,P0DJ02,2,2,2,2,2,2,0,0,0,0,0,0,0,0,0,0,0,0
baseline_esm2,2,P0DJ03,2,2,2,2,2,2,0,0,0,0,0,0,0,0,0,0,0,0
baseline_esm2,2,P0DJO3,2,2,2,2,2,2,0,0,0,0,0,0,0,0,0,0,0,0
baseline_esm2,2,P0DJO4,2,2,2,2,2,2,0,0,0,0,0,0,0,0,0,0,0,0
baseline_esm2,2,P0DKM1,0,0,0,0,1,1,1,1,1,1,0,0,2,2,2,2,1,1
baseline_esm2,2,P0DKN0,0,0,0,1,1,1,1,1,1,0,0,0,2,2,2,1,1,1
baseline_esm2,2,P0DKP4,1,1,1,1,1,1,3,3,3,3,3,3,3,3,3,3,3,3
baseline_esm2,2,P0DKP6,1,2,2,2,2,2,1,0,0,0,0,0,1,0,0,0,0,0
baseline_esm2,2,P0DKP8,0,1,1,1,1,1,2,1,1,1,1,1,2,1,1,1,1,1
baseline_esm2,2,P0DM21,1,2,2,2,2,2,1,0,0,0,0,0,1,0,0,0,0,0
baseline_esm2,2,P0DM23,1,2,2,2,2,2,1,0,0,0,0,0,1,0,0,0,0,0
baseline_esm2,2,P0DM26,0,0,0,0,0,0,3,3,3,3,3,3,1,1,1,1,1,1
baseline_esm2,2,P0DME6,2,2,2,2,2,2,0,0,0,0,0,0,0,0,0,0,0,0
baseline_esm2,2,P0DME7,1,2,2,2,2,2,1,0,0,0,0,0,1,0,0,0,0,0
baseline_esm2,2,P0DME8,2,2,2,2,2,2,0,0,0,0,0,0,0,0,0,0,0,0
baseline_esm2,2,P0DME9,2,2,2,2,2,2,0,0,0,0,0,0,0,0,0,0,0,0
baseline_esm2,2,P0DMF1,0,1,1,1,1,1,1,0,0,0,0,0,5,4,4,4,4,4
baseline_esm2,2,P0DMF4,1,2,2,2,2,2,1,0,0,0,0,0,1,0,0,0,0,0
baseline_esm2,2,P0DMF5,1,2,2,2,2,2,1,0,0,0,0,0,1,0,0,0,0,0
baseline_esm2,2,P0DMF6,1,2,2,2,2,2,1,0,0,0,0,0,1,0,0,0,0,0
baseline_esm2,2,P0DMF7,0,1,1,2,2,2,2,1,1,0,0,0,2,1,1,0,0,0
baseline_esm2,2,P0DMF9,1,1,1,1,1,1,1,1,1,1,1,1,1,1,1,1,1,1
baseline_esm2,2,P0DMZ2,0,1,1,1,1,1,1,0,0,0,0,0,1,0,0,0,0,0
baseline_esm2,2,P0DMZ8,0,0,5,5,5,5,5,5,0,0,0,0,5,5,0,0,0,0
baseline_esm2,2,P0DMZ9,0,0,5,5,5,5,5,5,0,0,0,0,5,5,0,0,0,0
baseline_esm2,2,P0DN46,0,0,2,2,2,2,2,2,0,0,0,0,2,2,0,0,0,0
baseline_esm2,2,P0DN47,1,2,2,2,2,2,1,0,0,0,0,0,1,0,0,0,0,0
baseline_esm2,2,P0DOZ7,1,2,3,3,3,3,2,1,0,0,0,0,2,1,0,0,0,0
baseline_esm2,2,P0DPE6,0,0,1,1,1,1,1,1,0,0,0,0,2,2,1,1,1,1
baseline_esm2,2,P0DPL8,0,0,2,2,2,2,2,2,0,0,0,0,2,2,0,0,0,0
baseline_esm2,2,P0DPL9,0,2,2,2,2,2,2,0,0,0,0,0,2,0,0,0,0,0
baseline_esm2,2,P0DPM0,0,0,0,0,0,0,2,2,2,2,2,2,1,1,1,1,1,1
baseline_esm2,2,P0DPM1,0,2,2,2,2,2,2,0,0,0,0,0,2,0,0,0,0,0
baseline_esm2,2,P0DPT2,0,0,0,0,0,0,1,1,1,1,1,1,1,1,1,1,1,1
baseline_esm2,2,P0DQJ4,1,1,1,1,1,1,0,0,0,0,0,0,1,1,1,1,1,1
baseline_esm2,2,P0DQP3,0,1,1,1,1,1,1,0,0,0,0,0,2,1,1,1,1,1
baseline_esm2,2,P0DQP4,0,1,1,1,1,1,1,0,0,0,0,0,2,1,1,1,1,1
baseline_esm2,2,P0DQR6,0,1,1,1,1,1,1,0,0,0,0,0,1,0,0,0,0,0
baseline_esm2,2,P0DRD0,0,0,0,0,0,0,2,2,2,2,2,2,2,2,2,2,2,2
baseline_esm2,2,P0DRD1,0,0,0,0,0,0,2,2,2,2,2,2,2,2,2,2,2,2
baseline_esm2,2,P0DRD2,0,0,0,0,0,0,2,2,2,2,2,2,2,2,2,2,2,2
baseline_esm2,2,P0DRD4,0,0,0,0,0,2,2,2,2,2,2,0,2,2,2,2,2,0
baseline_esm2,2,P0DRD5,0,1,2,2,2,2,2,1,0,0,0,0,2,1,0,0,0,0
baseline_esm2,2,P0DRH5,1,1,1,2,2,2,1,1,1,0,0,0,1,1,1,0,0,0
baseline_esm2,2,P0DRH6,1,1,1,2,2,2,1,1,1,0,0,0,1,1,1,0,0,0
baseline_esm2,2,P0DRH7,2,2,2,2,2,2,0,0,0,0,0,0,0,0,0,0,0,0
baseline_esm2,2,P0DRH9,0,1,1,1,1,1,2,1,1,1,1,1,3,2,2,2,2,2
baseline_esm2,2,P0DRI0,0,1,1,1,1,1,2,1,1,1,1,1,3,2,2,2,2,2
baseline_esm2,2,P0DRI1,0,1,1,1,1,1,2,1,1,1,1,1,3,2,2,2,2,2
baseline_esm2,2,P0DRI3,0,0,1,1,1,1,1,1,0,0,0,0,2,2,1,1,1,1
baseline_esm2,2,P0DSI4,0,0,0,0,0,0,2,2,2,2,2,2,1,1,1,1,1,1
baseline_esm2,2,P0DSI5,2,2,2,2,2,2,0,0,0,0,0,0,0,0,0,0,0,0
baseline_esm2,2,P0DSI6,0,0,1,2,2,2,2,2,1,0,0,0,2,2,1,0,0,0
baseline_esm2,2,P0DSJ4,0,0,0,0,0,1,1,1,1,1,1,0,2,2,2,2,2,1
baseline_esm2,2,P0DSJ5,0,0,0,0,0,1,1,1,1,1,1,0,2,2,2,2,2,1
baseline_esm2,2,P0DSJ8,0,0,0,0,0,0,2,2,2,2,2,2,1,1,1,1,1,1
baseline_esm2,2,P0DSJ9,0,0,0,1,1,2,2,2,2,1,1,0,2,2,2,1,1,0
baseline_esm2,2,P0DSK1,0,1,1,1,1,1,2,1,1,1,1,1,2,1,1,1,1,1
baseline_esm2,2,P0DSK4,0,0,0,0,0,0,1,1,1,1,1,1,3,3,3,3,3,3
baseline_esm2,2,P0DUG2,1,1,1,1,1,1,0,0,0,0,0,0,0,0,0,0,0,0
baseline_esm2,2,P0DUJ5,0,0,0,0,0,0,2,2,2,2,2,2,1,1,1,1,1,1
baseline_esm2,2,P0DUQ4,1,1,2,2,2,2,2,2,1,1,1,1,1,1,0,0,0,0
baseline_esm2,2,P0DUQ8,0,0,0,0,0,0,1,1,1,1,1,1,1,1,1,1,1,1
baseline_esm2,2,P0DV71,0,1,1,1,1,1,1,0,0,0,0,0,1,0,0,0,0,0
baseline_esm2,2,P0DW72,1,1,1,1,1,1,0,0,0,0,0,0,1,1,1,1,1,1
baseline_esm2,2,P0DX20,0,0,0,0,0,0,1,1,1,1,1,1,1,1,1,1,1,1
baseline_esm2,2,P0DX61,0,0,0,2,2,2,2,2,2,0,0,0,2,2,2,0,0,0
baseline_esm2,2,P0DX64,2,2,2,2,2,2,0,0,0,0,0,0,0,0,0,0,0,0
baseline_esm2,2,P0DXT1,0,2,2,2,2,2,2,0,0,0,0,0,2,0,0,0,0,0
baseline_esm2,2,P0DXT2,0,0,0,0,1,1,2,2,2,2,1,1,2,2,2,2,1,1
baseline_esm2,2,P0DXT3,0,0,0,0,0,0,1,1,1,1,1,1,1,1,1,1,1,1
baseline_esm2,2,P0DXT4,1,1,1,1,1,1,1,1,1,1,1,1,1,1,1,1,1,1
baseline_esm2,2,P0DXT5,0,0,0,0,1,1,2,2,2,2,1,1,2,2,2,2,1,1
baseline_esm2,2,P0DXT7,0,2,2,2,2,2,2,0,0,0,0,0,2,0,0,0,0,0
baseline_esm2,2,P0DXT8,0,0,0,0,0,0,2,2,2,2,2,2,1,1,1,1,1,1
baseline_esm2,2,P0DXT9,0,2,2,2,2,2,2,0,0,0,0,0,2,0,0,0,0,0
baseline_esm2,2,P0DXU0,0,0,0,0,0,0,2,2,2,2,2,2,2,2,2,2,2,2
baseline_esm2,2,P0DXU1,0,1,2,2,2,2,2,1,0,0,0,0,2,1,0,0,0,0
baseline_esm2,2,P0DXZ8,1,1,1,2,2,2,1,1,1,0,0,0,1,1,1,0,0,0
baseline_esm2,2,P0DY01,1,1,1,2,2,2,1,1,1,0,0,0,1,1,1,0,0,0
baseline_esm2,2,P0DY02,0,1,1,2,2,2,2,1,1,0,0,0,2,1,1,0,0,0
baseline_esm2,2,P0DY17,1,1,1,2,2,2,1,1,1,0,0,0,1,1,1,0,0,0
baseline_esm2,2,P0DY19,0,1,1,1,1,1,1,0,0,0,0,0,3,2,2,2,2,2
baseline_esm2,2,P0DY25,0,0,0,0,1,1,2,2,2,2,1,1,2,2,2,2,1,1
baseline_esm2,2,P0DY99,0,0,0,0,0,0,2,2,2,2,2,2,1,1,1,1,1,1
baseline_esm2,2,P10347,0,0,0,0,0,0,1,1,1,1,1,1,1,1,1,1,1,1
baseline_esm2,2,P10348,0,0,0,0,0,0,1,1,1,1,1,1,1,1,1,1,1,1
baseline_esm2,2,P10673,1,2,2,2,2,2,1,0,0,0,0,0,2,0,0,0,0,0
baseline_esm2,2,P10743,0,0,1,1,1,1,1,1,0,0,0,0,1,1,0,0,0,0
baseline_esm2,2,P10763,0,0,0,0,0,0,1,1,1,1,1,1,3,3,3,3,3,3
baseline_esm2,2,P10764,0,0,0,0,0,0,1,1,1,1,1,1,3,3,3,3,3,3
baseline_esm2,2,P10863,1,1,1,1,1,1,0,0,0,0,0,0,0,0,0,0,0,0
baseline_esm2,2,P10968,0,1,1,1,1,1,1,0,0,0,0,0,5,4,4,4,4,4
baseline_esm2,2,P10969,0,1,1,1,1,1,1,0,0,0,0,0,5,4,4,4,4,4
baseline_esm2,2,P11006,7,7,7,7,7,7,12,12,12,12,12,12,6,6,6,6,6,6
baseline_esm2,2,P11214,0,1,1,1,1,1,1,0,0,0,0,0,1,0,0,0,0,0
baseline_esm2,2,P11863,1,1,1,1,1,1,0,0,0,0,0,0,1,1,1,1,1,1
baseline_esm2,2,P12163,0,0,0,0,0,0,1,1,1,1,1,1,1,1,1,1,1,1
baseline_esm2,2,P12164,0,0,0,0,0,0,1,1,1,1,1,1,1,1,1,1,1,1
baseline_esm2,2,P12729,1,1,1,1,1,1,0,0,0,0,0,0,0,0,0,0,0,0
baseline_esm2,2,P12960,0,0,0,0,0,1,1,1,1,1,1,0,1,1,1,1,1,0
baseline_esm2,2,P13208,0,0,0,0,0,0,25,25,25,25,25,25,15,15,15,15,15,15
baseline_esm2,2,P13684,0,0,0,0,0,0,2,2,2,2,2,2,2,2,2,2,2,2
baseline_esm2,2,P14089,0,0,0,0,0,0,1,1,1,1,1,1,1,1,1,1,1,1
baseline_esm2,2,P14530,0,0,0,0,0,0,1,1,1,1,1,1,0,0,0,0,0,0
baseline_esm2,2,P14749,0,0,1,1,1,1,1,1,0,0,0,0,1,1,0,0,0,0
baseline_esm2,2,P14781,0,1,1,1,1,1,1,0,0,0,0,0,1,0,0,0,0,0
baseline_esm2,2,P15167,0,0,0,0,0,0,1,1,1,1,1,1,0,0,0,0,0,0
baseline_esm2,2,P15471,0,2,2,2,2,2,2,0,0,0,0,0,2,0,0,0,0,0
baseline_esm2,2,P15490,0,1,1,1,1,1,1,0,0,0,0,0,1,0,0,0,0,0
baseline_esm2,2,P15566,0,0,0,0,0,0,1,1,1,1,1,1,0,0,0,0,0,0
baseline_esm2,2,P15819,0,1,1,1,1,1,1,0,0,0,0,0,1,0,0,0,0,0
baseline_esm2,2,P16014,0,0,0,0,0,0,1,1,1,1,1,1,4,4,4,4,4,4
baseline_esm2,2,P16094,0,0,0,0,0,0,1,1,1,1,1,1,0,0,0,0,0,0
baseline_esm2,2,P16231,0,0,0,0,0,0,1,1,1,1,1,1,0,0,0,0,0,0
baseline_esm2,2,P16291,1,1,1,1,1,1,1,1,1,1,1,1,0,0,0,0,0,0
baseline_esm2,2,P16292,1,1,1,1,1,1,1,1,1,1,1,1,1,1,1,1,1,1
baseline_esm2,2,P16293,0,0,0,0,0,0,1,1,1,1,1,1,1,1,1,1,1,1
baseline_esm2,2,P16294,1,1,1,1,1,1,1,1,1,1,1,1,1,1,1,1,1,1
baseline_esm2,2,P16296,1,1,1,1,1,1,1,1,1,1,1,1,1,1,1,1,1,1
baseline_esm2,2,P16501,0,0,0,0,0,0,1,1,1,1,1,1,3,3,3,3,3,3
baseline_esm2,2,P16545,0,0,0,0,0,0,1,1,1,1,1,1,3,3,3,3,3,3
baseline_esm2,2,P17349,0,0,0,0,0,0,1,1,1,1,1,1,0,0,0,0,0,0
baseline_esm2,2,P17647,0,0,0,0,0,0,1,1,1,1,1,1,3,3,3,3,3,3
baseline_esm2,2,P17896,0,0,0,0,0,0,1,1,1,1,1,1,0,0,0,0,0,0
baseline_esm2,2,P18254,0,0,0,0,0,0,1,1,1,1,1,1,3,3,3,3,3,3
baseline_esm2,2,P18263,0,0,0,0,0,0,1,1,1,1,1,1,2,2,2,2,2,2
baseline_esm2,2,P18619,0,0,0,0,0,0,1,1,1,1,1,1,0,0,0,0,0,0
baseline_esm2,2,P19259,0,1,1,1,1,1,1,0,0,0,0,0,1,0,0,0,0,0
baseline_esm2,2,P19540,1,1,1,1,1,1,1,1,1,1,1,1,1,1,1,1,1,1
baseline_esm2,2,P19578,0,2,2,2,2,2,2,0,0,0,0,0,2,0,0,0,0,0
baseline_esm2,2,P19637,0,1,1,1,1,1,1,0,0,0,0,0,1,0,0,0,0,0
baseline_esm2,2,P20068,1,3,3,3,3,3,2,0,0,0,0,0,2,0,0,0,0,0
baseline_esm2,2,P20076,0,0,0,0,1,1,1,1,1,1,0,0,1,1,1,1,0,0
baseline_esm2,2,P20164,0,0,0,0,0,0,1,1,1,1,1,1,0,0,0,0,0,0
baseline_esm2,2,P20465,0,0,0,0,0,0,5,5,5,5,5,5,2,2,2,2,2,2
baseline_esm2,2,P20466,0,0,0,0,0,0,3,3,3,3,3,3,1,1,1,1,1,1
baseline_esm2,2,P21786,1,2,2,2,2,2,1,0,0,0,0,0,4,3,3,3,3,3
baseline_esm2,2,P21840,1,1,1,1,1,1,0,0,0,0,0,0,0,0,0,0,0,0
baseline_esm2,2,P22146,1,1,1,1,1,1,0,0,0,0,0,0,0,0,0,0,0,0
baseline_esm2,2,P22282,0,0,0,0,0,0,1,1,1,1,1,1,0,0,0,0,0,0
baseline_esm2,2,P22321,0,0,0,0,0,0,1,1,1,1,1,1,1,1,1,1,1,1
baseline_esm2,2,P22322,0,0,0,0,0,0,1,1,1,1,1,1,1,1,1,1,1,1
baseline_esm2,2,P22334,1,1,1,1,1,3,2,2,2,2,2,0,2,2,2,2,2,0
baseline_esm2,2,P22457,0,1,1,1,1,1,1,0,0,0,0,0,2,1,1,1,1,1
baseline_esm2,2,P22522,1,1,1,1,1,1,0,0,0,0,0,0,0,0,0,0,0,0
baseline_esm2,2,P22891,0,1,1,1,1,1,1,0,0,0,0,0,1,0,0,0,0,0
baseline_esm2,2,P23079,0,0,0,0,0,0,1,1,1,1,1,1,1,1,1,1,1,1
baseline_esm2,2,P23317,0,0,0,1,1,1,1,1,1,0,0,0,1,1,1,0,0,0
baseline_esm2,2,P23318,0,0,0,0,0,0,1,1,1,1,1,1,2,2,2,2,2,2
baseline_esm2,2,P23389,1,1,1,1,1,1,2,2,2,2,2,2,4,4,4,4,4,4
baseline_esm2,2,P23695,0,0,0,0,0,0,1,1,1,1,1,1,3,3,3,3,3,3
baseline_esm2,2,P23699,0,0,0,0,0,0,1,1,1,1,1,1,2,2,2,2,2,2
baseline_esm2,2,P24478,0,0,0,0,0,0,1,1,1,1,1,1,1,1,1,1,1,1
baseline_esm2,2,P25380,1,1,1,1,1,1,0,0,0,0,0,0,1,1,1,1,1,1
baseline_esm2,2,P25955,1,1,1,1,1,1,0,0,0,0,0,0,0,0,0,0,0,0
baseline_esm2,2,P26350,0,0,0,0,0,0,1,1,1,1,1,1,0,0,0,0,0,0
baseline_esm2,2,P27058,0,0,0,0,0,0,1,1,1,1,1,1,0,0,0,0,0,0
baseline_esm2,2,P27654,1,1,1,1,1,1,0,0,0,0,0,0,0,0,0,0,0,0
baseline_esm2,2,P28319,1,1,1,1,1,1,0,0,0,0,0,0,0,0,0,0,0,0
baseline_esm2,2,P28642,0,0,0,0,0,0,1,1,1,1,1,1,1,1,1,1,1,1
baseline_esm2,2,P28879,1,1,1,2,2,2,1,1,1,0,0,0,1,1,1,0,0,0
baseline_esm2,2,P29827,0,1,1,1,1,1,1,0,0,0,0,0,3,2,2,2,2,2
baseline_esm2,2,P30403,0,0,0,0,0,0,1,1,1,1,1,1,0,0,0,0,0,0
baseline_esm2,2,P30990,1,3,3,3,3,3,2,0,0,0,0,0,2,0,0,0,0,0
baseline_esm2,2,P31358,0,0,0,0,0,0,2,2,2,2,2,2,1,1,1,1,1,1
baseline_esm2,2,P31394,0,0,0,1,1,1,2,2,2,1,1,1,2,2,2,1,1,1
baseline_esm2,2,P31481,0,1,1,1,1,1,1,0,0,0,0,0,2,1,1,1,1,1
baseline_esm2,2,P31736,0,0,0,0,0,0,1,1,1,1,1,1,1,1,1,1,1,1
baseline_esm2,2,P31944,0,0,1,1,1,1,2,2,1,1,1,1,1,1,0,0,0,0
baseline_esm2,2,P31956,0,0,0,0,0,0,1,1,1,1,1,1,2,2,2,2,2,2
baseline_esm2,2,P31997,0,0,0,0,0,1,1,1,1,1,1,0,1,1,1,1,1,0
baseline_esm2,2,P32763,0,0,0,0,0,0,2,2,2,2,2,2,1,1,1,1,1,1
baseline_esm2,2,P33185,0,0,0,0,0,0,1,1,1,1,1,1,0,0,0,0,0,0
baseline_esm2,2,P33186,0,0,0,0,0,0,2,2,2,2,2,2,0,0,0,0,0,0
baseline_esm2,2,P33376,0,1,1,1,1,1,1,0,0,0,0,0,1,0,0,0,0,0
baseline_esm2,2,P33378,0,0,1,1,1,1,1,1,0,0,0,0,1,1,0,0,0,0
baseline_esm2,2,P33587,1,1,1,1,1,1,1,1,1,1,1,1,0,0,0,0,0,0
baseline_esm2,2,P33712,0,0,0,0,0,0,1,1,1,1,1,1,3,3,3,3,3,3
baseline_esm2,2,P33890,0,1,1,1,1,1,1,0,0,0,0,0,1,0,0,0,0,0
baseline_esm2,2,P34068,0,0,0,0,0,0,2,2,2,2,2,2,1,1,1,1,1,1
baseline_esm2,2,P34069,0,0,0,0,0,0,2,2,2,2,2,2,1,1,1,1,1,1
baseline_esm2,2,P34182,0,0,0,0,0,0,1,1,1,1,1,1,0,0,0,0,0,0
baseline_esm2,2,P35853,0,1,1,1,1,1,1,0,0,0,0,0,1,0,0,0,0,0
baseline_esm2,2,P36217,1,1,1,1,1,1,0,0,0,0,0,0,0,0,0,0,0,0
baseline_esm2,2,P36218,1,1,1,1,1,1,0,0,0,0,0,0,0,0,0,0,0,0
baseline_esm2,2,P37302,0,0,0,0,0,0,1,1,1,1,1,1,2,2,2,2,2,2
baseline_esm2,2,P38248,1,1,1,1,1,1,0,0,0,0,0,0,0,0,0,0,0,0
baseline_esm2,2,P40199,0,0,0,0,0,0,1,1,1,1,1,1,1,1,1,1,1,1
baseline_esm2,2,P40552,0,0,1,1,1,1,1,1,0,0,0,0,1,1,0,0,0,0
baseline_esm2,2,P40849,0,0,0,0,0,0,2,2,2,2,2,2,1,1,1,1,1,1
baseline_esm2,2,P41598,0,0,0,0,0,0,1,1,1,1,1,1,2,2,2,2,2,2
baseline_esm2,2,P41694,0,0,0,0,0,0,1,1,1,1,1,1,2,2,2,2,2,2
baseline_esm2,2,P42574,0,0,0,0,1,1,2,2,2,2,1,1,2,2,2,2,1,1
baseline_esm2,2,P42575,0,0,0,0,0,0,1,1,1,1,1,1,1,1,1,1,1,1
baseline_esm2,2,P43076,1,1,1,1,1,1,0,0,0,0,0,0,0,0,0,0,0,0
baseline_esm2,2,P47178,1,1,1,1,1,1,0,0,0,0,0,0,0,0,0,0,0,0
baseline_esm2,2,P48188,0,0,0,0,0,0,1,1,1,1,1,1,2,2,2,2,2,2
baseline_esm2,2,P48678,0,0,0,0,0,0,1,1,1,1,1,1,0,0,0,0,0,0
baseline_esm2,2,P48679,0,0,0,0,0,0,1,1,1,1,1,1,0,0,0,0,0,0
baseline_esm2,2,P49513,0,0,0,0,0,0,1,1,1,1,1,1,2,2,2,2,2,2
baseline_esm2,2,P50982,1,2,2,2,2,2,1,0,0,0,0,0,1,0,0,0,0,0
baseline_esm2,2,P50985,1,2,2,2,2,2,1,0,0,0,0,0,1,0,0,0,0,0
baseline_esm2,2,P51317,0,0,0,0,0,0,1,1,1,1,1,1,0,0,0,0,0,0
baseline_esm2,2,P51457,0,0,0,0,0,0,1,1,1,1,1,1,3,3,3,3,3,3
baseline_esm2,2,P51459,0,0,0,0,0,0,1,1,1,1,1,1,3,3,3,3,3,3
baseline_esm2,2,P51462,0,0,0,0,0,0,1,1,1,1,1,1,3,3,3,3,3,3
baseline_esm2,2,P54097,1,1,1,1,1,1,0,0,0,0,0,0,0,0,0,0,0,0
baseline_esm2,2,P55210,0,0,1,1,1,1,2,2,1,1,1,1,1,1,0,0,0,0
baseline_esm2,2,P55212,0,0,0,1,1,1,2,2,2,1,1,1,1,1,1,0,0,0
baseline_esm2,2,P55213,0,0,0,0,0,0,2,2,2,2,2,2,1,1,1,1,1,1
baseline_esm2,2,P55214,0,0,0,1,1,1,2,2,2,1,1,1,1,1,1,0,0,0
baseline_esm2,2,P55215,0,0,0,0,0,0,1,1,1,1,1,1,2,2,2,2,2,2
baseline_esm2,2,P55330,1,1,1,1,1,1,0,0,0,0,0,0,0,0,0,0,0,0
baseline_esm2,2,P55790,0,0,0,0,0,0,1,1,1,1,1,1,0,0,0,0,0,0
baseline_esm2,2,P55939,0,0,0,0,0,0,1,1,1,1,1,1,2,2,2,2,2,2
baseline_esm2,2,P55963,2,2,2,2,2,2,0,0,0,0,0,0,0,0,0,0,0,0
baseline_esm2,2,P56348,0,0,0,0,0,0,1,1,1,1,1,1,0,0,0,0,0,0
baseline_esm2,2,P56626,0,0,0,0,0,0,1,1,1,1,1,1,1,1,1,1,1,1
baseline_esm2,2,P56636,1,1,2,2,2,2,1,1,0,0,0,0,1,1,0,0,0,0
baseline_esm2,2,P56638,0,2,2,2,2,2,2,0,0,0,0,0,2,0,0,0,0,0
baseline_esm2,2,P56639,0,2,2,2,2,2,2,0,0,0,0,0,2,0,0,0,0,0
baseline_esm2,2,P56640,1,2,2,2,2,2,1,0,0,0,0,0,1,0,0,0,0,0
baseline_esm2,2,P56782,0,0,0,0,0,0,1,1,1,1,1,1,1,1,1,1,1,1
baseline_esm2,2,P56973,1,1,1,2,2,2,1,1,1,0,0,0,1,1,1,0,0,0
baseline_esm2,2,P58273,0,0,0,0,0,0,1,1,1,1,1,1,2,2,2,2,2,2
baseline_esm2,2,P58560,0,0,0,0,0,0,1,1,1,1,1,1,1,1,1,1,1,1
baseline_esm2,2,P58583,0,1,1,1,1,1,1,0,0,0,0,0,2,1,1,1,1,1
baseline_esm2,2,P58808,0,0,2,2,2,2,2,2,0,0,0,0,2,2,0,0,0,0
baseline_esm2,2,P58809,2,2,2,2,2,2,0,0,0,0,0,0,0,0,0,0,0,0
baseline_esm2,2,P58811,1,2,2,2,2,2,1,0,0,0,0,0,1,0,0,0,0,0
baseline_esm2,2,P59261,0,1,1,1,1,1,2,1,1,1,1,1,2,1,1,1,1,1
baseline_esm2,2,P59262,0,1,1,1,1,2,2,1,1,1,1,0,2,1,1,1,1,0
baseline_esm2,2,P59406,0,0,0,0,0,0,1,1,1,1,1,1,0,0,0,0,0,0
baseline_esm2,2,P59906,1,1,2,2,2,2,1,1,0,0,0,0,1,1,0,0,0,0
baseline_esm2,2,P59914,1,1,1,1,1,1,0,0,0,0,0,0,0,0,0,0,0,0
baseline_esm2,2,P60274,0,2,2,2,2,2,2,0,0,0,0,0,2,0,0,0,0,0
baseline_esm2,2,P68407,0,1,1,1,1,2,2,1,1,1,1,0,2,1,1,1,1,0
baseline_esm2,2,P68408,0,1,1,1,1,2,2,1,1,1,1,0,2,1,1,1,1,0
baseline_esm2,2,P68409,0,1,1,1,1,2,2,1,1,1,1,0,2,1,1,1,1,0
baseline_esm2,2,P68577,0,1,1,1,1,1,2,1,1,1,1,1,1,0,0,0,0,0
baseline_esm2,2,P69498,1,1,1,1,1,1,0,0,0,0,0,0,0,0,0,0,0,0
baseline_esm2,2,P69499,1,1,1,1,1,1,0,0,0,0,0,0,1,1,1,1,1,1
baseline_esm2,2,P69500,1,1,1,1,1,1,0,0,0,0,0,0,1,1,1,1,1,1
baseline_esm2,2,P69501,1,1,1,1,1,1,0,0,0,0,0,0,1,1,1,1,1,1
baseline_esm2,2,P69657,1,2,2,2,2,2,1,0,0,0,0,0,1,0,0,0,0,0
baseline_esm2,2,P69658,0,1,1,1,1,1,1,0,0,0,0,0,1,0,0,0,0,0
baseline_esm2,2,P69693,0,0,0,0,0,0,1,1,1,1,1,1,2,2,2,2,2,2
baseline_esm2,2,P69694,0,0,0,0,0,0,1,1,1,1,1,1,2,2,2,2,2,2
baseline_esm2,2,P69764,0,0,0,0,0,0,2,2,2,2,2,2,2,2,2,2,2,2
baseline_esm2,2,P69765,0,2,2,2,2,2,2,0,0,0,0,0,2,0,0,0,0,0
baseline_esm2,2,P69766,2,2,2,2,2,2,0,0,0,0,0,0,0,0,0,0,0,0
baseline_esm2,2,P69768,1,2,2,2,2,2,1,0,0,0,0,0,1,0,0,0,0,0
baseline_esm2,2,P69770,1,1,1,1,1,1,0,0,0,0,0,0,1,1,1,1,1,1
baseline_esm2,2,P69929,0,0,0,1,3,6,7,7,7,6,4,1,12,12,12,11,9,6
baseline_esm2,2,P69939,0,0,0,0,0,0,1,1,1,1,1,1,2,2,2,2,2,2
baseline_esm2,2,P69940,0,0,0,0,0,0,2,2,2,2,2,2,2,2,2,2,2,2
baseline_esm2,2,P70375,1,1,1,1,1,1,0,0,0,0,0,0,1,1,1,1,1,1
baseline_esm2,2,P70677,0,0,0,0,0,0,2,2,2,2,2,2,1,1,1,1,1,1
baseline_esm2,2,P81323,1,1,1,1,1,1,0,0,0,0,0,0,0,0,0,0,0,0
baseline_esm2,2,P81428,0,0,1,1,1,1,2,2,1,1,1,1,2,2,1,1,1,1
baseline_esm2,2,P81755,0,0,1,2,2,2,2,2,1,0,0,0,2,2,1,0,0,0
baseline_esm2,2,P81791,1,1,1,1,1,1,0,0,0,0,0,0,0,0,0,0,0,0
baseline_esm2,2,P81941,0,0,0,0,0,0,2,2,2,2,2,2,2,2,2,2,2,2
baseline_esm2,2,P82701,0,0,1,1,1,1,1,1,0,0,0,0,1,1,0,0,0,0
baseline_esm2,2,P82807,0,0,1,1,1,1,2,2,1,1,1,1,2,2,1,1,1,1
baseline_esm2,2,P83370,0,0,1,2,2,2,2,2,1,0,0,0,2,2,1,0,0,0
baseline_esm2,2,P83403,0,0,0,0,0,0,1,1,1,1,1,1,0,0,0,0,0,0
baseline_esm2,2,P83512,0,0,0,0,0,0,1,1,1,1,1,1,0,0,0,0,0,0
baseline_esm2,2,P84845,2,2,2,2,2,2,0,0,0,0,0,0,0,0,0,0,0,0
baseline_esm2,2,P85013,0,2,2,2,2,2,2,0,0,0,0,0,2,0,0,0,0,0
baseline_esm2,2,P85079,0,1,1,1,1,1,1,0,0,0,0,0,1,0,0,0,0,0
baseline_esm2,2,P85247,1,1,1,1,1,1,0,0,0,0,0,0,1,1,1,1,1,1
baseline_esm2,2,P85253,1,1,1,1,1,1,0,0,0,0,0,0,1,1,1,1,1,1
baseline_esm2,2,P85254,1,1,1,1,1,1,0,0,0,0,0,0,1,1,1,1,1,1
baseline_esm2,2,P85255,1,1,1,1,1,1,0,0,0,0,0,0,1,1,1,1,1,1
baseline_esm2,2,P85256,1,1,1,1,1,1,0,0,0,0,0,0,1,1,1,1,1,1
baseline_esm2,2,P85257,1,1,1,1,1,1,0,0,0,0,0,0,1,1,1,1,1,1
baseline_esm2,2,P85258,1,1,1,1,1,1,0,0,0,0,0,0,1,1,1,1,1,1
baseline_esm2,2,P85259,1,1,1,1,1,1,0,0,0,0,0,0,1,1,1,1,1,1
baseline_esm2,2,P85829,0,0,0,0,0,0,1,1,1,1,1,1,1,1,1,1,1,1
baseline_esm2,2,P85831,0,0,0,0,0,0,1,1,1,1,1,1,0,0,0,0,0,0
baseline_esm2,2,P85832,1,2,2,3,3,3,2,1,1,0,0,0,4,3,3,2,2,2
baseline_esm2,2,P85886,2,2,2,2,2,2,0,0,0,0,0,0,0,0,0,0,0,0
baseline_esm2,2,P85966,0,0,0,0,0,0,2,2,2,2,2,2,2,2,2,2,2,2
baseline_esm2,2,P86013,1,2,2,2,2,2,1,0,0,0,0,0,1,0,0,0,0,0
baseline_esm2,2,P86047,0,2,2,2,2,2,2,0,0,0,0,0,2,0,0,0,0,0
baseline_esm2,2,P86521,0,0,0,0,0,0,1,1,1,1,1,1,1,1,1,1,1,1
baseline_esm2,2,P89116,0,0,0,0,0,0,2,2,2,2,2,2,1,1,1,1,1,1
baseline_esm2,2,P91797,2,2,2,2,2,2,0,0,0,0,0,0,0,0,0,0,0,0
baseline_esm2,2,P97766,0,0,0,0,0,0,1,1,1,1,1,1,1,1,1,1,1,1
baseline_esm2,2,P97864,0,0,0,1,1,1,2,2,2,1,1,1,1,1,1,0,0,0
baseline_esm2,2,P98139,1,1,1,1,1,1,0,0,0,0,0,0,1,1,1,1,1,1
baseline_esm2,2,Q00783,0,0,0,0,0,0,1,1,1,1,1,1,0,0,0,0,0,0
baseline_esm2,2,Q00829,0,0,0,0,0,0,2,2,2,2,2,2,1,1,1,1,1,1
baseline_esm2,2,Q01MB6,0,0,0,1,1,1,1,1,1,0,0,0,5,5,5,4,4,4
baseline_esm2,2,Q03029,1,1,1,1,1,1,0,0,0,0,0,0,0,0,0,0,0,0
baseline_esm2,2,Q03198,0,0,0,0,0,1,1,1,1,1,1,0,1,1,1,1,1,0
baseline_esm2,2,Q03199,0,0,0,0,0,0,1,1,1,1,1,1,1,1,1,1,1,1
baseline_esm2,2,Q03561,0,0,0,0,0,0,1,1,1,1,1,1,0,0,0,0,0,0
baseline_esm2,2,Q03655,1,1,1,1,1,1,0,0,0,0,0,0,0,0,0,0,0,0
baseline_esm2,2,Q04469,0,0,1,1,1,1,1,1,0,0,0,0,1,1,0,0,0,0
baseline_esm2,2,Q06135,0,1,1,1,1,1,1,0,0,0,0,0,1,0,0,0,0,0
baseline_esm2,2,Q06303,0,0,0,0,0,0,1,1,1,1,1,1,1,1,1,1,1,1
baseline_esm2,2,Q06304,0,0,0,0,0,0,1,1,1,1,1,1,1,1,1,1,1,1
baseline_esm2,2,Q06305,0,0,0,0,0,0,1,1,1,1,1,1,1,1,1,1,1,1
baseline_esm2,2,Q06306,0,0,0,0,0,1,1,1,1,1,1,0,1,1,1,1,1,0
baseline_esm2,2,Q06FX8,0,0,0,0,0,0,1,1,1,1,1,1,2,2,2,2,2,2
baseline_esm2,2,Q06GS7,0,0,0,0,0,0,1,1,1,1,1,1,1,1,1,1,1,1
baseline_esm2,2,Q06H14,0,0,0,0,0,0,1,1,1,1,1,1,1,1,1,1,1,1
baseline_esm2,2,Q06J16,0,0,0,0,0,0,1,1,1,1,1,1,1,1,1,1,1,1
baseline_esm2,2,Q06RE8,0,0,0,0,0,0,1,1,1,1,1,1,1,1,1,1,1,1
baseline_esm2,2,Q06SD3,0,0,0,0,0,0,1,1,1,1,1,1,2,2,2,2,2,2
baseline_esm2,2,Q072L5,0,0,0,0,0,0,1,1,1,1,1,1,0,0,0,0,0,0
baseline_esm2,2,Q07488,1,1,1,1,1,1,0,0,0,0,0,0,0,0,0,0,0,0
baseline_esm2,2,Q07932,0,1,1,1,1,1,2,1,1,1,1,1,3,2,2,2,2,2
baseline_esm2,2,Q08193,1,1,1,1,1,1,0,0,0,0,0,0,0,0,0,0,0,0
baseline_esm2,2,Q08271,1,1,1,1,1,1,0,0,0,0,0,0,0,0,0,0,0,0
baseline_esm2,2,Q08279,0,0,0,0,0,0,1,1,1,1,1,1,2,2,2,2,2,2
baseline_esm2,2,Q08676,0,0,0,0,0,0,1,1,1,1,1,1,0,0,0,0,0,0
baseline_esm2,2,Q08DY9,0,0,0,0,0,0,2,2,2,2,2,2,1,1,1,1,1,1
baseline_esm2,2,Q09MJ5,0,0,0,0,0,0,1,1,1,1,1,1,1,1,1,1,1,1
baseline_esm2,2,Q09X34,0,0,0,0,0,0,1,1,1,1,1,1,0,0,0,0,0,0
baseline_esm2,2,Q0G9N6,0,0,0,0,0,0,1,1,1,1,1,1,0,0,0,0,0,0
baseline_esm2,2,Q0G9X9,0,0,0,0,0,0,1,1,1,1,1,1,1,1,1,1,1,1
baseline_esm2,2,Q0GY44,0,0,0,0,0,0,1,1,1,1,1,1,2,2,2,2,2,2
baseline_esm2,2,Q0GY46,0,0,0,0,0,0,1,1,1,1,1,1,2,2,2,2,2,2
baseline_esm2,2,Q0IDF4,0,0,0,0,0,0,1,1,1,1,1,1,0,0,0,0,0,0
baseline_esm2,2,Q0II73,1,1,1,1,1,1,0,0,0,0,0,0,1,1,1,1,1,1
baseline_esm2,2,Q0JF21,0,0,0,1,1,1,1,1,1,0,0,0,5,5,5,4,4,4
baseline_esm2,2,Q0NZX5,0,0,0,0,0,0,1,1,1,1,1,1,0,0,0,0,0,0
baseline_esm2,2,Q0P3J6,0,0,0,0,0,0,1,1,1,1,1,1,1,1,1,1,1,1
baseline_esm2,2,Q0SRD5,0,0,1,1,1,1,1,1,0,0,0,0,1,1,0,0,0,0
baseline_esm2,2,Q0TNR9,0,0,1,1,1,1,1,1,0,0,0,0,1,1,0,0,0,0
baseline_esm2,2,Q0ZJ37,0,0,0,0,0,0,1,1,1,1,1,1,1,1,1,1,1,1
baseline_esm2,2,Q10XU6,0,0,0,0,0,0,1,1,1,1,1,1,2,2,2,2,2,2
baseline_esm2,2,Q12039,0,0,0,0,0,0,1,1,1,1,1,1,0,0,0,0,0,0
baseline_esm2,2,Q12120,0,0,0,0,0,0,1,1,1,1,1,1,0,0,0,0,0,0
baseline_esm2,2,Q12173,0,0,0,0,0,0,1,1,1,1,1,1,1,1,1,1,1,1
baseline_esm2,2,Q12218,1,1,1,1,1,1,0,0,0,0,0,0,0,0,0,0,0,0
baseline_esm2,2,Q12355,0,1,1,1,1,1,1,0,0,0,0,0,1,0,0,0,0,0
baseline_esm2,2,Q12737,0,0,0,1,1,1,1,1,1,0,0,0,2,2,2,1,1,1
baseline_esm2,2,Q14002,0,0,0,0,0,0,1,1,1,1,1,1,0,0,0,0,0,0
baseline_esm2,2,Q14FH4,0,0,0,0,0,0,1,1,1,1,1,1,1,1,1,1,1,1
baseline_esm2,2,Q14FJ4,0,0,0,0,0,0,2,2,2,2,2,2,0,0,0,0,0,0
baseline_esm2,2,Q16992,36,45,45,45,46,46,14,5,5,5,4,4,24,15,15,15,14,14
baseline_esm2,2,Q18502,3,4,4,4,4,4,1,0,0,0,0,0,1,0,0,0,0,0
baseline_esm2,2,Q1A3Q1,0,0,0,0,0,0,2,2,2,2,2,2,2,2,2,2,2,2
baseline_esm2,2,Q1A3Q2,0,0,0,0,0,0,2,2,2,2,2,2,2,2,2,2,2,2
baseline_esm2,2,Q1A3Q6,0,0,0,0,0,0,2,2,2,2,2,2,2,2,2,2,2,2
baseline_esm2,2,Q1A3Q7,1,1,2,2,2,2,1,1,0,0,0,0,1,1,0,0,0,0
baseline_esm2,2,Q1A3Q8,0,0,0,0,0,0,2,2,2,2,2,2,2,2,2,2,2,2
baseline_esm2,2,Q1A3Q9,0,0,0,0,0,0,2,2,2,2,2,2,2,2,2,2,2,2
baseline_esm2,2,Q1A3R0,1,2,2,2,2,2,1,0,0,0,0,0,1,0,0,0,0,0
baseline_esm2,2,Q1ACL6,0,0,0,0,0,0,1,1,1,1,1,1,1,1,1,1,1,1
baseline_esm2,2,Q1ELT9,1,2,2,2,2,2,1,0,0,0,0,0,1,0,0,0,0,0
baseline_esm2,2,Q1ELU2,0,2,2,2,2,2,2,0,0,0,0,0,2,0,0,0,0,0
baseline_esm2,2,Q1ELU3,0,2,2,2,2,2,2,0,0,0,0,0,2,0,0,0,0,0
baseline_esm2,2,Q1ELV0,1,1,2,2,2,2,1,1,0,0,0,0,1,1,0,0,0,0
baseline_esm2,2,Q1G3I0,0,1,1,1,1,1,1,0,0,0,0,0,1,0,0,0,0,0
baseline_esm2,2,Q1I8U1,0,0,0,0,0,1,1,1,1,1,1,0,1,1,1,1,1,0
baseline_esm2,2,Q1KVV2,0,0,0,0,0,0,1,1,1,1,1,1,1,1,1,1,1,1
baseline_esm2,2,Q1KXX6,0,0,0,0,0,0,1,1,1,1,1,1,1,1,1,1,1,1
baseline_esm2,2,Q1L658,0,0,1,1,1,1,2,2,1,1,1,1,1,1,0,0,0,0
baseline_esm2,2,Q1L659,0,0,1,1,1,1,1,1,0,0,0,0,2,2,1,1,1,1
baseline_esm2,2,Q1L777,0,0,0,0,0,0,1,1,1,1,1,1,1,1,1,1,1,1
baseline_esm2,2,Q1PBD1,0,0,0,0,0,0,1,1,1,1,1,1,0,0,0,0,0,0
baseline_esm2,2,Q1W694,0,0,1,1,1,1,1,1,0,0,0,0,1,1,0,0,0,0
baseline_esm2,2,Q1W695,1,1,1,1,1,1,0,0,0,0,0,0,0,0,0,0,0,0
baseline_esm2,2,Q1XDH0,0,0,0,0,0,0,1,1,1,1,1,1,0,0,0,0,0,0
baseline_esm2,2,Q20EY3,0,0,0,0,0,0,1,1,1,1,1,1,2,2,2,2,2,2
baseline_esm2,2,Q24049,0,0,0,0,0,0,3,3,3,3,3,3,1,1,1,1,1,1
baseline_esm2,2,Q27441,1,1,1,2,2,2,1,1,1,0,0,0,1,1,1,0,0,0
baseline_esm2,2,Q27J48,0,0,0,0,0,0,1,1,1,1,1,1,0,0,0,0,0,0
baseline_esm2,2,Q27Q54,0,0,0,0,0,0,1,1,1,1,1,1,0,0,0,0,0,0
baseline_esm2,2,Q28106,0,0,0,0,0,1,1,1,1,1,1,0,1,1,1,1,1,0
baseline_esm2,2,Q28198,0,1,1,1,1,1,1,0,0,0,0,0,1,0,0,0,0,0
baseline_esm2,2,Q28278,0,1,1,1,1,1,2,1,1,1,1,1,2,1,1,1,1,1
baseline_esm2,2,Q28315,0,1,1,1,1,1,2,1,1,1,1,1,2,1,1,1,1,1
baseline_esm2,2,Q28380,0,1,1,1,1,1,2,1,1,1,1,1,2,1,1,1,1,1
baseline_esm2,2,Q28661,0,0,0,0,0,0,2,2,2,2,2,2,1,1,1,1,1,1
baseline_esm2,2,Q28896,0,0,0,0,0,0,2,2,2,2,2,2,1,1,1,1,1,1
baseline_esm2,2,Q2EI26,0,0,0,0,0,0,1,1,1,1,1,1,1,1,1,1,1,1
baseline_esm2,2,Q2F9P2,1,1,1,1,1,1,0,0,0,0,0,0,0,0,0,0,0,0
baseline_esm2,2,Q2F9P4,1,1,1,1,1,1,0,0,0,0,0,0,0,0,0,0,0,0
baseline_esm2,2,Q2I2R6,0,0,0,2,2,2,2,2,2,0,0,0,2,2,2,0,0,0
baseline_esm2,2,Q2I2R7,0,0,0,0,0,0,2,2,2,2,2,2,1,1,1,1,1,1
baseline_esm2,2,Q2I2R8,0,0,0,0,0,0,2,2,2,2,2,2,1,1,1,1,1,1
baseline_esm2,2,Q2L8Z0,0,0,0,0,0,0,1,1,1,1,1,1,1,1,1,1,1,1
baseline_esm2,2,Q2MIB7,0,0,0,0,0,0,1,1,1,1,1,1,1,1,1,1,1,1
baseline_esm2,2,Q2MIK4,0,0,0,0,0,0,1,1,1,1,1,1,1,1,1,1,1,1
baseline_esm2,2,Q2PFV2,0,0,0,0,0,0,2,2,2,2,2,2,1,1,1,1,1,1
baseline_esm2,2,Q2PMS6,0,0,0,0,0,0,1,1,1,1,1,1,1,1,1,1,1,1
baseline_esm2,2,Q2RQ23,0,0,0,0,0,0,1,1,1,1,1,1,1,1,1,1,1,1
baseline_esm2,2,Q2V2G5,0,0,0,0,0,0,2,2,2,2,2,2,1,1,1,1,1,1
baseline_esm2,2,Q2VEJ3,0,0,0,0,0,0,1,1,1,1,1,1,1,1,1,1,1,1
baseline_esm2,2,Q2XQ09,1,1,1,1,1,1,0,0,0,0,0,0,0,0,0,0,0,0
baseline_esm2,2,Q31CR0,0,0,0,0,0,0,1,1,1,1,1,1,1,1,1,1,1,1
baseline_esm2,2,Q32LD3,0,0,1,1,1,1,1,1,0,0,0,0,1,1,0,0,0,0
baseline_esm2,2,Q32RP3,0,0,0,0,0,0,1,1,1,1,1,1,2,2,2,2,2,2
baseline_esm2,2,Q32RW6,0,0,0,0,0,0,1,1,1,1,1,1,1,1,1,1,1,1
baseline_esm2,2,Q33C56,0,0,0,0,0,0,1,1,1,1,1,1,1,1,1,1,1,1
baseline_esm2,2,Q3BAQ9,0,0,0,0,0,0,1,1,1,1,1,1,2,2,2,2,2,2
baseline_esm2,2,Q3C1G0,0,0,0,0,0,0,1,1,1,1,1,1,1,1,1,1,1,1
baseline_esm2,2,Q3E880,0,0,0,0,0,1,1,1,1,1,1,0,1,1,1,1,1,0
baseline_esm2,2,Q3ECM0,0,1,1,1,1,1,4,3,3,3,3,3,4,3,3,3,3,3
baseline_esm2,2,Q3M4K0,0,0,0,0,0,0,1,1,1,1,1,1,2,2,2,2,2,2
baseline_esm2,2,Q3T0P5,0,0,0,1,1,1,2,2,2,1,1,1,1,1,1,0,0,0
baseline_esm2,2,Q3YEE9,0,0,2,2,2,2,2,2,0,0,0,0,2,2,0,0,0,0
baseline_esm2,2,Q3YEG9,0,0,0,1,2,2,2,2,2,1,0,0,2,2,2,1,0,0
baseline_esm2,2,Q3YEH0,0,0,1,2,2,2,2,2,1,0,0,0,2,2,1,0,0,0
baseline_esm2,2,Q3YEH1,1,1,1,2,2,2,1,1,1,0,0,0,1,1,1,0,0,0
baseline_esm2,2,Q3YEH2,2,2,2,2,2,2,0,0,0,0,0,0,0,0,0,0,0,0
baseline_esm2,2,Q3YEH4,0,0,0,1,2,2,2,2,2,1,0,0,2,2,2,1,0,0
baseline_esm2,2,Q3YEH5,0,2,2,2,2,2,2,0,0,0,0,0,2,0,0,0,0,0
baseline_esm2,2,Q3YEH6,1,2,2,2,2,2,1,0,0,0,0,0,1,0,0,0,0,0
baseline_esm2,2,Q3YEH7,1,1,2,2,2,2,1,1,0,0,0,0,1,1,0,0,0,0
baseline_esm2,2,Q3ZD69,0,0,0,0,0,0,1,1,1,1,1,1,0,0,0,0,0,0
baseline_esm2,2,Q3ZJ18,0,0,0,0,0,0,1,1,1,1,1,1,1,1,1,1,1,1
baseline_esm2,2,Q41142,0,0,0,0,0,0,1,1,1,1,1,1,1,1,1,1,1,1
baseline_esm2,2,Q43007,0,0,0,0,0,0,1,1,1,1,1,1,1,1,1,1,1,1
baseline_esm2,2,Q46HA2,0,0,0,0,0,0,1,1,1,1,1,1,1,1,1,1,1,1
baseline_esm2,2,Q49L15,0,0,0,0,0,0,1,1,1,1,1,1,1,1,1,1,1,1
baseline_esm2,2,Q4G3C7,0,0,0,1,1,1,1,1,1,0,0,0,1,1,1,0,0,0
baseline_esm2,2,Q4GWU5,0,0,0,0,0,0,2,2,2,2,2,2,1,1,1,1,1,1
baseline_esm2,2,Q4QXT9,0,1,1,1,1,1,1,0,0,0,0,0,1,0,0,0,0,0
baseline_esm2,2,Q4V3D2,1,1,1,1,1,1,0,0,0,0,0,0,1,1,1,1,1,1
baseline_esm2,2,Q4VZQ0,0,0,0,0,0,0,1,1,1,1,1,1,1,1,1,1,1,1
baseline_esm2,2,Q4ZFU1,0,0,0,0,0,0,1,1,1,1,1,1,0,0,0,0,0,0
baseline_esm2,2,Q4ZFU2,0,0,0,0,0,0,1,1,1,1,1,1,0,0,0,0,0,0
baseline_esm2,2,Q51822,1,1,1,1,1,1,0,0,0,0,0,0,0,0,0,0,0,0
baseline_esm2,2,Q51825,0,1,1,1,1,1,1,0,0,0,0,0,1,0,0,0,0,0
baseline_esm2,2,Q51826,0,1,1,1,1,1,1,0,0,0,0,0,1,0,0,0,0,0
baseline_esm2,2,Q51827,1,1,1,1,1,1,0,0,0,0,0,0,0,0,0,0,0,0
baseline_esm2,2,Q54LM2,0,1,1,1,1,1,1,0,0,0,0,0,1,0,0,0,0,0
baseline_esm2,2,Q56P17,0,0,0,0,0,0,1,1,1,1,1,1,1,1,1,1,1,1
baseline_esm2,2,Q56VR3,1,1,1,1,1,1,1,1,1,1,1,1,1,1,1,1,1,1
baseline_esm2,2,Q589B1,0,0,0,0,0,0,1,1,1,1,1,1,1,1,1,1,1,1
baseline_esm2,2,Q58L93,0,0,1,1,1,1,2,2,1,1,1,1,1,1,0,0,0,0
baseline_esm2,2,Q58L94,0,0,1,1,1,1,2,2,1,1,1,1,1,1,0,0,0,0
baseline_esm2,2,Q58L95,0,0,1,1,1,1,2,2,1,1,1,1,1,1,0,0,0,0
baseline_esm2,2,Q58L96,0,0,1,1,1,1,2,2,1,1,1,1,1,1,0,0,0,0
baseline_esm2,2,Q59L96,1,1,1,1,1,1,0,0,0,0,0,0,0,0,0,0,0,0
baseline_esm2,2,Q59UP6,1,1,1,1,1,1,0,0,0,0,0,0,0,0,0,0,0,0
baseline_esm2,2,Q59UT4,0,1,1,1,1,1,1,0,0,0,0,0,1,0,0,0,0,0
baseline_esm2,2,Q59UT5,0,0,1,1,1,1,1,1,0,0,0,0,1,1,0,0,0,0
baseline_esm2,2,Q59VW6,0,0,0,0,0,0,1,1,1,1,1,1,1,1,1,1,1,1
baseline_esm2,2,Q5A1A9,0,1,1,1,1,1,1,0,0,0,0,0,1,0,0,0,0,0
baseline_esm2,2,Q5AA33,0,0,0,0,0,0,1,1,1,1,1,1,1,1,1,1,1,1
baseline_esm2,2,Q5ABW2,1,1,1,1,1,1,0,0,0,0,0,0,0,0,0,0,0,0
baseline_esm2,2,Q5AFN8,0,1,1,1,1,1,1,0,0,0,0,0,1,0,0,0,0,0
baseline_esm2,2,Q5AGC4,1,1,1,1,1,1,0,0,0,0,0,0,0,0,0,0,0,0
baseline_esm2,2,Q5AHE8,0,1,1,1,1,1,1,0,0,0,0,0,1,0,0,0,0,0
baseline_esm2,2,Q5AJY5,0,1,1,1,1,1,1,0,0,0,0,0,1,0,0,0,0,0
baseline_esm2,2,Q5AK97,0,0,1,1,1,1,1,1,0,0,0,0,1,1,0,0,0,0
baseline_esm2,2,Q5AMF7,0,0,1,1,1,1,1,1,0,0,0,0,2,2,1,1,1,1
baseline_esm2,2,Q5CZK2,1,1,1,1,1,1,1,1,1,1,1,1,2,2,2,2,2,2
baseline_esm2,2,Q5CZK5,2,2,2,2,2,2,0,0,0,0,0,0,1,1,1,1,1,1
baseline_esm2,2,Q5DW47,2,2,2,2,2,2,1,1,1,1,1,1,0,0,0,0,0,0
baseline_esm2,2,Q5F1N4,0,1,1,1,1,1,1,0,0,0,0,0,2,1,1,1,1,1
baseline_esm2,2,Q5G8A6,0,0,0,0,0,0,1,1,1,1,1,1,2,2,2,2,2,2
baseline_esm2,2,Q5I4E5,1,1,1,1,1,1,0,0,0,0,0,0,1,1,1,1,1,1
baseline_esm2,2,Q5I4E6,1,1,1,1,1,1,1,1,1,1,1,1,0,0,0,0,0,0
baseline_esm2,2,Q5IS54,0,0,0,0,1,1,2,2,2,2,1,1,2,2,2,2,1,1
baseline_esm2,2,Q5IS99,0,0,0,0,0,0,2,2,2,2,2,2,1,1,1,1,1,1
baseline_esm2,2,Q5R790,0,0,0,0,0,0,1,1,1,1,1,1,0,0,0,0,0,0
baseline_esm2,2,Q5R8J0,1,1,1,1,1,1,0,0,0,0,0,0,0,0,0,0,0,0
baseline_esm2,2,Q5SC59,1,1,1,1,1,1,0,0,0,0,0,0,1,1,1,1,1,1
baseline_esm2,2,Q5SC60,1,1,1,1,1,1,0,0,0,0,0,0,1,1,1,1,1,1
baseline_esm2,2,Q5SCX1,0,0,0,0,0,0,1,1,1,1,1,1,2,2,2,2,2,2
baseline_esm2,2,Q5XUW8,0,0,0,0,0,0,1,1,1,1,1,1,0,0,0,0,0,0
baseline_esm2,2,Q5Y4U4,0,0,1,1,1,1,1,1,0,0,0,0,2,2,1,1,1,1
baseline_esm2,2,Q60136,0,0,0,0,0,0,1,1,1,1,1,1,2,2,2,2,2,2
baseline_esm2,2,Q60431,0,0,0,0,0,0,2,2,2,2,2,2,1,1,1,1,1,1
baseline_esm2,2,Q624D2,0,0,1,1,1,1,1,1,0,0,0,0,1,1,0,0,0,0
baseline_esm2,2,Q63064,0,1,1,1,1,1,2,1,1,1,1,1,1,0,0,0,0,0
baseline_esm2,2,Q63198,0,0,0,0,0,1,1,1,1,1,1,0,1,1,1,1,1,0
baseline_esm2,2,Q63207,0,0,0,1,1,1,2,2,2,1,1,1,1,1,1,0,0,0
baseline_esm2,2,Q634M0,0,0,0,0,0,0,1,1,1,1,1,1,1,1,1,1,1,1
baseline_esm2,2,Q64389,1,1,1,1,1,1,1,1,1,1,1,1,0,0,0,0,0,0
baseline_esm2,2,Q65H47,0,0,0,1,1,1,1,1,1,0,0,0,1,1,1,0,0,0
baseline_esm2,2,Q68IP5,2,2,2,2,2,2,0,0,0,0,0,0,0,0,0,0,0,0
baseline_esm2,2,Q68LC0,0,0,0,0,0,0,1,1,1,1,1,1,3,3,3,3,3,3
baseline_esm2,2,Q68S23,0,0,0,0,0,0,1,1,1,1,1,1,1,1,1,1,1,1
baseline_esm2,2,Q68Y22,0,1,1,1,1,2,2,1,1,1,1,0,2,1,1,1,1,0
baseline_esm2,2,Q698K8,0,0,0,0,0,0,1,1,1,1,1,1,0,0,0,0,0,0
baseline_esm2,2,Q6B8V0,0,0,0,0,0,0,1,1,1,1,1,1,0,0,0,0,0,0
baseline_esm2,2,Q6ENJ4,0,0,0,0,0,0,1,1,1,1,1,1,2,2,2,2,2,2
baseline_esm2,2,Q6ENY5,0,0,0,0,0,0,1,1,1,1,1,1,2,2,2,2,2,2
baseline_esm2,2,Q6EW65,0,0,0,0,0,0,1,1,1,1,1,1,1,1,1,1,1,1
baseline_esm2,2,Q6GUL6,0,0,0,0,0,0,1,1,1,1,1,1,3,3,3,3,3,3
baseline_esm2,2,Q6HDK0,0,0,0,0,0,0,1,1,1,1,1,1,1,1,1,1,1,1
baseline_esm2,2,Q6IVA5,0,0,0,0,0,0,1,1,1,1,1,1,3,3,3,3,3,3
baseline_esm2,2,Q6IWB1,1,1,1,1,1,1,0,0,0,0,0,0,0,0,0,0,0,0
baseline_esm2,2,Q6JLX1,0,0,0,0,0,0,1,1,1,1,1,1,3,3,3,3,3,3
baseline_esm2,2,Q6JQN2,2,2,2,2,2,2,0,0,0,0,0,0,0,0,0,0,0,0
baseline_esm2,2,Q6L3B3,0,0,0,0,0,0,1,1,1,1,1,1,2,2,2,2,2,2
baseline_esm2,2,Q6M0N7,1,1,1,1,1,1,0,0,0,0,0,0,0,0,0,0,0,0
baseline_esm2,2,Q6NKW9,1,1,1,1,1,1,0,0,0,0,0,0,0,0,0,0,0,0
baseline_esm2,2,Q6PN80,0,0,0,0,0,0,2,2,2,2,2,2,2,2,2,2,2,2
baseline_esm2,2,Q6PN81,1,1,2,2,2,2,1,1,0,0,0,0,1,1,0,0,0,0
baseline_esm2,2,Q6PN82,2,2,2,2,2,2,0,0,0,0,0,0,0,0,0,0,0,0
baseline_esm2,2,Q6PN83,0,1,1,2,2,2,2,1,1,0,0,0,2,1,1,0,0,0
baseline_esm2,2,Q6PN84,0,1,1,2,2,2,2,1,1,0,0,0,2,1,1,0,0,0
baseline_esm2,2,Q6PN85,1,1,1,2,2,2,1,1,1,0,0,0,1,1,1,0,0,0
baseline_esm2,2,Q6PN86,1,1,1,2,2,2,1,1,1,0,0,0,1,1,1,0,0,0
baseline_esm2,2,Q6PPB3,0,1,1,1,1,1,2,1,1,1,1,1,2,1,1,1,1,1
baseline_esm2,2,Q6PTD1,1,2,2,2,2,2,1,0,0,0,0,0,1,0,0,0,0,0
baseline_esm2,2,Q6PTD4,1,1,2,2,2,2,1,1,0,0,0,0,1,1,0,0,0,0
baseline_esm2,2,Q6PTD5,0,0,0,0,0,0,2,2,2,2,2,2,1,1,1,1,1,1
baseline_esm2,2,Q6PTD6,2,2,2,2,2,2,0,0,0,0,0,0,0,0,0,0,0,0
baseline_esm2,2,Q6PTD7,0,1,1,1,1,1,2,1,1,1,1,1,2,1,1,1,1,1
baseline_esm2,2,Q6RY98,0,0,0,0,0,0,15,15,15,15,15,15,10,10,10,10,10,10
baseline_esm2,2,Q6SA95,0,0,0,1,1,1,2,2,2,1,1,1,2,2,2,1,1,1
baseline_esm2,2,Q6T271,0,0,0,0,0,0,1,1,1,1,1,1,0,0,0,0,0,0
baseline_esm2,2,Q6UWN0,0,1,1,1,1,1,1,0,0,0,0,0,1,0,0,0,0,0
baseline_esm2,2,Q6YXN4,0,0,0,0,0,0,1,1,1,1,1,1,1,1,1,1,1,1
baseline_esm2,2,Q70XC3,0,0,0,0,0,0,2,2,2,2,2,2,3,3,3,3,3,3
baseline_esm2,2,Q70Y14,0,0,0,0,0,0,1,1,1,1,1,1,1,1,1,1,1,1
baseline_esm2,2,Q730L4,0,0,0,0,0,0,1,1,1,1,1,1,1,1,1,1,1,1
baseline_esm2,2,Q79AV1,0,0,0,0,0,0,1,1,1,1,1,1,1,1,1,1,1,1
baseline_esm2,2,Q7M6Z0,0,0,1,1,1,1,1,1,0,0,0,0,1,1,0,0,0,0
baseline_esm2,2,Q7SZD9,0,0,0,0,0,0,1,1,1,1,1,1,0,0,0,0,0,0
baseline_esm2,2,Q7SZE0,0,0,0,0,0,0,1,1,1,1,1,1,0,0,0,0,0,0
baseline_esm2,2,Q7U9L1,0,0,0,0,0,0,1,1,1,1,1,1,1,1,1,1,1,1
baseline_esm2,2,Q7V323,0,0,0,0,0,0,1,1,1,1,1,1,2,2,2,2,2,2
baseline_esm2,2,Q7V4T1,0,0,0,0,0,0,1,1,1,1,1,1,1,1,1,1,1,1
baseline_esm2,2,Q7VDR4,0,0,0,0,0,0,1,1,1,1,1,1,1,1,1,1,1,1
baseline_esm2,2,Q7YJY5,0,0,0,0,0,0,1,1,1,1,1,1,1,1,1,1,1,1
baseline_esm2,2,Q7YZS9,1,1,1,1,1,1,0,0,0,0,0,0,0,0,0,0,0,0
baseline_esm2,2,Q7Z090,0,0,1,1,1,1,1,1,0,0,0,0,2,2,1,1,1,1
baseline_esm2,2,Q7Z1Y7,0,0,0,0,0,0,1,1,1,1,1,1,1,1,1,1,1,1
baseline_esm2,2,Q7ZZS9,0,0,0,0,0,0,1,1,1,1,1,1,0,0,0,0,0,0
baseline_esm2,2,Q804X6,0,0,1,1,1,1,2,2,1,1,1,1,2,2,1,1,1,1
baseline_esm2,2,Q805F4,0,0,0,0,0,0,1,1,1,1,1,1,0,0,0,0,0,0
baseline_esm2,2,Q805F6,0,0,0,0,0,0,1,1,1,1,1,1,0,0,0,0,0,0
baseline_esm2,2,Q80WD0,1,1,1,1,1,1,0,0,0,0,0,0,0,0,0,0,0,0
baseline_esm2,2,Q80WD1,0,0,0,0,0,0,1,1,1,1,1,1,1,1,1,1,1,1
baseline_esm2,2,Q812G9,0,2,2,2,2,2,2,0,0,0,0,0,2,0,0,0,0,0
baseline_esm2,2,Q818E2,0,0,0,0,0,0,1,1,1,1,1,1,1,1,1,1,1,1
baseline_esm2,2,Q81LR5,0,0,0,0,0,0,1,1,1,1,1,1,1,1,1,1,1,1
baseline_esm2,2,Q85BB6,0,0,0,0,0,0,1,1,1,1,1,1,2,2,2,2,2,2
baseline_esm2,2,Q85FN7,0,0,0,0,0,0,1,1,1,1,1,1,2,2,2,2,2,2
baseline_esm2,2,Q85FY2,0,0,0,0,0,0,1,1,1,1,1,1,2,2,2,2,2,2
baseline_esm2,2,Q85X72,0,0,0,0,0,0,1,1,1,1,1,1,2,2,2,2,2,2
baseline_esm2,2,Q86N75,1,1,1,1,1,1,0,0,0,0,0,0,1,1,1,1,1,1
baseline_esm2,2,Q86RB2,0,0,0,0,0,0,1,1,1,1,1,1,1,1,1,1,1,1
baseline_esm2,2,Q86UN2,1,1,1,1,1,1,0,0,0,0,0,0,0,0,0,0,0,0
baseline_esm2,2,Q86UN3,0,0,0,0,0,0,1,1,1,1,1,1,1,1,1,1,1,1
baseline_esm2,2,Q877A8,0,0,0,0,0,0,1,1,1,1,1,1,1,1,1,1,1,1
baseline_esm2,2,Q8BFS3,2,2,2,2,2,2,0,0,0,0,0,0,1,1,1,1,1,1
baseline_esm2,2,Q8BG41,1,1,1,1,1,1,0,0,0,0,0,0,0,0,0,0,0,0
baseline_esm2,2,Q8BVP6,0,1,1,1,1,1,1,0,0,0,0,0,1,0,0,0,0,0
baseline_esm2,2,Q8CHK2,2,2,2,2,2,2,0,0,0,0,0,0,1,1,1,1,1,1
baseline_esm2,2,Q8CJY7,0,0,1,1,1,1,1,1,0,0,0,0,3,3,2,2,2,2
baseline_esm2,2,Q8CXC9,0,0,0,0,1,1,1,1,1,1,0,0,1,1,1,1,0,0
baseline_esm2,2,Q8I912,1,1,1,1,1,1,0,0,0,0,0,0,0,0,0,0,0,0
baseline_esm2,2,Q8I913,0,0,0,1,1,1,1,1,1,0,0,0,1,1,1,0,0,0
baseline_esm2,2,Q8I914,0,0,0,1,1,1,1,1,1,0,0,0,1,1,1,0,0,0
baseline_esm2,2,Q8IDN0,0,1,1,1,1,1,1,0,0,0,0,0,1,0,0,0,0,0
baseline_esm2,2,Q8IS98,0,0,0,0,0,1,1,1,1,1,1,0,2,2,2,2,2,1
baseline_esm2,2,Q8IVL8,1,1,1,1,1,1,0,0,0,0,0,0,1,1,1,1,1,1
baseline_esm2,2,Q8JIM3,4,4,4,4,4,4,2,2,2,2,2,2,2,2,2,2,2,2
baseline_esm2,2,Q8JJ51,0,0,0,0,0,0,1,1,1,1,1,1,0,0,0,0,0,0
baseline_esm2,2,Q8K0S5,1,1,1,1,1,1,0,0,0,0,0,0,0,0,0,0,0,0
baseline_esm2,2,Q8K3U6,0,1,1,1,1,1,1,0,0,0,0,0,2,1,1,1,1,1
baseline_esm2,2,Q8K4P1,0,0,0,0,0,0,1,1,1,1,1,1,1,1,1,1,1,1
baseline_esm2,2,Q8K4P2,0,0,0,0,0,0,1,1,1,1,1,1,2,2,2,2,2,2
baseline_esm2,2,Q8LW54,0,1,1,1,1,1,2,1,1,1,1,1,1,0,0,0,0,0
baseline_esm2,2,Q8MA00,0,0,0,0,0,0,1,1,1,1,1,1,1,1,1,1,1,1
baseline_esm2,2,Q8MJC3,0,0,0,0,0,0,2,2,2,2,2,2,1,1,1,1,1,1
baseline_esm2,2,Q8MJU1,0,0,0,0,1,1,2,2,2,2,1,1,2,2,2,2,1,1
baseline_esm2,2,Q8MJV4,0,1,1,1,1,1,1,0,0,0,0,0,2,1,1,1,1,1
baseline_esm2,2,Q8MKI5,0,0,0,0,0,0,2,2,2,2,2,2,1,1,1,1,1,1
baseline_esm2,2,Q8MMJ7,2,2,2,2,2,2,0,0,0,0,0,0,0,0,0,0,0,0
baseline_esm2,2,Q8MTX2,2,2,2,2,2,2,0,0,0,0,0,0,0,0,0,0,0,0
baseline_esm2,2,Q8N6Q3,1,1,1,1,1,1,0,0,0,0,0,0,0,0,0,0,0,0
baseline_esm2,2,Q8NG41,0,0,0,0,0,0,1,1,1,1,1,1,1,1,1,1,1,1
baseline_esm2,2,Q8QG89,0,0,0,0,0,0,1,1,1,1,1,1,0,0,0,0,0,0
baseline_esm2,2,Q8RB77,0,0,0,0,0,0,1,1,1,1,1,1,0,0,0,0,0,0
baseline_esm2,2,Q8S8Y4,0,0,0,0,0,0,1,1,1,1,1,1,1,1,1,1,1,1
baseline_esm2,2,Q8SQ23,0,1,1,1,1,1,1,0,0,0,0,0,1,0,0,0,0,0
baseline_esm2,2,Q8SWI4,0,0,0,0,0,0,1,1,1,1,1,1,1,1,1,1,1,1
baseline_esm2,2,Q8T9R8,0,1,1,1,1,1,1,0,0,0,0,0,1,0,0,0,0,0
baseline_esm2,2,Q8UUG0,1,2,2,2,2,2,1,0,0,0,0,0,1,0,0,0,0,0
baseline_esm2,2,Q8UUG2,1,2,2,2,2,2,1,0,0,0,0,0,1,0,0,0,0,0
baseline_esm2,2,Q8WI34,0,0,0,0,0,0,1,1,1,1,1,1,2,2,2,2,2,2
baseline_esm2,2,Q8WPU1,0,1,1,1,1,1,1,0,0,0,0,0,1,0,0,0,0,0
baseline_esm2,2,Q8WXF3,2,2,2,2,2,2,0,0,0,0,0,0,1,1,1,1,1,1
baseline_esm2,2,Q8XIS3,0,0,1,1,1,1,1,1,0,0,0,0,1,1,0,0,0,0
baseline_esm2,2,Q8YYG5,0,0,0,0,0,0,1,1,1,1,1,1,2,2,2,2,2,2
baseline_esm2,2,Q90325,0,0,0,0,0,0,1,1,1,1,1,1,3,3,3,3,3,3
baseline_esm2,2,Q90326,0,0,0,0,0,0,1,1,1,1,1,1,3,3,3,3,3,3
baseline_esm2,2,Q90391,0,0,0,0,0,0,1,1,1,1,1,1,0,0,0,0,0,0
baseline_esm2,2,Q90392,0,0,0,0,0,0,1,1,1,1,1,1,0,0,0,0,0,0
baseline_esm2,2,Q90VW7,0,0,0,0,0,0,2,2,2,2,2,2,2,2,2,2,2,2
baseline_esm2,2,Q90WC0,0,0,0,0,0,0,1,1,1,1,1,1,0,0,0,0,0,0
baseline_esm2,2,Q90YA6,0,0,0,0,0,0,1,1,1,1,1,1,0,0,0,0,0,0
baseline_esm2,2,Q90ZX8,0,0,0,2,2,2,2,2,2,0,0,0,2,2,2,0,0,0
baseline_esm2,2,Q90ZY0,0,0,0,2,2,2,2,2,2,0,0,0,2,2,2,0,0,0
baseline_esm2,2,Q92405,0,0,0,0,0,0,1,1,1,1,1,1,1,1,1,1,1,1
baseline_esm2,2,Q93R80,0,1,1,1,1,1,1,0,0,0,0,0,1,0,0,0,0,0
baseline_esm2,2,Q93V72,1,1,1,1,1,1,0,0,0,0,0,0,0,0,0,0,0,0
baseline_esm2,2,Q93Z08,0,1,1,1,1,1,1,0,0,0,0,0,1,0,0,0,0,0
baseline_esm2,2,Q95222,0,0,0,0,0,0,1,1,1,1,1,1,3,3,3,3,3,3
baseline_esm2,2,Q95ND5,0,0,0,0,0,0,2,2,2,2,2,2,1,1,1,1,1,1
baseline_esm2,2,Q95ND7,1,1,1,1,1,1,1,1,1,1,1,1,1,1,1,1,1,1
baseline_esm2,2,Q96316,1,1,1,1,1,1,0,0,0,0,0,0,0,0,0,0,0,0
baseline_esm2,2,Q96PL2,0,0,0,1,1,1,1,1,1,0,0,0,1,1,1,0,0,0
baseline_esm2,2,Q97JJ9,0,0,1,1,1,1,1,1,0,0,0,0,1,1,0,0,0,0
baseline_esm2,2,Q98995,0,0,0,0,0,0,1,1,1,1,1,1,0,0,0,0,0,0
baseline_esm2,2,Q98SP2,0,0,0,0,0,0,1,1,1,1,1,1,0,0,0,0,0,0
baseline_esm2,2,Q99013,0,0,0,0,0,1,1,1,1,1,1,0,2,2,2,2,2,1
baseline_esm2,2,Q99219,0,0,0,0,0,0,1,1,1,1,1,1,0,0,0,0,0,0
baseline_esm2,2,Q99M75,1,1,1,1,1,1,0,0,0,0,0,0,0,0,0,0,0,0
baseline_esm2,2,Q99PI8,1,1,1,1,1,1,0,0,0,0,0,0,0,0,0,0,0,0
baseline_esm2,2,Q9AVB0,0,1,1,1,2,2,2,1,1,1,0,0,8,7,7,7,6,6
baseline_esm2,2,Q9AYP9,0,1,1,2,2,2,2,1,1,0,0,0,5,4,4,3,3,3
baseline_esm2,2,Q9BBS2,0,0,0,0,0,0,1,1,1,1,1,1,2,2,2,2,2,2
baseline_esm2,2,Q9BDB7,0,0,0,0,0,0,1,1,1,1,1,1,0,0,0,0,0,0
baseline_esm2,2,Q9BH21,0,2,2,2,2,2,2,0,0,0,0,0,2,0,0,0,0,0
baseline_esm2,2,Q9BH75,0,2,2,2,2,2,2,0,0,0,0,0,2,0,0,0,0,0
baseline_esm2,2,Q9BH79,0,0,0,0,0,0,2,2,2,2,2,2,2,2,2,2,2,2
baseline_esm2,2,Q9BH81,1,1,1,2,2,2,1,1,1,0,0,0,1,1,1,0,0,0
baseline_esm2,2,Q9BH86,0,2,2,2,2,2,2,0,0,0,0,0,2,0,0,0,0,0
baseline_esm2,2,Q9BHA6,0,2,2,2,2,2,2,0,0,0,0,0,2,0,0,0,0,0
baseline_esm2,2,Q9BMP8,1,1,1,1,1,1,0,0,0,0,0,0,0,0,0,0,0,0
baseline_esm2,2,Q9BP43,0,0,1,1,1,1,1,1,0,0,0,0,1,1,0,0,0,0
baseline_esm2,2,Q9BP46,0,0,0,0,0,0,2,2,2,2,2,2,2,2,2,2,2,2
baseline_esm2,2,Q9BP47,0,1,1,1,1,1,1,0,0,0,0,0,2,1,1,1,1,1
baseline_esm2,2,Q9BP51,0,2,2,2,2,2,2,0,0,0,0,0,2,0,0,0,0,0
baseline_esm2,2,Q9BP53,1,1,2,2,2,2,1,1,0,0,0,0,1,1,0,0,0,0
baseline_esm2,2,Q9BP56,1,2,2,2,2,2,1,0,0,0,0,0,1,0,0,0,0,0
baseline_esm2,2,Q9BPD1,1,1,2,2,2,2,1,1,0,0,0,0,1,1,0,0,0,0
baseline_esm2,2,Q9BPD2,0,0,0,0,0,0,2,2,2,2,2,2,2,2,2,2,2,2
baseline_esm2,2,Q9BPD3,1,1,2,2,2,2,1,1,0,0,0,0,1,1,0,0,0,0
baseline_esm2,2,Q9BPD4,1,1,2,2,2,2,1,1,0,0,0,0,1,1,0,0,0,0
baseline_esm2,2,Q9BPD5,1,1,2,2,2,2,1,1,0,0,0,0,1,1,0,0,0,0
baseline_esm2,2,Q9BPD6,1,1,2,2,2,2,1,1,0,0,0,0,1,1,0,0,0,0
baseline_esm2,2,Q9BPD7,0,0,0,0,0,0,2,2,2,2,2,2,2,2,2,2,2,2
baseline_esm2,2,Q9BPD9,0,0,0,0,0,0,2,2,2,2,2,2,2,2,2,2,2,2
baseline_esm2,2,Q9BPE0,0,1,1,1,1,2,2,1,1,1,1,0,2,1,1,1,1,0
baseline_esm2,2,Q9BPE1,0,0,0,0,0,0,2,2,2,2,2,2,2,2,2,2,2,2
baseline_esm2,2,Q9BPE2,0,2,2,2,2,2,2,0,0,0,0,0,2,0,0,0,0,0
baseline_esm2,2,Q9BPE3,1,2,2,2,2,2,1,0,0,0,0,0,1,0,0,0,0,0
baseline_esm2,2,Q9BPE4,1,2,2,2,2,2,1,0,0,0,0,0,1,0,0,0,0,0
baseline_esm2,2,Q9BPE5,1,2,2,2,2,2,1,0,0,0,0,0,1,0,0,0,0,0
baseline_esm2,2,Q9BPE6,1,2,2,2,2,2,1,0,0,0,0,0,1,0,0,0,0,0
baseline_esm2,2,Q9BPE7,0,1,2,2,2,2,2,1,0,0,0,0,2,1,0,0,0,0
baseline_esm2,2,Q9BPE9,1,2,2,2,2,2,1,0,0,0,0,0,1,0,0,0,0,0
baseline_esm2,2,Q9BPF1,1,1,2,2,2,2,1,1,0,0,0,0,1,1,0,0,0,0
baseline_esm2,2,Q9BPF2,2,2,2,2,2,2,0,0,0,0,0,0,0,0,0,0,0,0
baseline_esm2,2,Q9BPF3,0,2,2,2,2,2,2,0,0,0,0,0,2,0,0,0,0,0
baseline_esm2,2,Q9BPF4,0,0,0,0,1,2,2,2,2,2,1,0,2,2,2,2,1,0
baseline_esm2,2,Q9BPF5,0,1,2,2,2,2,2,1,0,0,0,0,2,1,0,0,0,0
baseline_esm2,2,Q9BPF7,0,2,2,2,2,2,2,0,0,0,0,0,2,0,0,0,0,0
baseline_esm2,2,Q9BPF9,1,2,2,2,2,2,1,0,0,0,0,0,1,0,0,0,0,0
baseline_esm2,2,Q9BPG0,2,2,2,2,2,2,0,0,0,0,0,0,0,0,0,0,0,0
baseline_esm2,2,Q9BPG1,1,2,2,2,2,2,1,0,0,0,0,0,1,0,0,0,0,0
baseline_esm2,2,Q9BPG2,0,0,0,0,0,0,2,2,2,2,2,2,2,2,2,2,2,2
baseline_esm2,2,Q9BPG5,0,2,2,2,2,2,2,0,0,0,0,0,2,0,0,0,0,0
baseline_esm2,2,Q9BPG6,0,0,1,2,2,2,2,2,1,0,0,0,2,2,1,0,0,0
baseline_esm2,2,Q9BPG7,1,1,2,2,2,2,1,1,0,0,0,0,1,1,0,0,0,0
baseline_esm2,2,Q9BPG8,0,0,0,0,0,1,2,2,2,2,2,1,2,2,2,2,2,1
baseline_esm2,2,Q9BPH0,1,1,2,2,2,2,1,1,0,0,0,0,1,1,0,0,0,0
baseline_esm2,2,Q9BPH1,1,1,2,2,2,2,1,1,0,0,0,0,1,1,0,0,0,0
baseline_esm2,2,Q9BPH2,0,0,0,0,0,0,2,2,2,2,2,2,2,2,2,2,2,2
baseline_esm2,2,Q9BZR6,1,1,1,1,1,1,0,0,0,0,0,0,0,0,0,0,0,0
baseline_esm2,2,Q9C169,0,0,0,0,0,0,1,1,1,1,1,1,1,1,1,1,1,1
baseline_esm2,2,Q9C7F7,0,0,0,0,0,0,1,1,1,1,1,1,1,1,1,1,1,1
baseline_esm2,2,Q9C9B1,1,1,1,1,1,1,0,0,0,0,0,0,0,0,0,0,0,0
baseline_esm2,2,Q9CQW3,1,1,1,1,1,1,0,0,0,0,0,0,0,0,0,0,0,0
baseline_esm2,2,Q9D3P9,1,3,3,3,3,3,2,0,0,0,0,0,2,0,0,0,0,0
baseline_esm2,2,Q9F1K9,0,0,0,0,0,0,1,1,1,1,1,1,1,1,1,1,1,1
baseline_esm2,2,Q9FGF6,0,1,1,1,1,1,2,1,1,1,1,1,1,0,0,0,0,0
baseline_esm2,2,Q9FGH4,0,1,1,1,1,1,1,0,0,0,0,0,1,0,0,0,0,0
baseline_esm2,2,Q9FNQ2,1,1,1,1,1,1,0,0,0,0,0,0,0,0,0,0,0,0
baseline_esm2,2,Q9FZ86,1,1,1,1,1,1,0,0,0,0,0,0,0,0,0,0,0,0
baseline_esm2,2,Q9FZD0,1,1,1,1,1,1,0,0,0,0,0,0,0,0,0,0,0,0
baseline_esm2,2,Q9GJY2,1,1,1,1,1,1,0,0,0,0,0,0,1,1,1,1,1,1
baseline_esm2,2,Q9GK16,1,1,1,1,1,1,0,0,0,0,0,0,1,1,1,1,1,1
baseline_esm2,2,Q9GLG4,0,0,0,0,0,0,4,4,4,4,4,4,5,5,5,5,5,5
baseline_esm2,2,Q9GLP2,1,1,1,1,1,1,1,1,1,1,1,1,1,1,1,1,1,1
baseline_esm2,2,Q9GQW4,2,2,2,2,2,2,0,0,0,0,0,0,0,0,0,0,0,0
baseline_esm2,2,Q9GSA4,1,1,1,1,1,1,0,0,0,0,0,0,1,1,1,1,1,1
baseline_esm2,2,Q9IAB0,0,0,0,0,0,0,1,1,1,1,1,1,0,0,0,0,0,0
baseline_esm2,2,Q9IAX6,0,0,0,0,0,0,1,1,1,1,1,1,0,0,0,0,0,0
baseline_esm2,2,Q9IAY0,0,0,0,0,0,0,1,1,1,1,1,1,0,0,0,0,0,0
baseline_esm2,2,Q9IAY1,0,0,0,0,0,0,1,1,1,1,1,1,0,0,0,0,0,0
baseline_esm2,2,Q9IAY2,0,0,0,0,0,0,1,1,1,1,1,1,0,0,0,0,0,0
baseline_esm2,2,Q9IAY3,0,0,0,0,0,0,1,1,1,1,1,1,0,0,0,0,0,0
baseline_esm2,2,Q9JM53,0,0,0,0,0,0,1,1,1,1,1,1,0,0,0,0,0,0
baseline_esm2,2,Q9KD78,0,0,0,0,0,0,1,1,1,1,1,1,1,1,1,1,1,1
baseline_esm2,2,Q9M088,0,0,0,1,1,1,1,1,1,0,0,0,1,1,1,0,0,0
baseline_esm2,2,Q9M2G1,0,0,1,1,1,1,1,1,0,0,0,0,1,1,0,0,0,0
baseline_esm2,2,Q9MS55,0,0,0,0,0,0,1,1,1,1,1,1,0,0,0,0,0,0
baseline_esm2,2,Q9MS58,0,0,0,0,0,0,1,1,1,1,1,1,0,0,0,0,0,0
baseline_esm2,2,Q9MS61,0,0,0,0,0,0,1,1,1,1,1,1,2,2,2,2,2,2
baseline_esm2,2,Q9MS64,0,0,0,0,0,0,1,1,1,1,1,1,2,2,2,2,2,2
baseline_esm2,2,Q9MS67,0,0,0,0,0,0,1,1,1,1,1,1,1,1,1,1,1,1
baseline_esm2,2,Q9MS70,0,0,0,0,0,0,1,1,1,1,1,1,2,2,2,2,2,2
baseline_esm2,2,Q9MS73,0,0,0,0,0,0,1,1,1,1,1,1,1,1,1,1,1,1
baseline_esm2,2,Q9MS76,0,0,0,0,0,0,1,1,1,1,1,1,2,2,2,2,2,2
baseline_esm2,2,Q9MS79,0,0,0,0,0,0,1,1,1,1,1,1,1,1,1,1,1,1
baseline_esm2,2,Q9MTL6,0,0,0,0,0,0,1,1,1,1,1,1,2,2,2,2,2,2
baseline_esm2,2,Q9MUS0,0,0,0,0,0,0,1,1,1,1,1,1,1,1,1,1,1,1
baseline_esm2,2,Q9N0E3,1,1,1,1,1,1,0,0,0,0,0,0,0,0,0,0,0,0
baseline_esm2,2,Q9N4D8,1,1,1,1,1,1,3,3,3,3,3,3,2,2,2,2,2,2
baseline_esm2,2,Q9N661,0,0,0,0,0,0,1,1,1,1,1,1,2,2,2,2,2,2
baseline_esm2,2,Q9NDE8,18,35,37,38,38,39,28,11,9,8,8,7,26,9,7,6,6,5
baseline_esm2,2,Q9P378,0,1,1,1,1,1,1,0,0,0,0,0,1,0,0,0,0,0
baseline_esm2,2,Q9PVK9,0,0,0,0,0,0,1,1,1,1,1,1,0,0,0,0,0,0
baseline_esm2,2,Q9PW35,0,0,0,0,0,0,1,1,1,1,1,1,0,0,0,0,0,0
baseline_esm2,2,Q9PW36,0,0,0,0,0,0,1,1,1,1,1,1,0,0,0,0,0,0
baseline_esm2,2,Q9PWJ0,0,0,0,0,0,0,1,1,1,1,1,1,0,0,0,0,0,0
baseline_esm2,2,Q9QUG3,1,1,1,1,1,1,0,0,0,0,0,0,0,0,0,0,0,0
baseline_esm2,2,Q9S0W8,0,0,0,0,0,0,1,1,1,1,1,1,1,1,1,1,1,1
baseline_esm2,2,Q9S9K4,0,1,1,1,1,1,1,0,0,0,0,0,2,1,1,1,1,1
baseline_esm2,2,Q9SD84,1,1,1,1,1,1,0,0,0,0,0,0,0,0,0,0,0,0
baseline_esm2,2,Q9SKW7,0,1,3,5,5,5,6,5,3,1,1,1,5,4,2,0,0,0
baseline_esm2,2,Q9SUV6,0,1,1,1,1,1,1,0,0,0,0,0,1,0,0,0,0,0
baseline_esm2,2,Q9TKY7,0,0,0,0,0,0,1,1,1,1,1,1,2,2,2,2,2,2
baseline_esm2,2,Q9TUX7,2,2,2,2,2,2,2,2,2,2,2,2,1,1,1,1,1,1
baseline_esm2,2,Q9TY83,0,0,0,0,0,0,1,1,1,1,1,1,0,0,0,0,0,0
baseline_esm2,2,Q9TY84,0,0,0,0,0,1,1,1,1,1,1,0,1,1,1,1,1,0
baseline_esm2,2,Q9U619,0,1,1,2,2,2,2,1,1,0,0,0,2,1,1,0,0,0
baseline_esm2,2,Q9U6Z5,0,0,0,2,2,2,2,2,2,0,0,0,2,2,2,0,0,0
baseline_esm2,2,Q9U6Z9,1,1,2,2,2,2,1,1,0,0,0,0,1,1,0,0,0,0
baseline_esm2,2,Q9U700,2,2,2,2,2,2,0,0,0,0,0,0,0,0,0,0,0,0
baseline_esm2,2,Q9UKY0,1,1,1,1,1,1,0,0,0,0,0,0,0,0,0,0,0,0
baseline_esm2,2,Q9UV63,0,0,0,0,0,0,1,1,1,1,1,1,0,0,0,0,0,0
baseline_esm2,2,Q9VLK4,1,1,3,3,3,3,2,2,0,0,0,0,2,2,0,0,0,0
baseline_esm2,2,Q9VT50,0,1,1,2,2,2,3,2,2,1,1,1,3,2,2,1,1,1
baseline_esm2,2,Q9VTM6,1,1,1,1,1,1,0,0,0,0,0,0,0,0,0,0,0,0
baseline_esm2,2,Q9VU58,0,0,0,0,0,0,3,3,3,3,3,3,1,1,1,1,1,1
baseline_esm2,2,Q9VVF7,6,6,6,6,6,7,1,1,1,1,1,0,3,3,3,3,3,2
baseline_esm2,2,Q9W7S2,0,0,0,0,0,0,1,1,1,1,1,1,0,0,0,0,0,0
baseline_esm2,2,Q9WUG6,0,1,1,1,1,1,1,0,0,0,0,0,2,1,1,1,1,1
baseline_esm2,2,Q9WVA8,1,1,1,1,1,1,3,3,3,3,3,3,2,2,2,2,2,2
baseline_esm2,2,Q9WVA9,1,1,1,1,1,1,3,3,3,3,3,3,1,1,1,1,1,1
baseline_esm2,2,Q9XZK6,0,0,0,1,2,2,2,2,2,1,0,0,3,3,3,2,1,1
baseline_esm2,2,Q9XZK7,0,1,1,1,2,2,2,1,1,1,0,0,2,1,1,1,0,0
baseline_esm2,2,Q9Y5Q6,2,2,2,2,2,2,0,0,0,0,0,0,1,1,1,1,1,1
baseline_esm2,2,Q9Y7Y7,1,1,1,1,1,1,0,0,0,0,0,0,0,0,0,0,0,0
baseline_esm2,2,Q9YI19,0,0,0,0,0,0,1,1,1,1,1,1,0,0,0,0,0,0
baseline_esm2,2,Q9Z0J1,1,1,1,1,1,1,0,0,0,0,0,0,0,0,0,0,0,0
baseline_esm2,2,Q9Z0X1,0,0,0,0,0,0,1,1,1,1,1,1,0,0,0,0,0,0
baseline_esm2,2,R4JJN6,2,2,2,2,2,2,0,0,0,0,0,0,0,0,0,0,0,0
baseline_esm2,2,R4JNJ5,2,2,2,2,2,2,0,0,0,0,0,0,0,0,0,0,0,0
baseline_esm2,2,R4JQZ0,2,2,2,2,2,2,0,0,0,0,0,0,0,0,0,0,0,0
baseline_esm2,2,R4ZCU1,0,0,1,1,4,4,4,4,3,3,0,0,6,6,5,5,2,2
baseline_esm2,2,S4UJW3,1,1,1,1,1,1,2,2,2,2,2,2,1,1,1,1,1,1
baseline_esm2,2,U4N938,0,0,0,0,0,0,1,1,1,1,1,1,0,0,0,0,0,0
baseline_esm2,2,U5KJC9,0,0,0,0,0,0,1,1,1,1,1,1,1,1,1,1,1,1
baseline_esm2,2,U5KJJ1,0,0,0,0,0,0,1,1,1,1,1,1,1,1,1,1,1,1
baseline_esm2,2,U5KJM4,0,0,0,0,0,0,1,1,1,1,1,1,1,1,1,1,1,1
baseline_esm2,2,U5KJM6,0,0,0,0,0,0,1,1,1,1,1,1,1,1,1,1,1,1
baseline_esm2,2,U5KJT7,0,0,1,1,1,1,1,1,0,0,0,0,1,1,0,0,0,0
baseline_esm2,2,U5KJZ2,0,0,0,0,0,0,1,1,1,1,1,1,1,1,1,1,1,1
baseline_esm2,2,W8GNV3,0,2,2,2,2,2,2,0,0,0,0,0,2,0,0,0,0,0
baseline_esm2,2,X5I9Y2,0,2,2,2,2,2,2,0,0,0,0,0,2,0,0,0,0,0
baseline_esm2,2,X5I9Z2,2,2,2,2,2,2,0,0,0,0,0,0,0,0,0,0,0,0
baseline_esm2,2,X5IFZ1,0,0,0,0,0,0,2,2,2,2,2,2,2,2,2,2,2,2
baseline_esm2,5,A0A024SH76,1,1,1,1,1,1,0,0,0,0,0,0,0,0,0,0,0,0
baseline_esm2,5,A0A059J5P2,1,1,1,1,1,1,0,0,0,0,0,0,1,1,1,1,1,1
baseline_esm2,5,A0A084G2W8,0,0,0,0,1,1,1,1,1,1,0,0,2,2,2,2,1,1
baseline_esm2,5,A0A125S9E4,1,1,1,1,1,1,0,0,0,0,0,0,1,1,1,1,1,1
baseline_esm2,5,A0A144LUY5,1,1,1,1,1,1,3,3,3,3,3,3,0,0,0,0,0,0
baseline_esm2,5,A0A144LVL3,0,0,0,0,0,0,4,4,4,4,4,4,1,1,1,1,1,1
baseline_esm2,5,A0A1B0GVD1,0,0,0,0,0,0,1,1,1,1,1,1,1,1,1,1,1,1
baseline_esm2,5,A0A1D0BR67,0,0,1,1,1,1,1,1,0,0,0,0,2,2,1,1,1,1
baseline_esm2,5,A0A1D0BZF5,1,1,1,1,1,1,0,0,0,0,0,0,0,0,0,0,0,0
baseline_esm2,5,A0A1P8VFM2,0,0,0,0,0,0,1,1,1,1,1,1,1,1,1,1,1,1
baseline_esm2,5,A0A384K116,0,1,1,1,1,1,1,0,0,0,0,0,1,0,0,0,0,0
baseline_esm2,5,A0A5C1ZW08,0,0,0,0,0,0,1,1,1,1,1,1,0,0,0,0,0,0
baseline_esm2,5,A0A5C1ZXT8,0,0,0,0,0,0,1,1,1,1,1,1,1,1,1,1,1,1
baseline_esm2,5,A0A5C2A2T2,0,0,0,0,0,0,1,1,1,1,1,1,0,0,0,0,0,0
baseline_esm2,5,A0A6B9L8Y4,0,0,0,0,1,2,2,2,2,2,1,0,2,2,2,2,1,0
baseline_esm2,5,A0AIY9,0,0,1,1,1,1,1,1,0,0,0,0,1,1,0,0,0,0
baseline_esm2,5,A0Q1T6,0,0,0,0,0,0,1,1,1,1,1,1,0,0,0,0,0,0
baseline_esm2,5,A0RJ49,1,1,1,1,1,1,0,0,0,0,0,0,1,1,1,1,1,1
baseline_esm2,5,A0RZB4,1,1,1,1,1,1,0,0,0,0,0,0,2,2,2,2,2,2
baseline_esm2,5,A0ZT93,0,0,0,0,0,0,1,1,1,1,1,1,1,1,1,1,1,1
baseline_esm2,5,A1EC31,1,1,1,1,1,1,0,0,0,0,0,0,0,0,0,0,0,0
baseline_esm2,5,A1JKC3,0,0,0,0,0,0,1,1,1,1,1,1,1,1,1,1,1,1
baseline_esm2,5,A2BDG0,0,0,0,0,0,0,1,1,1,1,1,1,2,2,2,2,2,2
baseline_esm2,5,A2BDG5,1,1,1,1,1,1,0,0,0,0,0,0,1,1,1,1,1,1
baseline_esm2,5,A2BDG9,0,0,1,1,1,1,1,1,0,0,0,0,2,2,1,1,1,1
baseline_esm2,5,A2RLA2,0,0,1,1,1,1,1,1,0,0,0,0,1,1,0,0,0,0
baseline_esm2,5,A2VE33,0,1,1,1,1,1,1,0,0,0,0,0,1,0,0,0,0,0
baseline_esm2,5,A2XHZ9,1,1,1,1,1,1,0,0,0,0,0,0,0,0,0,0,0,0
baseline_esm2,5,A2ZBG5,0,0,0,0,0,1,2,2,2,2,2,1,1,1,1,1,1,0
baseline_esm2,5,A3DBS4,0,0,1,1,1,1,1,1,0,0,0,0,2,2,1,1,1,1
baseline_esm2,5,A3F7X2,0,1,1,1,1,1,1,0,0,0,0,0,1,0,0,0,0,0
baseline_esm2,5,A4TL44,0,0,0,0,0,0,1,1,1,1,1,1,2,2,2,2,2,2
baseline_esm2,5,A4VUF9,1,1,1,1,1,1,0,0,0,0,0,0,1,1,1,1,1,1
baseline_esm2,5,A4W0Q0,1,1,1,1,1,1,0,0,0,0,0,0,1,1,1,1,1,1
baseline_esm2,5,A4XJS7,0,0,0,0,0,1,1,1,1,1,1,0,2,2,2,2,2,1
baseline_esm2,5,A5A6J6,1,1,1,1,1,1,0,0,0,0,0,0,2,2,2,2,2,2
baseline_esm2,5,A5A6P7,1,1,1,1,1,1,0,0,0,0,0,0,0,0,0,0,0,0
baseline_esm2,5,A5A752,0,0,0,0,1,1,1,1,1,1,0,0,1,1,1,1,0,0
baseline_esm2,5,A5I667,0,0,0,0,0,0,1,1,1,1,1,1,0,0,0,0,0,0
baseline_esm2,5,A5ITG9,1,1,1,1,1,1,0,0,0,0,0,0,0,0,0,0,0,0
baseline_esm2,5,A5LHG2,0,0,0,0,0,0,2,2,2,2,2,2,1,1,1,1,1,1
baseline_esm2,5,A5N6K1,0,0,0,0,0,0,1,1,1,1,1,1,1,1,1,1,1,1
baseline_esm2,5,A5VKS3,0,0,0,1,1,1,1,1,1,0,0,0,2,2,2,1,1,1
baseline_esm2,5,A6BM07,0,0,0,0,0,0,1,1,1,1,1,1,0,0,0,0,0,0
baseline_esm2,5,A6LQR8,0,0,0,0,0,0,1,1,1,1,1,1,1,1,1,1,1,1
baseline_esm2,5,A6MFK9,0,0,0,0,0,0,1,1,1,1,1,1,0,0,0,0,0,0
baseline_esm2,5,A6P3B2,17,18,18,18,18,18,1,0,0,0,0,0,3,2,2,2,2,2
baseline_esm2,5,A6QHI7,1,1,1,1,1,1,0,0,0,0,0,0,0,0,0,0,0,0
baseline_esm2,5,A6U2B3,1,1,1,1,1,1,0,0,0,0,0,0,0,0,0,0,0,0
baseline_esm2,5,A6XN32,1,1,1,1,1,1,0,0,0,0,0,0,2,2,2,2,2,2
baseline_esm2,5,A7FFL9,0,0,0,0,0,0,1,1,1,1,1,1,2,2,2,2,2,2
baseline_esm2,5,A7FXU7,0,0,0,0,0,0,1,1,1,1,1,1,0,0,0,0,0,0
baseline_esm2,5,A7GHK3,0,0,0,0,0,0,1,1,1,1,1,1,0,0,0,0,0,0
baseline_esm2,5,A7GTC2,1,1,1,1,1,1,0,0,0,0,0,0,1,1,1,1,1,1
baseline_esm2,5,A7RMN1,0,1,1,1,1,1,1,0,0,0,0,0,1,0,0,0,0,0
baseline_esm2,5,A7X362,1,1,1,1,1,1,0,0,0,0,0,0,0,0,0,0,0,0
baseline_esm2,5,A7Z783,1,1,1,1,1,1,0,0,0,0,0,0,0,0,0,0,0,0
baseline_esm2,5,A8AWF9,0,0,1,1,1,1,1,1,0,0,0,0,2,2,1,1,1,1
baseline_esm2,5,A8D888,0,0,0,0,0,0,1,1,1,1,1,1,1,1,1,1,1,1
baseline_esm2,5,A8FFT0,1,1,1,1,1,1,0,0,0,0,0,0,1,1,1,1,1,1
baseline_esm2,5,A8WU84,3,3,3,3,3,3,0,0,0,0,0,0,0,0,0,0,0,0
baseline_esm2,5,A8Z2H3,1,1,1,1,1,1,0,0,0,0,0,0,0,0,0,0,0,0
baseline_esm2,5,A9KMF6,0,0,0,0,1,1,1,1,1,1,0,0,1,1,1,1,0,0
baseline_esm2,5,A9R3T6,0,0,0,0,0,0,1,1,1,1,1,1,2,2,2,2,2,2
baseline_esm2,5,A9VIR7,1,1,1,1,1,1,0,0,0,0,0,0,1,1,1,1,1,1
baseline_esm2,5,B0BND0,1,1,1,1,1,1,0,0,0,0,0,0,0,0,0,0,0,0
baseline_esm2,5,B0K416,0,0,0,0,0,0,1,1,1,1,1,1,0,0,0,0,0,0
baseline_esm2,5,B0KAC0,0,0,0,0,0,0,1,1,1,1,1,1,0,0,0,0,0,0
baseline_esm2,5,B0TBW5,0,0,0,0,0,0,1,1,1,1,1,1,0,0,0,0,0,0
baseline_esm2,5,B0XZV8,1,1,1,1,1,1,0,0,0,0,0,0,1,1,1,1,1,1
baseline_esm2,5,B0Y665,1,1,1,1,1,1,0,0,0,0,0,0,1,1,1,1,1,1
baseline_esm2,5,B1AIJ8,0,0,1,1,1,1,1,1,0,0,0,0,1,1,0,0,0,0
baseline_esm2,5,B1B6T1,0,0,0,1,1,1,1,1,1,0,0,0,1,1,1,0,0,0
baseline_esm2,5,B1IBP4,0,0,1,1,1,1,1,1,0,0,0,0,2,2,1,1,1,1
baseline_esm2,5,B1ILY6,0,0,0,0,0,0,1,1,1,1,1,1,0,0,0,0,0,0
baseline_esm2,5,B1IQZ3,0,0,0,1,1,1,1,1,1,0,0,0,2,2,2,1,1,1
baseline_esm2,5,B1JR58,0,0,0,0,0,0,1,1,1,1,1,1,2,2,2,2,2,2
baseline_esm2,5,B1KZR4,0,0,0,0,0,0,1,1,1,1,1,1,0,0,0,0,0,0
baseline_esm2,5,B1P1A2,0,1,1,1,1,1,1,0,0,0,0,0,2,1,1,1,1,1
baseline_esm2,5,B1P1A4,1,1,1,1,1,1,1,1,1,1,1,1,1,1,1,1,1,1
baseline_esm2,5,B1P1B6,1,1,1,1,1,2,1,1,1,1,1,0,1,1,1,1,1,0
baseline_esm2,5,B1P1B7,1,1,1,1,1,1,1,1,1,1,1,1,0,0,0,0,0,0
baseline_esm2,5,B1P1B8,1,1,1,1,1,1,1,1,1,1,1,1,0,0,0,0,0,0
baseline_esm2,5,B1P1B9,1,1,1,1,1,1,1,1,1,1,1,1,1,1,1,1,1,1
baseline_esm2,5,B1P1C2,2,2,2,2,2,2,0,0,0,0,0,0,0,0,0,0,0,0
baseline_esm2,5,B1P1C6,1,1,1,1,1,1,1,1,1,1,1,1,1,1,1,1,1,1
baseline_esm2,5,B1P1C7,1,1,1,1,1,1,1,1,1,1,1,1,0,0,0,0,0,0
baseline_esm2,5,B1P1C8,1,1,2,2,2,2,1,1,0,0,0,0,1,1,0,0,0,0
baseline_esm2,5,B1P1D7,1,1,1,1,1,1,1,1,1,1,1,1,0,0,0,0,0,0
baseline_esm2,5,B1P1D8,0,1,1,1,1,1,2,1,1,1,1,1,1,0,0,0,0,0
baseline_esm2,5,B1P1D9,1,1,1,1,1,1,1,1,1,1,1,1,0,0,0,0,0,0
baseline_esm2,5,B1P1E0,1,1,1,1,1,1,1,1,1,1,1,1,0,0,0,0,0,0
baseline_esm2,5,B1P1E1,1,1,1,1,1,1,1,1,1,1,1,1,0,0,0,0,0,0
baseline_esm2,5,B1P1E2,1,1,1,1,1,1,0,0,0,0,0,0,0,0,0,0,0,0
baseline_esm2,5,B1P1E3,1,1,1,1,1,1,1,1,1,1,1,1,0,0,0,0,0,0
baseline_esm2,5,B1P1E4,1,1,1,1,1,1,1,1,1,1,1,1,0,0,0,0,0,0
baseline_esm2,5,B1P1E5,2,2,2,2,2,2,0,0,0,0,0,0,0,0,0,0,0,0
baseline_esm2,5,B1P1E6,2,2,2,2,2,2,0,0,0,0,0,0,0,0,0,0,0,0
baseline_esm2,5,B1P1E7,2,2,2,2,2,2,0,0,0,0,0,0,0,0,0,0,0,0
baseline_esm2,5,B1P1E8,1,2,2,2,2,2,1,0,0,0,0,0,1,0,0,0,0,0
baseline_esm2,5,B1P1F1,2,2,2,2,2,2,0,0,0,0,0,0,0,0,0,0,0,0
baseline_esm2,5,B1P1F3,2,2,2,2,2,2,0,0,0,0,0,0,0,0,0,0,0,0
baseline_esm2,5,B1P1F4,2,2,2,2,2,2,0,0,0,0,0,0,0,0,0,0,0,0
baseline_esm2,5,B1P1F5,1,1,1,1,1,1,1,1,1,1,1,1,1,1,1,1,1,1
baseline_esm2,5,B1P1F6,0,0,0,1,1,1,2,2,2,1,1,1,1,1,1,0,0,0
baseline_esm2,5,B1P1F7,1,1,1,1,1,1,1,1,1,1,1,1,0,0,0,0,0,0
baseline_esm2,5,B1P1F8,0,1,1,1,1,1,2,1,1,1,1,1,2,1,1,1,1,1
baseline_esm2,5,B1P1F9,0,1,1,1,1,1,2,1,1,1,1,1,2,1,1,1,1,1
baseline_esm2,5,B1P1G0,0,2,2,2,2,2,2,0,0,0,0,0,2,0,0,0,0,0
baseline_esm2,5,B1P1G1,1,1,1,1,1,3,2,2,2,2,2,0,2,2,2,2,2,0
baseline_esm2,5,B1P1G2,0,2,2,2,2,2,2,0,0,0,0,0,2,0,0,0,0,0
baseline_esm2,5,B1P1G3,0,2,2,2,2,2,2,0,0,0,0,0,2,0,0,0,0,0
baseline_esm2,5,B1P1G4,0,2,2,2,2,2,2,0,0,0,0,0,2,0,0,0,0,0
baseline_esm2,5,B1P1G5,0,1,2,2,2,2,2,1,0,0,0,0,2,1,0,0,0,0
baseline_esm2,5,B1P1G6,1,1,2,2,2,2,1,1,0,0,0,0,1,1,0,0,0,0
baseline_esm2,5,B1P1H0,1,1,1,1,1,1,0,0,0,0,0,0,1,1,1,1,1,1
baseline_esm2,5,B1P1H1,0,1,1,1,1,1,2,1,1,1,1,1,2,1,1,1,1,1
baseline_esm2,5,B1P1H2,1,2,2,2,2,2,1,0,0,0,0,0,1,0,0,0,0,0
baseline_esm2,5,B1P1H9,0,0,1,1,1,1,2,2,1,1,1,1,1,1,0,0,0,0
baseline_esm2,5,B1P1I1,0,1,1,1,1,1,1,0,0,0,0,0,1,0,0,0,0,0
baseline_esm2,5,B1P1I2,0,1,1,1,1,1,1,0,0,0,0,0,1,0,0,0,0,0
baseline_esm2,5,B1P1I3,0,0,1,1,1,1,1,1,0,0,0,0,1,1,0,0,0,0
baseline_esm2,5,B1P1I4,0,0,1,1,1,1,1,1,0,0,0,0,1,1,0,0,0,0
baseline_esm2,5,B1P1I5,0,0,0,1,1,1,1,1,1,0,0,0,2,2,2,1,1,1
baseline_esm2,5,B1P1I6,0,0,0,1,1,1,1,1,1,0,0,0,2,2,2,1,1,1
baseline_esm2,5,B1VAF3,0,1,1,1,1,1,1,0,0,0,0,0,1,0,0,0,0,0
baseline_esm2,5,B1XF62,0,0,0,1,1,1,1,1,1,0,0,0,2,2,2,1,1,1
baseline_esm2,5,B1YJS1,1,1,1,1,1,1,0,0,0,0,0,0,0,0,0,0,0,0
baseline_esm2,5,B2A6B5,0,0,1,1,1,1,1,1,0,0,0,0,1,1,0,0,0,0
baseline_esm2,5,B2G856,0,0,0,1,1,1,1,1,1,0,0,0,2,2,2,1,1,1
baseline_esm2,5,B2GD71,0,0,0,1,1,1,1,1,1,0,0,0,2,2,2,1,1,1
baseline_esm2,5,B2IQ02,0,0,1,1,1,1,1,1,0,0,0,0,2,2,1,1,1,1
baseline_esm2,5,B2KAB7,0,0,0,0,0,0,1,1,1,1,1,1,2,2,2,2,2,2
baseline_esm2,5,B2MW54,0,0,1,1,1,1,1,1,0,0,0,0,2,2,1,1,1,1
baseline_esm2,5,B2RH57,0,1,1,1,1,1,1,0,0,0,0,0,1,0,0,0,0,0
baseline_esm2,5,B2TK69,0,0,0,0,0,0,1,1,1,1,1,1,1,1,1,1,1,1
baseline_esm2,5,B2V0A7,0,0,0,0,0,0,1,1,1,1,1,1,1,1,1,1,1,1
baseline_esm2,5,B2ZB95,3,3,3,3,3,3,2,2,2,2,2,2,1,1,1,1,1,1
baseline_esm2,5,B2ZB96,2,2,2,2,2,2,3,3,3,3,3,3,2,2,2,2,2,2
baseline_esm2,5,B2ZB98,2,2,2,2,2,2,3,3,3,3,3,3,2,2,2,2,2,2
baseline_esm2,5,B2ZB99,3,3,3,3,3,3,2,2,2,2,2,2,1,1,1,1,1,1
baseline_esm2,5,B2ZBA0,2,2,2,2,2,2,3,3,3,3,3,3,1,1,1,1,1,1
baseline_esm2,5,B2ZBA1,4,4,4,4,4,4,1,1,1,1,1,1,1,1,1,1,1,1
baseline_esm2,5,B3EWM3,0,0,0,0,0,1,1,1,1,1,1,0,1,1,1,1,1,0
baseline_esm2,5,B3FIN4,0,1,1,1,1,1,1,0,0,0,0,0,1,0,0,0,0,0
baseline_esm2,5,B3FIS2,1,1,1,1,1,1,0,0,0,0,0,0,1,1,1,1,1,1
baseline_esm2,5,B3FIS3,1,1,1,1,1,1,0,0,0,0,0,0,1,1,1,1,1,1
baseline_esm2,5,B3FIS4,1,1,1,1,1,1,0,0,0,0,0,0,1,1,1,1,1,1
baseline_esm2,5,B3H587,0,1,1,1,1,1,1,0,0,0,0,0,1,0,0,0,0,0
baseline_esm2,5,B3H5Q2,0,1,1,1,1,1,1,0,0,0,0,0,1,0,0,0,0,0
baseline_esm2,5,B3QZT2,0,0,1,1,1,1,1,1,0,0,0,0,2,2,1,1,1,1
baseline_esm2,5,B4THR7,0,1,1,1,1,1,1,0,0,0,0,0,2,1,1,1,1,1
baseline_esm2,5,B5E4L9,0,0,1,1,1,1,1,1,0,0,0,0,2,2,1,1,1,1
baseline_esm2,5,B5ZB18,0,0,1,1,1,1,1,1,0,0,0,0,1,1,0,0,0,0
baseline_esm2,5,B6DD59,0,1,1,1,1,1,1,0,0,0,0,0,1,0,0,0,0,0
baseline_esm2,5,B6IB31,0,0,0,0,0,0,1,1,1,1,1,1,2,2,2,2,2,2
baseline_esm2,5,B7GIR0,0,0,1,1,1,1,1,1,0,0,0,0,1,1,0,0,0,0
baseline_esm2,5,B7HE75,1,1,1,1,1,1,0,0,0,0,0,0,0,0,0,0,0,0
baseline_esm2,5,B7HQK0,1,1,1,1,1,1,0,0,0,0,0,0,0,0,0,0,0,0
baseline_esm2,5,B7IIV4,1,1,1,1,1,1,0,0,0,0,0,0,1,1,1,1,1,1
baseline_esm2,5,B7JQ28,1,1,1,1,1,1,0,0,0,0,0,0,1,1,1,1,1,1
baseline_esm2,5,B7L5E9,0,0,0,0,0,0,1,1,1,1,1,1,2,2,2,2,2,2
baseline_esm2,5,B7LZY9,0,0,0,0,0,0,1,1,1,1,1,1,2,2,2,2,2,2
baseline_esm2,5,B7M9V0,0,0,0,0,0,0,1,1,1,1,1,1,2,2,2,2,2,2
baseline_esm2,5,B7MV44,0,0,0,0,0,0,1,1,1,1,1,1,2,2,2,2,2,2
baseline_esm2,5,B7NB47,0,0,0,1,1,1,1,1,1,0,0,0,2,2,2,1,1,1
baseline_esm2,5,B7NUP2,0,0,0,0,0,0,1,1,1,1,1,1,2,2,2,2,2,2
baseline_esm2,5,B7URT6,0,0,0,0,0,0,1,1,1,1,1,1,2,2,2,2,2,2
baseline_esm2,5,B8DHK8,0,0,1,1,1,1,1,1,0,0,0,0,1,1,0,0,0,0
baseline_esm2,5,B8FUS1,0,0,1,1,1,1,1,1,0,0,0,0,1,1,0,0,0,0
baseline_esm2,5,B8I178,0,0,1,1,1,1,1,1,0,0,0,0,1,1,0,0,0,0
baseline_esm2,5,B8K1V9,0,0,0,0,0,0,3,3,3,3,3,3,3,3,3,3,3,3
baseline_esm2,5,B8ZPV1,0,0,1,1,1,1,1,1,0,0,0,0,2,2,1,1,1,1
baseline_esm2,5,B9DNE8,0,0,1,1,1,1,1,1,0,0,0,0,1,1,0,0,0,0
baseline_esm2,5,B9DU56,0,0,1,1,1,1,1,1,0,0,0,0,2,2,1,1,1,1
baseline_esm2,5,B9E020,0,0,0,0,0,0,1,1,1,1,1,1,1,1,1,1,1,1
baseline_esm2,5,B9ENM6,1,1,1,1,1,1,0,0,0,0,0,0,0,0,0,0,0,0
baseline_esm2,5,B9IZ18,1,1,1,1,1,1,0,0,0,0,0,0,0,0,0,0,0,0
baseline_esm2,5,B9MRB7,0,0,0,0,0,0,1,1,1,1,1,1,1,1,1,1,1,1
baseline_esm2,5,B9TQX1,0,1,1,1,1,1,1,0,0,0,0,0,1,0,0,0,0,0
baseline_esm2,5,B9TQX2,0,1,1,1,1,1,1,0,0,0,0,0,2,1,1,1,1,1
baseline_esm2,5,B9TQX3,0,1,1,1,1,1,1,0,0,0,0,0,2,1,1,1,1,1
baseline_esm2,5,B9TQX4,0,0,1,1,1,1,1,1,0,0,0,0,1,1,0,0,0,0
baseline_esm2,5,C0HJK2,0,0,0,0,1,1,1,1,1,1,0,0,1,1,1,1,0,0
baseline_esm2,5,C0HJK4,0,0,1,1,1,1,1,1,0,0,0,0,1,1,0,0,0,0
baseline_esm2,5,C0HK27,0,0,0,0,0,0,2,2,2,2,2,2,0,0,0,0,0,0
baseline_esm2,5,C0HKS3,0,0,0,0,0,0,3,3,3,3,3,3,3,3,3,3,3,3
baseline_esm2,5,C0HKS5,0,0,0,0,0,0,3,3,3,3,3,3,3,3,3,3,3,3
baseline_esm2,5,C0HKU2,1,1,1,1,1,1,0,0,0,0,0,0,0,0,0,0,0,0
baseline_esm2,5,C0HL17,7,7,7,7,7,7,0,0,0,0,0,0,0,0,0,0,0,0
baseline_esm2,5,C0M7I0,0,1,1,1,1,1,1,0,0,0,0,0,2,1,1,1,1,1
baseline_esm2,5,C0ME76,0,0,1,1,1,1,1,1,0,0,0,0,1,1,0,0,0,0
baseline_esm2,5,C1BJ98,1,1,1,1,1,1,0,0,0,0,0,0,0,0,0,0,0,0
baseline_esm2,5,C1C7A1,0,0,1,1,1,1,1,1,0,0,0,0,2,2,1,1,1,1
baseline_esm2,5,C1CE94,0,0,1,1,1,1,1,1,0,0,0,0,2,2,1,1,1,1
baseline_esm2,5,C1CKH0,0,0,1,1,1,1,1,1,0,0,0,0,2,2,1,1,1,1
baseline_esm2,5,C1CRK7,0,0,1,1,1,1,1,1,0,0,0,0,2,2,1,1,1,1
baseline_esm2,5,C1ETN9,1,1,1,1,1,1,0,0,0,0,0,0,1,1,1,1,1,1
baseline_esm2,5,C1FVW6,0,0,0,0,0,0,1,1,1,1,1,1,0,0,0,0,0,0
baseline_esm2,5,C1KVI7,0,0,1,1,1,1,1,1,0,0,0,0,1,1,0,0,0,0
baseline_esm2,5,C3L3J4,0,0,0,0,0,0,1,1,1,1,1,1,0,0,0,0,0,0
baseline_esm2,5,C3L6X4,1,1,1,1,1,1,0,0,0,0,0,0,1,1,1,1,1,1
baseline_esm2,5,C3P9C8,1,1,1,1,1,1,0,0,0,0,0,0,1,1,1,1,1,1
baseline_esm2,5,C4L4N3,1,1,1,1,1,1,0,0,0,0,0,0,0,0,0,0,0,0
baseline_esm2,5,C4YMJ3,1,1,1,1,1,1,0,0,0,0,0,0,0,0,0,0,0,0
baseline_esm2,5,C4YNQ5,0,0,0,0,0,0,1,1,1,1,1,1,1,1,1,1,1,1
baseline_esm2,5,C4YSF6,1,1,1,1,1,1,0,0,0,0,0,0,0,0,0,0,0,0
baseline_esm2,5,C4Z9Z8,0,0,0,0,0,0,1,1,1,1,1,1,0,0,0,0,0,0
baseline_esm2,5,C4ZY59,0,0,0,1,1,1,1,1,1,0,0,0,2,2,2,1,1,1
baseline_esm2,5,C5D5G7,0,0,1,1,1,1,1,1,0,0,0,0,1,1,0,0,0,0
baseline_esm2,5,C6EVG7,0,0,0,0,0,1,10,10,10,10,10,9,3,3,3,3,3,2
baseline_esm2,5,C6Y4B5,0,0,0,0,0,0,1,1,1,1,1,1,1,1,1,1,1,1
baseline_esm2,5,D0PX84,0,0,1,1,1,1,1,1,0,0,0,0,2,2,1,1,1,1
baseline_esm2,5,D0PX85,0,0,1,1,1,1,1,1,0,0,0,0,2,2,1,1,1,1
baseline_esm2,5,D2Y1X9,1,1,2,2,2,2,1,1,0,0,0,0,1,1,0,0,0,0
baseline_esm2,5,D2Y1Y0,1,1,2,2,2,2,1,1,0,0,0,0,1,1,0,0,0,0
baseline_esm2,5,D2Y1Y1,1,1,2,2,2,2,1,1,0,0,0,0,1,1,0,0,0,0
baseline_esm2,5,D2Y1Y2,1,1,2,2,2,2,1,1,0,0,0,0,1,1,0,0,0,0
baseline_esm2,5,D2Y1Y3,1,1,2,2,2,2,1,1,0,0,0,0,1,1,0,0,0,0
baseline_esm2,5,D2Y1Y4,2,2,2,2,2,2,0,0,0,0,0,0,0,0,0,0,0,0
baseline_esm2,5,D2Y1Y5,2,2,2,2,2,2,0,0,0,0,0,0,0,0,0,0,0,0
baseline_esm2,5,D2Y1Y6,1,1,2,2,2,2,1,1,0,0,0,0,1,1,0,0,0,0
baseline_esm2,5,D2Y1Y7,2,2,2,2,2,2,0,0,0,0,0,0,0,0,0,0,0,0
baseline_esm2,5,D2Y1Y8,2,2,2,2,2,2,0,0,0,0,0,0,0,0,0,0,0,0
baseline_esm2,5,D2Y1Y9,1,1,2,2,2,2,1,1,0,0,0,0,1,1,0,0,0,0
baseline_esm2,5,D2Y1Z0,1,1,1,1,1,2,1,1,1,1,1,0,1,1,1,1,1,0
baseline_esm2,5,D2Y1Z2,2,2,2,2,2,2,0,0,0,0,0,0,0,0,0,0,0,0
baseline_esm2,5,D2Y1Z4,1,1,2,2,2,2,1,1,0,0,0,0,1,1,0,0,0,0
baseline_esm2,5,D2Y1Z5,1,1,2,2,2,2,1,1,0,0,0,0,1,1,0,0,0,0
baseline_esm2,5,D2Y1Z6,2,2,2,2,2,2,0,0,0,0,0,0,0,0,0,0,0,0
baseline_esm2,5,D2Y1Z7,1,1,2,2,2,2,1,1,0,0,0,0,1,1,0,0,0,0
baseline_esm2,5,D2Y1Z8,1,1,2,2,2,2,1,1,0,0,0,0,1,1,0,0,0,0
baseline_esm2,5,D2Y1Z9,2,2,2,2,2,2,0,0,0,0,0,0,0,0,0,0,0,0
baseline_esm2,5,D2Y200,1,1,2,2,2,2,1,1,0,0,0,0,1,1,0,0,0,0
baseline_esm2,5,D2Y201,2,2,2,2,2,2,0,0,0,0,0,0,0,0,0,0,0,0
baseline_esm2,5,D2Y202,2,2,2,2,2,2,0,0,0,0,0,0,0,0,0,0,0,0
baseline_esm2,5,D2Y203,2,2,2,2,2,2,0,0,0,0,0,0,0,0,0,0,0,0
baseline_esm2,5,D2Y232,1,1,2,2,2,2,1,1,0,0,0,0,1,1,0,0,0,0
baseline_esm2,5,D2Y233,1,1,2,2,2,2,1,1,0,0,0,0,1,1,0,0,0,0
baseline_esm2,5,D2Y236,1,1,1,1,1,1,1,1,1,1,1,1,1,1,1,1,1,1
baseline_esm2,5,D2Y237,1,2,2,2,2,2,1,0,0,0,0,0,1,0,0,0,0,0
baseline_esm2,5,D2Y238,1,2,2,2,2,2,1,0,0,0,0,0,1,0,0,0,0,0
baseline_esm2,5,D2Y239,1,2,2,2,2,2,1,0,0,0,0,0,1,0,0,0,0,0
baseline_esm2,5,D2Y240,1,1,2,2,2,2,1,1,0,0,0,0,1,1,0,0,0,0
baseline_esm2,5,D2Y241,1,1,2,2,2,2,1,1,0,0,0,0,1,1,0,0,0,0
baseline_esm2,5,D2Y242,1,1,2,2,2,2,1,1,0,0,0,0,1,1,0,0,0,0
baseline_esm2,5,D2Y243,0,1,2,2,2,2,2,1,0,0,0,0,2,1,0,0,0,0
baseline_esm2,5,D2Y244,1,1,2,2,2,2,1,1,0,0,0,0,1,1,0,0,0,0
baseline_esm2,5,D2Y245,0,1,2,2,2,2,2,1,0,0,0,0,2,1,0,0,0,0
baseline_esm2,5,D2Y246,1,1,2,2,2,2,1,1,0,0,0,0,1,1,0,0,0,0
baseline_esm2,5,D2Y247,1,1,2,2,2,2,1,1,0,0,0,0,1,1,0,0,0,0
baseline_esm2,5,D2Y248,2,2,2,2,2,2,0,0,0,0,0,0,0,0,0,0,0,0
baseline_esm2,5,D2Y249,1,1,2,2,2,2,1,1,0,0,0,0,1,1,0,0,0,0
baseline_esm2,5,D2Y250,1,1,2,2,2,2,1,1,0,0,0,0,1,1,0,0,0,0
baseline_esm2,5,D2Y251,0,1,1,1,1,1,1,0,0,0,0,0,1,0,0,0,0,0
baseline_esm2,5,D2Y252,0,1,1,1,1,1,1,0,0,0,0,0,1,0,0,0,0,0
baseline_esm2,5,D2Y2A0,0,0,1,1,1,1,2,2,1,1,1,1,1,1,0,0,0,0
baseline_esm2,5,D2Y2A1,0,0,1,1,1,1,2,2,1,1,1,1,1,1,0,0,0,0
baseline_esm2,5,D2Y2A2,0,0,0,0,1,1,2,2,2,2,1,1,1,1,1,1,0,0
baseline_esm2,5,D2Y2A3,0,0,1,1,1,1,2,2,1,1,1,1,1,1,0,0,0,0
baseline_esm2,5,D2Y2A4,0,0,1,1,1,1,2,2,1,1,1,1,1,1,0,0,0,0
baseline_esm2,5,D2Y2A5,0,0,1,1,1,1,2,2,1,1,1,1,1,1,0,0,0,0
baseline_esm2,5,D2Y2A6,0,0,1,1,1,1,2,2,1,1,1,1,1,1,0,0,0,0
baseline_esm2,5,D2Y2A7,0,0,1,1,1,1,2,2,1,1,1,1,1,1,0,0,0,0
baseline_esm2,5,D2Y2A8,0,0,1,1,1,1,2,2,1,1,1,1,1,1,0,0,0,0
baseline_esm2,5,D2Y2A9,0,0,1,1,1,1,2,2,1,1,1,1,1,1,0,0,0,0
baseline_esm2,5,D2Y2B0,0,0,1,1,1,1,2,2,1,1,1,1,1,1,0,0,0,0
baseline_esm2,5,D2Y2B1,0,0,1,1,1,1,2,2,1,1,1,1,1,1,0,0,0,0
baseline_esm2,5,D2Y2B2,0,0,1,1,1,1,2,2,1,1,1,1,1,1,0,0,0,0
baseline_esm2,5,D2Y2B3,0,0,1,1,1,1,2,2,1,1,1,1,1,1,0,0,0,0
baseline_esm2,5,D2Y2B4,0,0,1,1,1,1,2,2,1,1,1,1,1,1,0,0,0,0
baseline_esm2,5,D2Y2B5,0,0,1,1,1,1,2,2,1,1,1,1,1,1,0,0,0,0
baseline_esm2,5,D2Y2B6,0,0,1,1,1,1,1,1,0,0,0,0,1,1,0,0,0,0
baseline_esm2,5,D2Y2B7,0,0,1,1,1,1,1,1,0,0,0,0,1,1,0,0,0,0
baseline_esm2,5,D2Y2B8,0,0,1,1,1,1,1,1,0,0,0,0,1,1,0,0,0,0
baseline_esm2,5,D2Y2B9,0,0,1,1,1,1,1,1,0,0,0,0,1,1,0,0,0,0
baseline_esm2,5,D2Y2C1,0,1,1,1,1,1,2,1,1,1,1,1,1,0,0,0,0,0
baseline_esm2,5,D2Y2D2,1,1,2,2,2,2,1,1,0,0,0,0,1,1,0,0,0,0
baseline_esm2,5,D2Y2D7,1,1,2,2,2,2,1,1,0,0,0,0,1,1,0,0,0,0
baseline_esm2,5,D2Y2D8,0,0,1,1,1,1,1,1,0,0,0,0,1,1,0,0,0,0
baseline_esm2,5,D2Y2D9,0,0,1,1,1,1,1,1,0,0,0,0,1,1,0,0,0,0
baseline_esm2,5,D2Y2E8,1,2,2,2,2,2,1,0,0,0,0,0,1,0,0,0,0,0
baseline_esm2,5,D2Y2E9,1,1,1,1,1,1,1,1,1,1,1,1,1,1,1,1,1,1
baseline_esm2,5,D2Y2F0,0,2,2,2,2,2,2,0,0,0,0,0,2,0,0,0,0,0
baseline_esm2,5,D2Y2F1,0,2,2,2,2,2,2,0,0,0,0,0,2,0,0,0,0,0
baseline_esm2,5,D2Y2G3,0,1,2,2,2,2,2,1,0,0,0,0,2,1,0,0,0,0
baseline_esm2,5,D2Y2G4,1,1,2,2,2,2,1,1,0,0,0,0,1,1,0,0,0,0
baseline_esm2,5,D2Y2G5,0,1,2,2,2,2,2,1,0,0,0,0,2,1,0,0,0,0
baseline_esm2,5,D2Y2G6,1,1,2,2,2,2,1,1,0,0,0,0,1,1,0,0,0,0
baseline_esm2,5,D2Y2G7,1,1,2,2,2,2,1,1,0,0,0,0,1,1,0,0,0,0
baseline_esm2,5,D2Y2G8,0,1,1,1,1,2,2,1,1,1,1,0,2,1,1,1,1,0
baseline_esm2,5,D2Y2G9,1,1,2,2,2,2,1,1,0,0,0,0,1,1,0,0,0,0
baseline_esm2,5,D2Y2H1,0,1,1,1,1,1,1,0,0,0,0,0,1,0,0,0,0,0
baseline_esm2,5,D2Y2H2,0,1,1,1,1,1,1,0,0,0,0,0,1,0,0,0,0,0
baseline_esm2,5,D2Y2H3,0,0,1,1,1,1,2,2,1,1,1,1,2,2,1,1,1,1
baseline_esm2,5,D2Y2H4,0,0,1,1,1,1,2,2,1,1,1,1,1,1,0,0,0,0
baseline_esm2,5,D2Y2H5,0,0,1,1,1,1,2,2,1,1,1,1,1,1,0,0,0,0
baseline_esm2,5,D2Y2H6,0,1,1,1,1,1,2,1,1,1,1,1,1,0,0,0,0,0
baseline_esm2,5,D2Y2H7,0,1,1,1,1,1,2,1,1,1,1,1,1,0,0,0,0,0
baseline_esm2,5,D2Y2H8,0,1,1,1,1,1,2,1,1,1,1,1,1,0,0,0,0,0
baseline_esm2,5,D2Y2I3,0,0,2,2,2,2,2,2,0,0,0,0,2,2,0,0,0,0
baseline_esm2,5,D2Y2I5,1,1,2,2,2,2,1,1,0,0,0,0,1,1,0,0,0,0
baseline_esm2,5,D2Y2I6,2,2,2,2,2,2,0,0,0,0,0,0,0,0,0,0,0,0
baseline_esm2,5,D2Y2L5,1,2,2,2,2,2,1,0,0,0,0,0,1,0,0,0,0,0
baseline_esm2,5,D2Y2M0,1,1,2,2,2,2,1,1,0,0,0,0,1,1,0,0,0,0
baseline_esm2,5,D2Y2M1,1,1,2,2,2,2,1,1,0,0,0,0,1,1,0,0,0,0
baseline_esm2,5,D2Y2M2,2,2,2,2,2,2,0,0,0,0,0,0,0,0,0,0,0,0
baseline_esm2,5,D2Y2M3,1,1,2,2,2,2,1,1,0,0,0,0,1,1,0,0,0,0
baseline_esm2,5,D2Y2M4,1,1,2,2,2,2,1,1,0,0,0,0,1,1,0,0,0,0
baseline_esm2,5,D2Y2M5,2,2,2,2,2,2,0,0,0,0,0,0,0,0,0,0,0,0
baseline_esm2,5,D2Y2M6,1,1,2,2,2,2,1,1,0,0,0,0,1,1,0,0,0,0
baseline_esm2,5,D2Y2M8,1,1,2,2,2,2,1,1,0,0,0,0,1,1,0,0,0,0
baseline_esm2,5,D2Y2M9,0,1,2,2,2,2,2,1,0,0,0,0,2,1,0,0,0,0
baseline_esm2,5,D2Y2N0,0,1,2,2,2,2,2,1,0,0,0,0,2,1,0,0,0,0
baseline_esm2,5,D2Y2N1,0,1,2,2,2,2,2,1,0,0,0,0,2,1,0,0,0,0
baseline_esm2,5,D2Y2N2,0,1,2,2,2,2,2,1,0,0,0,0,2,1,0,0,0,0
baseline_esm2,5,D2Y2N3,1,1,2,2,2,2,1,1,0,0,0,0,1,1,0,0,0,0
baseline_esm2,5,D2Y2N4,1,1,2,2,2,2,1,1,0,0,0,0,1,1,0,0,0,0
baseline_esm2,5,D2Y2N5,1,1,2,2,2,2,1,1,0,0,0,0,1,1,0,0,0,0
baseline_esm2,5,D2Y2N6,1,1,2,2,2,2,1,1,0,0,0,0,1,1,0,0,0,0
baseline_esm2,5,D2Y2N7,1,1,2,2,2,2,1,1,0,0,0,0,1,1,0,0,0,0
baseline_esm2,5,D2Y2N9,0,1,1,1,1,1,1,0,0,0,0,0,1,0,0,0,0,0
baseline_esm2,5,D2Y2P0,0,1,1,1,1,1,1,0,0,0,0,0,1,0,0,0,0,0
baseline_esm2,5,D2Y2P1,0,1,1,1,1,1,1,0,0,0,0,0,1,0,0,0,0,0
baseline_esm2,5,D2Y2P2,0,1,1,1,1,1,1,0,0,0,0,0,1,0,0,0,0,0
baseline_esm2,5,D3ZTT2,1,1,1,1,1,1,0,0,0,0,0,0,0,0,0,0,0,0
baseline_esm2,5,D4B388,1,1,1,1,1,1,0,0,0,0,0,0,0,0,0,0,0,0
baseline_esm2,5,D5J9S0,0,0,0,0,0,0,2,2,2,2,2,2,1,1,1,1,1,1
baseline_esm2,5,D5KXH3,0,0,0,0,1,1,1,1,1,1,0,0,1,1,1,1,0,0
baseline_esm2,5,D9IX97,0,0,0,0,0,0,1,1,1,1,1,1,3,3,3,3,3,3
baseline_esm2,5,E2A3M7,1,1,1,1,1,1,0,0,0,0,0,0,1,1,1,1,1,1
baseline_esm2,5,E2E4L2,1,1,1,1,1,1,0,0,0,0,0,0,1,1,1,1,1,1
baseline_esm2,5,E2S064,1,1,1,1,1,1,1,1,1,1,1,1,0,0,0,0,0,0
baseline_esm2,5,E5KIB6,0,0,0,0,0,0,2,2,2,2,2,2,2,2,2,2,2,2
baseline_esm2,5,F1N5C8,0,1,1,1,1,1,1,0,0,0,0,0,1,0,0,0,0,0
baseline_esm2,5,F1R4U0,0,0,1,1,1,1,1,1,0,0,0,0,1,1,0,0,0,0
baseline_esm2,5,F4IVN9,1,1,1,1,1,1,0,0,0,0,0,0,0,0,0,0,0,0
baseline_esm2,5,F4JL85,1,1,1,1,1,1,0,0,0,0,0,0,0,0,0,0,0,0
baseline_esm2,5,F4K6R7,0,0,0,0,0,0,1,1,1,1,1,1,1,1,1,1,1,1
baseline_esm2,5,F4KB79,0,1,1,1,1,1,3,2,2,2,2,2,2,1,1,1,1,1
baseline_esm2,5,F5CPE8,0,0,0,0,0,0,2,2,2,2,2,2,2,2,2,2,2,2
baseline_esm2,5,F6KSI8,0,0,0,0,1,1,1,1,1,1,0,0,1,1,1,1,0,0
baseline_esm2,5,G1UBC2,1,1,1,1,1,1,0,0,0,0,0,0,0,0,0,0,0,0
baseline_esm2,5,G3MU46,2,2,2,2,2,3,4,4,4,4,4,3,3,3,3,3,3,2
baseline_esm2,5,H3BJG9,0,0,0,0,0,1,1,1,1,1,1,0,1,1,1,1,1,0
baseline_esm2,5,I1S2N3,0,0,0,0,0,0,1,1,1,1,1,1,1,1,1,1,1,1
baseline_esm2,5,K7LFJ0,0,0,0,1,1,1,1,1,1,0,0,0,2,2,2,1,1,1
baseline_esm2,5,K7LSB9,0,0,0,0,0,0,1,1,1,1,1,1,2,2,2,2,2,2
baseline_esm2,5,L0GCJ6,0,0,0,0,0,0,2,2,2,2,2,2,2,2,2,2,2,2
baseline_esm2,5,M1E1F0,0,1,1,1,1,1,2,1,1,1,1,1,1,0,0,0,0,0
baseline_esm2,5,M1E1F1,0,2,2,2,2,2,2,0,0,0,0,0,2,0,0,0,0,0
baseline_esm2,5,O00451,0,0,0,1,1,1,1,1,1,0,0,0,1,1,1,0,0,0
baseline_esm2,5,O04500,0,0,0,0,1,1,1,1,1,1,0,0,1,1,1,1,0,0
baseline_esm2,5,O08619,0,0,0,0,0,0,1,1,1,1,1,1,1,1,1,1,1,1
baseline_esm2,5,O08842,0,0,1,1,1,1,1,1,0,0,0,0,1,1,0,0,0,0
baseline_esm2,5,O09164,0,0,0,0,0,0,1,1,1,1,1,1,0,0,0,0,0,0
baseline_esm2,5,O09209,2,3,3,3,3,3,1,0,0,0,0,0,1,0,0,0,0,0
baseline_esm2,5,O13035,0,0,0,0,0,0,5,5,5,5,5,5,0,0,0,0,0,0
baseline_esm2,5,O13156,0,0,0,0,0,0,1,1,1,1,1,1,2,2,2,2,2,2
baseline_esm2,5,O13157,0,0,0,1,1,1,1,1,1,0,0,0,1,1,1,0,0,0
baseline_esm2,5,O13351,1,1,1,1,1,1,0,0,0,0,0,0,0,0,0,0,0,0
baseline_esm2,5,O14669,0,0,1,1,1,1,1,1,0,0,0,0,1,1,0,0,0,0
baseline_esm2,5,O18492,0,0,1,1,1,1,3,3,2,2,2,2,2,2,1,1,1,1
baseline_esm2,5,O18493,0,0,1,1,1,1,3,3,2,2,2,2,1,1,0,0,0,0
baseline_esm2,5,O18641,5,5,6,6,6,6,2,2,1,1,1,1,1,1,0,0,0,0
baseline_esm2,5,O18794,0,0,0,0,0,2,2,2,2,2,2,0,2,2,2,2,2,0
baseline_esm2,5,O18811,1,1,1,1,1,1,0,0,0,0,0,0,0,0,0,0,0,0
baseline_esm2,5,O18815,0,0,1,1,1,1,1,1,0,0,0,0,1,1,0,0,0,0
baseline_esm2,5,O18845,0,0,0,0,0,0,1,1,1,1,1,1,1,1,1,1,1,1
baseline_esm2,5,O23006,0,0,0,0,0,0,1,1,1,1,1,1,1,1,1,1,1,1
baseline_esm2,5,O31422,0,0,2,2,2,2,2,2,0,0,0,0,2,2,0,0,0,0
baseline_esm2,5,O32388,0,1,1,1,1,1,1,0,0,0,0,0,1,0,0,0,0,0
baseline_esm2,5,O35118,0,1,1,1,1,1,1,0,0,0,0,0,1,0,0,0,0,0
baseline_esm2,5,O44662,0,0,0,0,0,0,6,6,6,6,6,6,1,1,1,1,1,1
baseline_esm2,5,O44663,0,0,0,0,0,0,5,5,5,5,5,5,1,1,1,1,1,1
baseline_esm2,5,O44664,0,0,0,0,0,0,6,6,6,6,6,6,1,1,1,1,1,1
baseline_esm2,5,O44665,0,0,0,0,0,0,5,5,5,5,5,5,1,1,1,1,1,1
baseline_esm2,5,O45027,5,5,5,5,5,5,1,1,1,1,1,1,1,1,1,1,1,1
baseline_esm2,5,O46617,0,0,0,0,0,0,1,1,1,1,1,1,0,0,0,0,0,0
baseline_esm2,5,O60609,1,1,1,1,1,1,0,0,0,0,0,0,0,0,0,0,0,0
baseline_esm2,5,O61016,0,0,0,0,0,0,1,1,1,1,1,1,1,1,1,1,1,1
baseline_esm2,5,O61271,2,3,3,3,3,3,1,0,0,0,0,0,1,0,0,0,0,0
baseline_esm2,5,O62697,0,1,1,1,1,1,1,0,0,0,0,0,1,0,0,0,0,0
baseline_esm2,5,O62820,0,0,0,0,0,0,1,1,1,1,1,1,0,0,0,0,0,0
baseline_esm2,5,O70176,2,2,2,2,2,2,0,0,0,0,0,0,1,1,1,1,1,1
baseline_esm2,5,O75326,0,0,0,0,0,0,1,1,1,1,1,1,1,1,1,1,1,1
baseline_esm2,5,O76198,0,1,1,1,1,1,1,0,0,0,0,0,1,0,0,0,0,0
baseline_esm2,5,O76818,4,4,4,4,4,4,5,5,5,5,5,5,3,3,3,3,3,3
baseline_esm2,5,O81003,0,0,0,0,0,1,2,2,2,2,2,1,2,2,2,2,2,1
baseline_esm2,5,O81277,0,0,0,0,0,0,2,2,2,2,2,2,1,1,1,1,1,1
baseline_esm2,5,O82227,1,1,1,1,1,1,0,0,0,0,0,0,0,0,0,0,0,0
baseline_esm2,5,O89117,0,0,0,0,2,2,2,2,2,2,0,0,2,2,2,2,0,0
baseline_esm2,5,O93512,1,1,1,1,1,1,0,0,0,0,0,0,0,0,0,0,0,0
baseline_esm2,5,O94549,0,0,0,0,0,1,1,1,1,1,1,0,1,1,1,1,1,0
baseline_esm2,5,O95399,1,1,1,1,1,1,0,0,0,0,0,0,0,0,0,0,0,0
baseline_esm2,5,O97395,0,1,1,1,2,2,3,2,2,2,1,1,2,1,1,1,0,0
baseline_esm2,5,O97946,0,0,0,1,1,1,2,2,2,1,1,1,1,1,1,0,0,0
baseline_esm2,5,O97980,0,0,0,0,0,0,1,1,1,1,1,1,1,1,1,1,1,1
baseline_esm2,5,P00273,0,0,0,0,0,0,1,1,1,1,1,1,0,0,0,0,0,0
baseline_esm2,5,P00488,0,0,0,0,0,0,1,1,1,1,1,1,1,1,1,1,1,1
baseline_esm2,5,P01165,1,1,1,1,1,1,0,0,0,0,0,0,2,2,2,2,2,2
baseline_esm2,5,P01203,0,0,0,0,0,0,1,1,1,1,1,1,1,1,1,1,1,1
baseline_esm2,5,P01205,0,0,0,0,0,0,1,1,1,1,1,1,1,1,1,1,1,1
baseline_esm2,5,P01282,1,2,2,2,2,2,2,1,1,1,1,1,4,3,3,3,3,3
baseline_esm2,5,P01283,2,2,2,2,2,2,1,1,1,1,1,1,3,3,3,3,3,3
baseline_esm2,5,P01284,1,2,2,2,2,2,1,0,0,0,0,0,1,0,0,0,0,0
baseline_esm2,5,P01298,1,1,1,1,1,1,2,2,2,2,2,2,1,1,1,1,1,1
baseline_esm2,5,P01299,1,1,1,1,1,2,2,2,2,2,2,1,1,1,1,1,1,0
baseline_esm2,5,P01300,0,0,0,0,0,0,2,2,2,2,2,2,2,2,2,2,2,2
baseline_esm2,5,P01301,2,2,2,2,2,2,0,0,0,0,0,0,0,0,0,0,0,0
baseline_esm2,5,P01302,3,3,3,3,3,3,0,0,0,0,0,0,0,0,0,0,0,0
baseline_esm2,5,P01303,2,2,2,2,2,2,0,0,0,0,0,0,0,0,0,0,0,0
baseline_esm2,5,P01304,1,1,1,1,1,1,0,0,0,0,0,0,1,1,1,1,1,1
baseline_esm2,5,P01307,1,1,1,1,1,1,0,0,0,0,0,0,0,0,0,0,0,0
baseline_esm2,5,P01347,1,1,1,1,1,1,1,1,1,1,1,1,1,1,1,1,1,1
baseline_esm2,5,P01348,0,0,1,1,1,2,2,2,1,1,1,0,2,2,1,1,1,0
baseline_esm2,5,P01349,0,0,0,0,0,0,2,2,2,2,2,2,1,1,1,1,1,1
baseline_esm2,5,P01364,1,1,1,1,1,1,2,2,2,2,2,2,1,1,1,1,1,1
baseline_esm2,5,P02814,0,1,1,1,1,1,1,0,0,0,0,0,2,1,1,1,1,1
baseline_esm2,5,P02866,0,0,0,0,0,0,2,2,2,2,2,2,0,0,0,0,0,0
baseline_esm2,5,P02870,0,0,0,0,0,0,2,2,2,2,2,2,0,0,0,0,0,0
baseline_esm2,5,P02873,0,0,0,0,0,0,1,1,1,1,1,1,0,0,0,0,0,0
baseline_esm2,5,P02896,1,1,1,1,1,1,0,0,0,0,0,0,0,0,0,0,0,0
baseline_esm2,5,P04058,1,1,1,1,1,1,0,0,0,0,0,0,0,0,0,0,0,0
baseline_esm2,5,P04090,2,2,2,2,2,2,0,0,0,0,0,0,0,0,0,0,0,0
baseline_esm2,5,P04279,0,0,0,0,0,0,1,1,1,1,1,1,0,0,0,0,0,0
baseline_esm2,5,P04566,0,1,1,1,1,1,2,1,1,1,1,1,2,1,1,1,1,1
baseline_esm2,5,P04808,1,1,1,2,2,2,1,1,1,0,0,0,1,1,1,0,0,0
baseline_esm2,5,P05140,0,1,1,1,1,1,1,0,0,0,0,0,1,0,0,0,0,0
baseline_esm2,5,P05161,1,1,1,1,1,1,0,0,0,0,0,0,0,0,0,0,0,0
baseline_esm2,5,P05186,1,1,1,1,1,1,0,0,0,0,0,0,0,0,0,0,0,0
baseline_esm2,5,P05187,1,1,1,1,1,1,0,0,0,0,0,0,0,0,0,0,0,0
baseline_esm2,5,P05408,1,1,1,1,1,1,0,0,0,0,0,0,2,2,2,2,2,2
baseline_esm2,5,P05657,0,0,0,0,0,0,1,1,1,1,1,1,1,1,1,1,1,1
baseline_esm2,5,P05834,0,0,0,1,1,1,1,1,1,0,0,0,1,1,1,0,0,0
baseline_esm2,5,P06303,2,2,2,2,2,2,0,0,0,0,0,0,0,0,0,0,0,0
baseline_esm2,5,P06884,0,0,0,0,0,0,2,2,2,2,2,2,2,2,2,2,2,2
baseline_esm2,5,P07140,1,1,1,1,1,1,0,0,0,0,0,0,0,0,0,0,0,0
baseline_esm2,5,P07224,1,1,1,1,1,1,0,0,0,0,0,0,0,0,0,0,0,0
baseline_esm2,5,P07225,1,1,1,1,1,1,0,0,0,0,0,0,0,0,0,0,0,0
baseline_esm2,5,P07602,0,0,0,0,0,0,4,4,4,4,4,4,0,0,0,0,0,0
baseline_esm2,5,P07662,0,0,0,0,0,0,1,1,1,1,1,1,1,1,1,1,1,1
baseline_esm2,5,P07692,1,1,1,1,1,1,0,0,0,0,0,0,0,0,0,0,0,0
baseline_esm2,5,P07808,2,2,2,2,2,2,0,0,0,0,0,0,0,0,0,0,0,0
baseline_esm2,5,P07987,1,1,1,1,1,1,0,0,0,0,0,0,0,0,0,0,0,0
baseline_esm2,5,P08289,1,1,1,1,1,1,0,0,0,0,0,0,0,0,0,0,0,0
baseline_esm2,5,P08697,0,0,0,0,0,0,1,1,1,1,1,1,1,1,1,1,1,1
baseline_esm2,5,P08947,1,1,1,1,1,1,2,2,2,2,2,2,1,1,1,1,1,1
baseline_esm2,5,P08948,1,1,1,1,1,1,2,2,2,2,2,2,1,1,1,1,1,1
baseline_esm2,5,P08950,1,1,1,1,1,1,2,2,2,2,2,2,1,1,1,1,1,1
baseline_esm2,5,P09040,3,3,3,3,3,3,2,2,2,2,2,2,1,1,1,1,1,1
baseline_esm2,5,P09242,1,1,1,1,1,1,0,0,0,0,0,0,0,0,0,0,0,0
baseline_esm2,5,P09475,0,0,0,0,0,0,2,2,2,2,2,2,1,1,1,1,1,1
baseline_esm2,5,P09487,0,0,1,1,1,1,1,1,0,0,0,0,1,1,0,0,0,0
baseline_esm2,5,P09681,0,0,0,0,0,0,2,2,2,2,2,2,2,2,2,2,2,2
baseline_esm2,5,P09923,1,1,1,1,1,1,0,0,0,0,0,0,0,0,0,0,0,0
baseline_esm2,5,P09971,5,5,5,5,5,5,2,2,2,2,2,2,2,2,2,2,2,2
baseline_esm2,5,P0A312,1,1,1,1,1,1,0,0,0,0,0,0,0,0,0,0,0,0
baseline_esm2,5,P0A313,1,1,1,1,1,1,0,0,0,0,0,0,0,0,0,0,0,0
baseline_esm2,5,P0C1T5,0,0,0,0,0,0,1,1,1,1,1,1,1,1,1,1,1,1
baseline_esm2,5,P0C249,0,1,1,1,1,1,1,0,0,0,0,0,1,0,0,0,0,0
baseline_esm2,5,P0C2S8,0,1,1,1,1,1,1,0,0,0,0,0,1,0,0,0,0,0
baseline_esm2,5,P0C2X7,0,1,1,1,1,1,2,1,1,1,1,1,2,1,1,1,1,1
baseline_esm2,5,P0C5X7,2,2,2,2,2,2,0,0,0,0,0,0,0,0,0,0,0,0
baseline_esm2,5,P0C8S6,0,0,0,0,0,0,1,1,1,1,1,1,0,0,0,0,0,0
baseline_esm2,5,P0C957,1,1,1,1,1,1,0,0,0,0,0,0,1,1,1,1,1,1
baseline_esm2,5,P0C958,1,1,1,1,1,1,0,0,0,0,0,0,1,1,1,1,1,1
baseline_esm2,5,P0CG54,1,1,1,1,1,1,0,0,0,0,0,0,4,4,4,4,4,4
baseline_esm2,5,P0CH28,0,1,1,1,1,1,1,0,0,0,0,0,19,18,18,18,18,18
baseline_esm2,5,P0CH56,2,2,2,2,2,2,0,0,0,0,0,0,0,0,0,0,0,0
baseline_esm2,5,P0CH70,0,0,0,0,0,0,1,1,1,1,1,1,1,1,1,1,1,1
baseline_esm2,5,P0CI88,0,0,0,0,0,0,1,1,1,1,1,1,1,1,1,1,1,1
baseline_esm2,5,P0CS83,0,0,0,1,1,1,1,1,1,0,0,0,1,1,1,0,0,0
baseline_esm2,5,P0CS93,0,0,0,0,0,0,1,1,1,1,1,1,1,1,1,1,1,1
baseline_esm2,5,P0CW02,0,0,0,0,0,0,1,1,1,1,1,1,1,1,1,1,1,1
baseline_esm2,5,P0CW03,0,0,0,0,0,0,1,1,1,1,1,1,1,1,1,1,1,1
baseline_esm2,5,P0CY26,1,1,1,1,1,1,0,0,0,0,0,0,0,0,0,0,0,0
baseline_esm2,5,P0CY27,1,1,1,1,1,1,0,0,0,0,0,0,0,0,0,0,0,0
baseline_esm2,5,P0CY28,0,0,0,0,0,0,1,1,1,1,1,1,1,1,1,1,1,1
baseline_esm2,5,P0CY29,0,0,0,0,0,0,1,1,1,1,1,1,1,1,1,1,1,1
baseline_esm2,5,P0DE28,0,0,1,1,1,1,1,1,0,0,0,0,2,2,1,1,1,1
baseline_esm2,5,P0DE29,0,0,1,1,1,1,1,1,0,0,0,0,2,2,1,1,1,1
baseline_esm2,5,P0DJ06,0,0,0,1,1,1,1,1,1,0,0,0,1,1,1,0,0,0
baseline_esm2,5,P0DJ95,0,0,0,0,0,0,1,1,1,1,1,1,1,1,1,1,1,1
baseline_esm2,5,P0DJI8,0,0,0,0,0,0,1,1,1,1,1,1,0,0,0,0,0,0
baseline_esm2,5,P0DKL3,0,0,0,0,0,0,1,1,1,1,1,1,0,0,0,0,0,0
baseline_esm2,5,P0DKM3,0,0,0,0,0,0,1,1,1,1,1,1,1,1,1,1,1,1
baseline_esm2,5,P0DKN1,0,0,0,0,0,0,1,1,1,1,1,1,1,1,1,1,1,1
baseline_esm2,5,P0DL57,0,1,1,1,1,1,1,0,0,0,0,0,1,0,0,0,0,0
baseline_esm2,5,P0DL58,0,1,1,1,1,1,2,1,1,1,1,1,1,0,0,0,0,0
baseline_esm2,5,P0DM55,0,0,0,0,0,0,1,1,1,1,1,1,0,0,0,0,0,0
baseline_esm2,5,P0DM67,1,1,1,1,1,1,0,0,0,0,0,0,0,0,0,0,0,0
baseline_esm2,5,P0DM68,1,2,2,2,2,2,1,0,0,0,0,0,1,0,0,0,0,0
baseline_esm2,5,P0DMD7,0,1,1,1,1,1,2,1,1,1,1,1,1,0,0,0,0,0
baseline_esm2,5,P0DMG0,2,2,2,2,2,2,0,0,0,0,0,0,0,0,0,0,0,0
baseline_esm2,5,P0DN01,0,0,1,1,1,1,1,1,0,0,0,0,1,1,0,0,0,0
baseline_esm2,5,P0DN03,0,0,0,1,1,1,1,1,1,0,0,0,1,1,1,0,0,0
baseline_esm2,5,P0DN04,0,0,0,1,1,1,1,1,1,0,0,0,1,1,1,0,0,0
baseline_esm2,5,P0DN98,0,1,1,1,1,1,1,0,0,0,0,0,1,0,0,0,0,0
baseline_esm2,5,P0DP14,0,1,1,1,1,1,1,0,0,0,0,0,1,0,0,0,0,0
baseline_esm2,5,P0DP55,2,2,2,2,2,2,0,0,0,0,0,0,0,0,0,0,0,0
baseline_esm2,5,P0DPU4,0,0,1,1,1,1,1,1,0,0,0,0,1,1,0,0,0,0
baseline_esm2,5,P0DQA3,0,1,1,1,1,1,1,0,0,0,0,0,1,0,0,0,0,0
baseline_esm2,5,P0DQA4,0,1,1,1,1,1,1,0,0,0,0,0,1,0,0,0,0,0
baseline_esm2,5,P0DQA5,0,1,1,1,1,1,1,0,0,0,0,0,1,0,0,0,0,0
baseline_esm2,5,P0DRB9,0,0,1,1,1,1,1,1,0,0,0,0,1,1,0,0,0,0
baseline_esm2,5,P0DRC4,1,1,1,1,1,1,0,0,0,0,0,0,0,0,0,0,0,0
baseline_esm2,5,P0DRI2,0,0,0,0,0,0,2,2,2,2,2,2,2,2,2,2,2,2
baseline_esm2,5,P0DRJ4,0,2,8,8,9,10,14,12,6,6,5,4,12,10,4,4,3,2
baseline_esm2,5,P0DTJ9,0,0,0,0,0,0,2,2,2,2,2,2,1,1,1,1,1,1
baseline_esm2,5,P0DUT2,0,0,1,4,6,6,6,6,5,2,0,0,6,6,5,2,0,0
baseline_esm2,5,P0DUT6,0,0,0,0,0,0,5,5,5,5,5,5,1,1,1,1,1,1
baseline_esm2,5,P0DY21,0,1,1,1,1,1,1,0,0,0,0,0,2,1,1,1,1,1
baseline_esm2,5,P10082,1,1,1,1,1,1,1,1,1,1,1,1,1,1,1,1,1,1
baseline_esm2,5,P10419,0,2,2,2,2,2,3,1,1,1,1,1,31,29,29,29,29,29
baseline_esm2,5,P10552,10,10,10,10,12,13,6,6,6,6,4,3,6,6,6,6,4,3
baseline_esm2,5,P10601,2,2,2,2,2,2,0,0,0,0,0,0,0,0,0,0,0,0
baseline_esm2,5,P10631,1,1,1,1,1,1,1,1,1,1,1,1,1,1,1,1,1,1
baseline_esm2,5,P10674,1,1,1,1,1,1,0,0,0,0,0,0,0,0,0,0,0,0
baseline_esm2,5,P10675,0,0,0,0,1,1,1,1,1,1,0,0,1,1,1,1,0,0
baseline_esm2,5,P10696,1,1,1,1,1,1,0,0,0,0,0,0,0,0,0,0,0,0
baseline_esm2,5,P10960,0,0,0,0,0,0,3,3,3,3,3,3,0,0,0,0,0,0
baseline_esm2,5,P11159,5,5,6,6,6,6,2,2,1,1,1,1,1,1,0,0,0,0
baseline_esm2,5,P11184,0,1,1,1,1,1,2,1,1,1,1,1,2,1,1,1,1,1
baseline_esm2,5,P11185,0,0,1,1,1,1,2,2,1,1,1,1,2,2,1,1,1,1
baseline_esm2,5,P11952,0,0,0,0,1,1,2,2,2,2,1,1,3,3,3,3,2,2
baseline_esm2,5,P11953,0,0,0,0,0,0,2,2,2,2,2,2,1,1,1,1,1,1
baseline_esm2,5,P12872,0,0,0,0,0,0,1,1,1,1,1,1,1,1,1,1,1,1
baseline_esm2,5,P12961,1,1,1,1,1,1,0,0,0,0,0,0,2,2,2,2,2,2
baseline_esm2,5,P13083,1,1,1,1,1,1,0,0,0,0,0,0,0,0,0,0,0,0
baseline_esm2,5,P13589,1,1,1,1,1,1,1,1,1,1,1,1,2,2,2,2,2,2
baseline_esm2,5,P14138,0,0,0,0,0,0,1,1,1,1,1,1,3,3,3,3,3,3
baseline_esm2,5,P14608,0,0,0,0,0,0,1,1,1,1,1,1,0,0,0,0,0,0
baseline_esm2,5,P14765,2,2,2,2,2,2,0,0,0,0,0,0,0,0,0,0,0,0
baseline_esm2,5,P14894,0,0,0,0,0,0,2,2,2,2,2,2,0,0,0,0,0,0
baseline_esm2,5,P14904,0,0,0,0,0,0,1,1,1,1,1,1,1,1,1,1,1,1
baseline_esm2,5,P15369,0,0,1,1,1,1,1,1,0,0,0,0,1,1,0,0,0,0
baseline_esm2,5,P15411,2,3,3,3,3,3,1,0,0,0,0,0,1,0,0,0,0,0
baseline_esm2,5,P15513,18,18,18,19,19,19,1,1,1,0,0,0,4,4,4,3,3,3
baseline_esm2,5,P15693,1,1,1,1,1,1,0,0,0,0,0,0,0,0,0,0,0,0
baseline_esm2,5,P15797,0,0,0,0,0,0,1,1,1,1,1,1,1,1,1,1,1,1
baseline_esm2,5,P16404,0,0,0,0,0,0,1,1,1,1,1,1,0,0,0,0,0,0
baseline_esm2,5,P16613,1,1,1,1,1,1,1,1,1,1,1,1,2,2,2,2,2,2
baseline_esm2,5,P17118,0,0,0,0,0,0,1,1,1,1,1,1,1,1,1,1,1,1
baseline_esm2,5,P17681,1,1,1,1,1,1,2,2,2,2,2,2,1,1,1,1,1,1
baseline_esm2,5,P18509,1,1,1,1,1,1,1,1,1,1,1,1,2,2,2,2,2,2
baseline_esm2,5,P18844,0,0,0,0,0,0,1,1,1,1,1,1,2,2,2,2,2,2
baseline_esm2,5,P19111,1,1,1,1,1,1,0,0,0,0,0,0,0,0,0,0,0,0
baseline_esm2,5,P19260,1,1,1,1,1,1,0,0,0,0,0,0,0,0,0,0,0,0
baseline_esm2,5,P19425,0,0,0,0,0,0,1,1,1,1,1,1,0,0,0,0,0,0
baseline_esm2,5,P19599,1,1,1,1,1,1,0,0,0,0,0,0,0,0,0,0,0,0
baseline_esm2,5,P19660,0,0,0,0,0,0,1,1,1,1,1,1,0,0,0,0,0,0
baseline_esm2,5,P19707,0,0,0,0,0,0,1,1,1,1,1,1,0,0,0,0,0,0
baseline_esm2,5,P19708,0,0,0,0,0,0,1,1,1,1,1,1,0,0,0,0,0,0
baseline_esm2,5,P19884,1,2,2,2,2,2,1,0,0,0,0,0,1,0,0,0,0,0
baseline_esm2,5,P19971,0,0,0,0,0,1,1,1,1,1,1,0,1,1,1,1,1,0
baseline_esm2,5,P19998,0,0,0,0,0,1,1,1,1,1,1,0,3,3,3,3,3,2
baseline_esm2,5,P20481,25,29,29,29,29,29,8,4,4,4,4,4,7,3,3,3,3,3
baseline_esm2,5,P20948,0,1,1,1,1,1,1,0,0,0,0,0,1,0,0,0,0,0
baseline_esm2,5,P21591,0,0,0,0,0,0,2,2,2,2,2,2,2,2,2,2,2,2
baseline_esm2,5,P22226,0,0,0,0,0,0,1,1,1,1,1,1,0,0,0,0,0,0
baseline_esm2,5,P22287,0,1,1,1,1,1,2,1,1,1,1,1,2,1,1,1,1,1
baseline_esm2,5,P22304,0,0,0,0,0,0,1,1,1,1,1,1,0,0,0,0,0,0
baseline_esm2,5,P22969,0,0,1,1,1,1,2,2,1,1,1,1,2,2,1,1,1,1
baseline_esm2,5,P23431,0,0,0,0,0,0,1,1,1,1,1,1,1,1,1,1,1,1
baseline_esm2,5,P23535,0,0,0,0,0,0,1,1,1,1,1,1,1,1,1,1,1,1
baseline_esm2,5,P23546,0,0,0,0,0,0,1,1,1,1,1,1,1,1,1,1,1,1
baseline_esm2,5,P24665,0,0,0,0,0,2,2,2,2,2,2,0,2,2,2,2,2,0
baseline_esm2,5,P24822,1,1,1,1,1,1,0,0,0,0,0,0,0,0,0,0,0,0
baseline_esm2,5,P24823,0,0,0,0,0,0,1,1,1,1,1,1,1,1,1,1,1,1
baseline_esm2,5,P26329,1,1,1,1,1,1,0,0,0,0,0,0,0,0,0,0,0,0
baseline_esm2,5,P26334,1,1,1,1,1,1,0,0,0,0,0,0,0,0,0,0,0,0
baseline_esm2,5,P26335,0,0,0,0,0,0,1,1,1,1,1,1,1,1,1,1,1,1
baseline_esm2,5,P26727,3,3,3,3,3,3,0,0,0,0,0,0,0,0,0,0,0,0
baseline_esm2,5,P26731,2,3,3,3,3,3,1,0,0,0,0,0,1,0,0,0,0,0
baseline_esm2,5,P26733,1,1,2,2,3,3,2,2,1,1,0,0,2,2,1,1,0,0
baseline_esm2,5,P26734,1,1,2,2,3,3,2,2,1,1,0,0,2,2,1,1,0,0
baseline_esm2,5,P26735,1,1,2,2,3,3,2,2,1,1,0,0,2,2,1,1,0,0
baseline_esm2,5,P26736,2,3,3,3,3,3,1,0,0,0,0,0,1,0,0,0,0,0
baseline_esm2,5,P26737,1,1,2,2,3,3,2,2,1,1,0,0,2,2,1,1,0,0
baseline_esm2,5,P26738,1,1,2,2,3,3,2,2,1,1,0,0,2,2,1,1,0,0
baseline_esm2,5,P26739,0,1,2,2,3,3,3,2,1,1,0,0,3,2,1,1,0,0
baseline_esm2,5,P26740,1,1,2,2,3,3,2,2,1,1,0,0,2,2,1,1,0,0
baseline_esm2,5,P26741,1,1,2,2,3,3,2,2,1,1,0,0,2,2,1,1,0,0
baseline_esm2,5,P26742,1,1,2,3,3,3,2,2,1,0,0,0,2,2,1,0,0,0
baseline_esm2,5,P26743,0,1,2,2,3,3,3,2,1,1,0,0,3,2,1,1,0,0
baseline_esm2,5,P26779,0,0,0,0,0,0,4,4,4,4,4,4,0,0,0,0,0,0
baseline_esm2,5,P27114,0,0,0,0,0,0,1,1,1,1,1,1,2,2,2,2,2,2
baseline_esm2,5,P27666,0,0,0,0,0,0,1,1,1,1,1,1,1,1,1,1,1,1
baseline_esm2,5,P27682,1,1,1,1,1,1,0,0,0,0,0,0,2,2,2,2,2,2
baseline_esm2,5,P28672,1,1,1,1,1,1,1,1,1,1,1,1,1,1,1,1,1,1
baseline_esm2,5,P28673,2,2,2,2,2,2,0,0,0,0,0,0,0,0,0,0,0,0
baseline_esm2,5,P28674,1,1,1,1,1,1,1,1,1,1,1,1,1,1,1,1,1,1
baseline_esm2,5,P28800,0,0,0,0,0,0,1,1,1,1,1,1,1,1,1,1,1,1
baseline_esm2,5,P28825,0,0,0,0,0,0,1,1,1,1,1,1,1,1,1,1,1,1
baseline_esm2,5,P28826,0,0,0,0,1,1,1,1,1,1,0,0,1,1,1,1,0,0
baseline_esm2,5,P29425,0,1,1,1,1,1,1,0,0,0,0,0,1,0,0,0,0,0
baseline_esm2,5,P29519,1,1,2,2,3,3,2,2,1,1,0,0,2,2,1,1,0,0
baseline_esm2,5,P29523,1,1,1,1,1,1,0,0,0,0,0,0,0,0,0,0,0,0
baseline_esm2,5,P32089,0,0,0,0,0,0,1,1,1,1,1,1,0,0,0,0,0,0
baseline_esm2,5,P32194,0,0,0,0,0,0,1,1,1,1,1,1,1,1,1,1,1,1
baseline_esm2,5,P32195,0,0,0,0,0,0,1,1,1,1,1,1,1,1,1,1,1,1
baseline_esm2,5,P32196,0,0,0,0,0,0,1,1,1,1,1,1,1,1,1,1,1,1
baseline_esm2,5,P32329,0,0,0,0,0,0,2,2,2,2,2,2,1,1,1,1,1,1
baseline_esm2,5,P32623,1,1,1,1,1,1,0,0,0,0,0,0,0,0,0,0,0,0
baseline_esm2,5,P32648,2,2,2,2,2,2,1,1,1,1,1,1,3,3,3,3,3,3
baseline_esm2,5,P32649,1,2,2,2,2,2,1,0,0,0,0,0,1,0,0,0,0,0
baseline_esm2,5,P32950,0,0,1,1,1,1,1,1,0,0,0,0,1,1,0,0,0,0
baseline_esm2,5,P32951,0,0,1,1,1,1,1,1,0,0,0,0,1,1,0,0,0,0
baseline_esm2,5,P33046,0,0,1,1,1,1,1,1,0,0,0,0,1,1,0,0,0,0
baseline_esm2,5,P33689,2,2,2,2,2,2,0,0,0,0,0,0,0,0,0,0,0,0
baseline_esm2,5,P33715,1,1,1,1,1,1,0,0,0,0,0,0,0,0,0,0,0,0
baseline_esm2,5,P33718,3,3,3,3,3,3,0,0,0,0,0,0,0,0,0,0,0,0
baseline_esm2,5,P33719,1,2,2,3,3,3,2,1,1,0,0,0,2,1,1,0,0,0
baseline_esm2,5,P33720,3,3,3,3,3,3,0,0,0,0,0,0,0,0,0,0,0,0
baseline_esm2,5,P33721,1,1,1,1,1,2,2,2,2,2,2,1,2,2,2,2,2,1
baseline_esm2,5,P33722,1,1,1,1,2,2,2,2,2,2,1,1,2,2,2,2,1,1
baseline_esm2,5,P34026,0,0,0,0,0,0,1,1,1,1,1,1,0,0,0,0,0,0
baseline_esm2,5,P34806,0,0,0,0,0,0,1,1,1,1,1,1,3,3,3,3,3,3
baseline_esm2,5,P34962,0,0,0,0,0,0,1,1,1,1,1,1,0,0,0,0,0,0
baseline_esm2,5,P34963,0,0,0,0,0,0,1,1,1,1,1,1,1,1,1,1,1,1
baseline_esm2,5,P34964,0,0,0,0,0,0,1,1,1,1,1,1,1,1,1,1,1,1
baseline_esm2,5,P35460,0,1,1,1,1,1,1,0,0,0,0,0,1,0,0,0,0,0
baseline_esm2,5,P35461,1,1,1,1,1,1,0,0,0,0,0,0,0,0,0,0,0,0
baseline_esm2,5,P35518,1,1,1,1,1,1,0,0,0,0,0,0,0,0,0,0,0,0
baseline_esm2,5,P36193,0,0,1,1,1,1,2,2,1,1,1,1,2,2,1,1,1,1
baseline_esm2,5,P36560,0,0,0,1,1,1,1,1,1,0,0,0,2,2,2,1,1,1
baseline_esm2,5,P39105,1,1,1,1,1,1,0,0,0,0,0,0,0,0,0,0,0,0
baseline_esm2,5,P40765,0,0,0,0,0,0,1,1,1,1,1,1,0,0,0,0,0,0
baseline_esm2,5,P41365,0,1,1,1,1,1,1,0,0,0,0,0,1,0,0,0,0,0
baseline_esm2,5,P41534,1,1,1,1,1,1,1,1,1,1,1,1,4,4,4,4,4,4
baseline_esm2,5,P41535,2,2,2,2,2,2,0,0,0,0,0,0,2,2,2,2,2,2
baseline_esm2,5,P41585,0,0,0,0,0,0,2,2,2,2,2,2,4,4,4,4,4,4
baseline_esm2,5,P41876,8,8,8,8,9,10,4,4,4,4,3,2,6,6,6,6,5,4
baseline_esm2,5,P41964,0,0,0,0,0,0,1,1,1,1,1,1,2,2,2,2,2,2
baseline_esm2,5,P42723,0,0,2,2,2,2,2,2,0,0,0,0,2,2,0,0,0,0
baseline_esm2,5,P42785,0,0,0,0,0,0,1,1,1,1,1,1,1,1,1,1,1,1
baseline_esm2,5,P43030,0,0,0,0,0,0,1,1,1,1,1,1,0,0,0,0,0,0
baseline_esm2,5,P43443,0,0,0,0,0,0,2,2,2,2,2,2,2,2,2,2,2,2
baseline_esm2,5,P45644,1,1,1,1,1,1,3,3,3,3,3,3,1,1,1,1,1,1
baseline_esm2,5,P46157,0,0,0,2,2,2,2,2,2,0,0,0,2,2,2,0,0,0
baseline_esm2,5,P46158,0,2,2,2,2,2,2,0,0,0,0,0,2,0,0,0,0,0
baseline_esm2,5,P46161,0,1,1,1,1,1,1,0,0,0,0,0,1,0,0,0,0,0
baseline_esm2,5,P46167,0,0,1,1,1,1,1,1,0,0,0,0,1,1,0,0,0,0
baseline_esm2,5,P46591,1,1,1,1,1,1,0,0,0,0,0,0,0,0,0,0,0,0
baseline_esm2,5,P47476,0,0,1,1,1,1,1,1,0,0,0,0,1,1,0,0,0,0
baseline_esm2,5,P47932,1,1,1,1,1,1,1,1,1,1,1,1,1,1,1,1,1,1
baseline_esm2,5,P48097,2,2,2,2,2,2,0,0,0,0,0,0,0,0,0,0,0,0
baseline_esm2,5,P48098,0,0,0,0,0,0,2,2,2,2,2,2,2,2,2,2,2,2
baseline_esm2,5,P48143,1,1,1,1,1,1,3,3,3,3,3,3,1,1,1,1,1,1
baseline_esm2,5,P48144,1,1,1,1,1,1,2,2,2,2,2,2,2,2,2,2,2,2
baseline_esm2,5,P48299,0,1,1,1,1,1,1,0,0,0,0,0,2,1,1,1,1,1
baseline_esm2,5,P48503,0,0,0,0,0,0,1,1,1,1,1,1,0,0,0,0,0,0
baseline_esm2,5,P48756,0,0,0,0,0,0,2,2,2,2,2,2,1,1,1,1,1,1
baseline_esm2,5,P49126,0,0,0,0,0,0,1,1,1,1,1,1,1,1,1,1,1,1
baseline_esm2,5,P49913,1,1,1,1,1,1,0,0,0,0,0,0,0,0,0,0,0,0
baseline_esm2,5,P49928,0,1,1,1,1,1,1,0,0,0,0,0,1,0,0,0,0,0
baseline_esm2,5,P49929,0,0,0,0,1,1,1,1,1,1,0,0,1,1,1,1,0,0
baseline_esm2,5,P49930,0,1,1,1,1,1,1,0,0,0,0,0,1,0,0,0,0,0
baseline_esm2,5,P49931,0,0,0,0,0,0,1,1,1,1,1,1,1,1,1,1,1,1
baseline_esm2,5,P49932,0,0,0,0,0,0,1,1,1,1,1,1,1,1,1,1,1,1
baseline_esm2,5,P49933,0,0,0,0,0,0,1,1,1,1,1,1,1,1,1,1,1,1
baseline_esm2,5,P49934,0,0,0,0,0,0,1,1,1,1,1,1,1,1,1,1,1,1
baseline_esm2,5,P50496,1,1,1,1,1,1,0,0,0,0,0,0,0,0,0,0,0,0
baseline_esm2,5,P50497,1,1,1,1,1,1,0,0,0,0,0,0,0,0,0,0,0,0
baseline_esm2,5,P50498,1,1,1,1,1,1,0,0,0,0,0,0,0,0,0,0,0,0
baseline_esm2,5,P50499,1,1,1,1,1,1,0,0,0,0,0,0,0,0,0,0,0,0
baseline_esm2,5,P51437,1,1,1,1,1,1,0,0,0,0,0,0,0,0,0,0,0,0
baseline_esm2,5,P51453,1,1,1,1,1,1,0,0,0,0,0,0,1,1,1,1,1,1
baseline_esm2,5,P51454,2,2,2,2,2,2,0,0,0,0,0,0,0,0,0,0,0,0
baseline_esm2,5,P51455,2,2,2,2,2,2,0,0,0,0,0,0,0,0,0,0,0,0
baseline_esm2,5,P51456,1,1,1,1,1,1,1,1,1,1,1,1,1,1,1,1,1,1
baseline_esm2,5,P51524,0,0,0,0,1,1,1,1,1,1,0,0,2,2,2,2,1,1
baseline_esm2,5,P51654,1,1,1,1,1,1,0,0,0,0,0,0,0,0,0,0,0,0
baseline_esm2,5,P51694,1,1,1,1,1,1,1,1,1,1,1,1,1,1,1,1,1,1
baseline_esm2,5,P51740,1,1,1,1,1,1,0,0,0,0,0,0,0,0,0,0,0,0
baseline_esm2,5,P52400,0,0,0,0,0,0,1,1,1,1,1,1,1,1,1,1,1,1
baseline_esm2,5,P52401,0,0,0,0,0,0,1,1,1,1,1,1,1,1,1,1,1,1
baseline_esm2,5,P52402,0,0,0,0,0,0,1,1,1,1,1,1,1,1,1,1,1,1
baseline_esm2,5,P52407,0,0,0,0,0,0,1,1,1,1,1,1,1,1,1,1,1,1
baseline_esm2,5,P52700,0,0,0,0,0,0,1,1,1,1,1,1,0,0,0,0,0,0
baseline_esm2,5,P52718,0,0,0,0,0,0,1,1,1,1,1,1,1,1,1,1,1,1
baseline_esm2,5,P52719,0,0,0,0,0,0,1,1,1,1,1,1,1,1,1,1,1,1
baseline_esm2,5,P53007,0,0,0,0,0,0,1,1,1,1,1,1,0,0,0,0,0,0
baseline_esm2,5,P53140,0,0,0,0,0,0,1,1,1,1,1,1,1,1,1,1,1,1
baseline_esm2,5,P53379,1,1,1,1,1,1,1,1,1,1,1,1,0,0,0,0,0,0
baseline_esm2,5,P53813,1,1,1,1,1,1,0,0,0,0,0,0,0,0,0,0,0,0
baseline_esm2,5,P54228,0,0,0,0,0,1,1,1,1,1,1,0,1,1,1,1,1,0
baseline_esm2,5,P54229,0,0,0,0,1,1,1,1,1,1,0,0,1,1,1,1,0,0
baseline_esm2,5,P54230,0,0,0,0,0,0,1,1,1,1,1,1,1,1,1,1,1,1
baseline_esm2,5,P54422,0,0,0,0,0,0,1,1,1,1,1,1,1,1,1,1,1,1
baseline_esm2,5,P55854,1,1,1,1,1,1,0,0,0,0,0,0,0,0,0,0,0,0
baseline_esm2,5,P56159,0,0,0,0,0,0,1,1,1,1,1,1,2,2,2,2,2,2
baseline_esm2,5,P56161,0,0,0,0,0,0,1,1,1,1,1,1,0,0,0,0,0,0
baseline_esm2,5,P56386,0,0,0,0,0,0,2,2,2,2,2,2,1,1,1,1,1,1
baseline_esm2,5,P56425,0,0,0,1,1,1,1,1,1,0,0,0,1,1,1,0,0,0
baseline_esm2,5,P56568,0,0,0,0,0,0,1,1,1,1,1,1,1,1,1,1,1,1
baseline_esm2,5,P57774,2,2,2,2,2,2,0,0,0,0,0,0,0,0,0,0,0,0
baseline_esm2,5,P58906,0,0,0,0,0,0,1,1,1,1,1,1,0,0,0,0,0,0
baseline_esm2,5,P59082,0,0,0,0,0,0,1,1,1,1,1,1,1,1,1,1,1,1
baseline_esm2,5,P59097,0,0,0,0,0,0,1,1,1,1,1,1,1,1,1,1,1,1
baseline_esm2,5,P60022,0,0,0,0,0,2,2,2,2,2,2,0,2,2,2,2,2,0
baseline_esm2,5,P60023,0,0,0,0,0,0,2,2,2,2,2,2,1,1,1,1,1,1
baseline_esm2,5,P60590,0,0,0,1,1,1,2,2,2,1,1,1,1,1,1,0,0,0
baseline_esm2,5,P60980,2,2,2,2,2,2,0,0,0,0,0,0,0,0,0,0,0,0
baseline_esm2,5,P61103,1,1,1,1,1,1,0,0,0,0,0,0,1,1,1,1,1,1
baseline_esm2,5,P61104,0,1,1,1,1,1,1,0,0,0,0,0,2,1,1,1,1,1
baseline_esm2,5,P61261,0,0,0,0,0,2,2,2,2,2,2,0,2,2,2,2,2,0
baseline_esm2,5,P61262,0,0,0,0,0,2,2,2,2,2,2,0,2,2,2,2,2,0
baseline_esm2,5,P61263,0,0,0,0,0,2,2,2,2,2,2,0,2,2,2,2,2,0
baseline_esm2,5,P61409,2,2,2,2,2,2,0,0,0,0,0,0,0,0,0,0,0,0
baseline_esm2,5,P61849,1,1,1,1,1,1,0,0,0,0,0,0,0,0,0,0,0,0
baseline_esm2,5,P62530,0,1,1,1,1,1,1,0,0,0,0,0,1,0,0,0,0,0
baseline_esm2,5,P62531,0,1,1,1,1,1,1,0,0,0,0,0,1,0,0,0,0,0
baseline_esm2,5,P63186,0,0,1,1,1,1,1,1,0,0,0,0,2,2,1,1,1,1
baseline_esm2,5,P66125,0,0,1,1,1,1,1,1,0,0,0,0,1,1,0,0,0,0
baseline_esm2,5,P66126,0,0,1,1,1,1,1,1,0,0,0,0,1,1,0,0,0,0
baseline_esm2,5,P66133,1,1,1,1,1,1,0,0,0,0,0,0,0,0,0,0,0,0
baseline_esm2,5,P66134,1,1,1,1,1,1,0,0,0,0,0,0,0,0,0,0,0,0
baseline_esm2,5,P66135,0,0,1,1,1,1,1,1,0,0,0,0,1,1,0,0,0,0
baseline_esm2,5,P66136,0,0,1,1,1,1,1,1,0,0,0,0,1,1,0,0,0,0
baseline_esm2,5,P66137,0,0,1,1,1,1,1,1,0,0,0,0,2,2,1,1,1,1
baseline_esm2,5,P66139,0,0,1,1,1,1,1,1,0,0,0,0,2,2,1,1,1,1
baseline_esm2,5,P68004,0,0,0,0,0,0,1,1,1,1,1,1,0,0,0,0,0,0
baseline_esm2,5,P68005,0,0,0,0,0,0,1,1,1,1,1,1,0,0,0,0,0,0
baseline_esm2,5,P68248,0,0,0,0,0,0,1,1,1,1,1,1,2,2,2,2,2,2
baseline_esm2,5,P68426,1,1,1,1,1,1,0,0,0,0,0,0,1,1,1,1,1,1
baseline_esm2,5,P68827,0,0,0,0,0,0,1,1,1,1,1,1,0,0,0,0,0,0
baseline_esm2,5,P75458,0,0,1,1,1,1,1,1,0,0,0,0,1,1,0,0,0,0
baseline_esm2,5,P79076,0,0,0,0,0,0,1,1,1,1,1,1,1,1,1,1,1,1
baseline_esm2,5,P79110,0,0,0,0,0,0,1,1,1,1,1,1,0,0,0,0,0,0
baseline_esm2,5,P79362,0,0,0,0,0,0,1,1,1,1,1,1,0,0,0,0,0,0
baseline_esm2,5,P79799,0,0,0,0,0,0,2,2,2,2,2,2,2,2,2,2,2,2
baseline_esm2,5,P80710,0,0,1,1,1,1,3,3,2,2,2,2,1,1,0,0,0,0
baseline_esm2,5,P80713,0,0,1,1,1,1,3,3,2,2,2,2,1,1,0,0,0,0
baseline_esm2,5,P80734,0,0,0,0,0,0,1,1,1,1,1,1,1,1,1,1,1,1
baseline_esm2,5,P80735,0,0,1,1,1,1,1,1,0,0,0,0,1,1,0,0,0,0
baseline_esm2,5,P80957,0,0,0,1,1,1,1,1,1,0,0,0,1,1,1,0,0,0
baseline_esm2,5,P81191,0,0,1,1,1,1,1,1,0,0,0,0,3,3,2,2,2,2
baseline_esm2,5,P81401,3,3,3,3,3,3,1,1,1,1,1,1,2,2,2,2,2,2
baseline_esm2,5,P81592,1,1,1,1,1,1,1,1,1,1,1,1,10,10,10,10,10,10
baseline_esm2,5,P82018,0,0,0,0,0,0,1,1,1,1,1,1,0,0,0,0,0,0
baseline_esm2,5,P83211,0,0,0,0,0,0,1,1,1,1,1,1,0,0,0,0,0,0
baseline_esm2,5,P83303,0,1,1,1,1,1,1,0,0,0,0,0,1,0,0,0,0,0
baseline_esm2,5,P83412,0,0,0,0,0,0,1,1,1,1,1,1,0,0,0,0,0,0
baseline_esm2,5,P83974,1,1,1,1,1,1,0,0,0,0,0,0,0,0,0,0,0,0
baseline_esm2,5,P84213,0,0,0,0,0,0,2,2,2,2,2,2,2,2,2,2,2,2
baseline_esm2,5,P84408,0,0,0,0,0,0,1,1,1,1,1,1,0,0,0,0,0,0
baseline_esm2,5,P84808,0,0,0,0,0,0,1,1,1,1,1,1,0,0,0,0,0,0
baseline_esm2,5,P85527,1,1,1,1,1,1,0,0,0,0,0,0,0,0,0,0,0,0
baseline_esm2,5,P86442,0,0,0,0,0,0,3,3,3,3,3,3,2,2,2,2,2,2
baseline_esm2,5,P86828,0,1,1,1,1,1,1,0,0,0,0,0,1,0,0,0,0,0
baseline_esm2,5,P91896,2,2,3,3,3,3,1,1,0,0,0,0,1,1,0,0,0,0
baseline_esm2,5,P93248,0,0,0,0,0,0,1,1,1,1,1,1,0,0,0,0,0,0
baseline_esm2,5,P93328,0,1,1,1,1,1,1,0,0,0,0,0,1,0,0,0,0,0
baseline_esm2,5,P97785,0,0,0,0,0,0,1,1,1,1,1,1,2,2,2,2,2,2
baseline_esm2,5,Q00663,0,1,1,1,1,1,1,0,0,0,0,0,1,0,0,0,0,0
baseline_esm2,5,Q00676,0,0,0,0,0,0,1,1,1,1,1,1,4,4,4,4,4,4
baseline_esm2,5,Q01133,0,1,1,1,1,1,4,3,3,3,3,3,18,17,17,17,17,17
baseline_esm2,5,Q01413,0,0,0,0,0,0,1,1,1,1,1,1,1,1,1,1,1,1
baseline_esm2,5,Q01416,1,1,1,1,1,1,0,0,0,0,0,0,0,0,0,0,0,0
baseline_esm2,5,Q01758,0,1,1,1,1,1,1,0,0,0,0,0,1,0,0,0,0,0
baseline_esm2,5,Q02ZA6,0,0,1,1,1,1,1,1,0,0,0,0,1,1,0,0,0,0
baseline_esm2,5,Q03467,0,0,0,0,0,0,1,1,1,1,1,1,1,1,1,1,1,1
baseline_esm2,5,Q03643,1,1,1,1,1,1,0,0,0,0,0,0,0,0,0,0,0,0
baseline_esm2,5,Q03644,1,1,1,1,1,1,0,0,0,0,0,0,0,0,0,0,0,0
baseline_esm2,5,Q03645,1,1,1,1,1,1,0,0,0,0,0,0,0,0,0,0,0,0
baseline_esm2,5,Q03646,1,1,1,1,1,1,0,0,0,0,0,0,0,0,0,0,0,0
baseline_esm2,5,Q03674,1,1,1,1,1,1,0,0,0,0,0,0,0,0,0,0,0,0
baseline_esm2,5,Q03994,1,1,1,1,1,1,0,0,0,0,0,0,0,0,0,0,0,0
baseline_esm2,5,Q03FZ9,0,0,0,0,1,1,1,1,1,1,0,0,2,2,2,2,1,1
baseline_esm2,5,Q03M32,0,0,1,1,1,1,1,1,0,0,0,0,2,2,1,1,1,1
baseline_esm2,5,Q04KI2,0,0,1,1,1,1,1,1,0,0,0,0,2,2,1,1,1,1
baseline_esm2,5,Q058G9,1,1,1,1,1,1,1,1,1,1,1,1,1,1,1,1,1,1
baseline_esm2,5,Q06145,0,0,0,0,0,0,2,2,2,2,2,2,1,1,1,1,1,1
baseline_esm2,5,Q07053,0,0,1,1,1,1,1,1,0,0,0,0,1,1,0,0,0,0
baseline_esm2,5,Q07988,1,1,1,1,1,1,0,0,0,0,0,0,0,0,0,0,0,0
baseline_esm2,5,Q08108,1,1,1,1,1,1,0,0,0,0,0,0,0,0,0,0,0,0
baseline_esm2,5,Q08761,1,1,1,1,1,1,0,0,0,0,0,0,0,0,0,0,0,0
baseline_esm2,5,Q08890,0,0,0,0,0,0,1,1,1,1,1,1,0,0,0,0,0,0
baseline_esm2,5,Q08906,1,1,1,1,1,1,0,0,0,0,0,0,0,0,0,0,0,0
baseline_esm2,5,Q08907,1,1,1,1,1,1,0,0,0,0,0,0,0,0,0,0,0,0
baseline_esm2,5,Q09169,2,2,2,2,2,2,0,0,0,0,0,0,1,1,1,1,1,1
baseline_esm2,5,Q09175,0,0,0,0,0,0,1,1,1,1,1,1,0,0,0,0,0,0
baseline_esm2,5,Q09982,0,0,1,1,1,1,4,4,3,3,3,3,1,1,0,0,0,0
baseline_esm2,5,Q09JK2,1,1,1,1,1,1,0,0,0,0,0,0,0,0,0,0,0,0
baseline_esm2,5,Q0AWJ2,0,0,0,0,0,0,1,1,1,1,1,1,0,0,0,0,0,0
baseline_esm2,5,Q0EAE5,0,0,1,1,1,1,2,2,1,1,1,1,1,1,0,0,0,0
baseline_esm2,5,Q0H293,0,0,0,0,0,1,1,1,1,1,1,0,1,1,1,1,1,0
baseline_esm2,5,Q0IUL4,0,0,0,0,0,1,2,2,2,2,2,1,1,1,1,1,1,0
baseline_esm2,5,Q0MWV8,1,1,1,1,1,1,1,1,1,1,1,1,0,0,0,0,0,0
baseline_esm2,5,Q0SR53,0,0,0,0,1,1,1,1,1,1,0,0,2,2,2,2,1,1
baseline_esm2,5,Q0THN1,0,0,0,0,0,0,1,1,1,1,1,1,2,2,2,2,2,2
baseline_esm2,5,Q0TNI4,0,0,0,0,1,1,1,1,1,1,0,0,2,2,2,2,1,1
baseline_esm2,5,Q10416,0,1,1,1,1,1,1,0,0,0,0,0,1,0,0,0,0,0
baseline_esm2,5,Q10JL1,1,1,1,1,1,1,0,0,0,0,0,0,0,0,0,0,0,0
baseline_esm2,5,Q12303,1,1,1,1,1,1,1,1,1,1,1,1,0,0,0,0,0,0
baseline_esm2,5,Q14641,1,1,1,1,1,1,1,1,1,1,1,1,1,1,1,1,1,1
baseline_esm2,5,Q14BU0,0,0,1,1,1,1,1,1,0,0,0,0,1,1,0,0,0,0
baseline_esm2,5,Q15726,0,1,1,1,1,1,1,0,0,0,0,0,2,1,1,1,1,1
baseline_esm2,5,Q16819,0,0,0,0,0,0,1,1,1,1,1,1,1,1,1,1,1,1
baseline_esm2,5,Q16820,0,1,1,1,1,1,1,0,0,0,0,0,1,0,0,0,0,0
baseline_esm2,5,Q16994,0,3,3,3,3,3,5,2,2,2,2,2,33,30,30,30,30,30
baseline_esm2,5,Q16RI5,1,1,1,1,1,1,0,0,0,0,0,0,1,1,1,1,1,1
baseline_esm2,5,Q17192,3,3,3,3,3,3,0,0,0,0,0,0,0,0,0,0,0,0
baseline_esm2,5,Q17194,1,1,2,2,3,3,2,2,1,1,0,0,2,2,1,1,0,0
baseline_esm2,5,Q17196,1,2,2,2,2,2,2,1,1,1,1,1,1,0,0,0,0,0
baseline_esm2,5,Q17QV3,1,1,1,1,1,1,0,0,0,0,0,0,0,0,0,0,0,0
baseline_esm2,5,Q18184,3,3,3,3,3,3,0,0,0,0,0,0,0,0,0,0,0,0
baseline_esm2,5,Q18234,0,1,1,1,1,1,1,0,0,0,0,0,2,1,1,1,1,1
baseline_esm2,5,Q18B22,0,0,1,1,1,1,1,1,0,0,0,0,2,2,1,1,1,1
baseline_esm2,5,Q1C5C7,0,0,0,0,0,0,1,1,1,1,1,1,2,2,2,2,2,2
baseline_esm2,5,Q1CKL2,0,0,0,0,0,0,1,1,1,1,1,1,2,2,2,2,2,2
baseline_esm2,5,Q1ELU4,0,1,2,2,2,2,10,9,8,8,8,8,5,4,3,3,3,3
baseline_esm2,5,Q1ELU5,0,1,4,4,4,4,12,11,8,8,8,8,7,6,3,3,3,3
baseline_esm2,5,Q1ELU7,1,1,1,1,1,1,2,2,2,2,2,2,2,2,2,2,2,2
baseline_esm2,5,Q1ELU8,1,1,1,1,1,1,2,2,2,2,2,2,3,3,3,3,3,3
baseline_esm2,5,Q1JPW9,0,0,1,1,1,1,1,1,0,0,0,0,3,3,2,2,2,2
baseline_esm2,5,Q1KLX1,1,1,1,1,1,1,0,0,0,0,0,0,0,0,0,0,0,0
baseline_esm2,5,Q1KLX2,0,0,0,0,0,0,1,1,1,1,1,1,1,1,1,1,1,1
baseline_esm2,5,Q1KLX3,1,1,1,1,1,1,0,0,0,0,0,0,0,0,0,0,0,0
baseline_esm2,5,Q1KLX4,0,0,0,0,0,0,1,1,1,1,1,1,1,1,1,1,1,1
baseline_esm2,5,Q1KLX5,1,1,1,1,1,1,0,0,0,0,0,0,0,0,0,0,0,0
baseline_esm2,5,Q1KLX6,1,1,1,1,1,1,0,0,0,0,0,0,0,0,0,0,0,0
baseline_esm2,5,Q1KLX7,1,1,1,1,1,1,0,0,0,0,0,0,0,0,0,0,0,0
baseline_esm2,5,Q1KLX8,1,1,1,1,1,1,0,0,0,0,0,0,0,0,0,0,0,0
baseline_esm2,5,Q1KLY0,1,1,1,1,1,1,0,0,0,0,0,0,0,0,0,0,0,0
baseline_esm2,5,Q1KLY2,1,1,1,1,1,1,0,0,0,0,0,0,0,0,0,0,0,0
baseline_esm2,5,Q1KLY3,1,1,1,1,1,1,0,0,0,0,0,0,0,0,0,0,0,0
baseline_esm2,5,Q1KLY4,1,1,1,1,1,1,0,0,0,0,0,0,0,0,0,0,0,0
baseline_esm2,5,Q1KLY5,1,1,1,1,1,1,0,0,0,0,0,0,0,0,0,0,0,0
baseline_esm2,5,Q1KLY6,0,0,0,0,0,0,1,1,1,1,1,1,1,1,1,1,1,1
baseline_esm2,5,Q1KLY7,1,1,1,1,1,1,0,0,0,0,0,0,0,0,0,0,0,0
baseline_esm2,5,Q1KLY8,1,1,1,1,1,1,0,0,0,0,0,0,0,0,0,0,0,0
baseline_esm2,5,Q1PFD8,1,1,1,1,1,1,0,0,0,0,0,0,0,0,0,0,0,0
baseline_esm2,5,Q24238,1,1,1,1,1,1,0,0,0,0,0,0,1,1,1,1,1,1
baseline_esm2,5,Q25413,17,17,17,17,17,17,1,1,1,1,1,1,3,3,3,3,3,3
baseline_esm2,5,Q27173,0,0,0,1,1,1,1,1,1,0,0,0,2,2,2,1,1,1
baseline_esm2,5,Q27174,0,0,0,1,1,1,1,1,1,0,0,0,2,2,2,1,1,1
baseline_esm2,5,Q27181,1,1,1,1,1,1,0,0,0,0,0,0,1,1,1,1,1,1
baseline_esm2,5,Q27677,1,1,1,1,1,1,0,0,0,0,0,0,0,0,0,0,0,0
baseline_esm2,5,Q28HK1,0,0,1,1,1,1,1,1,0,0,0,0,1,1,0,0,0,0
baseline_esm2,5,Q29486,0,0,1,1,1,1,1,1,0,0,0,0,1,1,0,0,0,0
baseline_esm2,5,Q295C6,2,2,2,2,2,2,3,3,3,3,3,3,1,1,1,1,1,1
baseline_esm2,5,Q29B55,0,0,0,0,0,0,2,2,2,2,2,2,2,2,2,2,2,2
baseline_esm2,5,Q29W19,0,0,0,0,0,0,2,2,2,2,2,2,2,2,2,2,2,2
baseline_esm2,5,Q2FG82,1,1,1,1,1,1,0,0,0,0,0,0,0,0,0,0,0,0
baseline_esm2,5,Q2FUW9,0,1,1,1,1,1,1,0,0,0,0,0,1,0,0,0,0,0
baseline_esm2,5,Q2FXT0,1,1,1,1,1,1,0,0,0,0,0,0,0,0,0,0,0,0
baseline_esm2,5,Q2HYY9,1,1,1,1,1,1,0,0,0,0,0,0,1,1,1,1,1,1
baseline_esm2,5,Q2IAL6,0,0,0,0,0,0,1,1,1,1,1,1,1,1,1,1,1,1
baseline_esm2,5,Q2IAL7,0,0,0,1,1,1,1,1,1,0,0,0,1,1,1,0,0,0
baseline_esm2,5,Q2KJI7,0,0,0,0,0,0,1,1,1,1,1,1,0,0,0,0,0,0
baseline_esm2,5,Q2NIJ9,0,1,1,1,1,1,1,0,0,0,0,0,1,0,0,0,0,0
baseline_esm2,5,Q2SS74,0,0,1,1,1,1,1,1,0,0,0,0,1,1,0,0,0,0
baseline_esm2,5,Q2TA14,0,0,0,0,0,0,1,1,1,1,1,1,1,1,1,1,1,1
baseline_esm2,5,Q2YT85,1,1,1,1,1,1,0,0,0,0,0,0,0,0,0,0,0,0
baseline_esm2,5,Q32ZI4,1,1,1,1,1,1,0,0,0,0,0,0,0,0,0,0,0,0
baseline_esm2,5,Q39131,0,1,1,1,1,1,1,0,0,0,0,0,1,0,0,0,0,0
baseline_esm2,5,Q39962,0,0,0,0,0,0,1,1,1,1,1,1,0,0,0,0,0,0
baseline_esm2,5,Q3C255,1,1,1,1,1,1,0,0,0,0,0,0,0,0,0,0,0,0
baseline_esm2,5,Q3C256,1,1,1,1,1,1,0,0,0,0,0,0,0,0,0,0,0,0
baseline_esm2,5,Q3SB03,0,0,0,0,1,1,1,1,1,1,0,0,1,1,1,1,0,0
baseline_esm2,5,Q3SB04,0,0,0,0,1,1,1,1,1,1,0,0,1,1,1,1,0,0
baseline_esm2,5,Q3SB05,0,0,0,0,1,1,1,1,1,1,0,0,1,1,1,1,0,0
baseline_esm2,5,Q3SB06,0,0,0,0,1,1,1,1,1,1,0,0,1,1,1,1,0,0
baseline_esm2,5,Q3SB07,0,0,0,0,1,1,1,1,1,1,0,0,1,1,1,1,0,0
baseline_esm2,5,Q40987,0,0,0,0,0,0,1,1,1,1,1,1,0,0,0,0,0,0
baseline_esm2,5,Q41114,0,0,0,0,0,0,1,1,1,1,1,1,0,0,0,0,0,0
baseline_esm2,5,Q42460,0,0,0,0,0,0,1,1,1,1,1,1,0,0,0,0,0,0
baseline_esm2,5,Q48501,1,1,1,1,1,1,1,1,1,1,1,1,1,1,1,1,1,1
baseline_esm2,5,Q49Y83,1,1,1,1,1,1,0,0,0,0,0,0,0,0,0,0,0,0
baseline_esm2,5,Q4L6Z1,0,0,1,1,1,1,1,1,0,0,0,0,1,1,0,0,0,0
baseline_esm2,5,Q4PSZ8,1,1,1,1,1,1,0,0,0,0,0,0,0,0,0,0,0,0
baseline_esm2,5,Q4WFV6,1,1,1,1,1,1,0,0,0,0,0,0,0,0,0,0,0,0
baseline_esm2,5,Q4WI46,1,1,1,1,1,1,0,0,0,0,0,0,0,0,0,0,0,0
baseline_esm2,5,Q53I06,1,1,1,1,1,1,0,0,0,0,0,0,1,1,1,1,1,1
baseline_esm2,5,Q54EQ7,1,1,1,1,1,1,0,0,0,0,0,0,0,0,0,0,0,0
baseline_esm2,5,Q58D68,1,1,1,1,1,1,0,0,0,0,0,0,0,0,0,0,0,0
baseline_esm2,5,Q59PF9,1,1,1,1,1,1,0,0,0,0,0,0,0,0,0,0,0,0
baseline_esm2,5,Q59SU1,1,1,1,1,1,1,0,0,0,0,0,0,1,1,1,1,1,1
baseline_esm2,5,Q59XB0,1,1,1,1,1,1,0,0,0,0,0,0,0,0,0,0,0,0
baseline_esm2,5,Q5A029,1,1,1,1,1,1,0,0,0,0,0,0,0,0,0,0,0,0
baseline_esm2,5,Q5A210,0,1,1,1,1,1,1,0,0,0,0,0,1,0,0,0,0,0
baseline_esm2,5,Q5A651,1,1,1,1,1,1,0,0,0,0,0,0,0,0,0,0,0,0
baseline_esm2,5,Q5A6M2,0,0,0,0,1,1,1,1,1,1,0,0,1,1,1,1,0,0
baseline_esm2,5,Q5A6U1,1,1,1,1,1,1,0,0,0,0,0,0,0,0,0,0,0,0
baseline_esm2,5,Q5ACP5,0,0,0,0,0,0,1,1,1,1,1,1,0,0,0,0,0,0
baseline_esm2,5,Q5AD34,0,1,1,1,1,1,1,0,0,0,0,0,1,0,0,0,0,0
baseline_esm2,5,Q5AJC0,0,0,0,1,1,1,1,1,1,0,0,0,1,1,1,0,0,0
baseline_esm2,5,Q5AL03,1,1,1,1,1,1,0,0,0,0,0,0,0,0,0,0,0,0
baseline_esm2,5,Q5BIV7,0,1,1,1,1,1,1,0,0,0,0,0,3,2,2,2,2,2
baseline_esm2,5,Q5BIV9,0,1,1,1,1,1,1,0,0,0,0,0,2,1,1,1,1,1
baseline_esm2,5,Q5BKW7,0,1,1,1,1,1,1,0,0,0,0,0,1,0,0,0,0,0
baseline_esm2,5,Q5CZK6,1,1,1,1,2,2,1,1,1,1,0,0,1,1,1,1,0,0
baseline_esm2,5,Q5E9X0,0,1,1,1,1,1,1,0,0,0,0,0,1,0,0,0,0,0
baseline_esm2,5,Q5G234,0,0,0,0,0,0,1,1,1,1,1,1,1,1,1,1,1,1
baseline_esm2,5,Q5HFB8,1,1,1,1,1,1,0,0,0,0,0,0,0,0,0,0,0,0
baseline_esm2,5,Q5HNQ6,0,0,1,1,1,1,1,1,0,0,0,0,1,1,0,0,0,0
baseline_esm2,5,Q5JNJ5,0,0,0,0,0,0,1,1,1,1,1,1,1,1,1,1,1,1
baseline_esm2,5,Q5KWP3,0,0,1,1,1,1,1,1,0,0,0,0,1,1,0,0,0,0
baseline_esm2,5,Q5M158,0,0,1,1,1,1,1,1,0,0,0,0,2,2,1,1,1,1
baseline_esm2,5,Q5PU89,0,1,1,1,1,1,1,0,0,0,0,0,1,0,0,0,0,0
baseline_esm2,5,Q5RAD6,0,0,0,1,1,1,1,1,1,0,0,0,1,1,1,0,0,0
baseline_esm2,5,Q5RB45,0,1,1,1,1,1,1,0,0,0,0,0,1,0,0,0,0,0
baseline_esm2,5,Q5RBU7,0,0,0,0,0,0,1,1,1,1,1,1,1,1,1,1,1,1
baseline_esm2,5,Q5WES5,0,0,0,0,0,0,1,1,1,1,1,1,1,1,1,1,1,1
baseline_esm2,5,Q5XCS5,0,0,1,1,1,1,1,1,0,0,0,0,2,2,1,1,1,1
baseline_esm2,5,Q5XIF4,1,1,1,1,1,1,0,0,0,0,0,0,0,0,0,0,0,0
baseline_esm2,5,Q5Z9C8,1,1,1,1,1,1,0,0,0,0,0,0,0,0,0,0,0,0
baseline_esm2,5,Q60E70,1,1,1,1,1,1,0,0,0,0,0,0,0,0,0,0,0,0
baseline_esm2,5,Q61207,0,0,0,0,0,0,3,3,3,3,3,3,0,0,0,0,0,0
baseline_esm2,5,Q61247,0,0,0,0,0,0,1,1,1,1,1,1,0,0,0,0,0,0
baseline_esm2,5,Q61847,0,0,0,0,0,0,1,1,1,1,1,1,1,1,1,1,1,1
baseline_esm2,5,Q62997,0,0,0,0,0,0,1,1,1,1,1,1,2,2,2,2,2,2
baseline_esm2,5,Q634A1,1,1,1,1,1,1,0,0,0,0,0,0,1,1,1,1,1,1
baseline_esm2,5,Q64171,1,2,2,2,2,2,1,0,0,0,0,0,1,0,0,0,0,0
baseline_esm2,5,Q64230,0,0,0,0,0,0,1,1,1,1,1,1,1,1,1,1,1,1
baseline_esm2,5,Q64339,1,1,1,1,1,1,0,0,0,0,0,0,0,0,0,0,0,0
baseline_esm2,5,Q65DC2,0,0,0,1,1,1,1,1,1,0,0,0,1,1,1,0,0,0
baseline_esm2,5,Q65GM5,0,0,0,0,0,0,1,1,1,1,1,1,1,1,1,1,1,1
baseline_esm2,5,Q667N8,0,0,0,0,0,0,1,1,1,1,1,1,2,2,2,2,2,2
baseline_esm2,5,Q66IA6,0,0,1,1,1,1,1,1,0,0,0,0,1,1,0,0,0,0
baseline_esm2,5,Q67SC7,0,1,1,1,1,1,1,0,0,0,0,0,2,1,1,1,1,1
baseline_esm2,5,Q6DDP3,0,1,1,1,1,1,1,0,0,0,0,0,1,0,0,0,0,0
baseline_esm2,5,Q6E3K9,0,0,0,0,0,0,1,1,1,1,1,1,0,0,0,0,0,0
baseline_esm2,5,Q6ECK6,3,4,4,4,4,4,1,0,0,0,0,0,1,0,0,0,0,0
baseline_esm2,5,Q6F125,0,0,0,0,0,1,1,1,1,1,1,0,1,1,1,1,1,0
baseline_esm2,5,Q6G8S4,1,1,1,1,1,1,0,0,0,0,0,0,0,0,0,0,0,0
baseline_esm2,5,Q6GG59,1,1,1,1,1,1,0,0,0,0,0,0,0,0,0,0,0,0
baseline_esm2,5,Q6HD83,1,1,1,1,1,1,0,0,0,0,0,0,1,1,1,1,1,1
baseline_esm2,5,Q6IV23,0,0,0,0,1,1,1,1,1,1,0,0,2,2,2,2,1,1
baseline_esm2,5,Q6IV26,0,0,0,0,0,0,1,1,1,1,1,1,1,1,1,1,1,1
baseline_esm2,5,Q6LZM3,1,1,1,1,1,1,0,0,0,0,0,0,1,1,1,1,1,1
baseline_esm2,5,Q6MT50,0,0,0,0,0,1,1,1,1,1,1,0,2,2,2,2,2,1
baseline_esm2,5,Q6NLD7,1,1,1,1,1,1,0,0,0,0,0,0,0,0,0,0,0,0
baseline_esm2,5,Q6NLF7,0,1,1,1,1,1,1,0,0,0,0,0,1,0,0,0,0,0
baseline_esm2,5,Q6NNL3,0,1,1,1,1,1,1,0,0,0,0,0,1,0,0,0,0,0
baseline_esm2,5,Q6NUJ1,0,0,0,0,0,0,5,5,5,5,5,5,1,1,1,1,1,1
baseline_esm2,5,Q6NWB6,0,1,1,1,1,1,1,0,0,0,0,0,2,1,1,1,1,1
baseline_esm2,5,Q6QLQ5,0,0,0,0,0,0,1,1,1,1,1,1,1,1,1,1,1,1
baseline_esm2,5,Q6QLR1,0,0,0,0,0,0,1,1,1,1,1,1,1,1,1,1,1,1
baseline_esm2,5,Q6QWR1,0,0,0,0,0,0,1,1,1,1,1,1,1,1,1,1,1,1
baseline_esm2,5,Q6RUW3,2,2,2,2,2,2,0,0,0,0,0,0,0,0,0,0,0,0
baseline_esm2,5,Q6UG02,0,0,0,0,0,0,1,1,1,1,1,1,1,1,1,1,1,1
baseline_esm2,5,Q6UQ28,0,0,0,0,0,0,1,1,1,1,1,1,1,1,1,1,1,1
baseline_esm2,5,Q6UWR7,0,0,1,1,1,1,1,1,0,0,0,0,1,1,0,0,0,0
baseline_esm2,5,Q6UX82,0,0,1,1,1,1,1,1,0,0,0,0,1,1,0,0,0,0
baseline_esm2,5,Q6XMH8,0,0,1,1,1,1,2,2,1,1,1,1,2,2,1,1,1,1
baseline_esm2,5,Q6Y4S4,0,0,0,0,1,1,1,1,1,1,0,0,2,2,2,2,1,1
baseline_esm2,5,Q6YRC7,0,1,1,1,1,1,1,0,0,0,0,0,1,0,0,0,0,0
baseline_esm2,5,Q6Z4G7,1,1,1,1,1,1,0,0,0,0,0,0,0,0,0,0,0,0
baseline_esm2,5,Q6Z4G8,0,1,1,1,1,1,1,0,0,0,0,0,1,0,0,0,0,0
baseline_esm2,5,Q71ZD0,0,0,1,1,1,1,1,1,0,0,0,0,1,1,0,0,0,0
baseline_esm2,5,Q72ZY3,1,1,1,1,1,1,0,0,0,0,0,0,0,0,0,0,0,0
baseline_esm2,5,Q74IL5,0,0,0,1,1,1,1,1,1,0,0,0,1,1,1,0,0,0
baseline_esm2,5,Q75UG5,0,0,0,0,0,0,2,2,2,2,2,2,2,2,2,2,2,2
baseline_esm2,5,Q75WG7,0,1,1,1,1,1,1,0,0,0,0,0,2,1,1,1,1,1
baseline_esm2,5,Q75WH2,0,0,1,2,2,2,2,2,1,0,0,0,2,2,1,0,0,0
baseline_esm2,5,Q75WH4,1,1,1,1,1,1,0,0,0,0,0,0,1,1,1,1,1,1
baseline_esm2,5,Q75WH5,1,1,1,1,1,1,0,0,0,0,0,0,1,1,1,1,1,1
baseline_esm2,5,Q75WH6,1,1,1,1,1,1,0,0,0,0,0,0,1,1,1,1,1,1
baseline_esm2,5,Q765Z4,0,0,0,0,0,0,1,1,1,1,1,1,2,2,2,2,2,2
baseline_esm2,5,Q76CL2,1,1,1,1,1,1,1,1,1,1,1,1,1,1,1,1,1,1
baseline_esm2,5,Q7JGL8,0,0,0,0,0,2,2,2,2,2,2,0,2,2,2,2,2,0
baseline_esm2,5,Q7JGL9,0,0,0,0,0,2,2,2,2,2,2,0,2,2,2,2,2,0
baseline_esm2,5,Q7JGM0,0,0,0,0,0,2,2,2,2,2,2,0,2,2,2,2,2,0
baseline_esm2,5,Q7JGM1,0,0,0,0,0,2,2,2,2,2,2,0,2,2,2,2,2,0
baseline_esm2,5,Q7JGM2,0,0,0,0,0,2,2,2,2,2,2,0,2,2,2,2,2,0
baseline_esm2,5,Q7KUD5,1,1,1,2,2,3,2,2,2,1,1,0,2,2,2,1,1,0
baseline_esm2,5,Q7M3V5,2,2,2,2,2,2,0,0,0,0,0,0,1,1,1,1,1,1
baseline_esm2,5,Q7NBB0,0,0,0,0,0,0,1,1,1,1,1,1,1,1,1,1,1,1
baseline_esm2,5,Q7Q7R8,0,0,0,0,0,0,1,1,1,1,1,1,2,2,2,2,2,2
baseline_esm2,5,Q7TMR0,0,0,0,0,0,0,1,1,1,1,1,1,1,1,1,1,1,1
baseline_esm2,5,Q7TQN2,1,1,1,1,1,1,0,0,0,0,0,0,0,0,0,0,0,0
baseline_esm2,5,Q7TSB7,0,0,0,0,0,0,1,1,1,1,1,1,2,2,2,2,2,2
baseline_esm2,5,Q7XR91,1,1,1,1,1,1,0,0,0,0,0,0,0,0,0,0,0,0
baseline_esm2,5,Q7YXK5,1,1,1,1,1,1,0,0,0,0,0,0,1,1,1,1,1,1
baseline_esm2,5,Q803Y4,0,1,1,1,1,1,1,0,0,0,0,0,1,0,0,0,0,0
baseline_esm2,5,Q817U4,1,1,1,1,1,1,0,0,0,0,0,0,0,0,0,0,0,0
baseline_esm2,5,Q81LE8,1,1,1,1,1,1,0,0,0,0,0,0,1,1,1,1,1,1
baseline_esm2,5,Q836X4,0,0,0,0,0,0,1,1,1,1,1,1,0,0,0,0,0,0
baseline_esm2,5,Q83RD2,0,0,0,1,1,1,1,1,1,0,0,0,2,2,2,1,1,1
baseline_esm2,5,Q84JV2,0,0,0,0,0,1,1,1,1,1,1,0,1,1,1,1,1,0
baseline_esm2,5,Q84W98,1,1,1,1,1,1,0,0,0,0,0,0,0,0,0,0,0,0
baseline_esm2,5,Q86C51,1,1,1,1,1,1,0,0,0,0,0,0,1,1,1,1,1,1
baseline_esm2,5,Q86MA7,53,54,54,54,54,54,12,11,11,11,11,11,5,4,4,4,4,4
baseline_esm2,5,Q86QN6,0,0,0,1,1,1,1,1,1,0,0,0,1,1,1,0,0,0
baseline_esm2,5,Q86UU9,0,1,1,1,1,1,4,3,3,3,3,3,3,2,2,2,2,2
baseline_esm2,5,Q86Y78,1,1,1,1,1,1,0,0,0,0,0,0,0,0,0,0,0,0
baseline_esm2,5,Q88WN3,0,0,0,0,0,0,1,1,1,1,1,1,0,0,0,0,0,0
baseline_esm2,5,Q892N6,0,0,0,0,0,0,1,1,1,1,1,1,1,1,1,1,1,1
baseline_esm2,5,Q8AVA3,0,0,0,0,1,1,1,1,1,1,0,0,1,1,1,1,0,0
baseline_esm2,5,Q8AVA4,0,0,0,0,0,0,1,1,1,1,1,1,0,0,0,0,0,0
baseline_esm2,5,Q8BGN3,1,1,1,1,1,1,0,0,0,0,0,0,0,0,0,0,0,0
baseline_esm2,5,Q8BGN6,0,0,0,0,0,0,1,1,1,1,1,1,1,1,1,1,1,1
baseline_esm2,5,Q8BH61,0,0,0,0,0,0,1,1,1,1,1,1,1,1,1,1,1,1
baseline_esm2,5,Q8BJ48,0,0,0,0,0,0,1,1,1,1,1,1,0,0,0,0,0,0
baseline_esm2,5,Q8BPP5,1,1,1,1,1,1,0,0,0,0,0,0,0,0,0,0,0,0
baseline_esm2,5,Q8BWU1,0,1,1,1,1,1,1,0,0,0,0,0,3,2,2,2,2,2
baseline_esm2,5,Q8C1C1,0,0,0,0,0,0,5,5,5,5,5,5,0,0,0,0,0,0
baseline_esm2,5,Q8CFZ4,0,1,1,1,1,1,1,0,0,0,0,0,1,0,0,0,0,0
baseline_esm2,5,Q8CH01,0,0,0,0,0,0,2,2,2,2,2,2,1,1,1,1,1,1
baseline_esm2,5,Q8CS89,0,0,1,1,1,1,1,1,0,0,0,0,1,1,0,0,0,0
baseline_esm2,5,Q8CW15,0,0,0,0,0,0,1,1,1,1,1,1,2,2,2,2,2,2
baseline_esm2,5,Q8DUQ4,0,0,1,1,1,1,1,1,0,0,0,0,1,1,0,0,0,0
baseline_esm2,5,Q8DYV5,0,0,1,1,1,1,1,1,0,0,0,0,2,2,1,1,1,1
baseline_esm2,5,Q8E4G3,0,0,1,1,1,1,1,1,0,0,0,0,2,2,1,1,1,1
baseline_esm2,5,Q8EPP8,1,1,1,1,1,1,0,0,0,0,0,0,0,0,0,0,0,0
baseline_esm2,5,Q8EVW5,1,1,1,1,1,1,0,0,0,0,0,0,0,0,0,0,0,0
baseline_esm2,5,Q8GCB2,0,0,0,1,1,1,1,1,1,0,0,0,1,1,1,0,0,0
baseline_esm2,5,Q8GTM0,0,1,1,1,1,1,1,0,0,0,0,0,2,1,1,1,1,1
baseline_esm2,5,Q8H6Q0,1,1,1,1,1,1,0,0,0,0,0,0,1,1,1,1,1,1
baseline_esm2,5,Q8H6Q1,1,1,1,1,1,1,0,0,0,0,0,0,1,1,1,1,1,1
baseline_esm2,5,Q8HYC2,1,1,1,1,1,1,0,0,0,0,0,0,0,0,0,0,0,0
baseline_esm2,5,Q8I423,1,1,1,1,1,1,0,0,0,0,0,0,0,0,0,0,0,0
baseline_esm2,5,Q8ILP3,0,1,1,1,1,1,1,0,0,0,0,0,1,0,0,0,0,0
baseline_esm2,5,Q8IV16,0,1,1,1,1,1,1,0,0,0,0,0,1,0,0,0,0,0
baseline_esm2,5,Q8J136,0,0,0,0,0,0,1,1,1,1,1,1,2,2,2,2,2,2
baseline_esm2,5,Q8J2V8,0,0,0,0,0,0,1,1,1,1,1,1,2,2,2,2,2,2
baseline_esm2,5,Q8JZQ2,0,0,0,0,0,0,1,1,1,1,1,1,0,0,0,0,0,0
baseline_esm2,5,Q8JZU2,0,0,0,0,0,0,1,1,1,1,1,1,0,0,0,0,0,0
baseline_esm2,5,Q8L6Z5,0,1,1,1,1,1,1,0,0,0,0,0,1,0,0,0,0,0
baseline_esm2,5,Q8L8Q7,1,1,1,1,1,1,0,0,0,0,0,0,0,0,0,0,0,0
baseline_esm2,5,Q8LA14,0,0,0,0,1,1,1,1,1,1,0,0,2,2,2,2,1,1
baseline_esm2,5,Q8LC95,0,0,1,1,1,1,1,1,0,0,0,0,1,1,0,0,0,0
baseline_esm2,5,Q8LD63,0,0,0,0,0,0,1,1,1,1,1,1,1,1,1,1,1,1
baseline_esm2,5,Q8LEE9,0,0,1,1,1,1,1,1,0,0,0,0,1,1,0,0,0,0
baseline_esm2,5,Q8LEJ6,1,1,1,1,1,1,0,0,0,0,0,0,0,0,0,0,0,0
baseline_esm2,5,Q8MP00,0,0,0,0,0,0,1,1,1,1,1,1,2,2,2,2,2,2
baseline_esm2,5,Q8NI32,0,0,1,1,1,1,1,1,0,0,0,0,1,1,0,0,0,0
baseline_esm2,5,Q8QGP7,0,0,0,0,0,0,2,2,2,2,2,2,1,1,1,1,1,1
baseline_esm2,5,Q8R182,0,0,0,1,1,1,1,1,1,0,0,0,1,1,1,0,0,0
baseline_esm2,5,Q8RBA7,0,0,0,0,0,0,1,1,1,1,1,1,0,0,0,0,0,0
baseline_esm2,5,Q8REI3,0,0,1,1,1,1,1,1,0,0,0,0,1,1,0,0,0,0
baseline_esm2,5,Q8T112,1,1,1,1,1,1,1,1,1,1,1,1,1,1,1,1,1,1
baseline_esm2,5,Q8T1G4,0,0,0,0,0,0,1,1,1,1,1,1,0,0,0,0,0,0
baseline_esm2,5,Q8T1G5,0,0,0,0,0,0,1,1,1,1,1,1,0,0,0,0,0,0
baseline_esm2,5,Q8T1G6,0,0,0,0,0,0,1,1,1,1,1,1,0,0,0,0,0,0
baseline_esm2,5,Q8VXF2,0,0,0,0,0,0,2,2,2,2,2,2,0,0,0,0,0,0
baseline_esm2,5,Q8WVF2,0,0,1,1,1,1,1,1,0,0,0,0,1,1,0,0,0,0
baseline_esm2,5,Q8X783,0,0,0,1,1,1,1,1,1,0,0,0,2,2,2,1,1,1
baseline_esm2,5,Q8XIJ1,0,0,0,0,1,1,1,1,1,1,0,0,2,2,2,2,1,1
baseline_esm2,5,Q8ZDC4,0,0,0,0,0,0,1,1,1,1,1,1,2,2,2,2,2,2
baseline_esm2,5,Q8ZPK9,0,1,1,1,1,1,1,0,0,0,0,0,2,1,1,1,1,1
baseline_esm2,5,Q90WF4,2,2,2,2,2,2,0,0,0,0,0,0,0,0,0,0,0,0
baseline_esm2,5,Q91V70,0,0,0,1,1,1,1,1,1,0,0,0,1,1,1,0,0,0
baseline_esm2,5,Q91V82,0,0,0,1,1,1,1,1,1,0,0,0,1,1,1,0,0,0
baseline_esm2,5,Q92058,0,1,1,1,1,1,1,0,0,0,0,0,1,0,0,0,0,0
baseline_esm2,5,Q924B5,0,1,1,1,1,1,1,0,0,0,0,0,1,0,0,0,0,0
baseline_esm2,5,Q931Q3,1,1,1,1,1,1,0,0,0,0,0,0,0,0,0,0,0,0
baseline_esm2,5,Q93MH4,0,1,1,1,1,1,1,0,0,0,0,0,2,1,1,1,1,1
baseline_esm2,5,Q93MH6,0,0,0,1,1,1,1,1,1,0,0,0,3,3,3,2,2,2
baseline_esm2,5,Q93WH6,0,0,0,0,0,0,2,2,2,2,2,2,0,0,0,0,0,0
baseline_esm2,5,Q93X49,0,0,0,0,0,0,2,2,2,2,2,2,0,0,0,0,0,0
baseline_esm2,5,Q93XK2,0,0,0,0,0,0,1,1,1,1,1,1,0,0,0,0,0,0
baseline_esm2,5,Q941C5,1,1,1,1,1,1,0,0,0,0,0,0,0,0,0,0,0,0
baseline_esm2,5,Q94BT2,1,1,1,1,1,1,0,0,0,0,0,0,0,0,0,0,0,0
baseline_esm2,5,Q94DM8,0,1,1,1,1,1,1,0,0,0,0,0,1,0,0,0,0,0
baseline_esm2,5,Q94EY2,0,1,1,1,1,1,1,0,0,0,0,0,1,0,0,0,0,0
baseline_esm2,5,Q94F08,1,1,1,1,1,1,0,0,0,0,0,0,0,0,0,0,0,0
baseline_esm2,5,Q94KT8,1,1,1,1,1,1,0,0,0,0,0,0,0,0,0,0,0,0
baseline_esm2,5,Q95J18,0,0,0,0,0,2,2,2,2,2,2,0,2,2,2,2,2,0
baseline_esm2,5,Q95J22,0,0,0,0,0,2,2,2,2,2,2,0,2,2,2,2,2,0
baseline_esm2,5,Q95J24,0,0,0,0,0,2,2,2,2,2,2,0,2,2,2,2,2,0
baseline_esm2,5,Q95J46,1,1,1,1,1,1,0,0,0,0,0,0,0,0,0,0,0,0
baseline_esm2,5,Q95M66,0,0,0,0,0,0,2,2,2,2,2,2,1,1,1,1,1,1
baseline_esm2,5,Q95P48,6,6,6,6,6,6,1,1,1,1,1,1,2,2,2,2,2,2
baseline_esm2,5,Q97JL5,0,0,0,0,0,0,1,1,1,1,1,1,0,0,0,0,0,0
baseline_esm2,5,Q99317,1,1,1,1,1,1,0,0,0,0,0,0,0,0,0,0,0,0
baseline_esm2,5,Q99319,1,1,1,1,1,1,0,0,0,0,0,0,0,0,0,0,0,0
baseline_esm2,5,Q99320,1,1,1,1,1,1,0,0,0,0,0,0,0,0,0,0,0,0
baseline_esm2,5,Q99MP5,0,0,0,0,0,0,1,1,1,1,1,1,2,2,2,2,2,2
baseline_esm2,5,Q99N14,0,1,1,1,2,2,2,1,1,1,0,0,2,1,1,1,0,0
baseline_esm2,5,Q9AR88,0,0,0,0,0,0,2,2,2,2,2,2,2,2,2,2,2,2
baseline_esm2,5,Q9BY14,1,1,1,1,1,1,0,0,0,0,0,0,0,0,0,0,0,0
baseline_esm2,5,Q9BZD6,0,0,0,0,0,0,1,1,1,1,1,1,1,1,1,1,1,1
baseline_esm2,5,Q9CA23,0,1,1,1,1,1,1,0,0,0,0,0,1,0,0,0,0,0
baseline_esm2,5,Q9CGL5,0,0,1,1,1,1,1,1,0,0,0,0,1,1,0,0,0,0
baseline_esm2,5,Q9D1N2,0,1,1,1,1,1,1,0,0,0,0,0,1,0,0,0,0,0
baseline_esm2,5,Q9D7F2,0,1,1,1,1,1,1,0,0,0,0,0,1,0,0,0,0,0
baseline_esm2,5,Q9D7S0,1,1,1,1,1,1,0,0,0,0,0,0,0,0,0,0,0,0
baseline_esm2,5,Q9DGK7,2,2,2,2,2,2,0,0,0,0,0,0,0,0,0,0,0,0
baseline_esm2,5,Q9EPI2,0,1,1,1,1,1,1,0,0,0,0,0,1,0,0,0,0,0
baseline_esm2,5,Q9EPS2,1,1,1,1,1,1,1,1,1,1,1,1,1,1,1,1,1,1
baseline_esm2,5,Q9FEB4,0,0,0,0,2,2,2,2,2,2,0,0,2,2,2,2,0,0
baseline_esm2,5,Q9FFH6,0,1,1,1,1,1,1,0,0,0,0,0,1,0,0,0,0,0
baseline_esm2,5,Q9FHQ6,1,1,1,1,1,1,0,0,0,0,0,0,4,4,4,4,4,4
baseline_esm2,5,Q9FIW0,0,0,0,0,0,1,2,2,2,2,2,1,2,2,2,2,2,1
baseline_esm2,5,Q9FIW1,0,0,0,0,0,0,2,2,2,2,2,2,3,3,3,3,3,3
baseline_esm2,5,Q9FRF9,0,0,0,0,1,1,2,2,2,2,1,1,2,2,2,2,1,1
baseline_esm2,5,Q9FS10,0,0,0,0,2,2,2,2,2,2,0,0,2,2,2,2,0,0
baseline_esm2,5,Q9GLV5,0,0,0,0,1,1,1,1,1,1,0,0,1,1,1,1,0,0
baseline_esm2,5,Q9GQV7,1,1,4,4,6,6,5,5,2,2,0,0,5,5,2,2,0,0
baseline_esm2,5,Q9GZZ7,0,0,1,1,1,1,1,1,0,0,0,0,1,1,0,0,0,0
baseline_esm2,5,Q9I8P2,1,1,1,1,1,1,1,1,1,1,1,1,1,1,1,1,1,1
baseline_esm2,5,Q9I8P3,1,1,1,1,1,1,1,1,1,1,1,1,1,1,1,1,1,1
baseline_esm2,5,Q9I9D3,1,1,1,1,1,1,1,1,1,1,1,1,1,1,1,1,1,1
baseline_esm2,5,Q9JJT2,1,1,1,1,1,1,0,0,0,0,0,0,0,0,0,0,0,0
baseline_esm2,5,Q9JMI7,0,1,1,1,1,1,1,0,0,0,0,0,1,0,0,0,0,0
baseline_esm2,5,Q9K8J7,0,0,1,1,1,1,1,1,0,0,0,0,2,2,1,1,1,1
baseline_esm2,5,Q9L5D6,0,0,0,0,0,0,1,1,1,1,1,1,0,0,0,0,0,0
baseline_esm2,5,Q9LE56,1,1,1,1,1,1,0,0,0,0,0,0,0,0,0,0,0,0
baseline_esm2,5,Q9LFW3,0,0,0,0,0,1,1,1,1,1,1,0,1,1,1,1,1,0
baseline_esm2,5,Q9LII0,0,0,0,0,0,0,1,1,1,1,1,1,1,1,1,1,1,1
baseline_esm2,5,Q9LJU1,1,1,1,1,1,1,0,0,0,0,0,0,0,0,0,0,0,0
baseline_esm2,5,Q9LMY9,0,0,0,0,0,0,2,2,2,2,2,2,2,2,2,2,2,2
baseline_esm2,5,Q9LUA1,1,1,1,1,1,1,0,0,0,0,0,0,0,0,0,0,0,0
baseline_esm2,5,Q9M0A1,1,1,1,1,1,1,0,0,0,0,0,0,0,0,0,0,0,0
baseline_esm2,5,Q9M2Y0,0,0,0,1,2,2,2,2,2,1,0,0,2,2,2,1,0,0
baseline_esm2,5,Q9MAC1,1,1,1,1,1,1,0,0,0,0,0,0,0,0,0,0,0,0
baseline_esm2,5,Q9MYK8,1,1,1,1,1,1,1,1,1,1,1,1,1,1,1,1,1,1
baseline_esm2,5,Q9N5R0,0,0,0,0,0,0,1,1,1,1,1,1,1,1,1,1,1,1
baseline_esm2,5,Q9NL82,7,9,9,10,10,10,9,7,7,6,6,6,7,5,5,4,4,4
baseline_esm2,5,Q9NL83,11,12,12,12,12,12,4,3,3,3,3,3,4,3,3,3,3,3
baseline_esm2,5,Q9P3E4,0,0,0,0,0,0,1,1,1,1,1,1,1,1,1,1,1,1
baseline_esm2,5,Q9PQT2,0,0,1,1,1,1,1,1,0,0,0,0,1,1,0,0,0,0
baseline_esm2,5,Q9PT98,1,1,1,1,1,1,1,1,1,1,1,1,1,1,1,1,1,1
baseline_esm2,5,Q9PT99,1,1,1,1,1,1,1,1,1,1,1,1,1,1,1,1,1,1
baseline_esm2,5,Q9PTA0,2,2,2,2,2,2,0,0,0,0,0,0,0,0,0,0,0,0
baseline_esm2,5,Q9PW68,2,2,2,2,2,2,0,0,0,0,0,0,0,0,0,0,0,0
baseline_esm2,5,Q9QUR8,0,0,0,0,0,0,1,1,1,1,1,1,1,1,1,1,1,1
baseline_esm2,5,Q9QZQ3,0,1,1,1,1,1,1,0,0,0,0,0,1,0,0,0,0,0
baseline_esm2,5,Q9QZQ4,1,1,1,1,1,1,0,0,0,0,0,0,0,0,0,0,0,0
baseline_esm2,5,Q9SIL7,0,0,1,1,1,1,1,1,0,0,0,0,1,1,0,0,0,0
baseline_esm2,5,Q9SJ81,1,1,1,1,1,1,0,0,0,0,0,0,0,0,0,0,0,0
baseline_esm2,5,Q9SK27,1,1,1,1,1,1,0,0,0,0,0,0,0,0,0,0,0,0
baseline_esm2,5,Q9SQN9,0,1,1,1,1,1,1,0,0,0,0,0,1,0,0,0,0,0
baseline_esm2,5,Q9SRT7,0,0,0,0,0,0,1,1,1,1,1,1,1,1,1,1,1,1
baseline_esm2,5,Q9SSG3,0,1,1,1,1,1,1,0,0,0,0,0,1,0,0,0,0,0
baseline_esm2,5,Q9STH5,1,1,1,1,1,1,0,0,0,0,0,0,0,0,0,0,0,0
baseline_esm2,5,Q9SZ51,1,1,1,1,1,1,0,0,0,0,0,0,0,0,0,0,0,0
baseline_esm2,5,Q9SZG4,0,0,0,0,0,1,2,2,2,2,2,1,2,2,2,2,2,1
baseline_esm2,5,Q9TR93,0,0,0,0,0,0,1,1,1,1,1,1,0,0,0,0,0,0
baseline_esm2,5,Q9TRM8,2,2,2,2,2,2,0,0,0,0,0,0,0,0,0,0,0,0
baseline_esm2,5,Q9UK23,0,0,0,0,0,0,1,1,1,1,1,1,0,0,0,0,0,0
baseline_esm2,5,Q9VET0,0,0,0,0,0,0,3,3,3,3,3,3,2,2,2,2,2,2
baseline_esm2,5,Q9VPR7,1,1,1,1,1,1,0,0,0,0,0,0,0,0,0,0,0,0
baseline_esm2,5,Q9VT52,0,0,1,1,1,1,3,3,2,2,2,2,3,3,2,2,2,2
baseline_esm2,5,Q9WTL0,1,1,1,1,1,1,0,0,0,0,0,0,0,0,0,0,0,0
baseline_esm2,5,Q9XSE2,0,0,0,0,0,0,1,1,1,1,1,1,1,1,1,1,1,1
baseline_esm2,5,Q9XSW6,2,2,2,2,2,2,0,0,0,0,0,0,0,0,0,0,0,0
baseline_esm2,5,Q9Y4W6,0,0,0,0,0,0,1,1,1,1,1,1,0,0,0,0,0,0
baseline_esm2,5,Q9Z172,1,1,1,1,1,1,0,0,0,0,0,0,0,0,0,0,0,0
baseline_esm2,5,Q9ZQG9,1,1,1,1,1,1,0,0,0,0,0,0,0,0,0,0,0,0
baseline_esm2,5,Q9ZWA8,0,1,1,1,1,1,1,0,0,0,0,0,1,0,0,0,0,0
baseline_esm2,5,W4VRV4,0,0,0,0,0,1,1,1,1,1,1,0,2,2,2,2,2,1
baseline_esm2,5,W4VS49,0,0,0,0,0,1,1,1,1,1,1,0,1,1,1,1,1,0
baseline_esm2,5,W4VSC0,0,0,0,0,0,1,1,1,1,1,1,0,1,1,1,1,1,0
baseline_esm2,5,W4VSG7,0,0,0,0,0,0,3,3,3,3,3,3,1,1,1,1,1,1
baseline_esm2,5,W4VSI9,0,0,0,0,0,1,1,1,1,1,1,0,2,2,2,2,2,1
esmc_6b,2,A0A059UI30,0,0,0,0,0,0,1,1,1,1,1,1,0,0,0,0,0,0
esmc_6b,2,A0A068B0Z6,0,1,1,1,1,1,1,0,0,0,0,0,1,0,0,0,0,0
esmc_6b,2,A0A068B409,0,0,0,0,0,0,1,1,1,1,1,1,1,1,1,1,1,1
esmc_6b,2,A0A068B6Q6,0,0,0,0,0,0,1,1,1,1,1,1,0,0,0,0,0,0
esmc_6b,2,A0A077DF94,0,0,0,0,0,0,3,3,3,3,3,3,2,2,2,2,2,2
esmc_6b,2,A0A0C4G4L1,2,2,2,2,2,2,0,0,0,0,0,0,0,0,0,0,0,0
esmc_6b,2,A0A0D4WTV1,0,0,0,0,0,0,1,1,1,1,1,1,0,0,0,0,0,0
esmc_6b,2,A0A0P0UTI6,0,0,0,1,5,5,9,9,9,8,4,4,6,6,6,5,1,1
esmc_6b,2,A0A0P0UTQ7,2,2,2,3,3,3,1,1,1,0,0,0,1,1,1,0,0,0
esmc_6b,2,A0A0R4IKU3,0,1,1,1,1,1,1,0,0,0,0,0,1,0,0,0,0,0
esmc_6b,2,A0A125S9E1,0,0,0,0,0,0,2,2,2,2,2,2,1,1,1,1,1,1
esmc_6b,2,A0A125S9G2,0,0,0,0,0,0,2,2,2,2,2,2,2,2,2,2,2,2
esmc_6b,2,A0A139GI49,1,2,2,2,2,2,6,5,5,5,5,5,2,1,1,1,1,1
esmc_6b,2,A0A144LVM3,1,1,1,1,1,1,0,0,0,0,0,0,0,0,0,0,0,0
esmc_6b,2,A0A1D5PPP7,0,0,0,0,0,0,2,2,2,2,2,2,1,1,1,1,1,1
esmc_6b,2,A0A1D5PUP4,0,0,0,0,0,0,1,1,1,1,1,1,0,0,0,0,0,0
esmc_6b,2,A0A1S6EK91,0,0,0,0,0,0,2,2,2,2,2,2,0,0,0,0,0,0
esmc_6b,2,A0A2I8B352,0,0,0,0,0,0,1,1,1,1,1,1,0,0,0,0,0,0
esmc_6b,2,A0A318,1,1,1,1,1,1,0,0,0,0,0,0,0,0,0,0,0,0
esmc_6b,2,A0A348G5V8,1,2,2,2,2,2,1,0,0,0,0,0,1,0,0,0,0,0
esmc_6b,2,A0A348G5V9,1,1,1,2,2,2,1,1,1,0,0,0,1,1,1,0,0,0
esmc_6b,2,A0A348G5W0,2,2,2,2,2,2,0,0,0,0,0,0,0,0,0,0,0,0
esmc_6b,2,A0A348G5W2,1,1,1,1,2,2,1,1,1,1,0,0,1,1,1,1,0,0
esmc_6b,2,A0A348G6I7,2,2,2,2,2,2,0,0,0,0,0,0,0,0,0,0,0,0
esmc_6b,2,A0A348G6I9,2,2,2,2,2,2,0,0,0,0,0,0,0,0,0,0,0,0
esmc_6b,2,A0A348G6J1,0,0,0,0,0,0,2,2,2,2,2,2,1,1,1,1,1,1
esmc_6b,2,A0A3G3C7R5,0,0,1,2,2,2,2,2,1,0,0,0,2,2,1,0,0,0
esmc_6b,2,A0A3G3C7S0,1,2,2,2,2,2,1,0,0,0,0,0,1,0,0,0,0,0
esmc_6b,2,A0A3G3C7S2,0,1,2,2,2,2,2,1,0,0,0,0,2,1,0,0,0,0
esmc_6b,2,A0A3G3C7S9,0,2,2,2,2,2,2,0,0,0,0,0,2,0,0,0,0,0
esmc_6b,2,A0A3G3C7U4,1,2,2,2,2,2,1,0,0,0,0,0,1,0,0,0,0,0
esmc_6b,2,A0A3G3C7V0,0,2,2,2,2,2,2,0,0,0,0,0,2,0,0,0,0,0
esmc_6b,2,A0A3G6IHA6,1,1,1,1,1,1,0,0,0,0,0,0,0,0,0,0,0,0
esmc_6b,2,A0A6G9KHD1,2,2,2,2,2,2,0,0,0,0,0,0,0,0,0,0,0,0
esmc_6b,2,A0A6G9KHD6,2,2,2,2,2,2,0,0,0,0,0,0,0,0,0,0,0,0
esmc_6b,2,A0A6G9KHE4,1,1,1,1,1,1,0,0,0,0,0,0,2,2,2,2,2,2
esmc_6b,2,A0A6G9KIR5,0,0,0,0,0,0,2,2,2,2,2,2,1,1,1,1,1,1
esmc_6b,2,A0A6G9KJK9,1,1,1,1,1,1,1,1,1,1,1,1,2,2,2,2,2,2
esmc_6b,2,A0A6G9KJV6,2,2,2,2,2,2,0,0,0,0,0,0,0,0,0,0,0,0
esmc_6b,2,A0A6M3Z4D9,1,1,1,1,1,1,1,1,1,1,1,1,1,1,1,1,1,1
esmc_6b,2,A0A6M3Z4R1,2,2,2,2,2,2,0,0,0,0,0,0,0,0,0,0,0,0
esmc_6b,2,A0A6M3Z4R4,0,0,0,0,0,0,2,2,2,2,2,2,0,0,0,0,0,0
esmc_6b,2,A0A8U0LTF0,2,2,2,2,2,2,0,0,0,0,0,0,0,0,0,0,0,0
esmc_6b,2,A0A8U0LTY4,1,1,1,1,2,2,1,1,1,1,0,0,1,1,1,1,0,0
esmc_6b,2,A0A976XKR0,0,1,1,1,1,1,1,0,0,0,0,0,2,1,1,1,1,1
esmc_6b,2,A0SE59,1,2,2,2,2,2,1,0,0,0,0,0,1,0,0,0,0,0
esmc_6b,2,A0SE60,1,2,2,2,2,2,1,0,0,0,0,0,1,0,0,0,0,0
esmc_6b,2,A0T099,1,1,1,1,1,1,0,0,0,0,0,0,0,0,0,0,0,0
esmc_6b,2,A0T0S8,1,1,1,1,1,1,0,0,0,0,0,0,0,0,0,0,0,0
esmc_6b,2,A0ZZ18,1,1,1,1,1,1,0,0,0,0,0,0,0,0,0,0,0,0
esmc_6b,2,A1E9Q7,1,1,1,1,1,1,0,0,0,0,0,0,0,0,0,0,0,0
esmc_6b,2,A1E9Z1,0,1,1,1,1,1,1,0,0,0,0,0,1,0,0,0,0,0
esmc_6b,2,A1R6Q7,0,0,0,0,0,0,1,1,1,1,1,1,1,1,1,1,1,1
esmc_6b,2,A1SK13,0,0,0,0,0,0,1,1,1,1,1,1,1,1,1,1,1,1
esmc_6b,2,A1X8B8,0,2,2,2,2,2,2,0,0,0,0,0,2,0,0,0,0,0
esmc_6b,2,A1X8B9,1,1,2,2,2,2,1,1,0,0,0,0,1,1,0,0,0,0
esmc_6b,2,A1X8C2,1,2,2,2,2,2,1,0,0,0,0,0,1,0,0,0,0,0
esmc_6b,2,A1X8C3,2,2,2,2,2,2,0,0,0,0,0,0,0,0,0,0,0,0
esmc_6b,2,A1X8C6,0,0,0,0,0,0,1,1,1,1,1,1,0,0,0,0,0,0
esmc_6b,2,A1X8D0,0,0,0,0,1,1,1,1,1,1,0,0,1,1,1,1,0,0
esmc_6b,2,A1X8D8,0,0,0,0,0,0,1,1,1,1,1,1,0,0,0,0,0,0
esmc_6b,2,A1X8D9,0,0,0,0,0,0,1,1,1,1,1,1,1,1,1,1,1,1
esmc_6b,2,A2BP71,1,1,1,1,1,1,0,0,0,0,0,0,0,0,0,0,0,0
esmc_6b,2,A2BUQ3,1,1,1,1,1,1,0,0,0,0,0,0,0,0,0,0,0,0
esmc_6b,2,A2C0A5,1,1,1,1,1,1,0,0,0,0,0,0,0,0,0,0,0,0
esmc_6b,2,A2CCL2,1,1,1,1,1,1,0,0,0,0,0,0,0,0,0,0,0,0
esmc_6b,2,A3DT44,0,0,0,0,0,1,1,1,1,1,1,0,1,1,1,1,1,0
esmc_6b,2,A3PAZ3,1,1,1,1,1,1,0,0,0,0,0,0,0,0,0,0,0,0
esmc_6b,2,A4USB4,1,1,1,1,1,1,0,0,0,0,0,0,0,0,0,0,0,0
esmc_6b,2,A4X3P0,0,0,0,0,0,0,1,1,1,1,1,1,1,1,1,1,1,1
esmc_6b,2,A5GIE8,1,1,1,1,1,1,0,0,0,0,0,0,0,0,0,0,0,0
esmc_6b,2,A5GWF4,1,1,1,1,1,1,0,0,0,0,0,0,0,0,0,0,0,0
esmc_6b,2,A5LHX3,0,0,0,0,0,0,1,1,1,1,1,1,1,1,1,1,1,1
esmc_6b,2,A6LHQ9,0,0,0,0,1,1,1,1,1,1,0,0,1,1,1,1,0,0
esmc_6b,2,A6M934,1,2,2,2,2,2,1,0,0,0,0,0,1,0,0,0,0,0
esmc_6b,2,A6M938,0,0,0,0,0,0,1,1,1,1,1,1,0,0,0,0,0,0
esmc_6b,2,A6MFK7,0,0,1,1,1,1,2,2,1,1,1,1,2,2,1,1,1,1
esmc_6b,2,A6MFK8,0,0,1,1,1,1,2,2,1,1,1,1,2,2,1,1,1,1
esmc_6b,2,A6P331,0,0,0,0,0,0,1,1,1,1,1,1,4,4,4,4,4,4
esmc_6b,2,A6YRN9,0,0,0,0,0,0,1,1,1,1,1,1,2,2,2,2,2,2
esmc_6b,2,A6ZL22,1,1,1,1,1,1,0,0,0,0,0,0,0,0,0,0,0,0
esmc_6b,2,A6ZY20,1,1,1,1,1,1,0,0,0,0,0,0,0,0,0,0,0,0
esmc_6b,2,A7GT16,0,0,0,0,0,0,1,1,1,1,1,1,0,0,0,0,0,0
esmc_6b,2,A7SRR3,0,0,1,1,1,1,1,1,0,0,0,0,1,1,0,0,0,0
esmc_6b,2,A7Z6W8,0,0,0,0,0,0,1,1,1,1,1,1,1,1,1,1,1,1
esmc_6b,2,A8FFD9,0,0,0,0,0,0,1,1,1,1,1,1,1,1,1,1,1,1
esmc_6b,2,A8G2T2,1,1,1,1,1,1,0,0,0,0,0,0,0,0,0,0,0,0
esmc_6b,2,A9VHU8,0,0,0,0,0,0,1,1,1,1,1,1,1,1,1,1,1,1
esmc_6b,2,A9XDG0,1,1,1,1,1,1,0,0,0,0,0,0,0,0,0,0,0,0
esmc_6b,2,A9XDG1,1,1,1,1,1,1,0,0,0,0,0,0,0,0,0,0,0,0
esmc_6b,2,A9XDG2,1,1,1,1,1,1,0,0,0,0,0,0,0,0,0,0,0,0
esmc_6b,2,A9XDG3,1,1,1,1,1,1,0,0,0,0,0,0,0,0,0,0,0,0
esmc_6b,2,B0BK71,0,0,0,0,0,0,1,1,1,1,1,1,1,1,1,1,1,1
esmc_6b,2,B0BK72,0,0,0,0,0,0,1,1,1,1,1,1,1,1,1,1,1,1
esmc_6b,2,B0JSW8,1,1,1,1,1,1,0,0,0,0,0,0,0,0,0,0,0,0
esmc_6b,2,B0XT09,0,0,0,1,1,1,1,1,1,0,0,0,1,1,1,0,0,0
esmc_6b,2,B0XT72,0,1,1,1,1,1,1,0,0,0,0,0,2,1,1,1,1,1
esmc_6b,2,B0XVI5,0,0,0,0,0,0,1,1,1,1,1,1,1,1,1,1,1,1
esmc_6b,2,B0Y8H9,1,1,1,1,1,1,0,0,0,0,0,0,0,0,0,0,0,0
esmc_6b,2,B1P1H5,1,2,2,2,2,2,1,0,0,0,0,0,1,0,0,0,0,0
esmc_6b,2,B1WUL2,1,1,1,1,1,1,0,0,0,0,0,0,0,0,0,0,0,0
esmc_6b,2,B1XMN4,1,1,1,1,1,1,0,0,0,0,0,0,0,0,0,0,0,0
esmc_6b,2,B2CJ57,1,1,1,1,1,1,7,7,7,7,7,7,3,3,3,3,3,3
esmc_6b,2,B2J4T9,1,1,1,1,1,1,0,0,0,0,0,0,0,0,0,0,0,0
esmc_6b,2,B2KKV6,1,1,1,1,1,1,0,0,0,0,0,0,0,0,0,0,0,0
esmc_6b,2,B2KKV7,1,1,1,1,1,1,0,0,0,0,0,0,0,0,0,0,0,0
esmc_6b,2,B2KKV8,1,1,1,1,1,1,0,0,0,0,0,0,0,0,0,0,0,0
esmc_6b,2,B2KKW0,1,1,1,1,1,1,0,0,0,0,0,0,0,0,0,0,0,0
esmc_6b,2,B2RH54,1,1,1,1,1,1,0,0,0,0,0,0,0,0,0,0,0,0
esmc_6b,2,B2RH58,1,1,1,1,1,1,0,0,0,0,0,0,0,0,0,0,0,0
esmc_6b,2,B2Y1W5,1,1,1,1,1,1,0,0,0,0,0,0,0,0,0,0,0,0
esmc_6b,2,B3EWS9,0,0,0,0,0,0,2,2,2,2,2,2,0,0,0,0,0,0
esmc_6b,2,B3H5A9,1,1,1,1,1,1,4,4,4,4,4,4,2,2,2,2,2,2
esmc_6b,2,B5G6G5,0,0,1,1,1,1,2,2,1,1,1,1,2,2,1,1,1,1
esmc_6b,2,B5VE42,1,1,1,1,1,1,0,0,0,0,0,0,0,0,0,0,0,0
esmc_6b,2,B6D434,0,0,0,0,0,0,1,1,1,1,1,1,1,1,1,1,1,1
esmc_6b,2,B6DT16,0,2,2,3,3,3,5,3,3,2,2,2,4,2,2,1,1,1
esmc_6b,2,B6K9M7,0,0,0,0,0,0,1,1,1,1,1,1,1,1,1,1,1,1
esmc_6b,2,B6KAM0,0,0,1,1,1,1,1,1,0,0,0,0,2,2,1,1,1,1
esmc_6b,2,B6S2X0,0,0,0,0,0,0,1,1,1,1,1,1,1,1,1,1,1,1
esmc_6b,2,B6S2X2,0,0,0,0,0,0,1,1,1,1,1,1,1,1,1,1,1,1
esmc_6b,2,B7HCU7,0,0,0,0,0,0,1,1,1,1,1,1,1,1,1,1,1,1
esmc_6b,2,B7HPM0,0,0,0,0,0,0,1,1,1,1,1,1,1,1,1,1,1,1
esmc_6b,2,B7IYH4,0,0,0,0,0,0,1,1,1,1,1,1,1,1,1,1,1,1
esmc_6b,2,B7JNV3,0,0,0,0,0,0,1,1,1,1,1,1,1,1,1,1,1,1
esmc_6b,2,B7JVQ3,1,1,1,1,1,1,0,0,0,0,0,0,0,0,0,0,0,0
esmc_6b,2,B7K989,1,1,1,1,1,1,0,0,0,0,0,0,0,0,0,0,0,0
esmc_6b,2,B8H8L6,0,0,0,0,0,0,1,1,1,1,1,1,3,3,3,3,3,3
esmc_6b,2,B8HTR1,1,1,1,1,1,1,0,0,0,0,0,0,0,0,0,0,0,0
esmc_6b,2,B8JLQ9,1,1,1,1,1,1,0,0,0,0,0,0,0,0,0,0,0,0
esmc_6b,2,B8XH40,0,0,0,0,0,0,1,1,1,1,1,1,0,0,0,0,0,0
esmc_6b,2,B8XH50,2,2,2,2,2,2,0,0,0,0,0,0,0,0,0,0,0,0
esmc_6b,2,B9IY88,0,0,0,0,0,0,1,1,1,1,1,1,1,1,1,1,1,1
esmc_6b,2,C0HJV6,0,0,0,0,0,0,1,1,1,1,1,1,2,2,2,2,2,2
esmc_6b,2,C0HJV7,0,0,0,0,0,0,1,1,1,1,1,1,1,1,1,1,1,1
esmc_6b,2,C0HJV8,0,0,0,0,0,0,1,1,1,1,1,1,1,1,1,1,1,1
esmc_6b,2,C0HKF6,1,1,2,2,2,2,1,1,0,0,0,0,1,1,0,0,0,0
esmc_6b,2,C0HKS1,1,1,1,1,1,1,1,1,1,1,1,1,1,1,1,1,1,1
esmc_6b,2,C0HKT2,1,1,1,1,1,1,0,0,0,0,0,0,0,0,0,0,0,0
esmc_6b,2,C0HKT3,1,1,1,1,1,1,2,2,2,2,2,2,0,0,0,0,0,0
esmc_6b,2,C0HKY1,0,0,0,0,0,0,7,7,7,7,7,7,4,4,4,4,4,4
esmc_6b,2,C0KYC3,1,1,1,2,2,2,1,1,1,0,0,0,1,1,1,0,0,0
esmc_6b,2,C0KYC4,1,2,2,2,2,2,1,0,0,0,0,0,1,0,0,0,0,0
esmc_6b,2,C0KYC5,1,1,1,2,2,2,1,1,1,0,0,0,1,1,1,0,0,0
esmc_6b,2,C0KYC6,1,1,1,2,2,2,1,1,1,0,0,0,1,1,1,0,0,0
esmc_6b,2,C0L2T8,0,0,0,0,0,0,2,2,2,2,2,2,0,0,0,0,0,0
esmc_6b,2,C1ESL5,0,0,0,0,0,0,1,1,1,1,1,1,1,1,1,1,1,1
esmc_6b,2,C3L5S4,0,0,0,0,0,0,1,1,1,1,1,1,1,1,1,1,1,1
esmc_6b,2,C3P8M7,0,0,0,0,0,0,1,1,1,1,1,1,1,1,1,1,1,1
esmc_6b,2,C5BVA2,0,0,0,0,0,0,1,1,1,1,1,1,1,1,1,1,1,1
esmc_6b,2,C5D4U8,0,0,0,0,0,0,1,1,1,1,1,1,1,1,1,1,1,1
esmc_6b,2,C5J886,1,1,2,2,2,2,1,1,0,0,0,0,1,1,0,0,0,0
esmc_6b,2,C5J887,2,2,2,2,2,2,0,0,0,0,0,0,0,0,0,0,0,0
esmc_6b,2,C6FX52,0,0,0,0,1,1,1,1,1,1,0,0,2,2,2,2,1,1
esmc_6b,2,C6KSX0,0,1,1,1,1,1,1,0,0,0,0,0,1,0,0,0,0,0
esmc_6b,2,C6ZJQ2,0,0,0,0,2,2,2,2,2,2,0,0,2,2,2,2,0,0
esmc_6b,2,C7DQB9,0,0,0,0,1,1,2,2,2,2,1,1,3,3,3,3,2,2
esmc_6b,2,C7DQC0,1,2,2,2,2,2,1,0,0,0,0,0,1,0,0,0,0,0
esmc_6b,2,C7DQC1,0,0,0,0,0,0,2,2,2,2,2,2,1,1,1,1,1,1
esmc_6b,2,C7DQC2,2,2,2,2,2,2,0,0,0,0,0,0,0,0,0,0,0,0
esmc_6b,2,C7DQX6,2,2,2,2,2,2,0,0,0,0,0,0,0,0,0,0,0,0
esmc_6b,2,C7DQX8,2,2,2,2,2,2,0,0,0,0,0,0,0,0,0,0,0,0
esmc_6b,2,C7DQX9,2,2,2,2,2,2,0,0,0,0,0,0,0,0,0,0,0,0
esmc_6b,2,C7DQY0,0,0,0,0,0,0,2,2,2,2,2,2,1,1,1,1,1,1
esmc_6b,2,C7GQJ1,1,1,1,1,1,1,0,0,0,0,0,0,0,0,0,0,0,0
esmc_6b,2,C7LYP7,0,0,0,0,0,0,1,1,1,1,1,1,1,1,1,1,1,1
esmc_6b,2,C7R403,0,0,0,0,0,0,1,1,1,1,1,1,1,1,1,1,1,1
esmc_6b,2,C9E1R9,0,0,0,0,0,0,1,1,1,1,1,1,0,0,0,0,0,0
esmc_6b,2,C9E1S1,0,0,0,0,0,0,1,1,1,1,1,1,0,0,0,0,0,0
esmc_6b,2,D1BHT9,0,0,0,0,0,0,1,1,1,1,1,1,1,1,1,1,1,1
esmc_6b,2,D2DGD3,0,2,2,2,2,2,2,0,0,0,0,0,2,0,0,0,0,0
esmc_6b,2,D2DGD8,0,0,0,0,0,0,2,2,2,2,2,2,2,2,2,2,2,2
esmc_6b,2,D2DGD9,0,0,2,2,2,2,2,2,0,0,0,0,2,2,0,0,0,0
esmc_6b,2,D2Y2C5,1,1,1,1,1,1,1,1,1,1,1,1,0,0,0,0,0,0
esmc_6b,2,D2Y2C6,1,1,1,1,1,1,1,1,1,1,1,1,0,0,0,0,0,0
esmc_6b,2,D2Y2C7,1,1,1,1,1,1,1,1,1,1,1,1,0,0,0,0,0,0
esmc_6b,2,D2Y2C8,1,1,1,1,1,1,1,1,1,1,1,1,0,0,0,0,0,0
esmc_6b,2,D2Y498,1,1,1,1,1,1,0,0,0,0,0,0,1,1,1,1,1,1
esmc_6b,2,D2Y4A0,1,1,1,1,1,1,0,0,0,0,0,0,1,1,1,1,1,1
esmc_6b,2,D2Y4A1,1,1,1,1,1,1,0,0,0,0,0,0,1,1,1,1,1,1
esmc_6b,2,D2Y4A2,0,0,0,0,0,0,1,1,1,1,1,1,1,1,1,1,1,1
esmc_6b,2,D3JWK3,0,0,0,0,0,0,1,1,1,1,1,1,0,0,0,0,0,0
esmc_6b,2,D3JWK4,0,0,0,0,0,0,1,1,1,1,1,1,0,0,0,0,0,0
esmc_6b,2,D3JWK5,0,0,0,0,0,0,1,1,1,1,1,1,0,0,0,0,0,0
esmc_6b,2,D3JWK6,0,0,0,0,0,0,1,1,1,1,1,1,1,1,1,1,1,1
esmc_6b,2,D4ATC3,0,1,1,1,1,1,1,0,0,0,0,0,1,0,0,0,0,0
esmc_6b,2,D4HRK4,1,2,2,2,2,2,1,0,0,0,0,0,1,0,0,0,0,0
esmc_6b,2,D4HRK7,0,0,0,0,0,0,1,1,1,1,1,1,1,1,1,1,1,1
esmc_6b,2,D5KXG5,0,0,0,0,0,0,2,2,2,2,2,2,3,3,3,3,3,3
esmc_6b,2,D5LGE0,0,0,0,0,0,0,5,5,5,5,5,5,0,0,0,0,0,0
esmc_6b,2,D6C4H5,0,0,0,0,0,1,2,2,2,2,2,1,2,2,2,2,2,1
esmc_6b,2,D6C4J4,0,0,0,0,0,0,2,2,2,2,2,2,0,0,0,0,0,0
esmc_6b,2,D6C4J8,2,2,2,2,2,2,1,1,1,1,1,1,0,0,0,0,0,0
esmc_6b,2,D6C4K5,0,0,1,1,1,1,2,2,1,1,1,1,1,1,0,0,0,0
esmc_6b,2,D9IWN6,2,2,2,2,2,2,0,0,0,0,0,0,0,0,0,0,0,0
esmc_6b,2,D9IWN7,2,2,2,2,2,2,0,0,0,0,0,0,0,0,0,0,0,0
esmc_6b,2,D9U2A7,0,0,0,0,0,0,1,1,1,1,1,1,0,0,0,0,0,0
esmc_6b,2,E1ZVK3,0,1,1,1,1,2,5,4,4,4,4,3,3,2,2,2,2,1
esmc_6b,2,E2A6P1,0,0,0,0,0,0,1,1,1,1,1,1,2,2,2,2,2,2
esmc_6b,2,E2AJ76,0,0,0,1,1,1,2,2,2,1,1,1,2,2,2,1,1,1
esmc_6b,2,E2ARW3,1,1,1,1,1,1,0,0,0,0,0,0,0,0,0,0,0,0
esmc_6b,2,E2AX35,0,0,0,0,0,0,1,1,1,1,1,1,0,0,0,0,0,0
esmc_6b,2,E2AZE8,2,2,2,2,2,2,1,1,1,1,1,1,0,0,0,0,0,0
esmc_6b,2,E2DIH5,0,1,2,2,2,2,2,1,0,0,0,0,2,1,0,0,0,0
esmc_6b,2,E2DIH6,0,2,2,2,2,2,2,0,0,0,0,0,2,0,0,0,0,0
esmc_6b,2,E4VP07,2,2,2,2,2,2,0,0,0,0,0,0,0,0,0,0,0,0
esmc_6b,2,E5D3Z8,0,0,0,1,1,1,1,1,1,0,0,0,1,1,1,0,0,0
esmc_6b,2,E9NW26,0,0,0,0,0,0,1,1,1,1,1,1,1,1,1,1,1,1
esmc_6b,2,E9NW27,0,0,0,0,0,0,1,1,1,1,1,1,0,0,0,0,0,0
esmc_6b,2,F1CJ89,1,1,1,1,1,1,0,0,0,0,0,0,1,1,1,1,1,1
esmc_6b,2,F1DFM9,0,0,0,0,0,0,1,1,1,1,1,1,1,1,1,1,1,1
esmc_6b,2,F1NV61,1,1,1,1,1,1,1,1,1,1,1,1,0,0,0,0,0,0
esmc_6b,2,F4I082,1,1,1,1,1,1,0,0,0,0,0,0,0,0,0,0,0,0
esmc_6b,2,F4JIG1,0,1,1,1,1,1,1,0,0,0,0,0,1,0,0,0,0,0
esmc_6b,2,F8S122,0,0,0,0,0,0,1,1,1,1,1,1,0,0,0,0,0,0
esmc_6b,2,G0R947,1,1,1,1,1,1,0,0,0,0,0,0,0,0,0,0,0,0
esmc_6b,2,G0RUP7,1,1,1,1,1,1,0,0,0,0,0,0,0,0,0,0,0,0
esmc_6b,2,H2CYR5,2,2,2,2,2,2,0,0,0,0,0,0,0,0,0,0,0,0
esmc_6b,2,H7C8I3,2,2,2,2,2,2,0,0,0,0,0,0,0,0,0,0,0,0
esmc_6b,2,I0DEB3,2,2,2,2,2,2,0,0,0,0,0,0,0,0,0,0,0,0
esmc_6b,2,I0DEB4,2,2,2,2,2,2,0,0,0,0,0,0,0,0,0,0,0,0
esmc_6b,2,I0DEB5,2,2,2,2,2,2,0,0,0,0,0,0,0,0,0,0,0,0
esmc_6b,2,I0DEB6,2,2,2,2,2,2,0,0,0,0,0,0,0,0,0,0,0,0
esmc_6b,2,I2DBY1,0,0,0,0,0,0,1,1,1,1,1,1,2,2,2,2,2,2
esmc_6b,2,I2DBY2,0,0,0,0,0,0,1,1,1,1,1,1,1,1,1,1,1,1
esmc_6b,2,I2DBY3,0,0,0,0,0,0,1,1,1,1,1,1,1,1,1,1,1,1
esmc_6b,2,I6R1R5,0,0,0,0,0,0,1,1,1,1,1,1,1,1,1,1,1,1
esmc_6b,2,J9VS02,0,0,0,0,0,0,1,1,1,1,1,1,3,3,3,3,3,3
esmc_6b,2,K1XVG1,0,1,1,1,1,1,1,0,0,0,0,0,1,0,0,0,0,0
esmc_6b,2,K8DWB5,0,0,0,0,0,0,1,1,1,1,1,1,0,0,0,0,0,0
esmc_6b,2,K9USW8,0,0,0,0,0,0,1,1,1,1,1,1,0,0,0,0,0,0
esmc_6b,2,L0GAZ8,2,2,2,2,2,2,0,0,0,0,0,0,0,0,0,0,0,0
esmc_6b,2,L0GCV8,2,2,2,2,2,2,0,0,0,0,0,0,0,0,0,0,0,0
esmc_6b,2,O01382,0,0,0,0,0,0,2,2,2,2,2,2,0,0,0,0,0,0
esmc_6b,2,O02002,0,0,0,0,0,0,2,2,2,2,2,2,2,2,2,2,2,2
esmc_6b,2,O08524,0,1,1,1,1,1,1,0,0,0,0,0,1,0,0,0,0,0
esmc_6b,2,O08738,1,1,1,1,1,1,1,1,1,1,1,1,0,0,0,0,0,0
esmc_6b,2,O13318,1,1,1,1,1,1,0,0,0,0,0,0,0,0,0,0,0,0
esmc_6b,2,O13547,1,1,1,1,1,1,0,0,0,0,0,0,0,0,0,0,0,0
esmc_6b,2,O13692,1,1,1,1,1,1,0,0,0,0,0,0,0,0,0,0,0,0
esmc_6b,2,O15130,1,1,1,1,1,1,3,3,3,3,3,3,1,1,1,1,1,1
esmc_6b,2,O18494,1,2,2,2,2,2,1,0,0,0,0,0,1,0,0,0,0,0
esmc_6b,2,O18495,1,2,2,2,2,2,1,0,0,0,0,0,1,0,0,0,0,0
esmc_6b,2,O18496,1,2,2,2,2,2,1,0,0,0,0,0,1,0,0,0,0,0
esmc_6b,2,O24565,0,1,1,1,1,1,1,0,0,0,0,0,1,0,0,0,0,0
esmc_6b,2,O24567,0,1,1,1,1,1,1,0,0,0,0,0,1,0,0,0,0,0
esmc_6b,2,O24572,0,1,1,1,1,1,1,0,0,0,0,0,1,0,0,0,0,0
esmc_6b,2,O24602,1,1,1,1,1,1,0,0,0,0,0,0,0,0,0,0,0,0
esmc_6b,2,O24618,0,1,1,1,1,1,1,0,0,0,0,0,1,0,0,0,0,0
esmc_6b,2,O31840,0,1,1,1,1,1,2,1,1,1,1,1,2,1,1,1,1,1
esmc_6b,2,O32025,0,0,0,0,0,0,3,3,3,3,3,3,2,2,2,2,2,2
esmc_6b,2,O32295,1,1,1,1,1,1,1,1,1,1,1,1,1,1,1,1,1,1
esmc_6b,2,O32389,1,1,1,1,1,1,0,0,0,0,0,0,0,0,0,0,0,0
esmc_6b,2,O35314,0,0,0,0,0,0,1,1,1,1,1,1,0,0,0,0,0,0
esmc_6b,2,O35397,1,1,1,1,1,1,1,1,1,1,1,1,0,0,0,0,0,0
esmc_6b,2,O44185,9,9,9,9,10,10,1,1,1,1,0,0,1,1,1,1,0,0
esmc_6b,2,O44516,0,1,1,1,1,1,1,0,0,0,0,0,1,0,0,0,0,0
esmc_6b,2,O48915,0,1,1,1,1,1,1,0,0,0,0,0,1,0,0,0,0,0
esmc_6b,2,O49644,0,1,1,1,1,1,1,0,0,0,0,0,1,0,0,0,0,0
esmc_6b,2,O49645,0,0,0,1,1,1,1,1,1,0,0,0,1,1,1,0,0,0
esmc_6b,2,O57413,0,0,0,0,0,0,1,1,1,1,1,1,0,0,0,0,0,0
esmc_6b,2,O60087,0,0,0,1,1,1,1,1,1,0,0,0,1,1,1,0,0,0
esmc_6b,2,O64864,1,1,1,1,1,1,0,0,0,0,0,0,0,0,0,0,0,0
esmc_6b,2,O64865,1,1,1,1,1,1,0,0,0,0,0,0,0,0,0,0,0,0
esmc_6b,2,O73795,0,0,0,0,0,0,1,1,1,1,1,1,0,0,0,0,0,0
esmc_6b,2,O75003,0,0,0,0,1,1,1,1,1,1,0,0,1,1,1,1,0,0
esmc_6b,2,O77256,0,2,2,2,2,2,2,0,0,0,0,0,2,0,0,0,0,0
esmc_6b,2,O78504,1,1,1,1,1,1,0,0,0,0,0,0,0,0,0,0,0,0
esmc_6b,2,O82081,0,0,0,1,1,1,1,1,1,0,0,0,1,1,1,0,0,0
esmc_6b,2,O82549,0,0,0,0,0,0,1,1,1,1,1,1,0,0,0,0,0,0
esmc_6b,2,O88947,0,0,0,1,1,1,2,2,2,1,1,1,2,2,2,1,1,1
esmc_6b,2,O89094,0,0,0,0,0,0,1,1,1,1,1,1,0,0,0,0,0,0
esmc_6b,2,O94779,1,1,1,1,1,1,0,0,0,0,0,0,0,0,0,0,0,0
esmc_6b,2,O95831,0,0,0,0,0,0,1,1,1,1,1,1,0,0,0,0,0,0
esmc_6b,2,O95980,1,1,1,1,1,1,0,0,0,0,0,0,0,0,0,0,0,0
esmc_6b,2,O96447,0,0,0,0,0,0,1,1,1,1,1,1,0,0,0,0,0,0
esmc_6b,2,O96812,1,1,1,1,1,1,0,0,0,0,0,0,0,0,0,0,0,0
esmc_6b,2,P00740,1,1,1,1,1,1,1,1,1,1,1,1,0,0,0,0,0,0
esmc_6b,2,P00741,1,1,1,1,1,1,1,1,1,1,1,1,2,2,2,2,2,2
esmc_6b,2,P00742,0,0,0,0,0,0,1,1,1,1,1,1,2,2,2,2,2,2
esmc_6b,2,P00745,0,0,0,0,0,0,2,2,2,2,2,2,1,1,1,1,1,1
esmc_6b,2,P00750,1,1,1,1,1,1,0,0,0,0,0,0,0,0,0,0,0,0
esmc_6b,2,P01068,0,0,0,0,0,1,12,12,12,12,12,11,3,3,3,3,3,2
esmc_6b,2,P01156,3,3,3,3,3,3,0,0,0,0,0,0,0,0,0,0,0,0
esmc_6b,2,P01252,0,0,0,0,0,0,1,1,1,1,1,1,0,0,0,0,0,0
esmc_6b,2,P01344,0,0,0,0,0,0,1,1,1,1,1,1,2,2,2,2,2,2
esmc_6b,2,P01346,0,0,0,0,0,0,1,1,1,1,1,1,2,2,2,2,2,2
esmc_6b,2,P01357,3,4,5,5,5,5,3,2,1,1,1,1,11,10,9,9,9,9
esmc_6b,2,P01358,0,0,0,0,1,1,1,1,1,1,0,0,1,1,1,1,0,0
esmc_6b,2,P01501,2,2,2,2,2,2,0,0,0,0,0,0,0,0,0,0,0,0
esmc_6b,2,P01579,0,0,0,0,0,0,1,1,1,1,1,1,0,0,0,0,0,0
esmc_6b,2,P02545,0,0,0,0,0,0,1,1,1,1,1,1,0,0,0,0,0,0
esmc_6b,2,P02674,0,0,0,0,0,0,1,1,1,1,1,1,0,0,0,0,0,0
esmc_6b,2,P02681,0,0,0,0,0,0,1,1,1,1,1,1,0,0,0,0,0,0
esmc_6b,2,P02876,0,0,0,0,1,1,1,1,1,1,0,0,1,1,1,1,0,0
esmc_6b,2,P03997,0,0,0,0,0,0,1,1,1,1,1,1,0,0,0,0,0,0
esmc_6b,2,P03998,0,0,0,0,0,0,1,1,1,1,1,1,0,0,0,0,0,0
esmc_6b,2,P04002,0,0,0,0,0,0,1,1,1,1,1,1,1,1,1,1,1,1
esmc_6b,2,P04070,1,1,1,1,1,1,1,1,1,1,1,1,0,0,0,0,0,0
esmc_6b,2,P04124,0,1,1,1,1,1,1,0,0,0,0,0,1,0,0,0,0,0
esmc_6b,2,P05017,0,0,0,0,0,0,1,1,1,1,1,1,0,0,0,0,0,0
esmc_6b,2,P05019,0,0,0,0,0,0,1,1,1,1,1,1,0,0,0,0,0,0
esmc_6b,2,P05060,0,0,0,0,0,0,1,1,1,1,1,1,0,0,0,0,0,0
esmc_6b,2,P05118,0,0,1,1,1,1,1,1,0,0,0,0,1,1,0,0,0,0
esmc_6b,2,P05222,1,1,1,1,2,2,1,1,1,1,0,0,8,8,8,8,7,7
esmc_6b,2,P05224,1,3,4,4,4,4,4,2,1,1,1,1,10,8,7,7,7,7
esmc_6b,2,P05225,1,1,2,2,3,4,4,4,3,3,2,1,9,9,8,8,7,6
esmc_6b,2,P05226,2,4,5,5,5,5,4,2,1,1,1,1,13,11,10,10,10,10
esmc_6b,2,P06302,0,0,0,0,0,0,1,1,1,1,1,1,0,0,0,0,0,0
esmc_6b,2,P06454,0,0,0,0,0,0,1,1,1,1,1,1,0,0,0,0,0,0
esmc_6b,2,P06731,0,0,0,0,0,0,1,1,1,1,1,1,0,0,0,0,0,0
esmc_6b,2,P07095,0,0,0,0,0,0,1,1,1,1,1,1,0,0,0,0,0,0
esmc_6b,2,P07455,0,0,0,0,0,0,1,1,1,1,1,1,0,0,0,0,0,0
esmc_6b,2,P07456,0,0,0,0,0,0,1,1,1,1,1,1,2,2,2,2,2,2
esmc_6b,2,P07835,0,0,0,0,0,0,1,1,1,1,1,1,1,1,1,1,1,1
esmc_6b,2,P07907,0,0,0,0,0,1,4,4,4,4,4,3,3,3,3,3,3,2
esmc_6b,2,P08025,0,0,0,0,0,0,1,1,1,1,1,1,0,0,0,0,0,0
esmc_6b,2,P08454,0,0,1,1,1,1,1,1,0,0,0,0,1,1,0,0,0,0
esmc_6b,2,P08459,1,1,1,1,1,1,0,0,0,0,0,0,0,0,0,0,0,0
esmc_6b,2,P08709,1,1,1,1,1,1,0,0,0,0,0,0,0,0,0,0,0,0
esmc_6b,2,P09031,0,0,0,0,0,0,1,1,1,1,1,1,0,0,0,0,0,0
esmc_6b,2,P09166,0,0,0,0,0,0,1,1,1,1,1,1,0,0,0,0,0,0
esmc_6b,2,P09167,0,0,0,0,0,0,1,1,1,1,1,1,1,1,1,1,1,1
esmc_6b,2,P09535,0,0,0,0,0,0,1,1,1,1,1,1,2,2,2,2,2,2
esmc_6b,2,P09598,1,1,1,1,1,1,0,0,0,0,0,0,0,0,0,0,0,0
esmc_6b,2,P09989,0,0,0,0,0,0,1,1,1,1,1,1,0,0,0,0,0,0
esmc_6b,2,P0C0P5,0,0,0,0,0,0,2,2,2,2,2,2,0,0,0,0,0,0
esmc_6b,2,P0C0P6,0,0,0,0,0,0,2,2,2,2,2,2,0,0,0,0,0,0
esmc_6b,2,P0C0P7,0,0,0,0,0,0,2,2,2,2,2,2,0,0,0,0,0,0
esmc_6b,2,P0C0P8,0,0,0,0,0,0,2,2,2,2,2,2,0,0,0,0,0,0
esmc_6b,2,P0C1V9,2,2,2,2,2,2,0,0,0,0,0,0,0,0,0,0,0,0
esmc_6b,2,P0C1W0,1,1,1,1,2,2,1,1,1,1,0,0,1,1,1,1,0,0
esmc_6b,2,P0C1X1,0,0,0,0,0,0,3,3,3,3,3,3,2,2,2,2,2,2
esmc_6b,2,P0C1Y2,1,1,1,2,2,2,1,1,1,0,0,0,1,1,1,0,0,0
esmc_6b,2,P0C252,0,0,0,0,0,0,1,1,1,1,1,1,2,2,2,2,2,2
esmc_6b,2,P0C254,1,1,1,1,1,1,0,0,0,0,0,0,1,1,1,1,1,1
esmc_6b,2,P0C255,0,0,0,0,0,0,1,1,1,1,1,1,1,1,1,1,1,1
esmc_6b,2,P0C2B0,2,2,2,2,2,2,0,0,0,0,0,0,0,0,0,0,0,0
esmc_6b,2,P0C2B1,1,1,2,2,2,2,1,1,0,0,0,0,1,1,0,0,0,0
esmc_6b,2,P0C2F3,0,0,0,0,0,0,1,1,1,1,1,1,0,0,0,0,0,0
esmc_6b,2,P0C2S9,0,1,1,1,1,1,1,0,0,0,0,0,2,1,1,1,1,1
esmc_6b,2,P0C408,1,1,1,1,1,1,0,0,0,0,0,0,0,0,0,0,0,0
esmc_6b,2,P0C409,1,1,1,1,1,1,0,0,0,0,0,0,0,0,0,0,0,0
esmc_6b,2,P0C410,1,1,1,1,1,1,0,0,0,0,0,0,0,0,0,0,0,0
esmc_6b,2,P0C636,0,2,2,2,2,2,2,0,0,0,0,0,2,0,0,0,0,0
esmc_6b,2,P0C637,2,2,2,2,2,2,0,0,0,0,0,0,0,0,0,0,0,0
esmc_6b,2,P0C638,0,2,2,2,2,2,2,0,0,0,0,0,2,0,0,0,0,0
esmc_6b,2,P0C639,2,2,2,2,2,2,0,0,0,0,0,0,0,0,0,0,0,0
esmc_6b,2,P0C640,1,2,2,2,2,2,1,0,0,0,0,0,1,0,0,0,0,0
esmc_6b,2,P0C666,0,0,0,0,0,0,2,2,2,2,2,2,2,2,2,2,2,2
esmc_6b,2,P0C667,0,2,2,2,2,2,2,0,0,0,0,0,2,0,0,0,0,0
esmc_6b,2,P0C668,0,1,1,2,2,2,2,1,1,0,0,0,2,1,1,0,0,0
esmc_6b,2,P0C670,0,1,1,2,2,2,2,1,1,0,0,0,2,1,1,0,0,0
esmc_6b,2,P0C6E4,0,0,0,0,0,0,1,1,1,1,1,1,0,0,0,0,0,0
esmc_6b,2,P0C6E8,0,0,0,0,0,0,1,1,1,1,1,1,0,0,0,0,0,0
esmc_6b,2,P0C7S9,0,1,1,1,1,1,1,0,0,0,0,0,2,1,1,1,1,1
esmc_6b,2,P0C828,0,0,0,0,0,0,2,2,2,2,2,2,2,2,2,2,2,2
esmc_6b,2,P0C829,0,0,0,0,0,0,3,3,3,3,3,3,2,2,2,2,2,2
esmc_6b,2,P0C8P8,0,0,1,1,1,1,1,1,0,0,0,0,2,2,1,1,1,1
esmc_6b,2,P0C8P9,0,0,0,0,0,0,2,2,2,2,2,2,2,2,2,2,2,2
esmc_6b,2,P0C8R2,0,0,0,0,0,0,1,1,1,1,1,1,0,0,0,0,0,0
esmc_6b,2,P0C8U4,2,2,2,2,2,2,0,0,0,0,0,0,0,0,0,0,0,0
esmc_6b,2,P0C8U6,2,2,2,2,2,2,0,0,0,0,0,0,0,0,0,0,0,0
esmc_6b,2,P0C8U7,1,2,2,2,2,2,1,0,0,0,0,0,1,0,0,0,0,0
esmc_6b,2,P0C8U8,0,0,0,0,0,1,2,2,2,2,2,1,2,2,2,2,2,1
esmc_6b,2,P0C8U9,0,0,0,0,0,1,2,2,2,2,2,1,3,3,3,3,3,2
esmc_6b,2,P0C8V0,1,1,2,2,2,2,1,1,0,0,0,0,1,1,0,0,0,0
esmc_6b,2,P0C8W1,2,2,2,2,2,2,0,0,0,0,0,0,0,0,0,0,0,0
esmc_6b,2,P0C8W2,2,2,2,2,2,2,0,0,0,0,0,0,0,0,0,0,0,0
esmc_6b,2,P0C901,0,0,0,0,0,0,2,2,2,2,2,2,1,1,1,1,1,1
esmc_6b,2,P0C940,1,1,1,1,1,1,0,0,0,0,0,0,0,0,0,0,0,0
esmc_6b,2,P0C954,1,1,1,1,1,1,0,0,0,0,0,0,0,0,0,0,0,0
esmc_6b,2,P0C955,0,0,0,1,1,1,1,1,1,0,0,0,1,1,1,0,0,0
esmc_6b,2,P0C956,0,0,0,0,0,0,1,1,1,1,1,1,1,1,1,1,1,1
esmc_6b,2,P0CAQ2,0,0,0,0,0,0,2,2,2,2,2,2,1,1,1,1,1,1
esmc_6b,2,P0CAQ3,0,0,0,0,0,0,2,2,2,2,2,2,1,1,1,1,1,1
esmc_6b,2,P0CAQ5,2,2,2,2,2,2,0,0,0,0,0,0,0,0,0,0,0,0
esmc_6b,2,P0CAQ6,1,2,2,2,2,2,1,0,0,0,0,0,1,0,0,0,0,0
esmc_6b,2,P0CAQ7,0,0,0,0,0,0,1,1,1,1,1,1,0,0,0,0,0,0
esmc_6b,2,P0CAQ8,0,0,0,0,0,0,1,1,1,1,1,1,1,1,1,1,1,1
esmc_6b,2,P0CAQ9,0,0,0,0,0,0,1,1,1,1,1,1,1,1,1,1,1,1
esmc_6b,2,P0CAZ2,1,1,1,1,1,1,0,0,0,0,0,0,0,0,0,0,0,0
esmc_6b,2,P0CAZ3,1,1,1,1,1,1,0,0,0,0,0,0,0,0,0,0,0,0
esmc_6b,2,P0CAZ4,1,1,1,1,1,1,0,0,0,0,0,0,0,0,0,0,0,0
esmc_6b,2,P0CAZ5,1,1,1,1,1,1,0,0,0,0,0,0,0,0,0,0,0,0
esmc_6b,2,P0CAZ6,1,1,1,1,1,1,0,0,0,0,0,0,0,0,0,0,0,0
esmc_6b,2,P0CAZ7,1,1,1,1,1,1,0,0,0,0,0,0,0,0,0,0,0,0
esmc_6b,2,P0CAZ8,0,0,0,0,0,0,1,1,1,1,1,1,2,2,2,2,2,2
esmc_6b,2,P0CAZ9,1,1,1,1,1,1,0,0,0,0,0,0,0,0,0,0,0,0
esmc_6b,2,P0CB07,2,2,2,2,2,2,0,0,0,0,0,0,0,0,0,0,0,0
esmc_6b,2,P0CB08,1,2,2,2,2,2,1,0,0,0,0,0,1,0,0,0,0,0
esmc_6b,2,P0CB12,2,2,2,2,2,2,0,0,0,0,0,0,0,0,0,0,0,0
esmc_6b,2,P0CB14,0,0,0,0,0,0,1,1,1,1,1,1,0,0,0,0,0,0
esmc_6b,2,P0CE73,1,2,2,2,2,2,1,0,0,0,0,0,1,0,0,0,0,0
esmc_6b,2,P0CE75,0,0,0,0,0,0,3,3,3,3,3,3,2,2,2,2,2,2
esmc_6b,2,P0CE76,0,0,0,0,0,0,3,3,3,3,3,3,2,2,2,2,2,2
esmc_6b,2,P0CE79,1,1,1,1,1,1,0,0,0,0,0,0,0,0,0,0,0,0
esmc_6b,2,P0CE80,1,1,1,1,1,1,0,0,0,0,0,0,0,0,0,0,0,0
esmc_6b,2,P0CE81,1,1,1,1,1,1,0,0,0,0,0,0,0,0,0,0,0,0
esmc_6b,2,P0CE82,1,1,1,1,1,1,0,0,0,0,0,0,0,0,0,0,0,0
esmc_6b,2,P0CE83,1,1,1,1,1,1,0,0,0,0,0,0,0,0,0,0,0,0
esmc_6b,2,P0CH50,0,1,1,1,1,1,1,0,0,0,0,0,1,0,0,0,0,0
esmc_6b,2,P0CI13,0,0,0,0,0,0,1,1,1,1,1,1,2,2,2,2,2,2
esmc_6b,2,P0CI49,0,0,0,0,0,0,1,1,1,1,1,1,0,0,0,0,0,0
esmc_6b,2,P0CY75,1,2,2,2,2,2,1,0,0,0,0,0,1,0,0,0,0,0
esmc_6b,2,P0CY76,1,1,1,1,1,1,0,0,0,0,0,0,1,1,1,1,1,1
esmc_6b,2,P0CY77,0,0,0,0,0,0,1,1,1,1,1,1,0,0,0,0,0,0
esmc_6b,2,P0CY78,0,0,0,0,0,0,2,2,2,2,2,2,2,2,2,2,2,2
esmc_6b,2,P0CY80,0,1,2,2,2,2,2,1,0,0,0,0,2,1,0,0,0,0
esmc_6b,2,P0CY81,2,2,2,2,2,2,0,0,0,0,0,0,0,0,0,0,0,0
esmc_6b,2,P0CY82,0,0,0,0,0,0,2,2,2,2,2,2,0,0,0,0,0,0
esmc_6b,2,P0CY86,0,2,2,2,2,2,2,0,0,0,0,0,2,0,0,0,0,0
esmc_6b,2,P0DJ02,2,2,2,2,2,2,0,0,0,0,0,0,0,0,0,0,0,0
esmc_6b,2,P0DJ03,2,2,2,2,2,2,0,0,0,0,0,0,0,0,0,0,0,0
esmc_6b,2,P0DJO3,2,2,2,2,2,2,0,0,0,0,0,0,0,0,0,0,0,0
esmc_6b,2,P0DJO4,2,2,2,2,2,2,0,0,0,0,0,0,0,0,0,0,0,0
esmc_6b,2,P0DKM1,1,1,1,1,1,1,0,0,0,0,0,0,1,1,1,1,1,1
esmc_6b,2,P0DKN0,0,0,0,0,0,0,1,1,1,1,1,1,0,0,0,0,0,0
esmc_6b,2,P0DKP4,1,1,1,1,1,1,3,3,3,3,3,3,0,0,0,0,0,0
esmc_6b,2,P0DKP6,0,0,1,2,2,2,2,2,1,0,0,0,2,2,1,0,0,0
esmc_6b,2,P0DKP8,0,0,1,2,2,2,2,2,1,0,0,0,2,2,1,0,0,0
esmc_6b,2,P0DM21,1,2,2,2,2,2,1,0,0,0,0,0,1,0,0,0,0,0
esmc_6b,2,P0DM23,1,2,2,2,2,2,1,0,0,0,0,0,1,0,0,0,0,0
esmc_6b,2,P0DM26,0,0,0,0,0,0,3,3,3,3,3,3,2,2,2,2,2,2
esmc_6b,2,P0DME6,2,2,2,2,2,2,0,0,0,0,0,0,0,0,0,0,0,0
esmc_6b,2,P0DME7,2,2,2,2,2,2,0,0,0,0,0,0,0,0,0,0,0,0
esmc_6b,2,P0DME8,2,2,2,2,2,2,0,0,0,0,0,0,0,0,0,0,0,0
esmc_6b,2,P0DME9,2,2,2,2,2,2,0,0,0,0,0,0,0,0,0,0,0,0
esmc_6b,2,P0DMF1,1,1,1,1,1,1,0,0,0,0,0,0,4,4,4,4,4,4
esmc_6b,2,P0DMF4,2,2,2,2,2,2,0,0,0,0,0,0,0,0,0,0,0,0
esmc_6b,2,P0DMF5,1,2,2,2,2,2,1,0,0,0,0,0,1,0,0,0,0,0
esmc_6b,2,P0DMF6,2,2,2,2,2,2,0,0,0,0,0,0,0,0,0,0,0,0
esmc_6b,2,P0DMF7,1,1,1,1,1,1,1,1,1,1,1,1,1,1,1,1,1,1
esmc_6b,2,P0DMF9,2,2,2,2,2,2,0,0,0,0,0,0,0,0,0,0,0,0
esmc_6b,2,P0DMZ2,0,0,0,1,1,1,1,1,1,0,0,0,1,1,1,0,0,0
esmc_6b,2,P0DMZ8,0,0,4,5,5,5,5,5,1,0,0,0,5,5,1,0,0,0
esmc_6b,2,P0DMZ9,0,0,4,5,5,5,5,5,1,0,0,0,5,5,1,0,0,0
esmc_6b,2,P0DN46,0,0,2,2,2,2,2,2,0,0,0,0,2,2,0,0,0,0
esmc_6b,2,P0DN47,0,2,2,2,2,2,2,0,0,0,0,0,2,0,0,0,0,0
esmc_6b,2,P0DOZ7,1,2,3,3,3,3,2,1,0,0,0,0,2,1,0,0,0,0
esmc_6b,2,P0DPE6,0,0,0,0,0,0,1,1,1,1,1,1,1,1,1,1,1,1
esmc_6b,2,P0DPL8,0,0,2,2,2,2,2,2,0,0,0,0,2,2,0,0,0,0
esmc_6b,2,P0DPL9,0,1,1,1,2,2,2,1,1,1,0,0,2,1,1,1,0,0
esmc_6b,2,P0DPM0,0,2,2,2,2,2,2,0,0,0,0,0,2,0,0,0,0,0
esmc_6b,2,P0DPM1,1,2,2,2,2,2,1,0,0,0,0,0,1,0,0,0,0,0
esmc_6b,2,P0DPT2,0,0,0,0,0,0,1,1,1,1,1,1,0,0,0,0,0,0
esmc_6b,2,P0DQJ4,1,1,1,1,1,1,0,0,0,0,0,0,0,0,0,0,0,0
esmc_6b,2,P0DQP3,0,0,1,1,1,1,1,1,0,0,0,0,1,1,0,0,0,0
esmc_6b,2,P0DQP4,1,1,1,1,1,1,0,0,0,0,0,0,0,0,0,0,0,0
esmc_6b,2,P0DQR6,1,1,1,1,1,1,0,0,0,0,0,0,0,0,0,0,0,0
esmc_6b,2,P0DRD0,1,2,2,2,2,2,1,0,0,0,0,0,1,0,0,0,0,0
esmc_6b,2,P0DRD1,1,2,2,2,2,2,1,0,0,0,0,0,1,0,0,0,0,0
esmc_6b,2,P0DRD2,2,2,2,2,2,2,0,0,0,0,0,0,0,0,0,0,0,0
esmc_6b,2,P0DRD4,0,2,2,2,2,2,2,0,0,0,0,0,2,0,0,0,0,0
esmc_6b,2,P0DRD5,0,1,2,2,2,2,2,1,0,0,0,0,2,1,0,0,0,0
esmc_6b,2,P0DRH5,1,1,1,2,2,2,1,1,1,0,0,0,1,1,1,0,0,0
esmc_6b,2,P0DRH6,1,1,1,2,2,2,1,1,1,0,0,0,1,1,1,0,0,0
esmc_6b,2,P0DRH7,1,2,2,2,2,2,1,0,0,0,0,0,1,0,0,0,0,0
esmc_6b,2,P0DRH9,0,0,0,0,0,1,2,2,2,2,2,1,4,4,4,4,4,3
esmc_6b,2,P0DRI0,0,0,0,0,1,1,2,2,2,2,1,1,3,3,3,3,2,2
esmc_6b,2,P0DRI1,0,0,0,1,1,1,2,2,2,1,1,1,3,3,3,2,2,2
esmc_6b,2,P0DRI3,0,0,1,1,1,1,1,1,0,0,0,0,1,1,0,0,0,0
esmc_6b,2,P0DSI4,2,2,2,2,2,2,0,0,0,0,0,0,0,0,0,0,0,0
esmc_6b,2,P0DSI5,1,1,1,1,1,2,1,1,1,1,1,0,1,1,1,1,1,0
esmc_6b,2,P0DSI6,0,2,2,2,2,2,2,0,0,0,0,0,2,0,0,0,0,0
esmc_6b,2,P0DSJ4,0,0,1,1,1,1,1,1,0,0,0,0,2,2,1,1,1,1
esmc_6b,2,P0DSJ5,1,1,1,1,1,1,0,0,0,0,0,0,1,1,1,1,1,1
esmc_6b,2,P0DSJ8,0,0,1,1,1,2,2,2,1,1,1,0,2,2,1,1,1,0
esmc_6b,2,P0DSJ9,0,0,1,1,1,2,2,2,1,1,1,0,2,2,1,1,1,0
esmc_6b,2,P0DSK1,1,1,1,1,1,1,1,1,1,1,1,1,1,1,1,1,1,1
esmc_6b,2,P0DSK4,0,0,0,0,0,0,1,1,1,1,1,1,2,2,2,2,2,2
esmc_6b,2,P0DUG2,0,0,0,0,0,0,1,1,1,1,1,1,1,1,1,1,1,1
esmc_6b,2,P0DUJ5,0,0,2,2,2,2,2,2,0,0,0,0,2,2,0,0,0,0
esmc_6b,2,P0DUQ4,1,2,2,2,2,2,2,1,1,1,1,1,1,0,0,0,0,0
esmc_6b,2,P0DUQ8,0,0,0,0,0,0,1,1,1,1,1,1,1,1,1,1,1,1
esmc_6b,2,P0DV71,0,0,1,1,1,1,1,1,0,0,0,0,1,1,0,0,0,0
esmc_6b,2,P0DW72,1,1,1,1,1,1,0,0,0,0,0,0,1,1,1,1,1,1
esmc_6b,2,P0DX20,0,0,0,0,0,0,1,1,1,1,1,1,1,1,1,1,1,1
esmc_6b,2,P0DX61,2,2,2,2,2,2,0,0,0,0,0,0,0,0,0,0,0,0
esmc_6b,2,P0DX64,2,2,2,2,2,2,0,0,0,0,0,0,0,0,0,0,0,0
esmc_6b,2,P0DXT1,2,2,2,2,2,2,0,0,0,0,0,0,0,0,0,0,0,0
esmc_6b,2,P0DXT2,2,2,2,2,2,2,0,0,0,0,0,0,0,0,0,0,0,0
esmc_6b,2,P0DXT3,1,1,1,1,1,1,0,0,0,0,0,0,1,1,1,1,1,1
esmc_6b,2,P0DXT4,2,2,2,2,2,2,0,0,0,0,0,0,0,0,0,0,0,0
esmc_6b,2,P0DXT5,2,2,2,2,2,2,0,0,0,0,0,0,0,0,0,0,0,0
esmc_6b,2,P0DXT7,2,2,2,2,2,2,0,0,0,0,0,0,0,0,0,0,0,0
esmc_6b,2,P0DXT8,0,0,2,2,2,2,2,2,0,0,0,0,2,2,0,0,0,0
esmc_6b,2,P0DXT9,0,0,2,2,2,2,2,2,0,0,0,0,2,2,0,0,0,0
esmc_6b,2,P0DXU0,0,0,2,2,2,2,2,2,0,0,0,0,2,2,0,0,0,0
esmc_6b,2,P0DXU1,1,1,2,2,2,2,1,1,0,0,0,0,1,1,0,0,0,0
esmc_6b,2,P0DXZ8,1,1,1,2,2,2,1,1,1,0,0,0,1,1,1,0,0,0
esmc_6b,2,P0DY01,1,1,1,2,2,2,1,1,1,0,0,0,1,1,1,0,0,0
esmc_6b,2,P0DY02,1,1,1,1,1,1,1,1,1,1,1,1,1,1,1,1,1,1
esmc_6b,2,P0DY17,1,1,1,2,2,2,1,1,1,0,0,0,1,1,1,0,0,0
esmc_6b,2,P0DY19,0,0,0,0,0,0,1,1,1,1,1,1,3,3,3,3,3,3
esmc_6b,2,P0DY25,0,0,0,1,1,2,2,2,2,1,1,0,2,2,2,1,1,0
esmc_6b,2,P0DY99,0,0,0,0,0,0,2,2,2,2,2,2,0,0,0,0,0,0
esmc_6b,2,P10347,1,1,1,1,1,1,0,0,0,0,0,0,0,0,0,0,0,0
esmc_6b,2,P10348,1,1,1,1,1,1,0,0,0,0,0,0,0,0,0,0,0,0
esmc_6b,2,P10673,2,2,2,2,2,2,0,0,0,0,0,0,0,0,0,0,0,0
esmc_6b,2,P10743,0,0,0,0,1,1,1,1,1,1,0,0,1,1,1,1,0,0
esmc_6b,2,P10763,0,0,0,0,0,0,1,1,1,1,1,1,0,0,0,0,0,0
esmc_6b,2,P10764,0,0,0,0,0,0,1,1,1,1,1,1,2,2,2,2,2,2
esmc_6b,2,P10863,0,0,0,0,0,0,1,1,1,1,1,1,1,1,1,1,1,1
esmc_6b,2,P10968,0,0,0,0,1,1,1,1,1,1,0,0,1,1,1,1,0,0
esmc_6b,2,P10969,0,0,0,0,1,1,1,1,1,1,0,0,1,1,1,1,0,0
esmc_6b,2,P11006,7,7,7,7,7,7,12,12,12,12,12,12,6,6,6,6,6,6
esmc_6b,2,P11214,1,1,1,1,1,1,0,0,0,0,0,0,0,0,0,0,0,0
esmc_6b,2,P11863,1,1,1,1,1,1,0,0,0,0,0,0,0,0,0,0,0,0
esmc_6b,2,P12163,0,1,1,1,1,1,1,0,0,0,0,0,1,0,0,0,0,0
esmc_6b,2,P12164,0,0,0,0,0,0,1,1,1,1,1,1,2,2,2,2,2,2
esmc_6b,2,P12729,1,1,1,1,1,1,0,0,0,0,0,0,0,0,0,0,0,0
esmc_6b,2,P12960,0,0,0,0,0,1,1,1,1,1,1,0,1,1,1,1,1,0
esmc_6b,2,P13208,0,1,1,4,5,10,25,24,24,21,20,15,12,11,11,8,7,2
esmc_6b,2,P13684,0,0,1,1,1,1,2,2,1,1,1,1,3,3,2,2,2,2
esmc_6b,2,P14089,1,1,1,1,1,1,0,0,0,0,0,0,0,0,0,0,0,0
esmc_6b,2,P14530,0,0,0,0,0,0,1,1,1,1,1,1,0,0,0,0,0,0
esmc_6b,2,P14749,1,1,1,1,1,1,0,0,0,0,0,0,0,0,0,0,0,0
esmc_6b,2,P14781,0,1,1,1,1,1,1,0,0,0,0,0,1,0,0,0,0,0
esmc_6b,2,P15167,0,0,0,0,0,0,1,1,1,1,1,1,1,1,1,1,1,1
esmc_6b,2,P15471,0,2,2,2,2,2,2,0,0,0,0,0,2,0,0,0,0,0
esmc_6b,2,P15490,0,0,0,0,0,0,1,1,1,1,1,1,1,1,1,1,1,1
esmc_6b,2,P15566,0,0,0,0,0,0,1,1,1,1,1,1,0,0,0,0,0,0
esmc_6b,2,P15819,1,1,1,1,1,1,0,0,0,0,0,0,0,0,0,0,0,0
esmc_6b,2,P16014,0,0,0,0,0,0,1,1,1,1,1,1,0,0,0,0,0,0
esmc_6b,2,P16094,0,0,0,0,0,0,1,1,1,1,1,1,0,0,0,0,0,0
esmc_6b,2,P16231,0,0,0,0,0,0,1,1,1,1,1,1,1,1,1,1,1,1
esmc_6b,2,P16291,1,1,1,1,1,1,1,1,1,1,1,1,2,2,2,2,2,2
esmc_6b,2,P16292,1,1,1,1,1,1,1,1,1,1,1,1,1,1,1,1,1,1
esmc_6b,2,P16293,0,0,0,0,0,0,1,1,1,1,1,1,1,1,1,1,1,1
esmc_6b,2,P16294,1,1,1,1,1,1,1,1,1,1,1,1,2,2,2,2,2,2
esmc_6b,2,P16296,1,1,1,1,1,1,1,1,1,1,1,1,2,2,2,2,2,2
esmc_6b,2,P16501,0,0,0,0,0,0,1,1,1,1,1,1,1,1,1,1,1,1
esmc_6b,2,P16545,0,0,0,0,0,0,1,1,1,1,1,1,0,0,0,0,0,0
esmc_6b,2,P17349,0,0,0,0,0,0,1,1,1,1,1,1,0,0,0,0,0,0
esmc_6b,2,P17647,0,0,0,0,0,0,1,1,1,1,1,1,0,0,0,0,0,0
esmc_6b,2,P17896,0,0,0,0,0,0,1,1,1,1,1,1,0,0,0,0,0,0
esmc_6b,2,P18254,0,0,0,0,0,0,1,1,1,1,1,1,0,0,0,0,0,0
esmc_6b,2,P18263,1,1,1,1,1,1,0,0,0,0,0,0,0,0,0,0,0,0
esmc_6b,2,P18619,0,0,0,0,0,0,1,1,1,1,1,1,0,0,0,0,0,0
esmc_6b,2,P19259,0,1,1,1,1,1,1,0,0,0,0,0,1,0,0,0,0,0
esmc_6b,2,P19540,1,1,1,1,1,1,1,1,1,1,1,1,1,1,1,1,1,1
esmc_6b,2,P19578,2,2,2,2,2,2,0,0,0,0,0,0,0,0,0,0,0,0
esmc_6b,2,P19637,1,1,1,1,1,1,0,0,0,0,0,0,0,0,0,0,0,0
esmc_6b,2,P20068,2,2,2,2,2,2,1,1,1,1,1,1,2,2,2,2,2,2
esmc_6b,2,P20076,0,0,0,0,0,0,1,1,1,1,1,1,1,1,1,1,1,1
esmc_6b,2,P20164,0,0,0,0,0,0,1,1,1,1,1,1,0,0,0,0,0,0
esmc_6b,2,P20465,0,0,0,0,0,2,5,5,5,5,5,3,3,3,3,3,3,1
esmc_6b,2,P20466,0,0,0,0,0,0,3,3,3,3,3,3,0,0,0,0,0,0
esmc_6b,2,P21786,0,0,0,1,1,1,2,2,2,1,1,1,3,3,3,2,2,2
esmc_6b,2,P21840,1,1,1,1,1,1,0,0,0,0,0,0,0,0,0,0,0,0
esmc_6b,2,P22063,0,1,1,1,1,1,1,0,0,0,0,0,1,0,0,0,0,0
esmc_6b,2,P22146,1,1,1,1,1,1,0,0,0,0,0,0,0,0,0,0,0,0
esmc_6b,2,P22282,0,0,0,0,0,0,1,1,1,1,1,1,0,0,0,0,0,0
esmc_6b,2,P22321,0,0,0,0,0,0,1,1,1,1,1,1,1,1,1,1,1,1
esmc_6b,2,P22322,0,0,0,0,0,0,1,1,1,1,1,1,1,1,1,1,1,1
esmc_6b,2,P22334,0,0,0,0,0,0,3,3,3,3,3,3,3,3,3,3,3,3
esmc_6b,2,P22457,0,1,1,1,1,1,1,0,0,0,0,0,1,0,0,0,0,0
esmc_6b,2,P22522,1,1,1,1,1,1,0,0,0,0,0,0,1,1,1,1,1,1
esmc_6b,2,P22891,0,1,1,1,1,1,1,0,0,0,0,0,1,0,0,0,0,0
esmc_6b,2,P23079,1,1,1,1,1,1,0,0,0,0,0,0,0,0,0,0,0,0
esmc_6b,2,P23317,0,1,1,1,1,1,1,0,0,0,0,0,1,0,0,0,0,0
esmc_6b,2,P23318,1,1,1,1,1,1,0,0,0,0,0,0,0,0,0,0,0,0
esmc_6b,2,P23389,0,0,0,0,0,0,3,3,3,3,3,3,0,0,0,0,0,0
esmc_6b,2,P23695,0,0,0,0,0,0,1,1,1,1,1,1,2,2,2,2,2,2
esmc_6b,2,P23699,0,0,0,0,0,0,1,1,1,1,1,1,1,1,1,1,1,1
esmc_6b,2,P24478,0,0,0,0,0,0,1,1,1,1,1,1,0,0,0,0,0,0
esmc_6b,2,P25380,1,1,1,1,1,1,0,0,0,0,0,0,1,1,1,1,1,1
esmc_6b,2,P25955,1,1,1,1,1,1,0,0,0,0,0,0,0,0,0,0,0,0
esmc_6b,2,P26350,0,0,0,0,0,0,1,1,1,1,1,1,0,0,0,0,0,0
esmc_6b,2,P27058,0,0,0,0,0,0,1,1,1,1,1,1,0,0,0,0,0,0
esmc_6b,2,P27654,1,1,1,1,1,1,0,0,0,0,0,0,0,0,0,0,0,0
esmc_6b,2,P28319,0,1,1,1,1,1,1,0,0,0,0,0,1,0,0,0,0,0
esmc_6b,2,P28642,0,0,1,1,1,1,1,1,0,0,0,0,1,1,0,0,0,0
esmc_6b,2,P28879,0,1,2,2,2,2,2,1,0,0,0,0,2,1,0,0,0,0
esmc_6b,2,P29827,1,1,1,1,1,1,0,0,0,0,0,0,2,2,2,2,2,2
esmc_6b,2,P30403,0,0,0,0,0,0,1,1,1,1,1,1,0,0,0,0,0,0
esmc_6b,2,P30990,1,2,2,2,2,2,2,1,1,1,1,1,3,2,2,2,2,2
esmc_6b,2,P31358,0,1,1,1,1,1,2,1,1,1,1,1,1,0,0,0,0,0
esmc_6b,2,P31394,0,0,0,1,1,1,2,2,2,1,1,1,1,1,1,0,0,0
esmc_6b,2,P31481,0,1,1,1,1,1,1,0,0,0,0,0,1,0,0,0,0,0
esmc_6b,2,P31736,0,0,0,0,0,0,1,1,1,1,1,1,0,0,0,0,0,0
esmc_6b,2,P31944,1,1,1,2,2,2,1,1,1,0,0,0,1,1,1,0,0,0
esmc_6b,2,P31956,0,0,0,0,0,0,1,1,1,1,1,1,1,1,1,1,1,1
esmc_6b,2,P31997,0,0,0,0,0,0,1,1,1,1,1,1,0,0,0,0,0,0
esmc_6b,2,P32763,1,1,1,1,1,1,1,1,1,1,1,1,0,0,0,0,0,0
esmc_6b,2,P33185,0,0,0,0,0,0,1,1,1,1,1,1,0,0,0,0,0,0
esmc_6b,2,P33186,0,0,0,0,0,0,2,2,2,2,2,2,0,0,0,0,0,0
esmc_6b,2,P33376,1,1,1,1,1,1,0,0,0,0,0,0,0,0,0,0,0,0
esmc_6b,2,P33378,0,0,1,1,1,1,1,1,0,0,0,0,1,1,0,0,0,0
esmc_6b,2,P33587,0,0,0,0,0,0,2,2,2,2,2,2,1,1,1,1,1,1
esmc_6b,2,P33712,0,0,0,0,0,0,1,1,1,1,1,1,0,0,0,0,0,0
esmc_6b,2,P33890,0,0,0,0,0,0,1,1,1,1,1,1,1,1,1,1,1,1
esmc_6b,2,P34068,0,0,0,1,1,1,2,2,2,1,1,1,1,1,1,0,0,0
esmc_6b,2,P34069,0,0,0,0,0,0,2,2,2,2,2,2,0,0,0,0,0,0
esmc_6b,2,P34182,0,0,0,0,0,0,1,1,1,1,1,1,0,0,0,0,0,0
esmc_6b,2,P35853,1,1,1,1,1,1,0,0,0,0,0,0,0,0,0,0,0,0
esmc_6b,2,P36217,1,1,1,1,1,1,0,0,0,0,0,0,0,0,0,0,0,0
esmc_6b,2,P36218,1,1,1,1,1,1,0,0,0,0,0,0,0,0,0,0,0,0
esmc_6b,2,P37302,0,0,0,0,0,0,1,1,1,1,1,1,2,2,2,2,2,2
esmc_6b,2,P38248,1,1,1,1,1,1,0,0,0,0,0,0,0,0,0,0,0,0
esmc_6b,2,P40199,0,0,0,0,0,0,1,1,1,1,1,1,0,0,0,0,0,0
esmc_6b,2,P40552,0,0,1,1,1,1,1,1,0,0,0,0,1,1,0,0,0,0
esmc_6b,2,P40849,0,0,0,1,1,1,2,2,2,1,1,1,1,1,1,0,0,0
esmc_6b,2,P41598,0,0,1,1,1,1,1,1,0,0,0,0,1,1,0,0,0,0
esmc_6b,2,P41694,0,0,0,0,0,0,1,1,1,1,1,1,2,2,2,2,2,2
esmc_6b,2,P42574,0,0,0,0,0,0,2,2,2,2,2,2,1,1,1,1,1,1
esmc_6b,2,P42575,0,0,0,0,0,0,1,1,1,1,1,1,0,0,0,0,0,0
esmc_6b,2,P43076,0,1,1,1,1,1,1,0,0,0,0,0,1,0,0,0,0,0
esmc_6b,2,P47178,1,1,1,1,1,1,0,0,0,0,0,0,0,0,0,0,0,0
esmc_6b,2,P48188,1,1,1,1,1,1,0,0,0,0,0,0,0,0,0,0,0,0
esmc_6b,2,P48678,0,0,0,0,0,0,1,1,1,1,1,1,0,0,0,0,0,0
esmc_6b,2,P48679,0,0,0,0,0,0,1,1,1,1,1,1,0,0,0,0,0,0
esmc_6b,2,P49513,1,1,1,1,1,1,0,0,0,0,0,0,0,0,0,0,0,0
esmc_6b,2,P50982,2,2,2,2,2,2,0,0,0,0,0,0,0,0,0,0,0,0
esmc_6b,2,P50985,1,2,2,2,2,2,1,0,0,0,0,0,1,0,0,0,0,0
esmc_6b,2,P51317,1,1,1,1,1,1,0,0,0,0,0,0,0,0,0,0,0,0
esmc_6b,2,P51457,0,0,0,0,0,0,1,1,1,1,1,1,0,0,0,0,0,0
esmc_6b,2,P51459,0,0,0,0,0,0,1,1,1,1,1,1,2,2,2,2,2,2
esmc_6b,2,P51462,0,0,0,0,0,0,1,1,1,1,1,1,0,0,0,0,0,0
esmc_6b,2,P54097,0,0,0,0,0,0,1,1,1,1,1,1,1,1,1,1,1,1
esmc_6b,2,P55210,0,0,0,0,0,0,2,2,2,2,2,2,1,1,1,1,1,1
esmc_6b,2,P55212,1,1,1,1,1,1,1,1,1,1,1,1,0,0,0,0,0,0
esmc_6b,2,P55213,0,0,0,0,0,1,2,2,2,2,2,1,1,1,1,1,1,0
esmc_6b,2,P55214,0,0,0,0,0,0,2,2,2,2,2,2,1,1,1,1,1,1
esmc_6b,2,P55215,0,0,0,0,0,0,1,1,1,1,1,1,0,0,0,0,0,0
esmc_6b,2,P55330,1,1,1,1,1,1,0,0,0,0,0,0,0,0,0,0,0,0
esmc_6b,2,P55790,0,0,0,0,0,0,1,1,1,1,1,1,0,0,0,0,0,0
esmc_6b,2,P55939,0,0,0,0,0,0,1,1,1,1,1,1,0,0,0,0,0,0
esmc_6b,2,P55963,2,2,2,2,2,2,0,0,0,0,0,0,0,0,0,0,0,0
esmc_6b,2,P56348,1,1,1,1,1,1,0,0,0,0,0,0,0,0,0,0,0,0
esmc_6b,2,P56626,0,0,0,0,0,0,1,1,1,1,1,1,0,0,0,0,0,0
esmc_6b,2,P56636,1,2,2,2,2,2,1,0,0,0,0,0,1,0,0,0,0,0
esmc_6b,2,P56638,2,2,2,2,2,2,0,0,0,0,0,0,0,0,0,0,0,0
esmc_6b,2,P56639,1,2,2,2,2,2,1,0,0,0,0,0,1,0,0,0,0,0
esmc_6b,2,P56640,1,2,2,2,2,2,1,0,0,0,0,0,1,0,0,0,0,0
esmc_6b,2,P56782,0,0,0,0,0,0,1,1,1,1,1,1,1,1,1,1,1,1
esmc_6b,2,P56973,2,2,2,2,2,2,0,0,0,0,0,0,0,0,0,0,0,0
esmc_6b,2,P58273,1,1,1,1,1,1,0,0,0,0,0,0,0,0,0,0,0,0
esmc_6b,2,P58560,1,1,1,1,1,1,0,0,0,0,0,0,0,0,0,0,0,0
esmc_6b,2,P58583,0,1,1,1,1,1,1,0,0,0,0,0,1,0,0,0,0,0
esmc_6b,2,P58808,1,2,2,2,2,2,1,0,0,0,0,0,1,0,0,0,0,0
esmc_6b,2,P58809,2,2,2,2,2,2,0,0,0,0,0,0,0,0,0,0,0,0
esmc_6b,2,P58811,2,2,2,2,2,2,0,0,0,0,0,0,0,0,0,0,0,0
esmc_6b,2,P59261,2,2,2,2,2,2,0,0,0,0,0,0,0,0,0,0,0,0
esmc_6b,2,P59262,2,2,2,2,2,2,0,0,0,0,0,0,0,0,0,0,0,0
esmc_6b,2,P59406,0,1,1,1,1,1,1,0,0,0,0,0,1,0,0,0,0,0
esmc_6b,2,P59906,1,1,2,2,2,2,1,1,0,0,0,0,1,1,0,0,0,0
esmc_6b,2,P59914,1,1,1,1,1,1,0,0,0,0,0,0,0,0,0,0,0,0
esmc_6b,2,P60274,0,1,2,2,2,2,2,1,0,0,0,0,2,1,0,0,0,0
esmc_6b,2,P68407,2,2,2,2,2,2,0,0,0,0,0,0,0,0,0,0,0,0
esmc_6b,2,P68408,2,2,2,2,2,2,0,0,0,0,0,0,0,0,0,0,0,0
esmc_6b,2,P68409,2,2,2,2,2,2,0,0,0,0,0,0,0,0,0,0,0,0
esmc_6b,2,P68500,1,1,1,1,1,1,0,0,0,0,0,0,0,0,0,0,0,0
esmc_6b,2,P68577,0,0,1,1,1,1,2,2,1,1,1,1,1,1,0,0,0,0
esmc_6b,2,P69498,0,0,1,1,1,1,1,1,0,0,0,0,2,2,1,1,1,1
esmc_6b,2,P69499,1,1,1,1,1,1,0,0,0,0,0,0,1,1,1,1,1,1
esmc_6b,2,P69500,1,1,1,1,1,1,0,0,0,0,0,0,1,1,1,1,1,1
esmc_6b,2,P69501,1,1,1,1,1,1,0,0,0,0,0,0,1,1,1,1,1,1
esmc_6b,2,P69657,1,2,2,2,2,2,1,0,0,0,0,0,1,0,0,0,0,0
esmc_6b,2,P69658,0,0,0,0,0,0,1,1,1,1,1,1,1,1,1,1,1,1
esmc_6b,2,P69693,1,1,1,1,1,1,0,0,0,0,0,0,0,0,0,0,0,0
esmc_6b,2,P69694,1,1,1,1,1,1,0,0,0,0,0,0,0,0,0,0,0,0
esmc_6b,2,P69764,1,2,2,2,2,2,1,0,0,0,0,0,1,0,0,0,0,0
esmc_6b,2,P69765,0,0,0,0,0,2,2,2,2,2,2,0,2,2,2,2,2,0
esmc_6b,2,P69766,1,1,2,2,2,2,1,1,0,0,0,0,1,1,0,0,0,0
esmc_6b,2,P69768,1,2,2,2,2,2,1,0,0,0,0,0,1,0,0,0,0,0
esmc_6b,2,P69770,1,1,1,1,1,1,0,0,0,0,0,0,0,0,0,0,0,0
esmc_6b,2,P69929,0,0,1,1,7,7,7,7,6,6,0,0,7,7,6,6,0,0
esmc_6b,2,P69939,0,0,0,0,0,0,1,1,1,1,1,1,0,0,0,0,0,0
esmc_6b,2,P69940,0,0,0,0,0,0,2,2,2,2,2,2,0,0,0,0,0,0
esmc_6b,2,P70375,1,1,1,1,1,1,0,0,0,0,0,0,0,0,0,0,0,0
esmc_6b,2,P70677,0,0,1,1,1,1,2,2,1,1,1,1,1,1,0,0,0,0
esmc_6b,2,P81323,1,1,1,1,1,1,0,0,0,0,0,0,0,0,0,0,0,0
esmc_6b,2,P81428,0,0,1,1,1,1,2,2,1,1,1,1,2,2,1,1,1,1
esmc_6b,2,P81755,0,0,1,2,2,2,2,2,1,0,0,0,2,2,1,0,0,0
esmc_6b,2,P81791,0,1,1,1,1,1,1,0,0,0,0,0,1,0,0,0,0,0
esmc_6b,2,P81941,0,0,0,0,0,0,2,2,2,2,2,2,2,2,2,2,2,2
esmc_6b,2,P82701,0,0,1,1,1,1,1,1,0,0,0,0,1,1,0,0,0,0
esmc_6b,2,P82807,0,0,1,1,1,1,2,2,1,1,1,1,2,2,1,1,1,1
esmc_6b,2,P83370,0,0,1,1,1,1,2,2,1,1,1,1,2,2,1,1,1,1
esmc_6b,2,P83403,0,0,0,0,0,0,1,1,1,1,1,1,0,0,0,0,0,0
esmc_6b,2,P83512,0,0,0,0,0,0,1,1,1,1,1,1,0,0,0,0,0,0
esmc_6b,2,P84845,1,1,1,2,2,2,1,1,1,0,0,0,1,1,1,0,0,0
esmc_6b,2,P85013,1,2,2,2,2,2,1,0,0,0,0,0,1,0,0,0,0,0
esmc_6b,2,P85079,1,1,1,1,1,1,0,0,0,0,0,0,0,0,0,0,0,0
esmc_6b,2,P85247,1,1,1,1,1,1,0,0,0,0,0,0,0,0,0,0,0,0
esmc_6b,2,P85253,1,1,1,1,1,1,0,0,0,0,0,0,0,0,0,0,0,0
esmc_6b,2,P85254,1,1,1,1,1,1,0,0,0,0,0,0,0,0,0,0,0,0
esmc_6b,2,P85255,1,1,1,1,1,1,0,0,0,0,0,0,0,0,0,0,0,0
esmc_6b,2,P85256,1,1,1,1,1,1,0,0,0,0,0,0,0,0,0,0,0,0
esmc_6b,2,P85257,1,1,1,1,1,1,0,0,0,0,0,0,0,0,0,0,0,0
esmc_6b,2,P85258,1,1,1,1,1,1,0,0,0,0,0,0,0,0,0,0,0,0
esmc_6b,2,P85259,1,1,1,1,1,1,0,0,0,0,0,0,0,0,0,0,0,0
esmc_6b,2,P85829,0,0,0,0,0,0,1,1,1,1,1,1,0,0,0,0,0,0
esmc_6b,2,P85831,0,0,0,0,0,0,1,1,1,1,1,1,0,0,0,0,0,0
esmc_6b,2,P85832,0,0,0,0,0,0,3,3,3,3,3,3,1,1,1,1,1,1
esmc_6b,2,P85886,2,2,2,2,2,2,0,0,0,0,0,0,0,0,0,0,0,0
esmc_6b,2,P85966,0,0,0,0,0,0,2,2,2,2,2,2,2,2,2,2,2,2
esmc_6b,2,P86013,1,2,2,2,2,2,1,0,0,0,0,0,1,0,0,0,0,0
esmc_6b,2,P86047,2,2,2,2,2,2,0,0,0,0,0,0,0,0,0,0,0,0
esmc_6b,2,P86521,0,0,0,0,0,1,1,1,1,1,1,0,1,1,1,1,1,0
esmc_6b,2,P89116,0,0,0,0,0,0,2,2,2,2,2,2,1,1,1,1,1,1
esmc_6b,2,P91797,1,1,1,1,1,1,1,1,1,1,1,1,2,2,2,2,2,2
esmc_6b,2,P97527,1,1,1,1,1,1,0,0,0,0,0,0,0,0,0,0,0,0
esmc_6b,2,P97528,1,1,1,1,1,1,0,0,0,0,0,0,0,0,0,0,0,0
esmc_6b,2,P97766,0,0,0,0,0,0,1,1,1,1,1,1,1,1,1,1,1,1
esmc_6b,2,P97864,0,0,0,0,0,0,2,2,2,2,2,2,1,1,1,1,1,1
esmc_6b,2,P98139,1,1,1,1,1,1,0,0,0,0,0,0,0,0,0,0,0,0
esmc_6b,2,Q00783,0,0,0,0,0,0,1,1,1,1,1,1,1,1,1,1,1,1
esmc_6b,2,Q00829,0,0,0,0,0,0,2,2,2,2,2,2,0,0,0,0,0,0
esmc_6b,2,Q01MB6,0,0,0,0,0,0,1,1,1,1,1,1,0,0,0,0,0,0
esmc_6b,2,Q02246,1,1,1,1,1,1,0,0,0,0,0,0,0,0,0,0,0,0
esmc_6b,2,Q03029,1,1,1,1,1,1,0,0,0,0,0,0,0,0,0,0,0,0
esmc_6b,2,Q03198,0,0,0,1,1,1,1,1,1,0,0,0,1,1,1,0,0,0
esmc_6b,2,Q03199,0,0,0,0,0,0,1,1,1,1,1,1,1,1,1,1,1,1
esmc_6b,2,Q03561,0,0,0,0,0,0,1,1,1,1,1,1,0,0,0,0,0,0
esmc_6b,2,Q03655,1,1,1,1,1,1,0,0,0,0,0,0,0,0,0,0,0,0
esmc_6b,2,Q04469,0,0,1,1,1,1,1,1,0,0,0,0,1,1,0,0,0,0
esmc_6b,2,Q06135,0,1,1,1,1,1,1,0,0,0,0,0,1,0,0,0,0,0
esmc_6b,2,Q06303,0,0,0,0,0,0,1,1,1,1,1,1,1,1,1,1,1,1
esmc_6b,2,Q06304,0,0,0,0,0,0,1,1,1,1,1,1,0,0,0,0,0,0
esmc_6b,2,Q06305,0,0,0,0,0,0,1,1,1,1,1,1,1,1,1,1,1,1
esmc_6b,2,Q06306,0,0,0,0,0,0,1,1,1,1,1,1,0,0,0,0,0,0
esmc_6b,2,Q06FX8,1,1,1,1,1,1,0,0,0,0,0,0,0,0,0,0,0,0
esmc_6b,2,Q06GS7,0,0,0,0,0,0,1,1,1,1,1,1,1,1,1,1,1,1
esmc_6b,2,Q06H14,0,0,0,0,0,0,1,1,1,1,1,1,2,2,2,2,2,2
esmc_6b,2,Q06J16,0,1,1,1,1,1,1,0,0,0,0,0,1,0,0,0,0,0
esmc_6b,2,Q06RE8,0,0,0,0,0,0,1,1,1,1,1,1,3,3,3,3,3,3
esmc_6b,2,Q06SD3,1,1,1,1,1,1,0,0,0,0,0,0,0,0,0,0,0,0
esmc_6b,2,Q072L5,0,0,0,0,0,0,1,1,1,1,1,1,0,0,0,0,0,0
esmc_6b,2,Q07409,0,0,1,1,1,1,1,1,0,0,0,0,1,1,0,0,0,0
esmc_6b,2,Q07488,1,1,1,1,1,1,0,0,0,0,0,0,0,0,0,0,0,0
esmc_6b,2,Q07932,1,1,1,1,1,1,1,1,1,1,1,1,1,1,1,1,1,1
esmc_6b,2,Q08193,1,1,1,1,1,1,0,0,0,0,0,0,0,0,0,0,0,0
esmc_6b,2,Q08271,1,1,1,1,1,1,0,0,0,0,0,0,0,0,0,0,0,0
esmc_6b,2,Q08279,0,0,0,0,0,0,1,1,1,1,1,1,2,2,2,2,2,2
esmc_6b,2,Q08676,0,0,0,0,0,0,1,1,1,1,1,1,0,0,0,0,0,0
esmc_6b,2,Q08DY9,0,0,1,1,1,1,2,2,1,1,1,1,1,1,0,0,0,0
esmc_6b,2,Q09MJ5,0,0,1,1,1,1,1,1,0,0,0,0,1,1,0,0,0,0
esmc_6b,2,Q09X34,1,1,1,1,1,1,0,0,0,0,0,0,0,0,0,0,0,0
esmc_6b,2,Q0G9N6,0,0,0,0,0,0,1,1,1,1,1,1,2,2,2,2,2,2
esmc_6b,2,Q0G9X9,1,1,1,1,1,1,0,0,0,0,0,0,0,0,0,0,0,0
esmc_6b,2,Q0GY44,0,0,0,0,0,0,1,1,1,1,1,1,0,0,0,0,0,0
esmc_6b,2,Q0GY46,0,0,0,0,0,0,1,1,1,1,1,1,0,0,0,0,0,0
esmc_6b,2,Q0IDF4,1,1,1,1,1,1,0,0,0,0,0,0,0,0,0,0,0,0
esmc_6b,2,Q0II73,0,1,1,1,1,1,1,0,0,0,0,0,2,1,1,1,1,1
esmc_6b,2,Q0JF21,0,0,0,0,0,0,1,1,1,1,1,1,0,0,0,0,0,0
esmc_6b,2,Q0NZX5,0,0,0,0,0,0,1,1,1,1,1,1,0,0,0,0,0,0
esmc_6b,2,Q0P3J6,1,1,1,1,1,1,0,0,0,0,0,0,0,0,0,0,0,0
esmc_6b,2,Q0SRD5,0,0,1,1,1,1,1,1,0,0,0,0,1,1,0,0,0,0
esmc_6b,2,Q0TNR9,0,0,1,1,1,1,1,1,0,0,0,0,1,1,0,0,0,0
esmc_6b,2,Q0ZJ37,1,1,1,1,1,1,0,0,0,0,0,0,0,0,0,0,0,0
esmc_6b,2,Q10XU6,1,1,1,1,1,1,0,0,0,0,0,0,0,0,0,0,0,0
esmc_6b,2,Q12039,0,0,0,0,0,0,1,1,1,1,1,1,0,0,0,0,0,0
esmc_6b,2,Q12120,0,0,0,0,0,0,1,1,1,1,1,1,0,0,0,0,0,0
esmc_6b,2,Q12173,0,0,0,1,1,1,1,1,1,0,0,0,1,1,1,0,0,0
esmc_6b,2,Q12218,0,0,1,1,1,1,1,1,0,0,0,0,1,1,0,0,0,0
esmc_6b,2,Q12355,1,1,1,1,1,1,0,0,0,0,0,0,0,0,0,0,0,0
esmc_6b,2,Q12737,0,0,0,1,1,1,1,1,1,0,0,0,1,1,1,0,0,0
esmc_6b,2,Q14002,0,0,0,0,0,0,1,1,1,1,1,1,0,0,0,0,0,0
esmc_6b,2,Q14FH4,1,1,1,1,1,1,0,0,0,0,0,0,0,0,0,0,0,0
esmc_6b,2,Q14FJ4,0,0,0,0,0,0,2,2,2,2,2,2,1,1,1,1,1,1
esmc_6b,2,Q16992,32,33,33,33,41,41,18,17,17,17,9,9,13,12,12,12,4,4
esmc_6b,2,Q18502,2,3,3,3,3,3,2,1,1,1,1,1,1,0,0,0,0,0
esmc_6b,2,Q1A3Q1,0,0,0,0,0,0,2,2,2,2,2,2,2,2,2,2,2,2
esmc_6b,2,Q1A3Q2,0,0,0,0,0,0,2,2,2,2,2,2,2,2,2,2,2,2
esmc_6b,2,Q1A3Q6,0,0,0,0,0,0,2,2,2,2,2,2,2,2,2,2,2,2
esmc_6b,2,Q1A3Q7,1,2,2,2,2,2,1,0,0,0,0,0,1,0,0,0,0,0
esmc_6b,2,Q1A3Q8,0,0,0,0,0,0,2,2,2,2,2,2,2,2,2,2,2,2
esmc_6b,2,Q1A3Q9,0,0,0,0,0,0,2,2,2,2,2,2,2,2,2,2,2,2
esmc_6b,2,Q1A3R0,1,2,2,2,2,2,1,0,0,0,0,0,1,0,0,0,0,0
esmc_6b,2,Q1ACL6,0,1,1,1,1,1,1,0,0,0,0,0,1,0,0,0,0,0
esmc_6b,2,Q1ELT9,1,1,2,2,2,2,1,1,0,0,0,0,1,1,0,0,0,0
esmc_6b,2,Q1ELU2,2,2,2,2,2,2,0,0,0,0,0,0,0,0,0,0,0,0
esmc_6b,2,Q1ELU3,2,2,2,2,2,2,0,0,0,0,0,0,0,0,0,0,0,0
esmc_6b,2,Q1ELV0,0,0,1,1,1,1,2,2,1,1,1,1,1,1,0,0,0,0
esmc_6b,2,Q1G3I0,0,0,1,1,1,1,1,1,0,0,0,0,1,1,0,0,0,0
esmc_6b,2,Q1I8U1,0,0,0,0,0,0,1,1,1,1,1,1,1,1,1,1,1,1
esmc_6b,2,Q1KVV2,1,1,1,1,1,1,0,0,0,0,0,0,0,0,0,0,0,0
esmc_6b,2,Q1KXX6,1,1,1,1,1,1,0,0,0,0,0,0,0,0,0,0,0,0
esmc_6b,2,Q1L658,0,0,1,1,1,1,2,2,1,1,1,1,1,1,0,0,0,0
esmc_6b,2,Q1L659,0,0,1,1,1,1,1,1,0,0,0,0,2,2,1,1,1,1
esmc_6b,2,Q1L777,0,0,0,0,0,0,1,1,1,1,1,1,0,0,0,0,0,0
esmc_6b,2,Q1PBD1,0,0,0,0,0,0,1,1,1,1,1,1,0,0,0,0,0,0
esmc_6b,2,Q1W694,1,1,1,1,1,1,0,0,0,0,0,0,0,0,0,0,0,0
esmc_6b,2,Q1W695,1,1,1,1,1,1,0,0,0,0,0,0,0,0,0,0,0,0
esmc_6b,2,Q1XDH0,1,1,1,1,1,1,0,0,0,0,0,0,0,0,0,0,0,0
esmc_6b,2,Q20EY3,0,1,1,1,1,1,1,0,0,0,0,0,1,0,0,0,0,0
esmc_6b,2,Q24049,0,0,0,0,0,0,3,3,3,3,3,3,0,0,0,0,0,0
esmc_6b,2,Q27441,0,0,0,0,0,0,2,2,2,2,2,2,3,3,3,3,3,3
esmc_6b,2,Q27J48,0,0,0,0,0,0,1,1,1,1,1,1,0,0,0,0,0,0
esmc_6b,2,Q27Q54,1,1,1,1,1,1,0,0,0,0,0,0,0,0,0,0,0,0
esmc_6b,2,Q28106,0,0,0,0,0,1,1,1,1,1,1,0,2,2,2,2,2,1
esmc_6b,2,Q28198,1,1,1,1,1,1,0,0,0,0,0,0,1,1,1,1,1,1
esmc_6b,2,Q28278,0,0,0,0,0,0,2,2,2,2,2,2,1,1,1,1,1,1
esmc_6b,2,Q28315,1,1,1,1,1,1,1,1,1,1,1,1,0,0,0,0,0,0
esmc_6b,2,Q28380,1,1,1,1,1,1,1,1,1,1,1,1,0,0,0,0,0,0
esmc_6b,2,Q28661,0,0,0,0,0,0,2,2,2,2,2,2,1,1,1,1,1,1
esmc_6b,2,Q28896,0,0,0,0,0,0,2,2,2,2,2,2,2,2,2,2,2,2
esmc_6b,2,Q2EI26,0,0,0,0,0,0,1,1,1,1,1,1,0,0,0,0,0,0
esmc_6b,2,Q2F9P2,1,1,1,1,1,1,0,0,0,0,0,0,0,0,0,0,0,0
esmc_6b,2,Q2F9P4,1,1,1,1,1,1,0,0,0,0,0,0,0,0,0,0,0,0
esmc_6b,2,Q2I2R6,0,0,0,0,2,2,2,2,2,2,0,0,2,2,2,2,0,0
esmc_6b,2,Q2I2R7,2,2,2,2,2,2,0,0,0,0,0,0,0,0,0,0,0,0
esmc_6b,2,Q2I2R8,1,1,2,2,2,2,1,1,0,0,0,0,1,1,0,0,0,0
esmc_6b,2,Q2L8Z0,1,1,1,1,1,1,0,0,0,0,0,0,0,0,0,0,0,0
esmc_6b,2,Q2MIB7,1,1,1,1,1,1,0,0,0,0,0,0,0,0,0,0,0,0
esmc_6b,2,Q2MIK4,1,1,1,1,1,1,0,0,0,0,0,0,0,0,0,0,0,0
esmc_6b,2,Q2PFV2,0,0,0,0,0,1,2,2,2,2,2,1,1,1,1,1,1,0
esmc_6b,2,Q2PMS6,1,1,1,1,1,1,0,0,0,0,0,0,0,0,0,0,0,0
esmc_6b,2,Q2RQ23,1,1,1,1,1,1,0,0,0,0,0,0,0,0,0,0,0,0
esmc_6b,2,Q2V2G5,0,0,0,0,0,0,2,2,2,2,2,2,1,1,1,1,1,1
esmc_6b,2,Q2VEJ3,1,1,1,1,1,1,0,0,0,0,0,0,0,0,0,0,0,0
esmc_6b,2,Q2XQ09,1,1,1,1,1,1,0,0,0,0,0,0,0,0,0,0,0,0
esmc_6b,2,Q31CR0,1,1,1,1,1,1,0,0,0,0,0,0,0,0,0,0,0,0
esmc_6b,2,Q32LD3,0,0,1,1,1,1,1,1,0,0,0,0,1,1,0,0,0,0
esmc_6b,2,Q32RP3,0,0,0,0,0,0,1,1,1,1,1,1,1,1,1,1,1,1
esmc_6b,2,Q32RW6,0,0,0,0,0,0,1,1,1,1,1,1,0,0,0,0,0,0
esmc_6b,2,Q33C56,0,0,0,0,0,0,1,1,1,1,1,1,2,2,2,2,2,2
esmc_6b,2,Q3BAQ9,1,1,1,1,1,1,0,0,0,0,0,0,0,0,0,0,0,0
esmc_6b,2,Q3C1G0,0,0,0,0,0,0,1,1,1,1,1,1,2,2,2,2,2,2
esmc_6b,2,Q3E880,0,1,1,1,1,1,1,0,0,0,0,0,1,0,0,0,0,0
esmc_6b,2,Q3ECM0,0,1,1,1,1,1,4,3,3,3,3,3,3,2,2,2,2,2
esmc_6b,2,Q3M4K0,1,1,1,1,1,1,0,0,0,0,0,0,0,0,0,0,0,0
esmc_6b,2,Q3T0P5,0,0,0,0,0,0,2,2,2,2,2,2,2,2,2,2,2,2
esmc_6b,2,Q3YEE9,1,1,1,2,2,2,1,1,1,0,0,0,1,1,1,0,0,0
esmc_6b,2,Q3YEG9,0,1,2,2,2,2,2,1,0,0,0,0,2,1,0,0,0,0
esmc_6b,2,Q3YEH0,0,1,2,2,2,2,2,1,0,0,0,0,2,1,0,0,0,0
esmc_6b,2,Q3YEH1,1,1,1,2,2,2,1,1,1,0,0,0,1,1,1,0,0,0
esmc_6b,2,Q3YEH2,1,1,1,1,2,2,1,1,1,1,0,0,1,1,1,1,0,0
esmc_6b,2,Q3YEH4,0,2,2,2,2,2,2,0,0,0,0,0,2,0,0,0,0,0
esmc_6b,2,Q3YEH5,0,0,0,0,1,2,2,2,2,2,1,0,2,2,2,2,1,0
esmc_6b,2,Q3YEH6,2,2,2,2,2,2,0,0,0,0,0,0,0,0,0,0,0,0
esmc_6b,2,Q3YEH7,2,2,2,2,2,2,0,0,0,0,0,0,0,0,0,0,0,0
esmc_6b,2,Q3ZD69,0,0,0,0,0,0,1,1,1,1,1,1,0,0,0,0,0,0
esmc_6b,2,Q3ZJ18,1,1,1,1,1,1,0,0,0,0,0,0,0,0,0,0,0,0
esmc_6b,2,Q41142,0,0,0,0,0,0,1,1,1,1,1,1,0,0,0,0,0,0
esmc_6b,2,Q43007,0,0,0,0,0,0,1,1,1,1,1,1,0,0,0,0,0,0
esmc_6b,2,Q46HA2,1,1,1,1,1,1,0,0,0,0,0,0,0,0,0,0,0,0
esmc_6b,2,Q49L15,1,1,1,1,1,1,0,0,0,0,0,0,0,0,0,0,0,0
esmc_6b,2,Q4G3C7,1,1,1,1,1,1,0,0,0,0,0,0,0,0,0,0,0,0
esmc_6b,2,Q4GWU5,0,0,0,0,0,0,2,2,2,2,2,2,1,1,1,1,1,1
esmc_6b,2,Q4QXT9,1,1,1,1,1,1,0,0,0,0,0,0,1,1,1,1,1,1
esmc_6b,2,Q4V3D2,1,1,1,1,1,1,0,0,0,0,0,0,1,1,1,1,1,1
esmc_6b,2,Q4VZQ0,0,0,0,0,0,0,1,1,1,1,1,1,1,1,1,1,1,1
esmc_6b,2,Q4ZFU1,0,0,0,0,0,0,1,1,1,1,1,1,1,1,1,1,1,1
esmc_6b,2,Q4ZFU2,0,0,0,0,0,0,1,1,1,1,1,1,1,1,1,1,1,1
esmc_6b,2,Q51822,0,1,1,1,1,1,1,0,0,0,0,0,1,0,0,0,0,0
esmc_6b,2,Q51825,0,1,1,1,1,1,1,0,0,0,0,0,1,0,0,0,0,0
esmc_6b,2,Q51826,1,1,1,1,1,1,0,0,0,0,0,0,0,0,0,0,0,0
esmc_6b,2,Q51827,1,1,1,1,1,1,0,0,0,0,0,0,0,0,0,0,0,0
esmc_6b,2,Q54LM2,0,1,1,1,1,1,1,0,0,0,0,0,1,0,0,0,0,0
esmc_6b,2,Q56P17,1,1,1,1,1,1,0,0,0,0,0,0,0,0,0,0,0,0
esmc_6b,2,Q56VR3,1,1,1,1,1,1,1,1,1,1,1,1,0,0,0,0,0,0
esmc_6b,2,Q589B1,0,0,0,0,0,0,1,1,1,1,1,1,2,2,2,2,2,2
esmc_6b,2,Q58L93,0,0,1,1,1,1,2,2,1,1,1,1,1,1,0,0,0,0
esmc_6b,2,Q58L94,0,0,1,1,1,1,2,2,1,1,1,1,1,1,0,0,0,0
esmc_6b,2,Q58L95,0,0,1,1,1,1,2,2,1,1,1,1,1,1,0,0,0,0
esmc_6b,2,Q58L96,0,0,1,1,1,1,2,2,1,1,1,1,2,2,1,1,1,1
esmc_6b,2,Q59L96,1,1,1,1,1,1,0,0,0,0,0,0,0,0,0,0,0,0
esmc_6b,2,Q59SG9,1,1,1,1,1,1,0,0,0,0,0,0,0,0,0,0,0,0
esmc_6b,2,Q59UP6,0,0,0,0,1,1,1,1,1,1,0,0,1,1,1,1,0,0
esmc_6b,2,Q59UT4,0,1,1,1,1,1,1,0,0,0,0,0,1,0,0,0,0,0
esmc_6b,2,Q59UT5,0,0,1,1,1,1,1,1,0,0,0,0,1,1,0,0,0,0
esmc_6b,2,Q59VW6,0,0,0,0,0,0,1,1,1,1,1,1,1,1,1,1,1,1
esmc_6b,2,Q5A1A9,0,1,1,1,1,1,1,0,0,0,0,0,1,0,0,0,0,0
esmc_6b,2,Q5AA33,0,0,0,0,0,0,1,1,1,1,1,1,1,1,1,1,1,1
esmc_6b,2,Q5ABW2,1,1,1,1,1,1,0,0,0,0,0,0,0,0,0,0,0,0
esmc_6b,2,Q5AFN8,0,0,0,0,0,1,1,1,1,1,1,0,1,1,1,1,1,0
esmc_6b,2,Q5AGC4,1,1,1,1,1,1,0,0,0,0,0,0,0,0,0,0,0,0
esmc_6b,2,Q5AHE8,0,1,1,1,1,1,1,0,0,0,0,0,1,0,0,0,0,0
esmc_6b,2,Q5AJY5,0,0,0,0,0,1,1,1,1,1,1,0,1,1,1,1,1,0
esmc_6b,2,Q5AK97,0,0,1,1,1,1,1,1,0,0,0,0,1,1,0,0,0,0
esmc_6b,2,Q5AMF7,0,0,1,1,1,1,1,1,0,0,0,0,1,1,0,0,0,0
esmc_6b,2,Q5CZK2,1,1,1,1,1,1,1,1,1,1,1,1,1,1,1,1,1,1
esmc_6b,2,Q5CZK5,1,2,2,2,2,2,1,0,0,0,0,0,1,0,0,0,0,0
esmc_6b,2,Q5DW47,1,1,1,1,1,1,2,2,2,2,2,2,0,0,0,0,0,0
esmc_6b,2,Q5F1N4,0,0,0,0,0,0,1,1,1,1,1,1,0,0,0,0,0,0
esmc_6b,2,Q5G8A6,0,0,0,0,0,0,1,1,1,1,1,1,0,0,0,0,0,0
esmc_6b,2,Q5I4E5,0,1,1,1,1,1,1,0,0,0,0,0,2,1,1,1,1,1
esmc_6b,2,Q5I4E6,0,0,0,0,0,0,2,2,2,2,2,2,0,0,0,0,0,0
esmc_6b,2,Q5IS54,0,0,0,0,0,0,2,2,2,2,2,2,1,1,1,1,1,1
esmc_6b,2,Q5IS99,0,0,0,0,0,1,2,2,2,2,2,1,1,1,1,1,1,0
esmc_6b,2,Q5R790,0,0,0,0,0,0,1,1,1,1,1,1,0,0,0,0,0,0
esmc_6b,2,Q5R8J0,1,1,1,1,1,1,0,0,0,0,0,0,0,0,0,0,0,0
esmc_6b,2,Q5SC59,1,1,1,1,1,1,0,0,0,0,0,0,1,1,1,1,1,1
esmc_6b,2,Q5SC60,1,1,1,1,1,1,0,0,0,0,0,0,1,1,1,1,1,1
esmc_6b,2,Q5SCX1,0,0,0,0,0,0,1,1,1,1,1,1,1,1,1,1,1,1
esmc_6b,2,Q5XUW8,0,0,0,0,0,0,1,1,1,1,1,1,0,0,0,0,0,0
esmc_6b,2,Q5Y4U4,0,1,1,1,1,1,1,0,0,0,0,0,1,0,0,0,0,0
esmc_6b,2,Q60136,0,0,0,0,0,0,1,1,1,1,1,1,1,1,1,1,1,1
esmc_6b,2,Q60431,0,0,0,0,0,0,2,2,2,2,2,2,1,1,1,1,1,1
esmc_6b,2,Q61330,1,1,1,1,1,1,0,0,0,0,0,0,0,0,0,0,0,0
esmc_6b,2,Q624D2,0,0,1,1,1,1,1,1,0,0,0,0,1,1,0,0,0,0
esmc_6b,2,Q62682,0,0,1,1,1,1,1,1,0,0,0,0,1,1,0,0,0,0
esmc_6b,2,Q62845,1,1,1,1,1,1,0,0,0,0,0,0,0,0,0,0,0,0
esmc_6b,2,Q63064,0,1,1,1,1,1,2,1,1,1,1,1,1,0,0,0,0,0
esmc_6b,2,Q63198,0,0,0,0,0,1,1,1,1,1,1,0,1,1,1,1,1,0
esmc_6b,2,Q63207,0,0,0,1,1,1,2,2,2,1,1,1,2,2,2,1,1,1
esmc_6b,2,Q634M0,0,0,0,0,0,0,1,1,1,1,1,1,1,1,1,1,1,1
esmc_6b,2,Q64389,1,1,1,2,2,2,1,1,1,0,0,0,1,1,1,0,0,0
esmc_6b,2,Q65H47,0,0,0,0,0,0,1,1,1,1,1,1,1,1,1,1,1,1
esmc_6b,2,Q68IP5,2,2,2,2,2,2,0,0,0,0,0,0,0,0,0,0,0,0
esmc_6b,2,Q68LC0,0,0,0,0,0,0,1,1,1,1,1,1,0,0,0,0,0,0
esmc_6b,2,Q68S23,1,1,1,1,1,1,0,0,0,0,0,0,0,0,0,0,0,0
esmc_6b,2,Q68Y22,0,0,0,0,1,2,2,2,2,2,1,0,2,2,2,2,1,0
esmc_6b,2,Q698K8,0,0,0,0,0,0,1,1,1,1,1,1,1,1,1,1,1,1
esmc_6b,2,Q69Z26,1,1,1,1,1,1,0,0,0,0,0,0,0,0,0,0,0,0
esmc_6b,2,Q6B8V0,0,1,1,1,1,1,1,0,0,0,0,0,1,0,0,0,0,0
esmc_6b,2,Q6ENJ4,1,1,1,1,1,1,0,0,0,0,0,0,0,0,0,0,0,0
esmc_6b,2,Q6ENY5,1,1,1,1,1,1,0,0,0,0,0,0,0,0,0,0,0,0
esmc_6b,2,Q6EW65,1,1,1,1,1,1,0,0,0,0,0,0,0,0,0,0,0,0
esmc_6b,2,Q6GUL6,0,0,0,0,0,0,1,1,1,1,1,1,0,0,0,0,0,0
esmc_6b,2,Q6HDK0,0,0,0,0,0,0,1,1,1,1,1,1,1,1,1,1,1,1
esmc_6b,2,Q6IVA5,0,0,0,0,0,0,1,1,1,1,1,1,0,0,0,0,0,0
esmc_6b,2,Q6IWB1,0,1,1,1,1,1,1,0,0,0,0,0,1,0,0,0,0,0
esmc_6b,2,Q6JLX1,0,0,0,0,0,0,1,1,1,1,1,1,0,0,0,0,0,0
esmc_6b,2,Q6JQN2,2,2,2,2,2,2,0,0,0,0,0,0,0,0,0,0,0,0
esmc_6b,2,Q6L3B3,1,1,1,1,1,1,0,0,0,0,0,0,0,0,0,0,0,0
esmc_6b,2,Q6M0N7,1,1,1,1,1,1,0,0,0,0,0,0,0,0,0,0,0,0
esmc_6b,2,Q6NKW9,1,1,1,1,1,1,0,0,0,0,0,0,0,0,0,0,0,0
esmc_6b,2,Q6PN80,0,0,0,0,0,0,2,2,2,2,2,2,2,2,2,2,2,2
esmc_6b,2,Q6PN81,0,2,2,2,2,2,2,0,0,0,0,0,2,0,0,0,0,0
esmc_6b,2,Q6PN82,1,2,2,2,2,2,1,0,0,0,0,0,1,0,0,0,0,0
esmc_6b,2,Q6PN83,1,2,2,2,2,2,1,0,0,0,0,0,1,0,0,0,0,0
esmc_6b,2,Q6PN84,1,1,1,2,2,2,1,1,1,0,0,0,1,1,1,0,0,0
esmc_6b,2,Q6PN85,0,0,1,2,2,2,2,2,1,0,0,0,2,2,1,0,0,0
esmc_6b,2,Q6PN86,1,1,1,2,2,2,1,1,1,0,0,0,1,1,1,0,0,0
esmc_6b,2,Q6PPB3,2,2,2,2,2,2,0,0,0,0,0,0,0,0,0,0,0,0
esmc_6b,2,Q6PTD1,1,2,2,2,2,2,1,0,0,0,0,0,1,0,0,0,0,0
esmc_6b,2,Q6PTD4,1,2,2,2,2,2,1,0,0,0,0,0,1,0,0,0,0,0
esmc_6b,2,Q6PTD5,1,2,2,2,2,2,1,0,0,0,0,0,1,0,0,0,0,0
esmc_6b,2,Q6PTD6,1,2,2,2,2,2,1,0,0,0,0,0,1,0,0,0,0,0
esmc_6b,2,Q6PTD7,0,2,2,2,2,2,2,0,0,0,0,0,2,0,0,0,0,0
esmc_6b,2,Q6RY98,0,0,0,0,5,7,15,15,15,15,10,8,7,7,7,7,2,0
esmc_6b,2,Q6SA95,0,0,0,1,1,1,2,2,2,1,1,1,2,2,2,1,1,1
esmc_6b,2,Q6T271,0,0,0,0,0,0,1,1,1,1,1,1,0,0,0,0,0,0
esmc_6b,2,Q6UWN0,0,1,1,1,1,1,1,0,0,0,0,0,1,0,0,0,0,0
esmc_6b,2,Q6YXN4,1,1,1,1,1,1,0,0,0,0,0,0,0,0,0,0,0,0
esmc_6b,2,Q70XC3,1,1,1,1,1,1,1,1,1,1,1,1,1,1,1,1,1,1
esmc_6b,2,Q70Y14,1,1,1,1,1,1,0,0,0,0,0,0,0,0,0,0,0,0
esmc_6b,2,Q730L4,0,0,0,0,0,0,1,1,1,1,1,1,1,1,1,1,1,1
esmc_6b,2,Q79AV1,1,1,1,1,1,1,0,0,0,0,0,0,0,0,0,0,0,0
esmc_6b,2,Q7M6Z0,0,0,1,1,1,1,1,1,0,0,0,0,1,1,0,0,0,0
esmc_6b,2,Q7SZD9,0,0,0,0,0,0,1,1,1,1,1,1,0,0,0,0,0,0
esmc_6b,2,Q7SZE0,0,0,0,0,0,0,1,1,1,1,1,1,0,0,0,0,0,0
esmc_6b,2,Q7U9L1,1,1,1,1,1,1,0,0,0,0,0,0,0,0,0,0,0,0
esmc_6b,2,Q7V323,1,1,1,1,1,1,0,0,0,0,0,0,0,0,0,0,0,0
esmc_6b,2,Q7V4T1,1,1,1,1,1,1,0,0,0,0,0,0,0,0,0,0,0,0
esmc_6b,2,Q7VDR4,1,1,1,1,1,1,0,0,0,0,0,0,0,0,0,0,0,0
esmc_6b,2,Q7YJY5,0,0,0,0,0,0,1,1,1,1,1,1,2,2,2,2,2,2
esmc_6b,2,Q7YZS9,1,1,1,1,1,1,0,0,0,0,0,0,1,1,1,1,1,1
esmc_6b,2,Q7Z090,0,0,1,1,1,1,1,1,0,0,0,0,2,2,1,1,1,1
esmc_6b,2,Q7Z1Y7,0,0,0,0,0,0,1,1,1,1,1,1,1,1,1,1,1,1
esmc_6b,2,Q7ZW34,0,0,0,0,0,0,1,1,1,1,1,1,1,1,1,1,1,1
esmc_6b,2,Q7ZZS9,0,0,0,0,0,0,1,1,1,1,1,1,0,0,0,0,0,0
esmc_6b,2,Q804X6,0,0,1,1,1,1,2,2,1,1,1,1,1,1,0,0,0,0
esmc_6b,2,Q805F4,0,0,0,0,0,0,1,1,1,1,1,1,0,0,0,0,0,0
esmc_6b,2,Q805F6,0,0,0,0,0,0,1,1,1,1,1,1,0,0,0,0,0,0
esmc_6b,2,Q80WD0,1,1,1,1,1,1,0,0,0,0,0,0,0,0,0,0,0,0
esmc_6b,2,Q80WD1,0,0,0,0,0,0,1,1,1,1,1,1,1,1,1,1,1,1
esmc_6b,2,Q812G9,2,2,2,2,2,2,0,0,0,0,0,0,0,0,0,0,0,0
esmc_6b,2,Q818E2,0,0,0,0,0,0,1,1,1,1,1,1,1,1,1,1,1,1
esmc_6b,2,Q81LR5,0,0,0,0,0,0,1,1,1,1,1,1,1,1,1,1,1,1
esmc_6b,2,Q85BB6,1,1,1,1,1,1,0,0,0,0,0,0,0,0,0,0,0,0
esmc_6b,2,Q85FN7,1,1,1,1,1,1,0,0,0,0,0,0,0,0,0,0,0,0
esmc_6b,2,Q85FY2,0,1,1,1,1,1,1,0,0,0,0,0,1,0,0,0,0,0
esmc_6b,2,Q85X72,0,1,1,1,1,1,1,0,0,0,0,0,1,0,0,0,0,0
esmc_6b,2,Q86N75,1,1,1,1,1,1,0,0,0,0,0,0,0,0,0,0,0,0
esmc_6b,2,Q86RB2,0,0,0,0,0,0,1,1,1,1,1,1,0,0,0,0,0,0
esmc_6b,2,Q86UN2,1,1,1,1,1,1,0,0,0,0,0,0,0,0,0,0,0,0
esmc_6b,2,Q86UN3,0,0,0,0,0,0,1,1,1,1,1,1,1,1,1,1,1,1
esmc_6b,2,Q877A8,1,1,1,1,1,1,0,0,0,0,0,0,0,0,0,0,0,0
esmc_6b,2,Q8AXZ4,0,1,1,1,1,1,1,0,0,0,0,0,1,0,0,0,0,0
esmc_6b,2,Q8BFS3,2,2,2,2,2,2,0,0,0,0,0,0,1,1,1,1,1,1
esmc_6b,2,Q8BG41,0,0,0,0,0,0,1,1,1,1,1,1,1,1,1,1,1,1
esmc_6b,2,Q8BVP6,0,1,1,1,1,1,1,0,0,0,0,0,1,0,0,0,0,0
esmc_6b,2,Q8CHK2,2,2,2,2,2,2,0,0,0,0,0,0,1,1,1,1,1,1
esmc_6b,2,Q8CJY7,0,0,0,0,0,0,1,1,1,1,1,1,1,1,1,1,1,1
esmc_6b,2,Q8CXC9,0,0,0,0,0,0,1,1,1,1,1,1,1,1,1,1,1,1
esmc_6b,2,Q8I912,1,1,1,1,1,1,0,0,0,0,0,0,0,0,0,0,0,0
esmc_6b,2,Q8I913,1,1,1,1,1,1,0,0,0,0,0,0,0,0,0,0,0,0
esmc_6b,2,Q8I914,0,0,0,1,1,1,1,1,1,0,0,0,1,1,1,0,0,0
esmc_6b,2,Q8IDN0,1,1,1,1,1,1,0,0,0,0,0,0,0,0,0,0,0,0
esmc_6b,2,Q8IS98,0,0,0,0,0,0,1,1,1,1,1,1,0,0,0,0,0,0
esmc_6b,2,Q8IVL8,1,1,1,1,1,1,0,0,0,0,0,0,1,1,1,1,1,1
esmc_6b,2,Q8IWV2,1,1,1,1,1,1,0,0,0,0,0,0,0,0,0,0,0,0
esmc_6b,2,Q8JIM3,0,1,1,1,2,2,6,5,5,5,4,4,4,3,3,3,2,2
esmc_6b,2,Q8JJ51,0,0,0,0,0,0,1,1,1,1,1,1,1,1,1,1,1,1
esmc_6b,2,Q8K0S5,1,1,1,1,1,1,0,0,0,0,0,0,0,0,0,0,0,0
esmc_6b,2,Q8K3U6,0,1,1,1,1,1,1,0,0,0,0,0,1,0,0,0,0,0
esmc_6b,2,Q8K4P1,0,1,1,1,1,1,1,0,0,0,0,0,1,0,0,0,0,0
esmc_6b,2,Q8K4P2,1,1,1,1,1,1,0,0,0,0,0,0,0,0,0,0,0,0
esmc_6b,2,Q8LW54,1,1,1,1,2,2,1,1,1,1,0,0,1,1,1,1,0,0
esmc_6b,2,Q8MA00,1,1,1,1,1,1,0,0,0,0,0,0,0,0,0,0,0,0
esmc_6b,2,Q8MJC3,0,0,0,0,0,1,2,2,2,2,2,1,1,1,1,1,1,0
esmc_6b,2,Q8MJU1,0,0,0,0,0,0,2,2,2,2,2,2,1,1,1,1,1,1
esmc_6b,2,Q8MJV4,0,0,0,0,0,0,1,1,1,1,1,1,1,1,1,1,1,1
esmc_6b,2,Q8MKI5,0,0,0,0,0,0,2,2,2,2,2,2,1,1,1,1,1,1
esmc_6b,2,Q8MMJ7,2,2,2,2,2,2,0,0,0,0,0,0,0,0,0,0,0,0
esmc_6b,2,Q8MTX2,2,2,2,2,2,2,0,0,0,0,0,0,0,0,0,0,0,0
esmc_6b,2,Q8N6Q3,0,1,1,1,1,1,1,0,0,0,0,0,1,0,0,0,0,0
esmc_6b,2,Q8NG41,0,1,1,1,1,1,1,0,0,0,0,0,1,0,0,0,0,0
esmc_6b,2,Q8QG89,0,0,0,0,0,0,1,1,1,1,1,1,0,0,0,0,0,0
esmc_6b,2,Q8RB77,0,0,1,1,1,1,1,1,0,0,0,0,1,1,0,0,0,0
esmc_6b,2,Q8S8Y4,1,1,1,1,1,1,0,0,0,0,0,0,0,0,0,0,0,0
esmc_6b,2,Q8SQ23,0,0,0,1,1,1,1,1,1,0,0,0,1,1,1,0,0,0
esmc_6b,2,Q8SWI4,0,0,0,0,0,0,1,1,1,1,1,1,1,1,1,1,1,1
esmc_6b,2,Q8T9R8,0,0,0,0,0,0,1,1,1,1,1,1,2,2,2,2,2,2
esmc_6b,2,Q8UUG0,0,0,0,0,0,0,2,2,2,2,2,2,2,2,2,2,2,2
esmc_6b,2,Q8UUG2,1,1,1,1,1,1,1,1,1,1,1,1,2,2,2,2,2,2
esmc_6b,2,Q8WI34,1,1,1,1,1,1,0,0,0,0,0,0,0,0,0,0,0,0
esmc_6b,2,Q8WPU1,0,0,1,1,1,1,1,1,0,0,0,0,1,1,0,0,0,0
esmc_6b,2,Q8WXF3,1,1,1,1,1,1,1,1,1,1,1,1,1,1,1,1,1,1
esmc_6b,2,Q8XIS3,0,0,1,1,1,1,1,1,0,0,0,0,1,1,0,0,0,0
esmc_6b,2,Q8YYG5,1,1,1,1,1,1,0,0,0,0,0,0,0,0,0,0,0,0
esmc_6b,2,Q90325,0,0,0,0,0,0,1,1,1,1,1,1,1,1,1,1,1,1
esmc_6b,2,Q90326,0,0,0,0,0,0,1,1,1,1,1,1,1,1,1,1,1,1
esmc_6b,2,Q90391,0,0,0,0,0,0,1,1,1,1,1,1,1,1,1,1,1,1
esmc_6b,2,Q90392,0,0,0,0,0,0,1,1,1,1,1,1,0,0,0,0,0,0
esmc_6b,2,Q90VW7,0,0,0,0,0,0,2,2,2,2,2,2,2,2,2,2,2,2
esmc_6b,2,Q90W79,1,1,1,1,1,1,0,0,0,0,0,0,0,0,0,0,0,0
esmc_6b,2,Q90WC0,0,0,0,0,0,0,1,1,1,1,1,1,1,1,1,1,1,1
esmc_6b,2,Q90YA6,0,0,0,0,0,0,1,1,1,1,1,1,0,0,0,0,0,0
esmc_6b,2,Q90ZX8,0,0,0,0,0,0,2,2,2,2,2,2,2,2,2,2,2,2
esmc_6b,2,Q90ZY0,0,0,0,0,0,0,2,2,2,2,2,2,2,2,2,2,2,2
esmc_6b,2,Q92405,1,1,1,1,1,1,0,0,0,0,0,0,0,0,0,0,0,0
esmc_6b,2,Q93R80,1,1,1,1,1,1,0,0,0,0,0,0,0,0,0,0,0,0
esmc_6b,2,Q93V72,1,1,1,1,1,1,0,0,0,0,0,0,0,0,0,0,0,0
esmc_6b,2,Q93Z08,0,1,1,1,1,1,1,0,0,0,0,0,1,0,0,0,0,0
esmc_6b,2,Q95222,0,0,0,0,0,0,1,1,1,1,1,1,0,0,0,0,0,0
esmc_6b,2,Q95ND5,0,0,0,0,0,0,2,2,2,2,2,2,1,1,1,1,1,1
esmc_6b,2,Q95ND7,1,1,1,1,1,1,1,1,1,1,1,1,0,0,0,0,0,0
esmc_6b,2,Q96316,1,1,1,1,1,1,0,0,0,0,0,0,0,0,0,0,0,0
esmc_6b,2,Q96PL2,1,1,1,1,1,1,0,0,0,0,0,0,0,0,0,0,0,0
esmc_6b,2,Q97JJ9,0,0,1,1,1,1,1,1,0,0,0,0,2,2,1,1,1,1
esmc_6b,2,Q98995,0,0,0,0,0,0,1,1,1,1,1,1,0,0,0,0,0,0
esmc_6b,2,Q98SP2,0,0,0,0,0,0,1,1,1,1,1,1,0,0,0,0,0,0
esmc_6b,2,Q99013,0,0,0,0,0,0,1,1,1,1,1,1,0,0,0,0,0,0
esmc_6b,2,Q99219,0,0,1,1,1,1,1,1,0,0,0,0,1,1,0,0,0,0
esmc_6b,2,Q99M75,1,1,1,1,1,1,0,0,0,0,0,0,0,0,0,0,0,0
esmc_6b,2,Q99PI8,1,1,1,1,1,1,0,0,0,0,0,0,0,0,0,0,0,0
esmc_6b,2,Q9AVB0,0,0,0,1,1,1,2,2,2,1,1,1,1,1,1,0,0,0
esmc_6b,2,Q9AYP9,0,0,0,1,1,2,2,2,2,1,1,0,2,2,2,1,1,0
esmc_6b,2,Q9BBS2,1,1,1,1,1,1,0,0,0,0,0,0,0,0,0,0,0,0
esmc_6b,2,Q9BDB7,0,0,0,0,0,0,1,1,1,1,1,1,0,0,0,0,0,0
esmc_6b,2,Q9BH21,0,2,2,2,2,2,2,0,0,0,0,0,2,0,0,0,0,0
esmc_6b,2,Q9BH75,1,2,2,2,2,2,1,0,0,0,0,0,1,0,0,0,0,0
esmc_6b,2,Q9BH79,0,0,0,0,0,0,2,2,2,2,2,2,2,2,2,2,2,2
esmc_6b,2,Q9BH81,1,2,2,2,2,2,1,0,0,0,0,0,1,0,0,0,0,0
esmc_6b,2,Q9BH86,1,1,1,2,2,2,1,1,1,0,0,0,1,1,1,0,0,0
esmc_6b,2,Q9BHA6,1,1,2,2,2,2,1,1,0,0,0,0,1,1,0,0,0,0
esmc_6b,2,Q9BMP8,1,1,1,1,1,1,0,0,0,0,0,0,0,0,0,0,0,0
esmc_6b,2,Q9BP43,0,0,0,0,0,0,1,1,1,1,1,1,0,0,0,0,0,0
esmc_6b,2,Q9BP46,0,0,0,0,0,0,2,2,2,2,2,2,0,0,0,0,0,0
esmc_6b,2,Q9BP47,0,0,0,0,0,0,1,1,1,1,1,1,0,0,0,0,0,0
esmc_6b,2,Q9BP51,1,1,2,2,2,2,1,1,0,0,0,0,1,1,0,0,0,0
esmc_6b,2,Q9BP53,0,0,0,0,0,0,2,2,2,2,2,2,1,1,1,1,1,1
esmc_6b,2,Q9BP56,1,2,2,2,2,2,1,0,0,0,0,0,1,0,0,0,0,0
esmc_6b,2,Q9BPD1,2,2,2,2,2,2,0,0,0,0,0,0,0,0,0,0,0,0
esmc_6b,2,Q9BPD2,0,0,0,0,0,0,2,2,2,2,2,2,2,2,2,2,2,2
esmc_6b,2,Q9BPD3,2,2,2,2,2,2,0,0,0,0,0,0,0,0,0,0,0,0
esmc_6b,2,Q9BPD4,2,2,2,2,2,2,0,0,0,0,0,0,0,0,0,0,0,0
esmc_6b,2,Q9BPD5,2,2,2,2,2,2,0,0,0,0,0,0,0,0,0,0,0,0
esmc_6b,2,Q9BPD6,2,2,2,2,2,2,0,0,0,0,0,0,0,0,0,0,0,0
esmc_6b,2,Q9BPD7,0,0,0,0,0,0,2,2,2,2,2,2,2,2,2,2,2,2
esmc_6b,2,Q9BPD9,0,0,0,0,0,0,2,2,2,2,2,2,2,2,2,2,2,2
esmc_6b,2,Q9BPE0,0,0,0,0,0,0,2,2,2,2,2,2,2,2,2,2,2,2
esmc_6b,2,Q9BPE1,0,0,0,0,0,0,2,2,2,2,2,2,2,2,2,2,2,2
esmc_6b,2,Q9BPE2,1,2,2,2,2,2,1,0,0,0,0,0,1,0,0,0,0,0
esmc_6b,2,Q9BPE3,1,2,2,2,2,2,1,0,0,0,0,0,1,0,0,0,0,0
esmc_6b,2,Q9BPE4,2,2,2,2,2,2,0,0,0,0,0,0,0,0,0,0,0,0
esmc_6b,2,Q9BPE5,2,2,2,2,2,2,0,0,0,0,0,0,0,0,0,0,0,0
esmc_6b,2,Q9BPE6,1,2,2,2,2,2,1,0,0,0,0,0,1,0,0,0,0,0
esmc_6b,2,Q9BPE7,0,1,1,2,2,2,2,1,1,0,0,0,2,1,1,0,0,0
esmc_6b,2,Q9BPE9,1,2,2,2,2,2,1,0,0,0,0,0,1,0,0,0,0,0
esmc_6b,2,Q9BPF1,0,0,1,2,2,2,2,2,1,0,0,0,2,2,1,0,0,0
esmc_6b,2,Q9BPF2,1,2,2,2,2,2,1,0,0,0,0,0,1,0,0,0,0,0
esmc_6b,2,Q9BPF3,1,1,1,2,2,2,1,1,1,0,0,0,1,1,1,0,0,0
esmc_6b,2,Q9BPF4,1,2,2,2,2,2,1,0,0,0,0,0,1,0,0,0,0,0
esmc_6b,2,Q9BPF5,2,2,2,2,2,2,0,0,0,0,0,0,0,0,0,0,0,0
esmc_6b,2,Q9BPF7,2,2,2,2,2,2,0,0,0,0,0,0,0,0,0,0,0,0
esmc_6b,2,Q9BPF9,1,1,1,2,2,2,1,1,1,0,0,0,1,1,1,0,0,0
esmc_6b,2,Q9BPG0,0,2,2,2,2,2,2,0,0,0,0,0,2,0,0,0,0,0
esmc_6b,2,Q9BPG1,0,2,2,2,2,2,2,0,0,0,0,0,2,0,0,0,0,0
esmc_6b,2,Q9BPG2,0,2,2,2,2,2,2,0,0,0,0,0,2,0,0,0,0,0
esmc_6b,2,Q9BPG5,0,1,2,2,2,2,2,1,0,0,0,0,2,1,0,0,0,0
esmc_6b,2,Q9BPG6,0,0,1,2,2,2,2,2,1,0,0,0,2,2,1,0,0,0
esmc_6b,2,Q9BPG7,0,1,2,2,2,2,2,1,0,0,0,0,2,1,0,0,0,0
esmc_6b,2,Q9BPG8,2,2,2,2,2,2,0,0,0,0,0,0,0,0,0,0,0,0
esmc_6b,2,Q9BPH0,0,1,2,2,2,2,2,1,0,0,0,0,2,1,0,0,0,0
esmc_6b,2,Q9BPH1,1,1,1,2,2,2,1,1,1,0,0,0,1,1,1,0,0,0
esmc_6b,2,Q9BPH2,1,2,2,2,2,2,1,0,0,0,0,0,1,0,0,0,0,0
esmc_6b,2,Q9BZR6,1,1,1,1,1,1,0,0,0,0,0,0,0,0,0,0,0,0
esmc_6b,2,Q9C169,0,1,1,1,1,1,1,0,0,0,0,0,1,0,0,0,0,0
esmc_6b,2,Q9C7F7,0,0,0,0,0,0,1,1,1,1,1,1,1,1,1,1,1,1
esmc_6b,2,Q9C9B1,1,1,1,1,1,1,0,0,0,0,0,0,0,0,0,0,0,0
esmc_6b,2,Q9CQW3,1,1,1,1,1,1,0,0,0,0,0,0,0,0,0,0,0,0
esmc_6b,2,Q9D3P9,2,2,2,2,2,2,1,1,1,1,1,1,2,2,2,2,2,2
esmc_6b,2,Q9F1K9,1,1,1,1,1,1,0,0,0,0,0,0,0,0,0,0,0,0
esmc_6b,2,Q9FGF6,0,0,1,1,1,1,2,2,1,1,1,1,1,1,0,0,0,0
esmc_6b,2,Q9FGH4,0,0,1,1,1,1,1,1,0,0,0,0,1,1,0,0,0,0
esmc_6b,2,Q9FNQ2,0,1,1,1,1,1,1,0,0,0,0,0,1,0,0,0,0,0
esmc_6b,2,Q9FZ86,1,1,1,1,1,1,0,0,0,0,0,0,0,0,0,0,0,0
esmc_6b,2,Q9FZD0,0,1,1,1,1,1,1,0,0,0,0,0,1,0,0,0,0,0
esmc_6b,2,Q9GJY2,0,0,0,0,0,0,1,1,1,1,1,1,0,0,0,0,0,0
esmc_6b,2,Q9GK16,0,0,0,0,0,0,1,1,1,1,1,1,1,1,1,1,1,1
esmc_6b,2,Q9GLG4,0,0,0,0,0,0,4,4,4,4,4,4,0,0,0,0,0,0
esmc_6b,2,Q9GLP2,0,0,0,0,0,0,2,2,2,2,2,2,1,1,1,1,1,1
esmc_6b,2,Q9GQW4,2,2,2,2,2,2,0,0,0,0,0,0,0,0,0,0,0,0
esmc_6b,2,Q9GSA4,1,1,1,1,1,1,0,0,0,0,0,0,0,0,0,0,0,0
esmc_6b,2,Q9IAB0,0,0,0,0,0,0,1,1,1,1,1,1,0,0,0,0,0,0
esmc_6b,2,Q9IAX6,0,0,0,0,0,0,1,1,1,1,1,1,0,0,0,0,0,0
esmc_6b,2,Q9IAY0,0,0,0,0,0,0,1,1,1,1,1,1,0,0,0,0,0,0
esmc_6b,2,Q9IAY1,0,0,0,0,0,0,1,1,1,1,1,1,0,0,0,0,0,0
esmc_6b,2,Q9IAY2,0,0,0,0,0,0,1,1,1,1,1,1,0,0,0,0,0,0
esmc_6b,2,Q9IAY3,0,0,0,0,0,0,1,1,1,1,1,1,0,0,0,0,0,0
esmc_6b,2,Q9JM53,0,0,0,0,0,0,1,1,1,1,1,1,0,0,0,0,0,0
esmc_6b,2,Q9JMB8,0,0,0,0,0,0,1,1,1,1,1,1,1,1,1,1,1,1
esmc_6b,2,Q9KD78,0,0,0,0,0,0,1,1,1,1,1,1,1,1,1,1,1,1
esmc_6b,2,Q9M088,0,0,1,1,1,1,1,1,0,0,0,0,1,1,0,0,0,0
esmc_6b,2,Q9M2G1,1,1,1,1,1,1,0,0,0,0,0,0,0,0,0,0,0,0
esmc_6b,2,Q9MS55,0,1,1,1,1,1,1,0,0,0,0,0,1,0,0,0,0,0
esmc_6b,2,Q9MS58,0,1,1,1,1,1,1,0,0,0,0,0,1,0,0,0,0,0
esmc_6b,2,Q9MS61,1,1,1,1,1,1,0,0,0,0,0,0,0,0,0,0,0,0
esmc_6b,2,Q9MS64,1,1,1,1,1,1,0,0,0,0,0,0,0,0,0,0,0,0
esmc_6b,2,Q9MS67,0,1,1,1,1,1,1,0,0,0,0,0,1,0,0,0,0,0
esmc_6b,2,Q9MS70,1,1,1,1,1,1,0,0,0,0,0,0,0,0,0,0,0,0
esmc_6b,2,Q9MS73,1,1,1,1,1,1,0,0,0,0,0,0,0,0,0,0,0,0
esmc_6b,2,Q9MS76,1,1,1,1,1,1,0,0,0,0,0,0,0,0,0,0,0,0
esmc_6b,2,Q9MS79,0,1,1,1,1,1,1,0,0,0,0,0,1,0,0,0,0,0
esmc_6b,2,Q9MTL6,0,1,1,1,1,1,1,0,0,0,0,0,1,0,0,0,0,0
esmc_6b,2,Q9MUS0,1,1,1,1,1,1,0,0,0,0,0,0,0,0,0,0,0,0
esmc_6b,2,Q9N0E3,0,1,1,1,1,1,1,0,0,0,0,0,1,0,0,0,0,0
esmc_6b,2,Q9N4D8,0,1,1,1,1,1,4,3,3,3,3,3,1,0,0,0,0,0
esmc_6b,2,Q9N661,0,0,0,0,0,0,1,1,1,1,1,1,0,0,0,0,0,0
esmc_6b,2,Q9NDE8,26,31,33,33,33,34,20,15,13,13,13,12,15,10,8,8,8,7
esmc_6b,2,Q9P232,0,0,1,1,1,1,1,1,0,0,0,0,1,1,0,0,0,0
esmc_6b,2,Q9P378,1,1,1,1,1,1,0,0,0,0,0,0,0,0,0,0,0,0
esmc_6b,2,Q9PVK9,0,0,0,0,0,0,1,1,1,1,1,1,1,1,1,1,1,1
esmc_6b,2,Q9PW35,0,0,0,0,0,0,1,1,1,1,1,1,1,1,1,1,1,1
esmc_6b,2,Q9PW36,0,0,0,0,0,0,1,1,1,1,1,1,0,0,0,0,0,0
esmc_6b,2,Q9PWJ0,0,0,0,0,0,0,1,1,1,1,1,1,0,0,0,0,0,0
esmc_6b,2,Q9QUG3,0,0,0,0,0,0,1,1,1,1,1,1,1,1,1,1,1,1
esmc_6b,2,Q9S0W8,0,0,0,0,0,0,1,1,1,1,1,1,1,1,1,1,1,1
esmc_6b,2,Q9S9K4,0,1,1,1,1,1,1,0,0,0,0,0,2,1,1,1,1,1
esmc_6b,2,Q9SD84,1,1,1,1,1,1,0,0,0,0,0,0,0,0,0,0,0,0
esmc_6b,2,Q9SKW7,0,0,1,1,1,1,6,6,5,5,5,5,3,3,2,2,2,2
esmc_6b,2,Q9SUV6,0,1,1,1,1,1,1,0,0,0,0,0,1,0,0,0,0,0
esmc_6b,2,Q9TKY7,1,1,1,1,1,1,0,0,0,0,0,0,0,0,0,0,0,0
esmc_6b,2,Q9TUX7,1,1,1,1,1,1,3,3,3,3,3,3,2,2,2,2,2,2
esmc_6b,2,Q9TY83,0,0,0,0,0,0,1,1,1,1,1,1,0,0,0,0,0,0
esmc_6b,2,Q9TY84,0,0,0,0,0,0,1,1,1,1,1,1,0,0,0,0,0,0
esmc_6b,2,Q9U619,1,1,1,2,2,2,1,1,1,0,0,0,1,1,1,0,0,0
esmc_6b,2,Q9U6Z5,0,0,0,2,2,2,2,2,2,0,0,0,2,2,2,0,0,0
esmc_6b,2,Q9U6Z9,1,1,2,2,2,2,1,1,0,0,0,0,1,1,0,0,0,0
esmc_6b,2,Q9U700,1,1,1,1,2,2,1,1,1,1,0,0,1,1,1,1,0,0
esmc_6b,2,Q9UKY0,1,1,1,1,1,1,0,0,0,0,0,0,0,0,0,0,0,0
esmc_6b,2,Q9UQ52,1,1,1,1,1,1,0,0,0,0,0,0,0,0,0,0,0,0
esmc_6b,2,Q9UV63,0,0,0,0,0,0,1,1,1,1,1,1,2,2,2,2,2,2
esmc_6b,2,Q9VLK4,2,2,2,2,2,2,1,1,1,1,1,1,0,0,0,0,0,0
esmc_6b,2,Q9VT50,0,0,0,1,1,1,3,3,3,2,2,2,2,2,2,1,1,1
esmc_6b,2,Q9VTM6,1,1,1,1,1,1,0,0,0,0,0,0,0,0,0,0,0,0
esmc_6b,2,Q9VU58,0,0,0,0,0,0,3,3,3,3,3,3,1,1,1,1,1,1
esmc_6b,2,Q9VVF7,4,4,4,5,5,5,3,3,3,2,2,2,1,1,1,0,0,0
esmc_6b,2,Q9W7S2,0,0,0,0,0,0,1,1,1,1,1,1,0,0,0,0,0,0
esmc_6b,2,Q9WUG6,0,1,1,1,1,1,1,0,0,0,0,0,2,1,1,1,1,1
esmc_6b,2,Q9WVA8,1,1,1,1,1,1,3,3,3,3,3,3,1,1,1,1,1,1
esmc_6b,2,Q9WVA9,1,1,1,1,1,1,3,3,3,3,3,3,1,1,1,1,1,1
esmc_6b,2,Q9XZK6,0,2,2,2,2,2,2,0,0,0,0,0,2,0,0,0,0,0
esmc_6b,2,Q9XZK7,0,2,2,2,2,2,2,0,0,0,0,0,2,0,0,0,0,0
esmc_6b,2,Q9Y5Q6,1,2,2,2,2,2,1,0,0,0,0,0,1,0,0,0,0,0
esmc_6b,2,Q9Y7Y7,1,1,1,1,1,1,0,0,0,0,0,0,0,0,0,0,0,0
esmc_6b,2,Q9YI19,0,0,0,0,0,0,1,1,1,1,1,1,0,0,0,0,0,0
esmc_6b,2,Q9Z0J1,1,1,1,1,1,1,0,0,0,0,0,0,0,0,0,0,0,0
esmc_6b,2,Q9Z0X1,0,0,0,0,0,0,1,1,1,1,1,1,0,0,0,0,0,0
esmc_6b,2,R4JJN6,2,2,2,2,2,2,0,0,0,0,0,0,0,0,0,0,0,0
esmc_6b,2,R4JNJ5,2,2,2,2,2,2,0,0,0,0,0,0,0,0,0,0,0,0
esmc_6b,2,R4JQZ0,2,2,2,2,2,2,0,0,0,0,0,0,0,0,0,0,0,0
esmc_6b,2,R4ZCU1,0,2,2,2,2,4,4,2,2,2,2,0,4,2,2,2,2,0
esmc_6b,2,S4UJW3,1,1,1,1,1,1,2,2,2,2,2,2,2,2,2,2,2,2
esmc_6b,2,U4N938,0,0,0,0,0,0,1,1,1,1,1,1,0,0,0,0,0,0
esmc_6b,2,U5KJC9,0,0,0,0,0,0,1,1,1,1,1,1,0,0,0,0,0,0
esmc_6b,2,U5KJJ1,0,0,0,0,0,0,1,1,1,1,1,1,1,1,1,1,1,1
esmc_6b,2,U5KJM4,0,0,0,0,0,0,1,1,1,1,1,1,1,1,1,1,1,1
esmc_6b,2,U5KJM6,0,0,0,0,0,0,1,1,1,1,1,1,1,1,1,1,1,1
esmc_6b,2,U5KJT7,0,0,0,0,0,0,1,1,1,1,1,1,0,0,0,0,0,0
esmc_6b,2,U5KJZ2,0,0,0,0,0,0,1,1,1,1,1,1,1,1,1,1,1,1
esmc_6b,2,W8GNV3,2,2,2,2,2,2,0,0,0,0,0,0,0,0,0,0,0,0
esmc_6b,2,X5I9Y2,1,2,2,2,2,2,1,0,0,0,0,0,1,0,0,0,0,0
esmc_6b,2,X5I9Z2,2,2,2,2,2,2,0,0,0,0,0,0,0,0,0,0,0,0
esmc_6b,2,X5IFZ1,0,0,0,0,0,0,2,2,2,2,2,2,2,2,2,2,2,2
esmc_6b,5,A0A024SH76,1,1,1,1,1,1,0,0,0,0,0,0,0,0,0,0,0,0
esmc_6b,5,A0A059J5P2,1,1,1,1,1,1,0,0,0,0,0,0,0,0,0,0,0,0
esmc_6b,5,A0A084G2W8,0,0,0,0,0,1,1,1,1,1,1,0,1,1,1,1,1,0
esmc_6b,5,A0A125S9E4,0,1,1,1,1,1,1,0,0,0,0,0,2,1,1,1,1,1
esmc_6b,5,A0A144LUY5,1,1,1,1,1,1,3,3,3,3,3,3,0,0,0,0,0,0
esmc_6b,5,A0A144LVL3,0,1,1,1,1,1,4,3,3,3,3,3,1,0,0,0,0,0
esmc_6b,5,A0A1B0GVD1,0,0,0,0,0,0,1,1,1,1,1,1,0,0,0,0,0,0
esmc_6b,5,A0A1D0BR67,0,0,1,1,1,1,1,1,0,0,0,0,1,1,0,0,0,0
esmc_6b,5,A0A1D0BZF5,1,1,1,1,1,1,0,0,0,0,0,0,0,0,0,0,0,0
esmc_6b,5,A0A1P8VFM2,0,0,0,0,0,0,1,1,1,1,1,1,1,1,1,1,1,1
esmc_6b,5,A0A384K116,0,1,1,1,1,1,1,0,0,0,0,0,1,0,0,0,0,0
esmc_6b,5,A0A5C1ZW08,0,0,0,0,0,0,1,1,1,1,1,1,2,2,2,2,2,2
esmc_6b,5,A0A5C1ZXT8,0,0,0,0,0,0,1,1,1,1,1,1,2,2,2,2,2,2
esmc_6b,5,A0A5C2A2T2,0,0,0,0,0,0,1,1,1,1,1,1,2,2,2,2,2,2
esmc_6b,5,A0A6B9L8Y4,0,0,0,0,2,2,2,2,2,2,0,0,2,2,2,2,0,0
esmc_6b,5,A0AIY9,1,1,1,1,1,1,0,0,0,0,0,0,0,0,0,0,0,0
esmc_6b,5,A0Q1T6,0,1,1,1,1,1,1,0,0,0,0,0,1,0,0,0,0,0
esmc_6b,5,A0RJ49,1,1,1,1,1,1,0,0,0,0,0,0,1,1,1,1,1,1
esmc_6b,5,A0RZB4,0,1,1,1,1,1,1,0,0,0,0,0,3,2,2,2,2,2
esmc_6b,5,A0ZT93,0,0,0,0,0,0,1,1,1,1,1,1,1,1,1,1,1,1
esmc_6b,5,A1EC31,0,1,1,1,1,1,1,0,0,0,0,0,1,0,0,0,0,0
esmc_6b,5,A1JKC3,0,0,0,0,0,0,1,1,1,1,1,1,0,0,0,0,0,0
esmc_6b,5,A2BDG0,0,0,0,0,0,0,1,1,1,1,1,1,3,3,3,3,3,3
esmc_6b,5,A2BDG5,1,1,1,1,1,1,0,0,0,0,0,0,0,0,0,0,0,0
esmc_6b,5,A2BDG9,0,1,1,1,1,1,1,0,0,0,0,0,2,1,1,1,1,1
esmc_6b,5,A2RLA2,1,1,1,1,1,1,0,0,0,0,0,0,0,0,0,0,0,0
esmc_6b,5,A2VE33,0,0,0,0,1,1,1,1,1,1,0,0,1,1,1,1,0,0
esmc_6b,5,A2XHZ9,0,1,1,1,1,1,1,0,0,0,0,0,1,0,0,0,0,0
esmc_6b,5,A2ZBG5,0,0,0,0,0,0,2,2,2,2,2,2,0,0,0,0,0,0
esmc_6b,5,A3DBS4,1,1,1,1,1,1,0,0,0,0,0,0,0,0,0,0,0,0
esmc_6b,5,A3F7X2,0,0,0,0,0,0,1,1,1,1,1,1,1,1,1,1,1,1
esmc_6b,5,A4TL44,0,0,0,0,0,0,1,1,1,1,1,1,0,0,0,0,0,0
esmc_6b,5,A4VUF9,1,1,1,1,1,1,0,0,0,0,0,0,0,0,0,0,0,0
esmc_6b,5,A4W0Q0,1,1,1,1,1,1,0,0,0,0,0,0,0,0,0,0,0,0
esmc_6b,5,A4XJS7,1,1,1,1,1,1,0,0,0,0,0,0,0,0,0,0,0,0
esmc_6b,5,A5A6J6,0,0,0,0,0,0,1,1,1,1,1,1,0,0,0,0,0,0
esmc_6b,5,A5A6P7,1,1,1,1,1,1,0,0,0,0,0,0,0,0,0,0,0,0
esmc_6b,5,A5A752,0,0,0,0,1,1,1,1,1,1,0,0,2,2,2,2,1,1
esmc_6b,5,A5I667,0,1,1,1,1,1,1,0,0,0,0,0,1,0,0,0,0,0
esmc_6b,5,A5ITG9,1,1,1,1,1,1,0,0,0,0,0,0,1,1,1,1,1,1
esmc_6b,5,A5LHG2,0,0,0,1,1,1,2,2,2,1,1,1,2,2,2,1,1,1
esmc_6b,5,A5N6K1,1,1,1,1,1,1,0,0,0,0,0,0,0,0,0,0,0,0
esmc_6b,5,A5VKS3,1,1,1,1,1,1,0,0,0,0,0,0,0,0,0,0,0,0
esmc_6b,5,A6BM07,0,0,0,0,0,0,1,1,1,1,1,1,0,0,0,0,0,0
esmc_6b,5,A6LQR8,1,1,1,1,1,1,0,0,0,0,0,0,1,1,1,1,1,1
esmc_6b,5,A6MFK9,0,0,0,0,0,0,1,1,1,1,1,1,0,0,0,0,0,0
esmc_6b,5,A6P3B2,8,8,8,12,14,14,10,10,10,6,4,4,8,8,8,4,2,2
esmc_6b,5,A6QHI7,1,1,1,1,1,1,0,0,0,0,0,0,1,1,1,1,1,1
esmc_6b,5,A6U2B3,1,1,1,1,1,1,0,0,0,0,0,0,1,1,1,1,1,1
esmc_6b,5,A6XN32,0,1,1,1,1,1,1,0,0,0,0,0,3,2,2,2,2,2
esmc_6b,5,A7FFL9,0,0,0,0,0,0,1,1,1,1,1,1,0,0,0,0,0,0
esmc_6b,5,A7FXU7,0,1,1,1,1,1,1,0,0,0,0,0,1,0,0,0,0,0
esmc_6b,5,A7GHK3,0,1,1,1,1,1,1,0,0,0,0,0,1,0,0,0,0,0
esmc_6b,5,A7GTC2,1,1,1,1,1,1,0,0,0,0,0,0,1,1,1,1,1,1
esmc_6b,5,A7RMN1,0,0,1,1,1,1,1,1,0,0,0,0,1,1,0,0,0,0
esmc_6b,5,A7X362,1,1,1,1,1,1,0,0,0,0,0,0,1,1,1,1,1,1
esmc_6b,5,A7Z783,1,1,1,1,1,1,0,0,0,0,0,0,1,1,1,1,1,1
esmc_6b,5,A8AWF9,1,1,1,1,1,1,0,0,0,0,0,0,0,0,0,0,0,0
esmc_6b,5,A8D888,1,1,1,1,1,1,0,0,0,0,0,0,0,0,0,0,0,0
esmc_6b,5,A8FFT0,1,1,1,1,1,1,0,0,0,0,0,0,1,1,1,1,1,1
esmc_6b,5,A8WU84,2,2,2,2,2,2,1,1,1,1,1,1,1,1,1,1,1,1
esmc_6b,5,A8Z2H3,1,1,1,1,1,1,0,0,0,0,0,0,1,1,1,1,1,1
esmc_6b,5,A9KMF6,1,1,1,1,1,1,0,0,0,0,0,0,1,1,1,1,1,1
esmc_6b,5,A9R3T6,0,0,0,0,0,0,1,1,1,1,1,1,0,0,0,0,0,0
esmc_6b,5,A9VIR7,1,1,1,1,1,1,0,0,0,0,0,0,1,1,1,1,1,1
esmc_6b,5,B0BND0,1,1,1,1,1,1,0,0,0,0,0,0,0,0,0,0,0,0
esmc_6b,5,B0K416,1,1,1,1,1,1,0,0,0,0,0,0,0,0,0,0,0,0
esmc_6b,5,B0KAC0,1,1,1,1,1,1,0,0,0,0,0,0,0,0,0,0,0,0
esmc_6b,5,B0TBW5,1,1,1,1,1,1,0,0,0,0,0,0,0,0,0,0,0,0
esmc_6b,5,B0XZV8,1,1,1,1,1,1,0,0,0,0,0,0,1,1,1,1,1,1
esmc_6b,5,B0Y665,1,1,1,1,1,1,0,0,0,0,0,0,1,1,1,1,1,1
esmc_6b,5,B1AIJ8,1,1,1,1,1,1,0,0,0,0,0,0,0,0,0,0,0,0
esmc_6b,5,B1B6T1,1,1,1,1,1,1,0,0,0,0,0,0,0,0,0,0,0,0
esmc_6b,5,B1IBP4,1,1,1,1,1,1,0,0,0,0,0,0,0,0,0,0,0,0
esmc_6b,5,B1ILY6,0,1,1,1,1,1,1,0,0,0,0,0,1,0,0,0,0,0
esmc_6b,5,B1IQZ3,0,0,0,0,0,0,1,1,1,1,1,1,0,0,0,0,0,0
esmc_6b,5,B1JR58,0,0,0,0,0,0,1,1,1,1,1,1,0,0,0,0,0,0
esmc_6b,5,B1KZR4,0,1,1,1,1,1,1,0,0,0,0,0,1,0,0,0,0,0
esmc_6b,5,B1P1A2,0,0,0,0,0,0,1,1,1,1,1,1,2,2,2,2,2,2
esmc_6b,5,B1P1A4,1,1,1,1,1,1,1,1,1,1,1,1,1,1,1,1,1,1
esmc_6b,5,B1P1B6,1,1,1,1,1,1,1,1,1,1,1,1,1,1,1,1,1,1
esmc_6b,5,B1P1B7,1,1,1,1,1,2,1,1,1,1,1,0,1,1,1,1,1,0
esmc_6b,5,B1P1B8,1,1,1,1,1,1,1,1,1,1,1,1,1,1,1,1,1,1
esmc_6b,5,B1P1B9,2,2,2,2,2,2,0,0,0,0,0,0,0,0,0,0,0,0
esmc_6b,5,B1P1C2,1,1,1,1,1,1,1,1,1,1,1,1,1,1,1,1,1,1
esmc_6b,5,B1P1C6,1,2,2,2,2,2,1,0,0,0,0,0,1,0,0,0,0,0
esmc_6b,5,B1P1C7,1,1,1,1,1,1,1,1,1,1,1,1,1,1,1,1,1,1
esmc_6b,5,B1P1C8,1,1,1,1,1,1,1,1,1,1,1,1,1,1,1,1,1,1
esmc_6b,5,B1P1D7,1,1,1,1,1,1,1,1,1,1,1,1,0,0,0,0,0,0
esmc_6b,5,B1P1D8,0,1,1,1,1,1,2,1,1,1,1,1,1,0,0,0,0,0
esmc_6b,5,B1P1D9,1,1,1,1,1,1,1,1,1,1,1,1,0,0,0,0,0,0
esmc_6b,5,B1P1E0,1,1,1,1,1,1,1,1,1,1,1,1,0,0,0,0,0,0
esmc_6b,5,B1P1E1,1,1,1,1,1,1,1,1,1,1,1,1,0,0,0,0,0,0
esmc_6b,5,B1P1E2,1,1,1,1,1,1,0,0,0,0,0,0,0,0,0,0,0,0
esmc_6b,5,B1P1E3,1,1,1,1,1,1,1,1,1,1,1,1,0,0,0,0,0,0
esmc_6b,5,B1P1E4,1,1,1,1,1,1,1,1,1,1,1,1,0,0,0,0,0,0
esmc_6b,5,B1P1E5,1,2,2,2,2,2,1,0,0,0,0,0,1,0,0,0,0,0
esmc_6b,5,B1P1E6,1,2,2,2,2,2,1,0,0,0,0,0,1,0,0,0,0,0
esmc_6b,5,B1P1E7,0,1,1,1,1,2,2,1,1,1,1,0,2,1,1,1,1,0
esmc_6b,5,B1P1E8,1,2,2,2,2,2,1,0,0,0,0,0,1,0,0,0,0,0
esmc_6b,5,B1P1F1,1,1,1,1,1,1,1,1,1,1,1,1,1,1,1,1,1,1
esmc_6b,5,B1P1F3,1,1,1,1,1,1,1,1,1,1,1,1,1,1,1,1,1,1
esmc_6b,5,B1P1F4,1,1,1,1,1,1,1,1,1,1,1,1,1,1,1,1,1,1
esmc_6b,5,B1P1F5,1,1,1,1,1,1,1,1,1,1,1,1,1,1,1,1,1,1
esmc_6b,5,B1P1F6,0,1,1,1,1,1,2,1,1,1,1,1,1,0,0,0,0,0
esmc_6b,5,B1P1F7,1,1,1,1,1,1,1,1,1,1,1,1,0,0,0,0,0,0
esmc_6b,5,B1P1F8,1,1,1,1,1,1,1,1,1,1,1,1,0,0,0,0,0,0
esmc_6b,5,B1P1F9,1,1,1,1,1,1,1,1,1,1,1,1,0,0,0,0,0,0
esmc_6b,5,B1P1G0,1,1,1,1,1,1,1,1,1,1,1,1,0,0,0,0,0,0
esmc_6b,5,B1P1G1,0,1,1,1,1,1,3,2,2,2,2,2,1,0,0,0,0,0
esmc_6b,5,B1P1G2,1,1,1,1,1,1,1,1,1,1,1,1,1,1,1,1,1,1
esmc_6b,5,B1P1G3,1,1,1,1,1,1,1,1,1,1,1,1,0,0,0,0,0,0
esmc_6b,5,B1P1G4,1,1,1,1,1,1,1,1,1,1,1,1,0,0,0,0,0,0
esmc_6b,5,B1P1G5,1,1,1,1,1,1,1,1,1,1,1,1,0,0,0,0,0,0
esmc_6b,5,B1P1G6,0,1,1,1,1,1,2,1,1,1,1,1,2,1,1,1,1,1
esmc_6b,5,B1P1H0,1,1,1,1,1,1,0,0,0,0,0,0,1,1,1,1,1,1
esmc_6b,5,B1P1H1,0,1,1,1,1,1,2,1,1,1,1,1,1,0,0,0,0,0
esmc_6b,5,B1P1H2,1,1,1,1,1,1,1,1,1,1,1,1,0,0,0,0,0,0
esmc_6b,5,B1P1H9,1,1,1,1,1,1,1,1,1,1,1,1,0,0,0,0,0,0
esmc_6b,5,B1P1I1,0,1,1,1,1,1,1,0,0,0,0,0,1,0,0,0,0,0
esmc_6b,5,B1P1I2,0,1,1,1,1,1,1,0,0,0,0,0,1,0,0,0,0,0
esmc_6b,5,B1P1I3,0,0,0,0,0,0,1,1,1,1,1,1,1,1,1,1,1,1
esmc_6b,5,B1P1I4,0,0,0,0,0,0,1,1,1,1,1,1,1,1,1,1,1,1
esmc_6b,5,B1P1I5,1,1,1,1,1,1,0,0,0,0,0,0,0,0,0,0,0,0
esmc_6b,5,B1P1I6,1,1,1,1,1,1,0,0,0,0,0,0,0,0,0,0,0,0
esmc_6b,5,B1VAF3,1,1,1,1,1,1,0,0,0,0,0,0,0,0,0,0,0,0
esmc_6b,5,B1XF62,0,0,0,0,0,0,1,1,1,1,1,1,0,0,0,0,0,0
esmc_6b,5,B1YJS1,1,1,1,1,1,1,0,0,0,0,0,0,1,1,1,1,1,1
esmc_6b,5,B2A6B5,1,1,1,1,1,1,0,0,0,0,0,0,0,0,0,0,0,0
esmc_6b,5,B2G856,1,1,1,1,1,1,0,0,0,0,0,0,0,0,0,0,0,0
esmc_6b,5,B2GD71,1,1,1,1,1,1,0,0,0,0,0,0,0,0,0,0,0,0
esmc_6b,5,B2IQ02,1,1,1,1,1,1,0,0,0,0,0,0,0,0,0,0,0,0
esmc_6b,5,B2KAB7,0,0,0,0,0,0,1,1,1,1,1,1,0,0,0,0,0,0
esmc_6b,5,B2MW54,1,1,1,1,1,1,0,0,0,0,0,0,0,0,0,0,0,0
esmc_6b,5,B2RH57,1,1,1,1,1,1,0,0,0,0,0,0,0,0,0,0,0,0
esmc_6b,5,B2TK69,1,1,1,1,1,1,0,0,0,0,0,0,0,0,0,0,0,0
esmc_6b,5,B2V0A7,1,1,1,1,1,1,0,0,0,0,0,0,0,0,0,0,0,0
esmc_6b,5,B2ZB95,2,2,2,2,2,2,3,3,3,3,3,3,0,0,0,0,0,0
esmc_6b,5,B2ZB96,2,2,2,2,2,2,3,3,3,3,3,3,0,0,0,0,0,0
esmc_6b,5,B2ZB98,2,2,2,2,2,2,3,3,3,3,3,3,0,0,0,0,0,0
esmc_6b,5,B2ZB99,2,2,2,2,2,2,3,3,3,3,3,3,0,0,0,0,0,0
esmc_6b,5,B2ZBA0,2,2,2,2,2,2,3,3,3,3,3,3,0,0,0,0,0,0
esmc_6b,5,B2ZBA1,2,2,2,2,2,2,3,3,3,3,3,3,0,0,0,0,0,0
esmc_6b,5,B3EWM3,0,0,0,0,0,0,1,1,1,1,1,1,0,0,0,0,0,0
esmc_6b,5,B3FIN4,0,0,0,0,0,0,1,1,1,1,1,1,1,1,1,1,1,1
esmc_6b,5,B3FIS2,1,1,1,1,1,1,0,0,0,0,0,0,1,1,1,1,1,1
esmc_6b,5,B3FIS3,1,1,1,1,1,1,0,0,0,0,0,0,1,1,1,1,1,1
esmc_6b,5,B3FIS4,1,1,1,1,1,1,0,0,0,0,0,0,1,1,1,1,1,1
esmc_6b,5,B3H587,0,1,1,1,1,1,1,0,0,0,0,0,1,0,0,0,0,0
esmc_6b,5,B3H5Q2,0,1,1,1,1,1,1,0,0,0,0,0,1,0,0,0,0,0
esmc_6b,5,B3QZT2,1,1,1,1,1,1,0,0,0,0,0,0,0,0,0,0,0,0
esmc_6b,5,B4THR7,0,0,0,0,0,0,1,1,1,1,1,1,0,0,0,0,0,0
esmc_6b,5,B5E4L9,1,1,1,1,1,1,0,0,0,0,0,0,0,0,0,0,0,0
esmc_6b,5,B5ZB18,1,1,1,1,1,1,0,0,0,0,0,0,0,0,0,0,0,0
esmc_6b,5,B6DD59,0,0,0,0,0,0,1,1,1,1,1,1,1,1,1,1,1,1
esmc_6b,5,B6IB31,0,0,0,0,0,0,1,1,1,1,1,1,0,0,0,0,0,0
esmc_6b,5,B7GIR0,1,1,1,1,1,1,0,0,0,0,0,0,1,1,1,1,1,1
esmc_6b,5,B7HE75,1,1,1,1,1,1,0,0,0,0,0,0,1,1,1,1,1,1
esmc_6b,5,B7HQK0,1,1,1,1,1,1,0,0,0,0,0,0,1,1,1,1,1,1
esmc_6b,5,B7IIV4,1,1,1,1,1,1,0,0,0,0,0,0,1,1,1,1,1,1
esmc_6b,5,B7JQ28,1,1,1,1,1,1,0,0,0,0,0,0,1,1,1,1,1,1
esmc_6b,5,B7L5E9,0,0,0,0,0,0,1,1,1,1,1,1,0,0,0,0,0,0
esmc_6b,5,B7LZY9,0,0,0,0,0,0,1,1,1,1,1,1,0,0,0,0,0,0
esmc_6b,5,B7M9V0,0,0,0,0,0,0,1,1,1,1,1,1,0,0,0,0,0,0
esmc_6b,5,B7MV44,0,0,0,0,0,0,1,1,1,1,1,1,0,0,0,0,0,0
esmc_6b,5,B7NB47,0,0,0,0,0,0,1,1,1,1,1,1,0,0,0,0,0,0
esmc_6b,5,B7NUP2,0,0,0,0,0,0,1,1,1,1,1,1,0,0,0,0,0,0
esmc_6b,5,B7URT6,0,0,0,0,0,0,1,1,1,1,1,1,0,0,0,0,0,0
esmc_6b,5,B8DHK8,1,1,1,1,1,1,0,0,0,0,0,0,0,0,0,0,0,0
esmc_6b,5,B8FUS1,1,1,1,1,1,1,0,0,0,0,0,0,0,0,0,0,0,0
esmc_6b,5,B8I178,1,1,1,1,1,1,0,0,0,0,0,0,0,0,0,0,0,0
esmc_6b,5,B8K1V9,0,0,0,0,0,0,3,3,3,3,3,3,2,2,2,2,2,2
esmc_6b,5,B8ZPV1,1,1,1,1,1,1,0,0,0,0,0,0,0,0,0,0,0,0
esmc_6b,5,B9DNE8,1,1,1,1,1,1,0,0,0,0,0,0,1,1,1,1,1,1
esmc_6b,5,B9DU56,1,1,1,1,1,1,0,0,0,0,0,0,0,0,0,0,0,0
esmc_6b,5,B9E020,1,1,1,1,1,1,0,0,0,0,0,0,0,0,0,0,0,0
esmc_6b,5,B9ENM6,0,1,1,1,1,1,1,0,0,0,0,0,1,0,0,0,0,0
esmc_6b,5,B9IZ18,1,1,1,1,1,1,0,0,0,0,0,0,1,1,1,1,1,1
esmc_6b,5,B9MRB7,1,1,1,1,1,1,0,0,0,0,0,0,0,0,0,0,0,0
esmc_6b,5,B9TQX1,1,1,1,1,1,1,0,0,0,0,0,0,1,1,1,1,1,1
esmc_6b,5,B9TQX2,0,1,1,1,1,1,1,0,0,0,0,0,1,0,0,0,0,0
esmc_6b,5,B9TQX3,0,1,1,1,1,1,1,0,0,0,0,0,1,0,0,0,0,0
esmc_6b,5,B9TQX4,0,0,1,1,1,1,1,1,0,0,0,0,2,2,1,1,1,1
esmc_6b,5,C0HJK2,1,1,1,1,1,1,0,0,0,0,0,0,0,0,0,0,0,0
esmc_6b,5,C0HJK4,0,0,1,1,1,1,1,1,0,0,0,0,1,1,0,0,0,0
esmc_6b,5,C0HK27,0,0,0,0,0,0,2,2,2,2,2,2,0,0,0,0,0,0
esmc_6b,5,C0HKS3,0,0,0,0,0,0,3,3,3,3,3,3,2,2,2,2,2,2
esmc_6b,5,C0HKS5,0,0,0,0,0,0,3,3,3,3,3,3,3,3,3,3,3,3
esmc_6b,5,C0HKU2,1,1,1,1,1,1,0,0,0,0,0,0,0,0,0,0,0,0
esmc_6b,5,C0HL17,3,3,3,3,3,3,4,4,4,4,4,4,4,4,4,4,4,4
esmc_6b,5,C0M7I0,1,1,1,1,1,1,0,0,0,0,0,0,0,0,0,0,0,0
esmc_6b,5,C0ME76,1,1,1,1,1,1,0,0,0,0,0,0,0,0,0,0,0,0
esmc_6b,5,C1BJ98,0,1,1,1,1,1,1,0,0,0,0,0,1,0,0,0,0,0
esmc_6b,5,C1C7A1,1,1,1,1,1,1,0,0,0,0,0,0,0,0,0,0,0,0
esmc_6b,5,C1CE94,1,1,1,1,1,1,0,0,0,0,0,0,0,0,0,0,0,0
esmc_6b,5,C1CKH0,1,1,1,1,1,1,0,0,0,0,0,0,0,0,0,0,0,0
esmc_6b,5,C1CRK7,1,1,1,1,1,1,0,0,0,0,0,0,0,0,0,0,0,0
esmc_6b,5,C1ETN9,1,1,1,1,1,1,0,0,0,0,0,0,1,1,1,1,1,1
esmc_6b,5,C1FVW6,0,1,1,1,1,1,1,0,0,0,0,0,1,0,0,0,0,0
esmc_6b,5,C1KVI7,1,1,1,1,1,1,0,0,0,0,0,0,0,0,0,0,0,0
esmc_6b,5,C3L3J4,0,1,1,1,1,1,1,0,0,0,0,0,1,0,0,0,0,0
esmc_6b,5,C3L6X4,1,1,1,1,1,1,0,0,0,0,0,0,1,1,1,1,1,1
esmc_6b,5,C3P9C8,1,1,1,1,1,1,0,0,0,0,0,0,1,1,1,1,1,1
esmc_6b,5,C4L4N3,1,1,1,1,1,1,0,0,0,0,0,0,1,1,1,1,1,1
esmc_6b,5,C4YMJ3,1,1,1,1,1,1,0,0,0,0,0,0,0,0,0,0,0,0
esmc_6b,5,C4YNQ5,1,1,1,1,1,1,0,0,0,0,0,0,0,0,0,0,0,0
esmc_6b,5,C4YSF6,1,1,1,1,1,1,0,0,0,0,0,0,0,0,0,0,0,0
esmc_6b,5,C4Z9Z8,1,1,1,1,1,1,0,0,0,0,0,0,1,1,1,1,1,1
esmc_6b,5,C4ZY59,0,0,0,0,0,0,1,1,1,1,1,1,0,0,0,0,0,0
esmc_6b,5,C5D5G7,1,1,1,1,1,1,0,0,0,0,0,0,1,1,1,1,1,1
esmc_6b,5,C6EVG7,0,0,1,1,1,1,10,10,9,9,9,9,2,2,1,1,1,1
esmc_6b,5,C6Y4B5,0,0,0,0,0,0,1,1,1,1,1,1,0,0,0,0,0,0
esmc_6b,5,D0PX84,0,1,1,1,1,1,1,0,0,0,0,0,2,1,1,1,1,1
esmc_6b,5,D0PX85,0,1,1,1,1,1,1,0,0,0,0,0,2,1,1,1,1,1
esmc_6b,5,D2Y1X9,1,1,1,1,1,1,1,1,1,1,1,1,0,0,0,0,0,0
esmc_6b,5,D2Y1Y0,1,1,1,1,1,1,1,1,1,1,1,1,0,0,0,0,0,0
esmc_6b,5,D2Y1Y1,1,1,1,1,1,1,1,1,1,1,1,1,0,0,0,0,0,0
esmc_6b,5,D2Y1Y2,1,1,1,1,1,1,1,1,1,1,1,1,0,0,0,0,0,0
esmc_6b,5,D2Y1Y3,1,1,1,1,1,1,1,1,1,1,1,1,0,0,0,0,0,0
esmc_6b,5,D2Y1Y4,1,1,1,1,1,1,1,1,1,1,1,1,1,1,1,1,1,1
esmc_6b,5,D2Y1Y5,1,1,1,1,1,1,1,1,1,1,1,1,1,1,1,1,1,1
esmc_6b,5,D2Y1Y6,1,1,1,1,1,1,1,1,1,1,1,1,1,1,1,1,1,1
esmc_6b,5,D2Y1Y7,1,1,1,1,1,1,1,1,1,1,1,1,1,1,1,1,1,1
esmc_6b,5,D2Y1Y8,1,1,1,1,1,1,1,1,1,1,1,1,1,1,1,1,1,1
esmc_6b,5,D2Y1Y9,1,1,1,1,1,1,1,1,1,1,1,1,0,0,0,0,0,0
esmc_6b,5,D2Y1Z0,1,1,1,1,1,1,1,1,1,1,1,1,1,1,1,1,1,1
esmc_6b,5,D2Y1Z2,2,2,2,2,2,2,0,0,0,0,0,0,0,0,0,0,0,0
esmc_6b,5,D2Y1Z4,1,1,1,1,1,1,1,1,1,1,1,1,0,0,0,0,0,0
esmc_6b,5,D2Y1Z5,1,1,1,1,1,1,1,1,1,1,1,1,1,1,1,1,1,1
esmc_6b,5,D2Y1Z6,1,1,1,1,1,1,1,1,1,1,1,1,1,1,1,1,1,1
esmc_6b,5,D2Y1Z7,1,1,1,1,1,1,1,1,1,1,1,1,0,0,0,0,0,0
esmc_6b,5,D2Y1Z8,1,1,1,1,1,1,1,1,1,1,1,1,0,0,0,0,0,0
esmc_6b,5,D2Y1Z9,1,1,1,1,1,1,1,1,1,1,1,1,1,1,1,1,1,1
esmc_6b,5,D2Y200,1,1,1,1,1,1,1,1,1,1,1,1,0,0,0,0,0,0
esmc_6b,5,D2Y201,1,1,1,1,1,1,1,1,1,1,1,1,0,0,0,0,0,0
esmc_6b,5,D2Y202,1,1,1,1,1,1,1,1,1,1,1,1,1,1,1,1,1,1
esmc_6b,5,D2Y203,1,1,1,1,1,1,1,1,1,1,1,1,0,0,0,0,0,0
esmc_6b,5,D2Y232,1,1,1,1,1,1,1,1,1,1,1,1,0,0,0,0,0,0
esmc_6b,5,D2Y233,1,1,1,1,1,1,1,1,1,1,1,1,0,0,0,0,0,0
esmc_6b,5,D2Y236,1,1,2,2,2,2,1,1,0,0,0,0,1,1,0,0,0,0
esmc_6b,5,D2Y237,1,1,2,2,2,2,1,1,0,0,0,0,1,1,0,0,0,0
esmc_6b,5,D2Y238,1,2,2,2,2,2,1,0,0,0,0,0,1,0,0,0,0,0
esmc_6b,5,D2Y239,1,1,2,2,2,2,1,1,0,0,0,0,1,1,0,0,0,0
esmc_6b,5,D2Y240,1,1,1,2,2,2,1,1,1,0,0,0,1,1,1,0,0,0
esmc_6b,5,D2Y241,1,1,1,2,2,2,1,1,1,0,0,0,1,1,1,0,0,0
esmc_6b,5,D2Y242,1,1,1,2,2,2,1,1,1,0,0,0,1,1,1,0,0,0
esmc_6b,5,D2Y243,1,1,1,2,2,2,1,1,1,0,0,0,1,1,1,0,0,0
esmc_6b,5,D2Y244,1,1,1,2,2,2,1,1,1,0,0,0,1,1,1,0,0,0
esmc_6b,5,D2Y245,0,1,1,2,2,2,2,1,1,0,0,0,2,1,1,0,0,0
esmc_6b,5,D2Y246,1,1,1,2,2,2,1,1,1,0,0,0,1,1,1,0,0,0
esmc_6b,5,D2Y247,1,1,1,2,2,2,1,1,1,0,0,0,1,1,1,0,0,0
esmc_6b,5,D2Y248,2,2,2,2,2,2,0,0,0,0,0,0,0,0,0,0,0,0
esmc_6b,5,D2Y249,1,1,1,2,2,2,1,1,1,0,0,0,1,1,1,0,0,0
esmc_6b,5,D2Y250,1,1,1,2,2,2,1,1,1,0,0,0,1,1,1,0,0,0
esmc_6b,5,D2Y251,0,1,1,1,1,1,1,0,0,0,0,0,1,0,0,0,0,0
esmc_6b,5,D2Y252,0,1,1,1,1,1,1,0,0,0,0,0,1,0,0,0,0,0
esmc_6b,5,D2Y2A0,0,0,1,1,1,1,2,2,1,1,1,1,1,1,0,0,0,0
esmc_6b,5,D2Y2A1,0,0,1,1,1,1,2,2,1,1,1,1,1,1,0,0,0,0
esmc_6b,5,D2Y2A2,0,1,1,1,1,1,2,1,1,1,1,1,1,0,0,0,0,0
esmc_6b,5,D2Y2A3,0,0,1,1,1,1,2,2,1,1,1,1,1,1,0,0,0,0
esmc_6b,5,D2Y2A4,0,0,1,1,1,1,2,2,1,1,1,1,1,1,0,0,0,0
esmc_6b,5,D2Y2A5,0,0,1,1,1,1,2,2,1,1,1,1,1,1,0,0,0,0
esmc_6b,5,D2Y2A6,0,0,1,1,1,1,2,2,1,1,1,1,1,1,0,0,0,0
esmc_6b,5,D2Y2A7,0,0,1,1,1,1,2,2,1,1,1,1,1,1,0,0,0,0
esmc_6b,5,D2Y2A8,0,0,1,1,1,1,2,2,1,1,1,1,1,1,0,0,0,0
esmc_6b,5,D2Y2A9,0,0,1,1,1,1,2,2,1,1,1,1,1,1,0,0,0,0
esmc_6b,5,D2Y2B0,0,0,1,1,1,1,2,2,1,1,1,1,1,1,0,0,0,0
esmc_6b,5,D2Y2B1,0,0,1,1,1,1,2,2,1,1,1,1,1,1,0,0,0,0
esmc_6b,5,D2Y2B2,0,0,1,1,1,1,2,2,1,1,1,1,1,1,0,0,0,0
esmc_6b,5,D2Y2B3,0,0,1,1,1,1,2,2,1,1,1,1,1,1,0,0,0,0
esmc_6b,5,D2Y2B4,0,0,1,1,1,1,2,2,1,1,1,1,1,1,0,0,0,0
esmc_6b,5,D2Y2B5,0,0,1,1,1,1,2,2,1,1,1,1,1,1,0,0,0,0
esmc_6b,5,D2Y2B6,1,1,1,1,1,1,0,0,0,0,0,0,0,0,0,0,0,0
esmc_6b,5,D2Y2B7,1,1,1,1,1,1,0,0,0,0,0,0,0,0,0,0,0,0
esmc_6b,5,D2Y2B8,1,1,1,1,1,1,0,0,0,0,0,0,0,0,0,0,0,0
esmc_6b,5,D2Y2B9,1,1,1,1,1,1,0,0,0,0,0,0,0,0,0,0,0,0
esmc_6b,5,D2Y2C1,1,1,2,2,2,2,1,1,0,0,0,0,1,1,0,0,0,0
esmc_6b,5,D2Y2D2,1,1,1,1,1,1,1,1,1,1,1,1,0,0,0,0,0,0
esmc_6b,5,D2Y2D7,1,1,1,1,1,1,1,1,1,1,1,1,0,0,0,0,0,0
esmc_6b,5,D2Y2D8,1,1,1,1,1,1,0,0,0,0,0,0,0,0,0,0,0,0
esmc_6b,5,D2Y2D9,1,1,1,1,1,1,0,0,0,0,0,0,0,0,0,0,0,0
esmc_6b,5,D2Y2E8,1,1,2,2,2,2,1,1,0,0,0,0,1,1,0,0,0,0
esmc_6b,5,D2Y2E9,1,1,2,2,2,2,1,1,0,0,0,0,1,1,0,0,0,0
esmc_6b,5,D2Y2F0,1,1,2,2,2,2,1,1,0,0,0,0,1,1,0,0,0,0
esmc_6b,5,D2Y2F1,1,2,2,2,2,2,1,0,0,0,0,0,1,0,0,0,0,0
esmc_6b,5,D2Y2G3,1,1,1,2,2,2,1,1,1,0,0,0,1,1,1,0,0,0
esmc_6b,5,D2Y2G4,1,1,1,2,2,2,1,1,1,0,0,0,1,1,1,0,0,0
esmc_6b,5,D2Y2G5,1,1,1,2,2,2,1,1,1,0,0,0,1,1,1,0,0,0
esmc_6b,5,D2Y2G6,1,1,1,2,2,2,1,1,1,0,0,0,1,1,1,0,0,0
esmc_6b,5,D2Y2G7,1,1,1,2,2,2,1,1,1,0,0,0,1,1,1,0,0,0
esmc_6b,5,D2Y2G8,1,1,1,1,1,1,1,1,1,1,1,1,1,1,1,1,1,1
esmc_6b,5,D2Y2G9,1,1,1,2,2,2,1,1,1,0,0,0,1,1,1,0,0,0
esmc_6b,5,D2Y2H1,0,1,1,1,1,1,1,0,0,0,0,0,1,0,0,0,0,0
esmc_6b,5,D2Y2H2,0,1,1,1,1,1,1,0,0,0,0,0,1,0,0,0,0,0
esmc_6b,5,D2Y2H3,0,0,1,1,1,1,2,2,1,1,1,1,1,1,0,0,0,0
esmc_6b,5,D2Y2H4,0,0,1,1,1,1,2,2,1,1,1,1,1,1,0,0,0,0
esmc_6b,5,D2Y2H5,0,0,1,1,1,1,2,2,1,1,1,1,1,1,0,0,0,0
esmc_6b,5,D2Y2H6,1,1,2,2,2,2,1,1,0,0,0,0,1,1,0,0,0,0
esmc_6b,5,D2Y2H7,1,1,2,2,2,2,1,1,0,0,0,0,1,1,0,0,0,0
esmc_6b,5,D2Y2H8,1,1,2,2,2,2,1,1,0,0,0,0,1,1,0,0,0,0
esmc_6b,5,D2Y2I3,0,0,1,1,1,1,2,2,1,1,1,1,1,1,0,0,0,0
esmc_6b,5,D2Y2I5,1,1,1,1,1,1,1,1,1,1,1,1,1,1,1,1,1,1
esmc_6b,5,D2Y2I6,1,1,1,1,1,1,1,1,1,1,1,1,0,0,0,0,0,0
esmc_6b,5,D2Y2L5,1,1,2,2,2,2,1,1,0,0,0,0,1,1,0,0,0,0
esmc_6b,5,D2Y2M0,1,1,1,2,2,2,1,1,1,0,0,0,1,1,1,0,0,0
esmc_6b,5,D2Y2M1,1,1,1,2,2,2,1,1,1,0,0,0,1,1,1,0,0,0
esmc_6b,5,D2Y2M2,1,1,1,1,1,1,1,1,1,1,1,1,0,0,0,0,0,0
esmc_6b,5,D2Y2M3,1,1,1,2,2,2,1,1,1,0,0,0,1,1,1,0,0,0
esmc_6b,5,D2Y2M4,1,1,1,2,2,2,1,1,1,0,0,0,1,1,1,0,0,0
esmc_6b,5,D2Y2M5,1,1,1,1,1,2,1,1,1,1,1,0,1,1,1,1,1,0
esmc_6b,5,D2Y2M6,1,1,1,2,2,2,1,1,1,0,0,0,1,1,1,0,0,0
esmc_6b,5,D2Y2M8,1,1,1,2,2,2,1,1,1,0,0,0,1,1,1,0,0,0
esmc_6b,5,D2Y2M9,1,1,1,2,2,2,1,1,1,0,0,0,1,1,1,0,0,0
esmc_6b,5,D2Y2N0,1,1,1,2,2,2,1,1,1,0,0,0,1,1,1,0,0,0
esmc_6b,5,D2Y2N1,1,1,1,2,2,2,1,1,1,0,0,0,1,1,1,0,0,0
esmc_6b,5,D2Y2N2,1,1,1,2,2,2,1,1,1,0,0,0,1,1,1,0,0,0
esmc_6b,5,D2Y2N3,1,1,1,2,2,2,1,1,1,0,0,0,1,1,1,0,0,0
esmc_6b,5,D2Y2N4,1,1,1,2,2,2,1,1,1,0,0,0,1,1,1,0,0,0
esmc_6b,5,D2Y2N5,1,1,1,2,2,2,1,1,1,0,0,0,1,1,1,0,0,0
esmc_6b,5,D2Y2N6,1,1,1,2,2,2,1,1,1,0,0,0,1,1,1,0,0,0
esmc_6b,5,D2Y2N7,1,1,1,2,2,2,1,1,1,0,0,0,1,1,1,0,0,0
esmc_6b,5,D2Y2N9,0,1,1,1,1,1,1,0,0,0,0,0,1,0,0,0,0,0
esmc_6b,5,D2Y2P0,0,1,1,1,1,1,1,0,0,0,0,0,1,0,0,0,0,0
esmc_6b,5,D2Y2P1,0,1,1,1,1,1,1,0,0,0,0,0,1,0,0,0,0,0
esmc_6b,5,D2Y2P2,0,1,1,1,1,1,1,0,0,0,0,0,1,0,0,0,0,0
esmc_6b,5,D3ZTT2,1,1,1,1,1,1,0,0,0,0,0,0,0,0,0,0,0,0
esmc_6b,5,D4B388,1,1,1,1,1,1,0,0,0,0,0,0,0,0,0,0,0,0
esmc_6b,5,D5J9S0,0,0,0,0,0,0,2,2,2,2,2,2,1,1,1,1,1,1
esmc_6b,5,D5KXH3,0,1,1,1,1,1,1,0,0,0,0,0,1,0,0,0,0,0
esmc_6b,5,D9IX97,0,0,0,0,0,0,1,1,1,1,1,1,4,4,4,4,4,4
esmc_6b,5,E2A3M7,1,1,1,1,1,1,0,0,0,0,0,0,0,0,0,0,0,0
esmc_6b,5,E2E4L2,0,0,0,0,0,0,1,1,1,1,1,1,1,1,1,1,1,1
esmc_6b,5,E2S064,0,0,1,1,1,1,2,2,1,1,1,1,2,2,1,1,1,1
esmc_6b,5,E5KIB6,0,2,2,2,2,2,2,0,0,0,0,0,2,0,0,0,0,0
esmc_6b,5,F1N5C8,1,1,1,1,1,1,0,0,0,0,0,0,0,0,0,0,0,0
esmc_6b,5,F1R4U0,0,0,1,1,1,1,1,1,0,0,0,0,1,1,0,0,0,0
esmc_6b,5,F4IVN9,0,1,1,1,1,1,1,0,0,0,0,0,1,0,0,0,0,0
esmc_6b,5,F4JL85,1,1,1,1,1,1,0,0,0,0,0,0,0,0,0,0,0,0
esmc_6b,5,F4K6R7,0,0,0,0,0,0,1,1,1,1,1,1,1,1,1,1,1,1
esmc_6b,5,F4KB79,0,0,0,0,0,0,3,3,3,3,3,3,1,1,1,1,1,1
esmc_6b,5,F5CPE8,0,0,0,0,0,0,2,2,2,2,2,2,1,1,1,1,1,1
esmc_6b,5,F6KSI8,0,0,0,0,0,0,1,1,1,1,1,1,1,1,1,1,1,1
esmc_6b,5,G1UBC2,1,1,1,1,1,1,0,0,0,0,0,0,0,0,0,0,0,0
esmc_6b,5,G3MU46,1,1,1,1,1,1,5,5,5,5,5,5,3,3,3,3,3,3
esmc_6b,5,H3BJG9,0,0,0,0,1,1,1,1,1,1,0,0,1,1,1,1,0,0
esmc_6b,5,I1S2N3,0,0,0,0,0,0,1,1,1,1,1,1,1,1,1,1,1,1
esmc_6b,5,K7LFJ0,0,0,0,0,0,0,1,1,1,1,1,1,0,0,0,0,0,0
esmc_6b,5,K7LSB9,0,0,0,0,0,0,1,1,1,1,1,1,0,0,0,0,0,0
esmc_6b,5,L0GCJ6,0,0,0,0,0,0,2,2,2,2,2,2,0,0,0,0,0,0
esmc_6b,5,M1E1F0,0,0,0,0,1,1,2,2,2,2,1,1,1,1,1,1,0,0
esmc_6b,5,M1E1F1,0,1,1,1,1,2,2,1,1,1,1,0,2,1,1,1,1,0
esmc_6b,5,O00451,0,0,0,1,1,1,1,1,1,0,0,0,1,1,1,0,0,0
esmc_6b,5,O04500,0,0,1,1,1,1,1,1,0,0,0,0,1,1,0,0,0,0
esmc_6b,5,O08619,0,0,0,0,0,0,1,1,1,1,1,1,1,1,1,1,1,1
esmc_6b,5,O08842,0,0,1,1,1,1,1,1,0,0,0,0,1,1,0,0,0,0
esmc_6b,5,O09164,0,0,0,0,0,0,1,1,1,1,1,1,0,0,0,0,0,0
esmc_6b,5,O09209,2,2,2,2,2,2,1,1,1,1,1,1,1,1,1,1,1,1
esmc_6b,5,O13035,0,0,0,0,0,0,5,5,5,5,5,5,1,1,1,1,1,1
esmc_6b,5,O13156,0,0,0,0,0,0,1,1,1,1,1,1,1,1,1,1,1,1
esmc_6b,5,O13157,0,0,0,1,1,1,1,1,1,0,0,0,1,1,1,0,0,0
esmc_6b,5,O13351,1,1,1,1,1,1,0,0,0,0,0,0,0,0,0,0,0,0
esmc_6b,5,O14669,0,0,0,0,0,1,1,1,1,1,1,0,1,1,1,1,1,0
esmc_6b,5,O18492,0,0,1,1,1,1,3,3,2,2,2,2,1,1,0,0,0,0
esmc_6b,5,O18493,0,0,1,1,1,1,3,3,2,2,2,2,1,1,0,0,0,0
esmc_6b,5,O18641,3,3,3,3,3,3,4,4,4,4,4,4,4,4,4,4,4,4
esmc_6b,5,O18794,0,0,0,0,0,0,2,2,2,2,2,2,1,1,1,1,1,1
esmc_6b,5,O18811,1,1,1,1,1,1,0,0,0,0,0,0,0,0,0,0,0,0
esmc_6b,5,O18815,0,0,1,1,1,1,1,1,0,0,0,0,1,1,0,0,0,0
esmc_6b,5,O18845,1,1,1,1,1,1,0,0,0,0,0,0,0,0,0,0,0,0
esmc_6b,5,O23006,0,0,0,0,0,0,1,1,1,1,1,1,1,1,1,1,1,1
esmc_6b,5,O31422,0,0,0,0,0,0,2,2,2,2,2,2,0,0,0,0,0,0
esmc_6b,5,O32388,1,1,1,1,1,1,0,0,0,0,0,0,0,0,0,0,0,0
esmc_6b,5,O35118,1,1,1,1,1,1,0,0,0,0,0,0,0,0,0,0,0,0
esmc_6b,5,O44662,0,0,0,0,0,0,6,6,6,6,6,6,1,1,1,1,1,1
esmc_6b,5,O44663,0,0,0,0,0,0,5,5,5,5,5,5,1,1,1,1,1,1
esmc_6b,5,O44664,0,0,0,0,0,0,6,6,6,6,6,6,1,1,1,1,1,1
esmc_6b,5,O44665,0,0,0,0,0,0,5,5,5,5,5,5,1,1,1,1,1,1
esmc_6b,5,O45027,3,3,3,3,3,3,3,3,3,3,3,3,3,3,3,3,3,3
esmc_6b,5,O46617,0,0,0,0,0,0,1,1,1,1,1,1,0,0,0,0,0,0
esmc_6b,5,O60609,1,1,1,1,1,1,0,0,0,0,0,0,0,0,0,0,0,0
esmc_6b,5,O61016,0,0,0,0,0,0,1,1,1,1,1,1,1,1,1,1,1,1
esmc_6b,5,O61271,1,2,2,2,3,3,2,1,1,1,0,0,2,1,1,1,0,0
esmc_6b,5,O62697,0,1,1,1,1,1,1,0,0,0,0,0,1,0,0,0,0,0
esmc_6b,5,O62820,1,1,1,1,1,1,0,0,0,0,0,0,0,0,0,0,0,0
esmc_6b,5,O70176,0,0,0,1,1,1,2,2,2,1,1,1,2,2,2,1,1,1
esmc_6b,5,O75326,0,0,0,0,0,0,1,1,1,1,1,1,1,1,1,1,1,1
esmc_6b,5,O76198,1,1,1,1,1,1,0,0,0,0,0,0,0,0,0,0,0,0
esmc_6b,5,O76818,2,2,2,2,2,2,7,7,7,7,7,7,5,5,5,5,5,5
esmc_6b,5,O81003,0,0,0,0,0,0,2,2,2,2,2,2,0,0,0,0,0,0
esmc_6b,5,O81277,0,0,0,0,0,0,2,2,2,2,2,2,0,0,0,0,0,0
esmc_6b,5,O82227,1,1,1,1,1,1,0,0,0,0,0,0,0,0,0,0,0,0
esmc_6b,5,O89117,0,0,0,1,1,1,2,2,2,1,1,1,1,1,1,0,0,0
esmc_6b,5,O93512,0,1,1,1,1,1,1,0,0,0,0,0,1,0,0,0,0,0
esmc_6b,5,O94549,0,0,0,0,0,1,1,1,1,1,1,0,1,1,1,1,1,0
esmc_6b,5,O95399,1,1,1,1,1,1,0,0,0,0,0,0,0,0,0,0,0,0
esmc_6b,5,O97395,1,1,1,1,1,1,2,2,2,2,2,2,0,0,0,0,0,0
esmc_6b,5,O97946,0,0,0,0,1,1,2,2,2,2,1,1,1,1,1,1,0,0
esmc_6b,5,O97980,0,0,0,0,0,0,1,1,1,1,1,1,0,0,0,0,0,0
esmc_6b,5,P00273,0,0,0,0,0,0,1,1,1,1,1,1,0,0,0,0,0,0
esmc_6b,5,P00488,0,0,0,0,0,0,1,1,1,1,1,1,1,1,1,1,1,1
esmc_6b,5,P01165,0,0,0,0,0,0,1,1,1,1,1,1,0,0,0,0,0,0
esmc_6b,5,P01203,0,0,0,0,0,0,1,1,1,1,1,1,1,1,1,1,1,1
esmc_6b,5,P01205,0,0,0,0,0,0,1,1,1,1,1,1,1,1,1,1,1,1
esmc_6b,5,P01282,2,3,3,3,3,3,1,0,0,0,0,0,3,2,2,2,2,2
esmc_6b,5,P01283,3,3,3,3,3,3,0,0,0,0,0,0,3,3,3,3,3,3
esmc_6b,5,P01284,2,2,2,2,2,2,0,0,0,0,0,0,0,0,0,0,0,0
esmc_6b,5,P01298,0,0,0,0,0,0,3,3,3,3,3,3,2,2,2,2,2,2
esmc_6b,5,P01299,0,0,0,0,0,0,3,3,3,3,3,3,2,2,2,2,2,2
esmc_6b,5,P01300,0,1,1,1,1,1,2,1,1,1,1,1,2,1,1,1,1,1
esmc_6b,5,P01301,1,1,1,1,1,1,1,1,1,1,1,1,1,1,1,1,1,1
esmc_6b,5,P01302,1,1,1,1,1,1,2,2,2,2,2,2,2,2,2,2,2,2
esmc_6b,5,P01303,1,1,1,1,1,1,1,1,1,1,1,1,0,0,0,0,0,0
esmc_6b,5,P01304,0,0,0,0,0,0,1,1,1,1,1,1,1,1,1,1,1,1
esmc_6b,5,P01307,1,1,1,1,1,1,0,0,0,0,0,0,0,0,0,0,0,0
esmc_6b,5,P01347,1,1,1,1,1,2,1,1,1,1,1,0,1,1,1,1,1,0
esmc_6b,5,P01348,0,0,1,1,1,2,2,2,1,1,1,0,2,2,1,1,1,0
esmc_6b,5,P01349,0,0,0,0,0,0,2,2,2,2,2,2,1,1,1,1,1,1
esmc_6b,5,P01364,0,0,0,0,0,0,3,3,3,3,3,3,3,3,3,3,3,3
esmc_6b,5,P02814,0,0,0,0,0,0,1,1,1,1,1,1,2,2,2,2,2,2
esmc_6b,5,P02866,0,0,0,0,0,0,2,2,2,2,2,2,0,0,0,0,0,0
esmc_6b,5,P02870,0,0,0,0,0,0,2,2,2,2,2,2,0,0,0,0,0,0
esmc_6b,5,P02873,0,0,0,0,0,0,1,1,1,1,1,1,0,0,0,0,0,0
esmc_6b,5,P02896,1,1,1,1,1,1,0,0,0,0,0,0,0,0,0,0,0,0
esmc_6b,5,P04058,1,1,1,1,1,1,0,0,0,0,0,0,0,0,0,0,0,0
esmc_6b,5,P04090,2,2,2,2,2,2,0,0,0,0,0,0,0,0,0,0,0,0
esmc_6b,5,P04279,0,0,0,0,0,0,1,1,1,1,1,1,0,0,0,0,0,0
esmc_6b,5,P04566,2,2,2,2,2,2,0,0,0,0,0,0,0,0,0,0,0,0
esmc_6b,5,P04808,0,1,1,2,2,2,2,1,1,0,0,0,2,1,1,0,0,0
esmc_6b,5,P05140,0,0,1,1,1,1,1,1,0,0,0,0,1,1,0,0,0,0
esmc_6b,5,P05161,0,1,1,1,1,1,1,0,0,0,0,0,1,0,0,0,0,0
esmc_6b,5,P05186,1,1,1,1,1,1,0,0,0,0,0,0,0,0,0,0,0,0
esmc_6b,5,P05187,1,1,1,1,1,1,0,0,0,0,0,0,0,0,0,0,0,0
esmc_6b,5,P05408,0,0,0,0,0,0,1,1,1,1,1,1,0,0,0,0,0,0
esmc_6b,5,P05657,1,1,1,1,1,1,0,0,0,0,0,0,1,1,1,1,1,1
esmc_6b,5,P05834,0,0,0,0,0,0,1,1,1,1,1,1,3,3,3,3,3,3
esmc_6b,5,P06303,0,0,0,0,0,0,2,2,2,2,2,2,1,1,1,1,1,1
esmc_6b,5,P06884,0,0,0,0,0,0,2,2,2,2,2,2,2,2,2,2,2,2
esmc_6b,5,P07140,1,1,1,1,1,1,0,0,0,0,0,0,0,0,0,0,0,0
esmc_6b,5,P07224,1,1,1,1,1,1,0,0,0,0,0,0,0,0,0,0,0,0
esmc_6b,5,P07225,1,1,1,1,1,1,0,0,0,0,0,0,0,0,0,0,0,0
esmc_6b,5,P07602,0,0,0,0,0,0,4,4,4,4,4,4,1,1,1,1,1,1
esmc_6b,5,P07662,0,0,0,0,0,0,1,1,1,1,1,1,0,0,0,0,0,0
esmc_6b,5,P07692,1,1,1,1,1,1,0,0,0,0,0,0,0,0,0,0,0,0
esmc_6b,5,P07808,1,1,1,1,1,1,1,1,1,1,1,1,0,0,0,0,0,0
esmc_6b,5,P07987,1,1,1,1,1,1,0,0,0,0,0,0,0,0,0,0,0,0
esmc_6b,5,P08289,1,1,1,1,1,1,0,0,0,0,0,0,0,0,0,0,0,0
esmc_6b,5,P08697,0,0,0,0,0,0,1,1,1,1,1,1,0,0,0,0,0,0
esmc_6b,5,P08947,0,0,0,0,0,1,3,3,3,3,3,2,3,3,3,3,3,2
esmc_6b,5,P08948,0,0,0,0,0,1,3,3,3,3,3,2,3,3,3,3,3,2
esmc_6b,5,P08950,1,1,1,1,1,1,2,2,2,2,2,2,3,3,3,3,3,3
esmc_6b,5,P09040,2,2,2,2,2,2,3,3,3,3,3,3,0,0,0,0,0,0
esmc_6b,5,P09242,1,1,1,1,1,1,0,0,0,0,0,0,0,0,0,0,0,0
esmc_6b,5,P09475,0,0,0,0,1,1,2,2,2,2,1,1,2,2,2,2,1,1
esmc_6b,5,P09487,0,0,1,1,1,1,1,1,0,0,0,0,1,1,0,0,0,0
esmc_6b,5,P09681,0,0,0,0,0,0,2,2,2,2,2,2,2,2,2,2,2,2
esmc_6b,5,P09805,0,1,1,1,1,1,1,0,0,0,0,0,1,0,0,0,0,0
esmc_6b,5,P09923,1,1,1,1,1,1,0,0,0,0,0,0,0,0,0,0,0,0
esmc_6b,5,P09971,3,3,3,3,3,3,4,4,4,4,4,4,3,3,3,3,3,3
esmc_6b,5,P0A312,1,1,1,1,1,1,0,0,0,0,0,0,0,0,0,0,0,0
esmc_6b,5,P0A313,1,1,1,1,1,1,0,0,0,0,0,0,0,0,0,0,0,0
esmc_6b,5,P0C1T5,0,0,0,1,1,1,1,1,1,0,0,0,1,1,1,0,0,0
esmc_6b,5,P0C249,0,1,1,1,1,1,1,0,0,0,0,0,1,0,0,0,0,0
esmc_6b,5,P0C2S8,0,1,1,1,1,1,1,0,0,0,0,0,1,0,0,0,0,0
esmc_6b,5,P0C2X7,1,2,2,2,2,2,1,0,0,0,0,0,1,0,0,0,0,0
esmc_6b,5,P0C5X7,1,1,1,1,1,1,1,1,1,1,1,1,1,1,1,1,1,1
esmc_6b,5,P0C8S6,0,0,0,0,0,0,1,1,1,1,1,1,0,0,0,0,0,0
esmc_6b,5,P0C957,1,1,1,1,1,1,0,0,0,0,0,0,1,1,1,1,1,1
esmc_6b,5,P0C958,1,1,1,1,1,1,0,0,0,0,0,0,1,1,1,1,1,1
esmc_6b,5,P0CG54,1,1,1,1,1,1,0,0,0,0,0,0,0,0,0,0,0,0
esmc_6b,5,P0CH28,1,1,1,1,1,1,0,0,0,0,0,0,0,0,0,0,0,0
esmc_6b,5,P0CH56,1,1,1,1,1,1,1,1,1,1,1,1,1,1,1,1,1,1
esmc_6b,5,P0CH70,0,0,0,0,0,0,1,1,1,1,1,1,1,1,1,1,1,1
esmc_6b,5,P0CI88,0,0,0,0,0,0,1,1,1,1,1,1,0,0,0,0,0,0
esmc_6b,5,P0CS83,1,1,1,1,1,1,0,0,0,0,0,0,0,0,0,0,0,0
esmc_6b,5,P0CS93,0,0,0,0,0,0,1,1,1,1,1,1,1,1,1,1,1,1
esmc_6b,5,P0CW02,0,0,0,0,0,0,1,1,1,1,1,1,1,1,1,1,1,1
esmc_6b,5,P0CW03,0,0,0,0,0,0,1,1,1,1,1,1,1,1,1,1,1,1
esmc_6b,5,P0CY26,1,1,1,1,1,1,0,0,0,0,0,0,0,0,0,0,0,0
esmc_6b,5,P0CY27,1,1,1,1,1,1,0,0,0,0,0,0,0,0,0,0,0,0
esmc_6b,5,P0CY28,1,1,1,1,1,1,0,0,0,0,0,0,0,0,0,0,0,0
esmc_6b,5,P0CY29,1,1,1,1,1,1,0,0,0,0,0,0,0,0,0,0,0,0
esmc_6b,5,P0DE28,1,1,1,1,1,1,0,0,0,0,0,0,0,0,0,0,0,0
esmc_6b,5,P0DE29,1,1,1,1,1,1,0,0,0,0,0,0,0,0,0,0,0,0
esmc_6b,5,P0DJ06,1,1,1,1,1,1,0,0,0,0,0,0,0,0,0,0,0,0
esmc_6b,5,P0DJ95,0,0,0,0,0,0,1,1,1,1,1,1,1,1,1,1,1,1
esmc_6b,5,P0DJI8,0,0,0,0,0,0,1,1,1,1,1,1,0,0,0,0,0,0
esmc_6b,5,P0DKL3,0,0,0,0,0,0,1,1,1,1,1,1,0,0,0,0,0,0
esmc_6b,5,P0DKM3,0,0,0,0,0,0,1,1,1,1,1,1,0,0,0,0,0,0
esmc_6b,5,P0DKN1,0,0,0,0,0,0,1,1,1,1,1,1,0,0,0,0,0,0
esmc_6b,5,P0DL57,0,1,1,1,1,1,1,0,0,0,0,0,1,0,0,0,0,0
esmc_6b,5,P0DL58,1,1,1,1,1,1,1,1,1,1,1,1,0,0,0,0,0,0
esmc_6b,5,P0DM55,0,0,0,0,0,0,1,1,1,1,1,1,0,0,0,0,0,0
esmc_6b,5,P0DM67,1,1,1,1,1,1,0,0,0,0,0,0,1,1,1,1,1,1
esmc_6b,5,P0DM68,1,1,1,1,1,1,1,1,1,1,1,1,1,1,1,1,1,1
esmc_6b,5,P0DMD7,1,1,1,1,1,1,1,1,1,1,1,1,0,0,0,0,0,0
esmc_6b,5,P0DMG0,1,1,1,1,1,1,1,1,1,1,1,1,1,1,1,1,1,1
esmc_6b,5,P0DN01,1,1,1,1,1,1,0,0,0,0,0,0,0,0,0,0,0,0
esmc_6b,5,P0DN03,0,1,1,1,1,1,1,0,0,0,0,0,1,0,0,0,0,0
esmc_6b,5,P0DN04,1,1,1,1,1,1,0,0,0,0,0,0,0,0,0,0,0,0
esmc_6b,5,P0DN98,0,0,0,0,0,1,1,1,1,1,1,0,1,1,1,1,1,0
esmc_6b,5,P0DP14,0,1,1,1,1,1,1,0,0,0,0,0,1,0,0,0,0,0
esmc_6b,5,P0DP55,0,0,0,0,0,0,2,2,2,2,2,2,3,3,3,3,3,3
esmc_6b,5,P0DPU4,0,0,0,0,0,0,1,1,1,1,1,1,0,0,0,0,0,0
esmc_6b,5,P0DQA3,0,0,0,0,0,0,1,1,1,1,1,1,0,0,0,0,0,0
esmc_6b,5,P0DQA4,0,0,0,0,0,0,1,1,1,1,1,1,0,0,0,0,0,0
esmc_6b,5,P0DQA5,0,1,1,1,1,1,1,0,0,0,0,0,1,0,0,0,0,0
esmc_6b,5,P0DRB9,1,1,1,1,1,1,0,0,0,0,0,0,0,0,0,0,0,0
esmc_6b,5,P0DRC4,0,0,0,0,0,0,1,1,1,1,1,1,0,0,0,0,0,0
esmc_6b,5,P0DRI2,0,0,0,0,0,0,2,2,2,2,2,2,1,1,1,1,1,1
esmc_6b,5,P0DRJ4,8,8,11,11,11,11,6,6,3,3,3,3,6,6,3,3,3,3
esmc_6b,5,P0DTJ9,0,0,0,0,0,0,2,2,2,2,2,2,1,1,1,1,1,1
esmc_6b,5,P0DUT2,3,3,4,4,4,6,3,3,2,2,2,0,3,3,2,2,2,0
esmc_6b,5,P0DUT6,1,3,3,3,3,3,4,2,2,2,2,2,2,0,0,0,0,0
esmc_6b,5,P0DY21,0,0,1,1,1,1,1,1,0,0,0,0,2,2,1,1,1,1
esmc_6b,5,P10082,0,0,0,0,0,0,2,2,2,2,2,2,1,1,1,1,1,1
esmc_6b,5,P10419,0,1,2,2,2,2,3,2,1,1,1,1,14,13,12,12,12,12
esmc_6b,5,P10552,5,6,6,11,11,11,11,10,10,5,5,5,7,6,6,1,1,1
esmc_6b,5,P10601,0,0,0,0,0,0,2,2,2,2,2,2,1,1,1,1,1,1
esmc_6b,5,P10631,0,0,0,0,0,0,2,2,2,2,2,2,1,1,1,1,1,1
esmc_6b,5,P10674,0,1,1,1,1,1,1,0,0,0,0,0,1,0,0,0,0,0
esmc_6b,5,P10675,0,0,0,1,1,1,1,1,1,0,0,0,1,1,1,0,0,0
esmc_6b,5,P10696,1,1,1,1,1,1,0,0,0,0,0,0,0,0,0,0,0,0
esmc_6b,5,P10960,0,0,0,0,0,0,3,3,3,3,3,3,1,1,1,1,1,1
esmc_6b,5,P11159,3,3,3,3,3,3,4,4,4,4,4,4,4,4,4,4,4,4
esmc_6b,5,P11184,0,0,0,0,0,1,2,2,2,2,2,1,2,2,2,2,2,1
esmc_6b,5,P11185,0,0,0,0,0,1,2,2,2,2,2,1,2,2,2,2,2,1
esmc_6b,5,P11952,0,0,0,0,0,0,2,2,2,2,2,2,2,2,2,2,2,2
esmc_6b,5,P11953,0,0,0,0,0,0,2,2,2,2,2,2,1,1,1,1,1,1
esmc_6b,5,P12661,0,0,0,0,0,0,1,1,1,1,1,1,0,0,0,0,0,0
esmc_6b,5,P12872,1,1,1,1,1,1,0,0,0,0,0,0,1,1,1,1,1,1
esmc_6b,5,P12961,0,0,0,0,0,0,1,1,1,1,1,1,0,0,0,0,0,0
esmc_6b,5,P13083,1,1,1,1,1,1,0,0,0,0,0,0,1,1,1,1,1,1
esmc_6b,5,P13589,0,0,0,1,1,1,2,2,2,1,1,1,2,2,2,1,1,1
esmc_6b,5,P14138,0,0,1,1,1,1,1,1,0,0,0,0,1,1,0,0,0,0
esmc_6b,5,P14608,0,0,0,0,0,0,1,1,1,1,1,1,0,0,0,0,0,0
esmc_6b,5,P14765,1,1,1,1,1,1,1,1,1,1,1,1,0,0,0,0,0,0
esmc_6b,5,P14894,0,0,0,0,0,0,2,2,2,2,2,2,0,0,0,0,0,0
esmc_6b,5,P14904,0,0,0,0,0,0,1,1,1,1,1,1,0,0,0,0,0,0
esmc_6b,5,P15369,0,1,1,1,1,1,1,0,0,0,0,0,1,0,0,0,0,0
esmc_6b,5,P15411,2,2,2,2,2,2,1,1,1,1,1,1,0,0,0,0,0,0
esmc_6b,5,P15513,16,16,16,16,16,16,3,3,3,3,3,3,3,3,3,3,3,3
esmc_6b,5,P15693,1,1,1,1,1,1,0,0,0,0,0,0,0,0,0,0,0,0
esmc_6b,5,P15797,0,0,0,0,0,0,1,1,1,1,1,1,1,1,1,1,1,1
esmc_6b,5,P16404,0,0,0,0,0,0,1,1,1,1,1,1,0,0,0,0,0,0
esmc_6b,5,P16613,0,1,1,1,1,1,2,1,1,1,1,1,2,1,1,1,1,1
esmc_6b,5,P17118,0,0,0,0,0,0,1,1,1,1,1,1,2,2,2,2,2,2
esmc_6b,5,P17681,0,0,0,0,0,0,3,3,3,3,3,3,0,0,0,0,0,0
esmc_6b,5,P18509,0,1,1,1,1,1,2,1,1,1,1,1,3,2,2,2,2,2
esmc_6b,5,P18844,0,0,0,0,0,0,1,1,1,1,1,1,0,0,0,0,0,0
esmc_6b,5,P19111,1,1,1,1,1,1,0,0,0,0,0,0,0,0,0,0,0,0
esmc_6b,5,P19260,0,1,1,1,1,1,1,0,0,0,0,0,2,1,1,1,1,1
esmc_6b,5,P19425,0,0,0,0,0,0,1,1,1,1,1,1,0,0,0,0,0,0
esmc_6b,5,P19599,0,1,1,1,1,1,1,0,0,0,0,0,1,0,0,0,0,0
esmc_6b,5,P19660,0,0,0,0,0,0,1,1,1,1,1,1,0,0,0,0,0,0
esmc_6b,5,P19707,0,0,0,0,0,0,1,1,1,1,1,1,1,1,1,1,1,1
esmc_6b,5,P19708,0,0,0,0,0,0,1,1,1,1,1,1,1,1,1,1,1,1
esmc_6b,5,P19884,1,2,2,2,2,2,1,0,0,0,0,0,1,0,0,0,0,0
esmc_6b,5,P19971,0,0,0,0,0,0,1,1,1,1,1,1,0,0,0,0,0,0
esmc_6b,5,P19998,0,0,0,0,0,1,1,1,1,1,1,0,3,3,3,3,3,2
esmc_6b,5,P20481,20,29,29,29,29,29,13,4,4,4,4,4,10,1,1,1,1,1
esmc_6b,5,P20948,0,1,1,1,1,1,1,0,0,0,0,0,1,0,0,0,0,0
esmc_6b,5,P21591,0,0,0,0,0,0,2,2,2,2,2,2,1,1,1,1,1,1
esmc_6b,5,P22226,0,0,0,0,0,0,1,1,1,1,1,1,0,0,0,0,0,0
esmc_6b,5,P22287,0,1,1,1,1,1,2,1,1,1,1,1,2,1,1,1,1,1
esmc_6b,5,P22304,0,0,0,0,0,0,1,1,1,1,1,1,0,0,0,0,0,0
esmc_6b,5,P22969,0,1,2,2,2,2,2,1,0,0,0,0,2,1,0,0,0,0
esmc_6b,5,P23431,0,0,0,0,0,0,1,1,1,1,1,1,1,1,1,1,1,1
esmc_6b,5,P23535,0,0,0,0,0,0,1,1,1,1,1,1,0,0,0,0,0,0
esmc_6b,5,P23546,0,0,0,0,0,0,1,1,1,1,1,1,1,1,1,1,1,1
esmc_6b,5,P24665,1,1,1,1,1,1,1,1,1,1,1,1,0,0,0,0,0,0
esmc_6b,5,P24822,1,1,1,1,1,1,0,0,0,0,0,0,0,0,0,0,0,0
esmc_6b,5,P24823,0,1,1,1,1,1,1,0,0,0,0,0,1,0,0,0,0,0
esmc_6b,5,P26329,1,1,1,1,1,1,0,0,0,0,0,0,0,0,0,0,0,0
esmc_6b,5,P26334,1,1,1,1,1,1,0,0,0,0,0,0,0,0,0,0,0,0
esmc_6b,5,P26335,0,0,0,0,0,0,1,1,1,1,1,1,1,1,1,1,1,1
esmc_6b,5,P26727,2,2,2,2,2,2,1,1,1,1,1,1,1,1,1,1,1,1
esmc_6b,5,P26731,2,2,2,2,2,2,1,1,1,1,1,1,0,0,0,0,0,0
esmc_6b,5,P26733,1,1,2,2,2,3,2,2,1,1,1,0,3,3,2,2,2,1
esmc_6b,5,P26734,2,2,3,3,3,3,1,1,0,0,0,0,1,1,0,0,0,0
esmc_6b,5,P26735,2,2,2,2,2,2,1,1,1,1,1,1,1,1,1,1,1,1
esmc_6b,5,P26736,2,3,3,3,3,3,1,0,0,0,0,0,1,0,0,0,0,0
esmc_6b,5,P26737,2,2,2,3,3,3,1,1,1,0,0,0,1,1,1,0,0,0
esmc_6b,5,P26738,2,2,3,3,3,3,1,1,0,0,0,0,1,1,0,0,0,0
esmc_6b,5,P26739,1,1,2,3,3,3,2,2,1,0,0,0,2,2,1,0,0,0
esmc_6b,5,P26740,1,1,2,2,2,2,2,2,1,1,1,1,3,3,2,2,2,2
esmc_6b,5,P26741,1,1,2,2,2,3,2,2,1,1,1,0,3,3,2,2,2,1
esmc_6b,5,P26742,1,1,2,2,2,3,2,2,1,1,1,0,3,3,2,2,2,1
esmc_6b,5,P26743,2,2,2,3,3,3,1,1,1,0,0,0,1,1,1,0,0,0
esmc_6b,5,P26779,0,0,0,0,0,0,4,4,4,4,4,4,1,1,1,1,1,1
esmc_6b,5,P27114,1,1,1,1,1,1,0,0,0,0,0,0,0,0,0,0,0,0
esmc_6b,5,P27666,0,0,0,0,0,0,1,1,1,1,1,1,1,1,1,1,1,1
esmc_6b,5,P27682,0,0,0,0,0,0,1,1,1,1,1,1,0,0,0,0,0,0
esmc_6b,5,P28672,0,0,0,0,0,0,2,2,2,2,2,2,1,1,1,1,1,1
esmc_6b,5,P28673,0,0,0,0,0,0,2,2,2,2,2,2,1,1,1,1,1,1
esmc_6b,5,P28674,0,0,0,0,0,0,2,2,2,2,2,2,2,2,2,2,2,2
esmc_6b,5,P28800,0,0,0,0,0,0,1,1,1,1,1,1,0,0,0,0,0,0
esmc_6b,5,P28825,1,1,1,1,1,1,0,0,0,0,0,0,0,0,0,0,0,0
esmc_6b,5,P28826,0,0,1,1,1,1,1,1,0,0,0,0,1,1,0,0,0,0
esmc_6b,5,P29425,1,1,1,1,1,1,0,0,0,0,0,0,0,0,0,0,0,0
esmc_6b,5,P29519,2,2,2,3,3,3,1,1,1,0,0,0,1,1,1,0,0,0
esmc_6b,5,P29523,1,1,1,1,1,1,0,0,0,0,0,0,1,1,1,1,1,1
esmc_6b,5,P32089,0,0,1,1,1,1,1,1,0,0,0,0,1,1,0,0,0,0
esmc_6b,5,P32194,0,1,1,1,1,1,1,0,0,0,0,0,1,0,0,0,0,0
esmc_6b,5,P32195,0,0,0,1,1,1,1,1,1,0,0,0,1,1,1,0,0,0
esmc_6b,5,P32196,0,1,1,1,1,1,1,0,0,0,0,0,1,0,0,0,0,0
esmc_6b,5,P32329,1,1,1,1,1,1,1,1,1,1,1,1,2,2,2,2,2,2
esmc_6b,5,P32623,1,1,1,1,1,1,0,0,0,0,0,0,0,0,0,0,0,0
esmc_6b,5,P32648,3,3,3,3,3,3,0,0,0,0,0,0,2,2,2,2,2,2
esmc_6b,5,P32649,2,2,2,2,2,2,0,0,0,0,0,0,0,0,0,0,0,0
esmc_6b,5,P32950,0,0,1,1,1,1,1,1,0,0,0,0,1,1,0,0,0,0
esmc_6b,5,P32951,0,0,1,1,1,1,1,1,0,0,0,0,1,1,0,0,0,0
esmc_6b,5,P33046,0,1,1,1,1,1,1,0,0,0,0,0,1,0,0,0,0,0
esmc_6b,5,P33689,1,1,1,1,1,1,1,1,1,1,1,1,0,0,0,0,0,0
esmc_6b,5,P33715,1,1,1,1,1,1,0,0,0,0,0,0,0,0,0,0,0,0
esmc_6b,5,P33718,2,2,2,2,2,2,1,1,1,1,1,1,1,1,1,1,1,1
esmc_6b,5,P33719,2,2,2,2,2,3,1,1,1,1,1,0,1,1,1,1,1,0
esmc_6b,5,P33720,2,2,2,2,2,2,1,1,1,1,1,1,1,1,1,1,1,1
esmc_6b,5,P33721,2,2,2,2,2,2,1,1,1,1,1,1,1,1,1,1,1,1
esmc_6b,5,P33722,3,3,3,3,3,3,0,0,0,0,0,0,0,0,0,0,0,0
esmc_6b,5,P34026,0,1,1,1,1,1,1,0,0,0,0,0,1,0,0,0,0,0
esmc_6b,5,P34806,0,0,0,0,0,0,1,1,1,1,1,1,0,0,0,0,0,0
esmc_6b,5,P34962,0,0,0,0,0,0,1,1,1,1,1,1,0,0,0,0,0,0
esmc_6b,5,P34963,0,0,0,0,0,0,1,1,1,1,1,1,0,0,0,0,0,0
esmc_6b,5,P34964,0,0,0,0,0,0,1,1,1,1,1,1,0,0,0,0,0,0
esmc_6b,5,P35460,0,0,0,0,0,0,1,1,1,1,1,1,1,1,1,1,1,1
esmc_6b,5,P35461,0,1,1,1,1,1,1,0,0,0,0,0,1,0,0,0,0,0
esmc_6b,5,P35518,1,1,1,1,1,1,0,0,0,0,0,0,0,0,0,0,0,0
esmc_6b,5,P36193,0,0,1,1,1,1,2,2,1,1,1,1,3,3,2,2,2,2
esmc_6b,5,P36560,0,0,0,0,0,0,1,1,1,1,1,1,0,0,0,0,0,0
esmc_6b,5,P39105,1,1,1,1,1,1,0,0,0,0,0,0,0,0,0,0,0,0
esmc_6b,5,P40765,0,0,0,0,0,0,1,1,1,1,1,1,0,0,0,0,0,0
esmc_6b,5,P41365,0,1,1,1,1,1,1,0,0,0,0,0,1,0,0,0,0,0
esmc_6b,5,P41534,0,0,0,1,1,1,2,2,2,1,1,1,3,3,3,2,2,2
esmc_6b,5,P41535,0,0,0,1,1,1,2,2,2,1,1,1,2,2,2,1,1,1
esmc_6b,5,P41585,0,0,0,0,0,0,2,2,2,2,2,2,2,2,2,2,2,2
esmc_6b,5,P41876,5,6,6,7,7,7,7,6,6,5,5,5,4,3,3,2,2,2
esmc_6b,5,P41964,0,0,0,0,0,0,1,1,1,1,1,1,0,0,0,0,0,0
esmc_6b,5,P42723,0,0,0,0,0,0,2,2,2,2,2,2,1,1,1,1,1,1
esmc_6b,5,P42785,0,0,0,0,0,0,1,1,1,1,1,1,1,1,1,1,1,1
esmc_6b,5,P43030,0,0,0,0,0,0,1,1,1,1,1,1,0,0,0,0,0,0
esmc_6b,5,P43443,1,1,1,1,1,1,1,1,1,1,1,1,2,2,2,2,2,2
esmc_6b,5,P45644,2,2,2,2,2,2,2,2,2,2,2,2,0,0,0,0,0,0
esmc_6b,5,P46157,0,1,1,1,2,2,2,1,1,1,0,0,2,1,1,1,0,0
esmc_6b,5,P46158,0,0,0,1,1,1,2,2,2,1,1,1,1,1,1,0,0,0
esmc_6b,5,P46161,0,0,1,1,1,1,1,1,0,0,0,0,1,1,0,0,0,0
esmc_6b,5,P46167,0,0,0,0,0,1,1,1,1,1,1,0,2,2,2,2,2,1
esmc_6b,5,P46591,1,1,1,1,1,1,0,0,0,0,0,0,0,0,0,0,0,0
esmc_6b,5,P47476,1,1,1,1,1,1,0,0,0,0,0,0,0,0,0,0,0,0
esmc_6b,5,P47932,1,1,1,1,1,2,1,1,1,1,1,0,1,1,1,1,1,0
esmc_6b,5,P48097,0,0,0,0,0,0,2,2,2,2,2,2,1,1,1,1,1,1
esmc_6b,5,P48098,0,0,1,1,1,1,2,2,1,1,1,1,2,2,1,1,1,1
esmc_6b,5,P48143,2,2,2,2,2,2,2,2,2,2,2,2,1,1,1,1,1,1
esmc_6b,5,P48144,0,0,0,0,0,0,3,3,3,3,3,3,1,1,1,1,1,1
esmc_6b,5,P48299,0,0,0,0,0,1,1,1,1,1,1,0,2,2,2,2,2,1
esmc_6b,5,P48503,0,0,0,0,0,0,1,1,1,1,1,1,0,0,0,0,0,0
esmc_6b,5,P48756,0,0,0,0,0,0,2,2,2,2,2,2,2,2,2,2,2,2
esmc_6b,5,P49126,0,0,0,1,1,1,1,1,1,0,0,0,1,1,1,0,0,0
esmc_6b,5,P49913,1,1,1,1,1,1,0,0,0,0,0,0,0,0,0,0,0,0
esmc_6b,5,P49928,0,1,1,1,1,1,1,0,0,0,0,0,1,0,0,0,0,0
esmc_6b,5,P49929,0,1,1,1,1,1,1,0,0,0,0,0,1,0,0,0,0,0
esmc_6b,5,P49930,0,0,0,0,0,0,1,1,1,1,1,1,1,1,1,1,1,1
esmc_6b,5,P49931,0,0,0,1,1,1,1,1,1,0,0,0,1,1,1,0,0,0
esmc_6b,5,P49932,0,0,0,0,0,0,1,1,1,1,1,1,1,1,1,1,1,1
esmc_6b,5,P49933,0,1,1,1,1,1,1,0,0,0,0,0,1,0,0,0,0,0
esmc_6b,5,P49934,0,0,1,1,1,1,1,1,0,0,0,0,1,1,0,0,0,0
esmc_6b,5,P50496,0,1,1,1,1,1,1,0,0,0,0,0,2,1,1,1,1,1
esmc_6b,5,P50497,0,1,1,1,1,1,1,0,0,0,0,0,2,1,1,1,1,1
esmc_6b,5,P50498,0,1,1,1,1,1,1,0,0,0,0,0,2,1,1,1,1,1
esmc_6b,5,P50499,0,1,1,1,1,1,1,0,0,0,0,0,1,0,0,0,0,0
esmc_6b,5,P51437,0,0,0,0,0,0,1,1,1,1,1,1,0,0,0,0,0,0
esmc_6b,5,P51453,1,1,1,1,1,1,0,0,0,0,0,0,1,1,1,1,1,1
esmc_6b,5,P51454,2,2,2,2,2,2,0,0,0,0,0,0,0,0,0,0,0,0
esmc_6b,5,P51455,2,2,2,2,2,2,0,0,0,0,0,0,0,0,0,0,0,0
esmc_6b,5,P51456,1,2,2,2,2,2,1,0,0,0,0,0,1,0,0,0,0,0
esmc_6b,5,P51524,0,0,0,0,1,1,1,1,1,1,0,0,3,3,3,3,2,2
esmc_6b,5,P51654,1,1,1,1,1,1,0,0,0,0,0,0,0,0,0,0,0,0
esmc_6b,5,P51694,0,0,0,0,0,0,2,2,2,2,2,2,1,1,1,1,1,1
esmc_6b,5,P51740,1,1,1,1,1,1,0,0,0,0,0,0,0,0,0,0,0,0
esmc_6b,5,P52400,0,0,0,0,0,0,1,1,1,1,1,1,1,1,1,1,1,1
esmc_6b,5,P52401,0,0,0,0,0,0,1,1,1,1,1,1,1,1,1,1,1,1
esmc_6b,5,P52402,0,0,0,0,0,0,1,1,1,1,1,1,1,1,1,1,1,1
esmc_6b,5,P52407,0,0,0,0,1,1,1,1,1,1,0,0,1,1,1,1,0,0
esmc_6b,5,P52700,0,0,0,0,0,0,1,1,1,1,1,1,0,0,0,0,0,0
esmc_6b,5,P52718,0,0,1,1,1,1,1,1,0,0,0,0,1,1,0,0,0,0
esmc_6b,5,P52719,0,0,0,0,0,0,1,1,1,1,1,1,1,1,1,1,1,1
esmc_6b,5,P53007,0,0,0,1,1,1,1,1,1,0,0,0,1,1,1,0,0,0
esmc_6b,5,P53140,0,0,0,0,0,0,1,1,1,1,1,1,0,0,0,0,0,0
esmc_6b,5,P53379,1,1,1,1,1,1,1,1,1,1,1,1,1,1,1,1,1,1
esmc_6b,5,P53621,0,0,0,0,0,0,1,1,1,1,1,1,0,0,0,0,0,0
esmc_6b,5,P53813,1,1,1,1,1,1,0,0,0,0,0,0,0,0,0,0,0,0
esmc_6b,5,P54228,0,0,0,0,0,1,1,1,1,1,1,0,1,1,1,1,1,0
esmc_6b,5,P54229,0,1,1,1,1,1,1,0,0,0,0,0,1,0,0,0,0,0
esmc_6b,5,P54230,0,0,0,0,0,0,1,1,1,1,1,1,0,0,0,0,0,0
esmc_6b,5,P54422,0,0,0,0,0,0,1,1,1,1,1,1,0,0,0,0,0,0
esmc_6b,5,P55854,1,1,1,1,1,1,0,0,0,0,0,0,0,0,0,0,0,0
esmc_6b,5,P56159,0,0,0,0,0,0,1,1,1,1,1,1,1,1,1,1,1,1
esmc_6b,5,P56161,0,0,0,0,0,0,1,1,1,1,1,1,0,0,0,0,0,0
esmc_6b,5,P56386,0,0,0,1,1,1,2,2,2,1,1,1,1,1,1,0,0,0
esmc_6b,5,P56425,0,0,1,1,1,1,1,1,0,0,0,0,1,1,0,0,0,0
esmc_6b,5,P56568,0,0,0,0,0,0,1,1,1,1,1,1,0,0,0,0,0,0
esmc_6b,5,P57774,1,1,1,1,1,1,1,1,1,1,1,1,0,0,0,0,0,0
esmc_6b,5,P58906,0,0,0,0,0,0,1,1,1,1,1,1,0,0,0,0,0,0
esmc_6b,5,P59082,0,0,0,0,0,0,1,1,1,1,1,1,0,0,0,0,0,0
esmc_6b,5,P59097,0,0,0,0,0,0,1,1,1,1,1,1,2,2,2,2,2,2
esmc_6b,5,P60022,0,0,0,0,1,1,2,2,2,2,1,1,1,1,1,1,0,0
esmc_6b,5,P60023,0,0,0,0,1,1,2,2,2,2,1,1,1,1,1,1,0,0
esmc_6b,5,P60590,0,0,0,1,1,1,2,2,2,1,1,1,1,1,1,0,0,0
esmc_6b,5,P60980,1,2,2,2,2,2,1,0,0,0,0,0,1,0,0,0,0,0
esmc_6b,5,P61103,1,1,1,1,1,1,0,0,0,0,0,0,1,1,1,1,1,1
esmc_6b,5,P61104,0,1,1,1,1,1,1,0,0,0,0,0,2,1,1,1,1,1
esmc_6b,5,P61261,0,0,0,0,0,0,2,2,2,2,2,2,1,1,1,1,1,1
esmc_6b,5,P61262,0,0,0,0,0,0,2,2,2,2,2,2,1,1,1,1,1,1
esmc_6b,5,P61263,0,0,0,0,1,1,2,2,2,2,1,1,1,1,1,1,0,0
esmc_6b,5,P61409,1,1,1,1,1,1,1,1,1,1,1,1,1,1,1,1,1,1
esmc_6b,5,P61849,1,1,1,1,1,1,0,0,0,0,0,0,0,0,0,0,0,0
esmc_6b,5,P62530,0,0,0,0,0,0,1,1,1,1,1,1,1,1,1,1,1,1
esmc_6b,5,P62531,0,0,0,0,0,0,1,1,1,1,1,1,1,1,1,1,1,1
esmc_6b,5,P63186,0,0,0,0,0,0,1,1,1,1,1,1,0,0,0,0,0,0
esmc_6b,5,P66125,1,1,1,1,1,1,0,0,0,0,0,0,0,0,0,0,0,0
esmc_6b,5,P66126,1,1,1,1,1,1,0,0,0,0,0,0,0,0,0,0,0,0
esmc_6b,5,P66133,1,1,1,1,1,1,0,0,0,0,0,0,1,1,1,1,1,1
esmc_6b,5,P66134,1,1,1,1,1,1,0,0,0,0,0,0,1,1,1,1,1,1
esmc_6b,5,P66135,1,1,1,1,1,1,0,0,0,0,0,0,0,0,0,0,0,0
esmc_6b,5,P66136,1,1,1,1,1,1,0,0,0,0,0,0,0,0,0,0,0,0
esmc_6b,5,P66137,1,1,1,1,1,1,0,0,0,0,0,0,0,0,0,0,0,0
esmc_6b,5,P66139,1,1,1,1,1,1,0,0,0,0,0,0,0,0,0,0,0,0
esmc_6b,5,P68004,0,0,0,1,1,1,1,1,1,0,0,0,1,1,1,0,0,0
esmc_6b,5,P68005,0,0,0,1,1,1,1,1,1,0,0,0,1,1,1,0,0,0
esmc_6b,5,P68248,0,0,0,0,0,0,1,1,1,1,1,1,2,2,2,2,2,2
esmc_6b,5,P68426,1,1,1,1,1,1,0,0,0,0,0,0,1,1,1,1,1,1
esmc_6b,5,P68827,0,1,1,1,1,1,1,0,0,0,0,0,1,0,0,0,0,0
esmc_6b,5,P75458,1,1,1,1,1,1,0,0,0,0,0,0,1,1,1,1,1,1
esmc_6b,5,P79076,0,0,0,0,0,0,1,1,1,1,1,1,1,1,1,1,1,1
esmc_6b,5,P79110,0,0,1,1,1,1,1,1,0,0,0,0,1,1,0,0,0,0
esmc_6b,5,P79362,0,0,0,0,0,0,1,1,1,1,1,1,1,1,1,1,1,1
esmc_6b,5,P79799,0,0,0,0,0,0,2,2,2,2,2,2,3,3,3,3,3,3
esmc_6b,5,P80710,0,0,1,1,1,1,3,3,2,2,2,2,1,1,0,0,0,0
esmc_6b,5,P80713,0,0,1,1,1,1,3,3,2,2,2,2,1,1,0,0,0,0
esmc_6b,5,P80734,1,1,1,1,1,1,0,0,0,0,0,0,0,0,0,0,0,0
esmc_6b,5,P80735,1,1,1,1,1,1,0,0,0,0,0,0,0,0,0,0,0,0
esmc_6b,5,P80957,0,0,1,1,1,1,1,1,0,0,0,0,1,1,0,0,0,0
esmc_6b,5,P81191,0,0,0,0,0,0,1,1,1,1,1,1,1,1,1,1,1,1
esmc_6b,5,P81401,3,3,3,3,3,3,1,1,1,1,1,1,4,4,4,4,4,4
esmc_6b,5,P81592,0,0,1,1,1,1,2,2,1,1,1,1,2,2,1,1,1,1
esmc_6b,5,P82018,0,0,0,0,0,0,1,1,1,1,1,1,1,1,1,1,1,1
esmc_6b,5,P83211,0,0,0,0,0,0,1,1,1,1,1,1,0,0,0,0,0,0
esmc_6b,5,P83303,1,1,1,1,1,1,0,0,0,0,0,0,1,1,1,1,1,1
esmc_6b,5,P83412,0,0,0,1,1,1,1,1,1,0,0,0,1,1,1,0,0,0
esmc_6b,5,P83974,1,1,1,1,1,1,0,0,0,0,0,0,1,1,1,1,1,1
esmc_6b,5,P84213,0,0,0,0,0,0,2,2,2,2,2,2,2,2,2,2,2,2
esmc_6b,5,P84408,0,0,0,0,0,0,1,1,1,1,1,1,0,0,0,0,0,0
esmc_6b,5,P84808,0,0,0,0,0,0,1,1,1,1,1,1,0,0,0,0,0,0
esmc_6b,5,P85527,1,1,1,1,1,1,0,0,0,0,0,0,0,0,0,0,0,0
esmc_6b,5,P86442,0,0,0,0,0,0,3,3,3,3,3,3,2,2,2,2,2,2
esmc_6b,5,P86828,0,1,1,1,1,1,1,0,0,0,0,0,1,0,0,0,0,0
esmc_6b,5,P91896,2,2,3,3,3,3,1,1,0,0,0,0,1,1,0,0,0,0
esmc_6b,5,P93248,0,0,0,0,0,0,1,1,1,1,1,1,0,0,0,0,0,0
esmc_6b,5,P93328,0,1,1,1,1,1,1,0,0,0,0,0,1,0,0,0,0,0
esmc_6b,5,P97785,0,0,0,0,0,0,1,1,1,1,1,1,1,1,1,1,1,1
esmc_6b,5,Q00663,1,1,1,1,1,1,0,0,0,0,0,0,0,0,0,0,0,0
esmc_6b,5,Q00676,0,0,0,0,0,0,1,1,1,1,1,1,1,1,1,1,1,1
esmc_6b,5,Q01133,0,0,0,0,0,0,4,4,4,4,4,4,2,2,2,2,2,2
esmc_6b,5,Q01413,0,0,0,0,0,0,1,1,1,1,1,1,1,1,1,1,1,1
esmc_6b,5,Q01416,1,1,1,1,1,1,0,0,0,0,0,0,0,0,0,0,0,0
esmc_6b,5,Q01758,0,0,0,0,0,0,1,1,1,1,1,1,1,1,1,1,1,1
esmc_6b,5,Q02ZA6,1,1,1,1,1,1,0,0,0,0,0,0,0,0,0,0,0,0
esmc_6b,5,Q03467,0,0,0,0,0,0,1,1,1,1,1,1,1,1,1,1,1,1
esmc_6b,5,Q03643,0,1,1,1,1,1,1,0,0,0,0,0,2,1,1,1,1,1
esmc_6b,5,Q03644,0,1,1,1,1,1,1,0,0,0,0,0,1,0,0,0,0,0
esmc_6b,5,Q03645,0,1,1,1,1,1,1,0,0,0,0,0,1,0,0,0,0,0
esmc_6b,5,Q03646,0,1,1,1,1,1,1,0,0,0,0,0,2,1,1,1,1,1
esmc_6b,5,Q03674,1,1,1,1,1,1,0,0,0,0,0,0,0,0,0,0,0,0
esmc_6b,5,Q03994,0,1,1,1,1,1,1,0,0,0,0,0,1,0,0,0,0,0
esmc_6b,5,Q03FZ9,0,1,1,1,1,1,1,0,0,0,0,0,1,0,0,0,0,0
esmc_6b,5,Q03M32,1,1,1,1,1,1,0,0,0,0,0,0,0,0,0,0,0,0
esmc_6b,5,Q04KI2,1,1,1,1,1,1,0,0,0,0,0,0,0,0,0,0,0,0
esmc_6b,5,Q058G9,0,0,0,0,0,1,2,2,2,2,2,1,3,3,3,3,3,2
esmc_6b,5,Q06145,0,0,0,0,0,0,2,2,2,2,2,2,2,2,2,2,2,2
esmc_6b,5,Q07053,0,0,0,0,0,0,1,1,1,1,1,1,0,0,0,0,0,0
esmc_6b,5,Q07988,1,1,1,1,1,1,0,0,0,0,0,0,0,0,0,0,0,0
esmc_6b,5,Q08108,1,1,1,1,1,1,0,0,0,0,0,0,0,0,0,0,0,0
esmc_6b,5,Q08761,1,1,1,1,1,1,0,0,0,0,0,0,0,0,0,0,0,0
esmc_6b,5,Q08890,0,0,0,0,0,0,1,1,1,1,1,1,0,0,0,0,0,0
esmc_6b,5,Q08906,0,0,0,0,1,1,1,1,1,1,0,0,1,1,1,1,0,0
esmc_6b,5,Q08907,1,1,1,1,1,1,0,0,0,0,0,0,0,0,0,0,0,0
esmc_6b,5,Q09169,1,1,1,1,1,1,1,1,1,1,1,1,1,1,1,1,1,1
esmc_6b,5,Q09175,0,0,0,0,0,0,1,1,1,1,1,1,0,0,0,0,0,0
esmc_6b,5,Q09982,0,0,1,1,1,1,4,4,3,3,3,3,2,2,1,1,1,1
esmc_6b,5,Q09JK2,1,1,1,1,1,1,0,0,0,0,0,0,0,0,0,0,0,0
esmc_6b,5,Q0AWJ2,1,1,1,1,1,1,0,0,0,0,0,0,0,0,0,0,0,0
esmc_6b,5,Q0EAE5,0,0,1,1,1,1,2,2,1,1,1,1,1,1,0,0,0,0
esmc_6b,5,Q0H293,0,0,0,0,1,1,1,1,1,1,0,0,1,1,1,1,0,0
esmc_6b,5,Q0IUL4,0,0,0,0,0,0,2,2,2,2,2,2,0,0,0,0,0,0
esmc_6b,5,Q0MWV8,0,1,1,1,1,1,2,1,1,1,1,1,1,0,0,0,0,0
esmc_6b,5,Q0SR53,1,1,1,1,1,1,0,0,0,0,0,0,1,1,1,1,1,1
esmc_6b,5,Q0THN1,0,0,0,0,0,0,1,1,1,1,1,1,0,0,0,0,0,0
esmc_6b,5,Q0TNI4,1,1,1,1,1,1,0,0,0,0,0,0,1,1,1,1,1,1
esmc_6b,5,Q10416,1,1,1,1,1,1,0,0,0,0,0,0,0,0,0,0,0,0
esmc_6b,5,Q10JL1,0,1,1,1,1,1,1,0,0,0,0,0,1,0,0,0,0,0
esmc_6b,5,Q12303,1,2,2,2,2,2,1,0,0,0,0,0,1,0,0,0,0,0
esmc_6b,5,Q14641,1,1,1,1,1,2,1,1,1,1,1,0,1,1,1,1,1,0
esmc_6b,5,Q14BU0,0,0,1,1,1,1,1,1,0,0,0,0,2,2,1,1,1,1
esmc_6b,5,Q15726,0,1,1,1,1,1,1,0,0,0,0,0,2,1,1,1,1,1
esmc_6b,5,Q16819,1,1,1,1,1,1,0,0,0,0,0,0,0,0,0,0,0,0
esmc_6b,5,Q16820,1,1,1,1,1,1,0,0,0,0,0,0,0,0,0,0,0,0
esmc_6b,5,Q16994,0,2,3,3,3,3,5,3,2,2,2,2,15,13,12,12,12,12
esmc_6b,5,Q16RI5,1,1,1,1,1,1,0,0,0,0,0,0,0,0,0,0,0,0
esmc_6b,5,Q17192,2,2,2,2,2,2,1,1,1,1,1,1,1,1,1,1,1,1
esmc_6b,5,Q17194,3,3,3,3,3,3,0,0,0,0,0,0,0,0,0,0,0,0
esmc_6b,5,Q17196,0,0,0,0,0,0,3,3,3,3,3,3,2,2,2,2,2,2
esmc_6b,5,Q17QV3,0,1,1,1,1,1,1,0,0,0,0,0,1,0,0,0,0,0
esmc_6b,5,Q18184,3,3,3,3,3,3,0,0,0,0,0,0,0,0,0,0,0,0
esmc_6b,5,Q18234,1,1,1,1,1,1,0,0,0,0,0,0,0,0,0,0,0,0
esmc_6b,5,Q18B22,1,1,1,1,1,1,0,0,0,0,0,0,0,0,0,0,0,0
esmc_6b,5,Q1C5C7,0,0,0,0,0,0,1,1,1,1,1,1,0,0,0,0,0,0
esmc_6b,5,Q1CKL2,0,0,0,0,0,0,1,1,1,1,1,1,0,0,0,0,0,0
esmc_6b,5,Q1ELU4,3,4,4,4,4,4,7,6,6,6,6,6,4,3,3,3,3,3
esmc_6b,5,Q1ELU5,1,2,3,3,3,3,11,10,9,9,9,9,6,5,4,4,4,4
esmc_6b,5,Q1ELU7,0,1,1,1,1,2,3,2,2,2,2,1,3,2,2,2,2,1
esmc_6b,5,Q1ELU8,0,1,1,1,1,2,3,2,2,2,2,1,3,2,2,2,2,1
esmc_6b,5,Q1JPW9,0,0,1,1,1,1,1,1,0,0,0,0,2,2,1,1,1,1
esmc_6b,5,Q1KLX1,0,0,0,0,1,1,1,1,1,1,0,0,1,1,1,1,0,0
esmc_6b,5,Q1KLX2,0,0,0,0,1,1,1,1,1,1,0,0,1,1,1,1,0,0
esmc_6b,5,Q1KLX3,0,0,0,0,0,0,1,1,1,1,1,1,1,1,1,1,1,1
esmc_6b,5,Q1KLX4,0,0,0,0,0,0,1,1,1,1,1,1,1,1,1,1,1,1
esmc_6b,5,Q1KLX5,0,0,0,0,0,0,1,1,1,1,1,1,1,1,1,1,1,1
esmc_6b,5,Q1KLX6,0,0,0,0,0,0,1,1,1,1,1,1,1,1,1,1,1,1
esmc_6b,5,Q1KLX7,0,0,0,0,0,0,1,1,1,1,1,1,1,1,1,1,1,1
esmc_6b,5,Q1KLX8,0,0,0,0,1,1,1,1,1,1,0,0,1,1,1,1,0,0
esmc_6b,5,Q1KLY0,0,0,0,0,0,0,1,1,1,1,1,1,1,1,1,1,1,1
esmc_6b,5,Q1KLY2,0,0,0,0,0,0,1,1,1,1,1,1,1,1,1,1,1,1
esmc_6b,5,Q1KLY3,0,0,0,0,1,1,1,1,1,1,0,0,1,1,1,1,0,0
esmc_6b,5,Q1KLY4,0,0,1,1,1,1,1,1,0,0,0,0,1,1,0,0,0,0
esmc_6b,5,Q1KLY5,0,0,0,0,0,1,1,1,1,1,1,0,1,1,1,1,1,0
esmc_6b,5,Q1KLY6,0,0,0,0,0,0,1,1,1,1,1,1,1,1,1,1,1,1
esmc_6b,5,Q1KLY7,0,0,1,1,1,1,1,1,0,0,0,0,1,1,0,0,0,0
esmc_6b,5,Q1KLY8,0,0,1,1,1,1,1,1,0,0,0,0,1,1,0,0,0,0
esmc_6b,5,Q1PFD8,1,1,1,1,1,1,0,0,0,0,0,0,0,0,0,0,0,0
esmc_6b,5,Q24238,1,1,1,1,1,1,0,0,0,0,0,0,0,0,0,0,0,0
esmc_6b,5,Q25413,16,16,16,16,16,16,2,2,2,2,2,2,3,3,3,3,3,3
esmc_6b,5,Q27173,0,0,0,1,1,1,1,1,1,0,0,0,3,3,3,2,2,2
esmc_6b,5,Q27174,0,0,0,1,1,1,1,1,1,0,0,0,3,3,3,2,2,2
esmc_6b,5,Q27181,0,0,0,1,1,1,1,1,1,0,0,0,3,3,3,2,2,2
esmc_6b,5,Q27677,1,1,1,1,1,1,0,0,0,0,0,0,0,0,0,0,0,0
esmc_6b,5,Q27954,0,0,0,0,0,0,1,1,1,1,1,1,0,0,0,0,0,0
esmc_6b,5,Q28HK1,0,0,1,1,1,1,1,1,0,0,0,0,1,1,0,0,0,0
esmc_6b,5,Q29486,0,0,1,1,1,1,1,1,0,0,0,0,1,1,0,0,0,0
esmc_6b,5,Q295C6,2,2,2,2,2,2,3,3,3,3,3,3,0,0,0,0,0,0
esmc_6b,5,Q29B55,0,0,0,0,0,0,2,2,2,2,2,2,2,2,2,2,2,2
esmc_6b,5,Q29W19,0,0,0,1,1,1,2,2,2,1,1,1,1,1,1,0,0,0
esmc_6b,5,Q2FG82,1,1,1,1,1,1,0,0,0,0,0,0,1,1,1,1,1,1
esmc_6b,5,Q2FUW9,0,0,0,0,0,0,1,1,1,1,1,1,1,1,1,1,1,1
esmc_6b,5,Q2FXT0,1,1,1,1,1,1,0,0,0,0,0,0,1,1,1,1,1,1
esmc_6b,5,Q2HYY9,1,1,1,1,1,1,0,0,0,0,0,0,0,0,0,0,0,0
esmc_6b,5,Q2IAL6,0,0,0,0,1,1,1,1,1,1,0,0,2,2,2,2,1,1
esmc_6b,5,Q2IAL7,0,0,0,0,0,0,1,1,1,1,1,1,1,1,1,1,1,1
esmc_6b,5,Q2KJI7,0,0,0,0,0,0,1,1,1,1,1,1,0,0,0,0,0,0
esmc_6b,5,Q2NIJ9,1,1,1,1,1,1,0,0,0,0,0,0,0,0,0,0,0,0
esmc_6b,5,Q2SS74,1,1,1,1,1,1,0,0,0,0,0,0,0,0,0,0,0,0
esmc_6b,5,Q2TA14,0,0,1,1,1,1,1,1,0,0,0,0,1,1,0,0,0,0
esmc_6b,5,Q2YT85,1,1,1,1,1,1,0,0,0,0,0,0,1,1,1,1,1,1
esmc_6b,5,Q32ZI4,1,1,1,1,1,1,0,0,0,0,0,0,0,0,0,0,0,0
esmc_6b,5,Q39131,0,1,1,1,1,1,1,0,0,0,0,0,1,0,0,0,0,0
esmc_6b,5,Q39962,0,0,0,0,0,0,1,1,1,1,1,1,0,0,0,0,0,0
esmc_6b,5,Q3C255,1,1,1,1,1,1,0,0,0,0,0,0,0,0,0,0,0,0
esmc_6b,5,Q3C256,1,1,1,1,1,1,0,0,0,0,0,0,0,0,0,0,0,0
esmc_6b,5,Q3SB03,0,0,0,0,0,0,1,1,1,1,1,1,0,0,0,0,0,0
esmc_6b,5,Q3SB04,0,0,0,0,0,0,1,1,1,1,1,1,0,0,0,0,0,0
esmc_6b,5,Q3SB05,0,0,0,0,0,0,1,1,1,1,1,1,0,0,0,0,0,0
esmc_6b,5,Q3SB06,0,0,0,0,0,0,1,1,1,1,1,1,0,0,0,0,0,0
esmc_6b,5,Q3SB07,0,0,0,0,0,0,1,1,1,1,1,1,0,0,0,0,0,0
esmc_6b,5,Q40987,0,0,0,0,0,0,1,1,1,1,1,1,0,0,0,0,0,0
esmc_6b,5,Q41114,0,0,0,0,0,0,1,1,1,1,1,1,0,0,0,0,0,0
esmc_6b,5,Q42460,0,0,0,0,0,0,1,1,1,1,1,1,0,0,0,0,0,0
esmc_6b,5,Q48501,1,1,1,2,2,2,1,1,1,0,0,0,1,1,1,0,0,0
esmc_6b,5,Q49Y83,1,1,1,1,1,1,0,0,0,0,0,0,1,1,1,1,1,1
esmc_6b,5,Q4L6Z1,1,1,1,1,1,1,0,0,0,0,0,0,1,1,1,1,1,1
esmc_6b,5,Q4PSZ8,1,1,1,1,1,1,0,0,0,0,0,0,0,0,0,0,0,0
esmc_6b,5,Q4WFV6,1,1,1,1,1,1,0,0,0,0,0,0,0,0,0,0,0,0
esmc_6b,5,Q4WI46,1,1,1,1,1,1,0,0,0,0,0,0,0,0,0,0,0,0
esmc_6b,5,Q53I06,0,1,1,1,1,1,1,0,0,0,0,0,1,0,0,0,0,0
esmc_6b,5,Q54EQ7,1,1,1,1,1,1,0,0,0,0,0,0,0,0,0,0,0,0
esmc_6b,5,Q58D68,1,1,1,1,1,1,0,0,0,0,0,0,0,0,0,0,0,0
esmc_6b,5,Q59PF9,1,1,1,1,1,1,0,0,0,0,0,0,0,0,0,0,0,0
esmc_6b,5,Q59SU1,1,1,1,1,1,1,0,0,0,0,0,0,1,1,1,1,1,1
esmc_6b,5,Q59XA7,1,1,1,1,1,1,0,0,0,0,0,0,0,0,0,0,0,0
esmc_6b,5,Q59XB0,1,1,1,1,1,1,0,0,0,0,0,0,0,0,0,0,0,0
esmc_6b,5,Q59XL0,1,1,1,1,1,1,0,0,0,0,0,0,0,0,0,0,0,0
esmc_6b,5,Q5A029,1,1,1,1,1,1,0,0,0,0,0,0,0,0,0,0,0,0
esmc_6b,5,Q5A1E0,1,1,1,1,1,1,0,0,0,0,0,0,0,0,0,0,0,0
esmc_6b,5,Q5A210,1,1,1,1,1,1,0,0,0,0,0,0,0,0,0,0,0,0
esmc_6b,5,Q5A5M7,1,1,1,1,1,1,0,0,0,0,0,0,0,0,0,0,0,0
esmc_6b,5,Q5A651,1,1,1,1,1,1,0,0,0,0,0,0,1,1,1,1,1,1
esmc_6b,5,Q5A6M2,1,1,1,1,1,1,0,0,0,0,0,0,0,0,0,0,0,0
esmc_6b,5,Q5A6U1,1,1,1,1,1,1,0,0,0,0,0,0,0,0,0,0,0,0
esmc_6b,5,Q5A849,0,0,0,0,0,0,1,1,1,1,1,1,1,1,1,1,1,1
esmc_6b,5,Q5AAL9,1,1,1,1,1,1,0,0,0,0,0,0,0,0,0,0,0,0
esmc_6b,5,Q5ACP5,0,0,0,0,0,0,1,1,1,1,1,1,0,0,0,0,0,0
esmc_6b,5,Q5AD34,1,1,1,1,1,1,0,0,0,0,0,0,0,0,0,0,0,0
esmc_6b,5,Q5AJC0,0,0,0,0,1,1,1,1,1,1,0,0,1,1,1,1,0,0
esmc_6b,5,Q5AL03,1,1,1,1,1,1,0,0,0,0,0,0,0,0,0,0,0,0
esmc_6b,5,Q5BIV7,0,1,1,1,1,1,1,0,0,0,0,0,2,1,1,1,1,1
esmc_6b,5,Q5BIV9,0,0,1,1,1,1,1,1,0,0,0,0,4,4,3,3,3,3
esmc_6b,5,Q5BKW7,0,1,1,1,1,1,1,0,0,0,0,0,1,0,0,0,0,0
esmc_6b,5,Q5CZK6,1,1,1,1,1,1,1,1,1,1,1,1,1,1,1,1,1,1
esmc_6b,5,Q5E9X0,0,1,1,1,1,1,1,0,0,0,0,0,1,0,0,0,0,0
esmc_6b,5,Q5G234,0,0,0,0,0,0,1,1,1,1,1,1,1,1,1,1,1,1
esmc_6b,5,Q5HFB8,1,1,1,1,1,1,0,0,0,0,0,0,1,1,1,1,1,1
esmc_6b,5,Q5HNQ6,1,1,1,1,1,1,0,0,0,0,0,0,1,1,1,1,1,1
esmc_6b,5,Q5JNJ5,0,0,0,0,0,0,1,1,1,1,1,1,1,1,1,1,1,1
esmc_6b,5,Q5KWP3,1,1,1,1,1,1,0,0,0,0,0,0,1,1,1,1,1,1
esmc_6b,5,Q5M158,1,1,1,1,1,1,0,0,0,0,0,0,0,0,0,0,0,0
esmc_6b,5,Q5PU89,1,1,1,1,1,1,0,0,0,0,0,0,0,0,0,0,0,0
esmc_6b,5,Q5RAD6,0,0,0,1,1,1,1,1,1,0,0,0,1,1,1,0,0,0
esmc_6b,5,Q5RB45,0,1,1,1,1,1,1,0,0,0,0,0,1,0,0,0,0,0
esmc_6b,5,Q5RBU7,0,0,0,0,0,0,1,1,1,1,1,1,1,1,1,1,1,1
esmc_6b,5,Q5WES5,1,1,1,1,1,1,0,0,0,0,0,0,1,1,1,1,1,1
esmc_6b,5,Q5XCS5,1,1,1,1,1,1,0,0,0,0,0,0,0,0,0,0,0,0
esmc_6b,5,Q5XIF4,0,0,0,0,0,0,1,1,1,1,1,1,1,1,1,1,1,1
esmc_6b,5,Q5Z9C8,1,1,1,1,1,1,0,0,0,0,0,0,0,0,0,0,0,0
esmc_6b,5,Q60E70,1,1,1,1,1,1,0,0,0,0,0,0,0,0,0,0,0,0
esmc_6b,5,Q61207,0,0,0,0,0,0,3,3,3,3,3,3,1,1,1,1,1,1
esmc_6b,5,Q61247,0,0,0,0,0,0,1,1,1,1,1,1,0,0,0,0,0,0
esmc_6b,5,Q61847,0,0,1,1,1,1,1,1,0,0,0,0,1,1,0,0,0,0
esmc_6b,5,Q62997,0,0,0,0,0,0,1,1,1,1,1,1,1,1,1,1,1,1
esmc_6b,5,Q634A1,1,1,1,1,1,1,0,0,0,0,0,0,1,1,1,1,1,1
esmc_6b,5,Q64171,1,1,1,1,1,1,1,1,1,1,1,1,1,1,1,1,1,1
esmc_6b,5,Q64230,0,0,0,0,0,0,1,1,1,1,1,1,2,2,2,2,2,2
esmc_6b,5,Q64339,0,0,0,0,0,0,1,1,1,1,1,1,0,0,0,0,0,0
esmc_6b,5,Q65DC2,1,1,1,1,1,1,0,0,0,0,0,0,0,0,0,0,0,0
esmc_6b,5,Q65GM5,1,1,1,1,1,1,0,0,0,0,0,0,1,1,1,1,1,1
esmc_6b,5,Q667N8,0,0,0,0,0,0,1,1,1,1,1,1,0,0,0,0,0,0
esmc_6b,5,Q66IA6,0,0,1,1,1,1,1,1,0,0,0,0,1,1,0,0,0,0
esmc_6b,5,Q67SC7,0,1,1,1,1,1,1,0,0,0,0,0,1,0,0,0,0,0
esmc_6b,5,Q6DDP3,0,1,1,1,1,1,1,0,0,0,0,0,1,0,0,0,0,0
esmc_6b,5,Q6E3K9,0,0,0,0,0,1,1,1,1,1,1,0,2,2,2,2,2,1
esmc_6b,5,Q6ECK6,1,3,3,3,3,3,3,1,1,1,1,1,3,1,1,1,1,1
esmc_6b,5,Q6F125,1,1,1,1,1,1,0,0,0,0,0,0,1,1,1,1,1,1
esmc_6b,5,Q6G8S4,1,1,1,1,1,1,0,0,0,0,0,0,1,1,1,1,1,1
esmc_6b,5,Q6GG59,1,1,1,1,1,1,0,0,0,0,0,0,1,1,1,1,1,1
esmc_6b,5,Q6HD83,1,1,1,1,1,1,0,0,0,0,0,0,1,1,1,1,1,1
esmc_6b,5,Q6IV23,0,0,1,1,1,1,1,1,0,0,0,0,2,2,1,1,1,1
esmc_6b,5,Q6IV26,0,0,0,0,0,0,1,1,1,1,1,1,1,1,1,1,1,1
esmc_6b,5,Q6LZM3,0,1,1,1,1,1,1,0,0,0,0,0,1,0,0,0,0,0
esmc_6b,5,Q6MT50,0,1,1,1,1,1,1,0,0,0,0,0,1,0,0,0,0,0
esmc_6b,5,Q6NLD7,1,1,1,1,1,1,0,0,0,0,0,0,0,0,0,0,0,0
esmc_6b,5,Q6NLF7,0,0,1,1,1,1,1,1,0,0,0,0,1,1,0,0,0,0
esmc_6b,5,Q6NNL3,1,1,1,1,1,1,0,0,0,0,0,0,0,0,0,0,0,0
esmc_6b,5,Q6NUJ1,0,0,0,0,0,0,5,5,5,5,5,5,0,0,0,0,0,0
esmc_6b,5,Q6NWB6,0,0,0,0,0,0,1,1,1,1,1,1,3,3,3,3,3,3
esmc_6b,5,Q6QLQ5,0,0,0,0,1,1,1,1,1,1,0,0,2,2,2,2,1,1
esmc_6b,5,Q6QLR1,0,0,0,0,0,0,1,1,1,1,1,1,1,1,1,1,1,1
esmc_6b,5,Q6QWR1,0,0,0,0,0,0,1,1,1,1,1,1,0,0,0,0,0,0
esmc_6b,5,Q6RUW3,1,1,1,1,1,1,1,1,1,1,1,1,0,0,0,0,0,0
esmc_6b,5,Q6UG02,0,0,0,0,0,0,1,1,1,1,1,1,2,2,2,2,2,2
esmc_6b,5,Q6UQ28,0,0,0,0,0,0,1,1,1,1,1,1,1,1,1,1,1,1
esmc_6b,5,Q6UWR7,1,1,1,1,1,1,0,0,0,0,0,0,0,0,0,0,0,0
esmc_6b,5,Q6UX82,0,0,1,1,1,1,1,1,0,0,0,0,1,1,0,0,0,0
esmc_6b,5,Q6XMH8,0,0,1,1,1,1,2,2,1,1,1,1,3,3,2,2,2,2
esmc_6b,5,Q6Y4S4,0,0,0,1,1,1,1,1,1,0,0,0,2,2,2,1,1,1
esmc_6b,5,Q6YRC7,1,1,1,1,1,1,0,0,0,0,0,0,0,0,0,0,0,0
esmc_6b,5,Q6Z4G7,1,1,1,1,1,1,0,0,0,0,0,0,0,0,0,0,0,0
esmc_6b,5,Q6Z4G8,0,1,1,1,1,1,1,0,0,0,0,0,1,0,0,0,0,0
esmc_6b,5,Q71ZD0,1,1,1,1,1,1,0,0,0,0,0,0,0,0,0,0,0,0
esmc_6b,5,Q72ZY3,1,1,1,1,1,1,0,0,0,0,0,0,1,1,1,1,1,1
esmc_6b,5,Q74IL5,1,1,1,1,1,1,0,0,0,0,0,0,0,0,0,0,0,0
esmc_6b,5,Q75UG5,0,0,0,0,0,0,2,2,2,2,2,2,1,1,1,1,1,1
esmc_6b,5,Q75WG7,1,1,1,1,1,1,0,0,0,0,0,0,0,0,0,0,0,0
esmc_6b,5,Q75WH2,0,0,1,1,1,1,2,2,1,1,1,1,1,1,0,0,0,0
esmc_6b,5,Q75WH4,1,1,1,1,1,1,0,0,0,0,0,0,0,0,0,0,0,0
esmc_6b,5,Q75WH5,1,1,1,1,1,1,0,0,0,0,0,0,1,1,1,1,1,1
esmc_6b,5,Q75WH6,1,1,1,1,1,1,0,0,0,0,0,0,1,1,1,1,1,1
esmc_6b,5,Q765Z4,0,0,0,0,1,1,1,1,1,1,0,0,1,1,1,1,0,0
esmc_6b,5,Q769J6,1,1,1,1,1,1,0,0,0,0,0,0,0,0,0,0,0,0
esmc_6b,5,Q76CL2,1,1,1,1,1,1,1,1,1,1,1,1,0,0,0,0,0,0
esmc_6b,5,Q76LX8,0,0,0,0,1,1,1,1,1,1,0,0,1,1,1,1,0,0
esmc_6b,5,Q7JGL8,0,0,0,0,1,1,2,2,2,2,1,1,1,1,1,1,0,0
esmc_6b,5,Q7JGL9,0,0,0,0,0,0,2,2,2,2,2,2,1,1,1,1,1,1
esmc_6b,5,Q7JGM0,0,0,0,0,0,0,2,2,2,2,2,2,1,1,1,1,1,1
esmc_6b,5,Q7JGM1,0,0,0,0,1,1,2,2,2,2,1,1,1,1,1,1,0,0
esmc_6b,5,Q7JGM2,0,0,0,0,1,1,2,2,2,2,1,1,1,1,1,1,0,0
esmc_6b,5,Q7KUD5,0,1,1,2,2,2,3,2,2,1,1,1,4,3,3,2,2,2
esmc_6b,5,Q7M3V5,2,2,2,2,2,2,0,0,0,0,0,0,0,0,0,0,0,0
esmc_6b,5,Q7NBB0,1,1,1,1,1,1,0,0,0,0,0,0,1,1,1,1,1,1
esmc_6b,5,Q7Q7R8,1,1,1,1,1,1,0,0,0,0,0,0,1,1,1,1,1,1
esmc_6b,5,Q7RTW8,0,0,1,1,1,1,1,1,0,0,0,0,1,1,0,0,0,0
esmc_6b,5,Q7TMR0,0,0,1,1,1,1,1,1,0,0,0,0,1,1,0,0,0,0
esmc_6b,5,Q7TQN2,1,1,1,1,1,1,0,0,0,0,0,0,0,0,0,0,0,0
esmc_6b,5,Q7TSB7,0,0,0,1,1,1,1,1,1,0,0,0,2,2,2,1,1,1
esmc_6b,5,Q7XR91,0,1,1,1,1,1,1,0,0,0,0,0,1,0,0,0,0,0
esmc_6b,5,Q7YXK5,1,1,1,1,1,1,0,0,0,0,0,0,0,0,0,0,0,0
esmc_6b,5,Q803Y4,1,1,1,1,1,1,0,0,0,0,0,0,0,0,0,0,0,0
esmc_6b,5,Q817U4,1,1,1,1,1,1,0,0,0,0,0,0,1,1,1,1,1,1
esmc_6b,5,Q81LE8,1,1,1,1,1,1,0,0,0,0,0,0,1,1,1,1,1,1
esmc_6b,5,Q836X4,0,1,1,1,1,1,1,0,0,0,0,0,1,0,0,0,0,0
esmc_6b,5,Q83RD2,0,0,0,0,0,0,1,1,1,1,1,1,0,0,0,0,0,0
esmc_6b,5,Q84JV2,1,1,1,1,1,1,0,0,0,0,0,0,0,0,0,0,0,0
esmc_6b,5,Q84W98,0,0,1,1,1,1,1,1,0,0,0,0,1,1,0,0,0,0
esmc_6b,5,Q86C51,1,1,1,1,1,1,0,0,0,0,0,0,1,1,1,1,1,1
esmc_6b,5,Q86MA7,24,25,25,25,29,30,41,40,40,40,36,35,16,15,15,15,11,10
esmc_6b,5,Q86QN6,0,0,1,1,1,1,1,1,0,0,0,0,1,1,0,0,0,0
esmc_6b,5,Q86UU9,0,2,3,3,3,3,4,2,1,1,1,1,4,2,1,1,1,1
esmc_6b,5,Q86Y78,1,1,1,1,1,1,0,0,0,0,0,0,0,0,0,0,0,0
esmc_6b,5,Q88WN3,0,1,1,1,1,1,1,0,0,0,0,0,1,0,0,0,0,0
esmc_6b,5,Q892N6,1,1,1,1,1,1,0,0,0,0,0,0,0,0,0,0,0,0
esmc_6b,5,Q8AVA3,0,0,0,0,0,0,1,1,1,1,1,1,0,0,0,0,0,0
esmc_6b,5,Q8AVA4,0,0,0,0,0,0,1,1,1,1,1,1,0,0,0,0,0,0
esmc_6b,5,Q8BGN3,1,1,1,1,1,1,0,0,0,0,0,0,0,0,0,0,0,0
esmc_6b,5,Q8BGN6,0,0,0,0,0,0,1,1,1,1,1,1,2,2,2,2,2,2
esmc_6b,5,Q8BH61,0,0,0,0,0,0,1,1,1,1,1,1,1,1,1,1,1,1
esmc_6b,5,Q8BJ48,0,1,1,1,1,1,1,0,0,0,0,0,1,0,0,0,0,0
esmc_6b,5,Q8BPP5,1,1,1,1,1,1,0,0,0,0,0,0,0,0,0,0,0,0
esmc_6b,5,Q8BWU1,0,1,1,1,1,1,1,0,0,0,0,0,2,1,1,1,1,1
esmc_6b,5,Q8C1C1,0,0,0,0,0,0,5,5,5,5,5,5,0,0,0,0,0,0
esmc_6b,5,Q8CFZ4,1,1,1,1,1,1,0,0,0,0,0,0,0,0,0,0,0,0
esmc_6b,5,Q8CH01,0,0,0,0,1,1,2,2,2,2,1,1,1,1,1,1,0,0
esmc_6b,5,Q8CIE6,0,0,0,0,0,0,1,1,1,1,1,1,0,0,0,0,0,0
esmc_6b,5,Q8CS89,1,1,1,1,1,1,0,0,0,0,0,0,1,1,1,1,1,1
esmc_6b,5,Q8CW15,0,0,0,0,0,0,1,1,1,1,1,1,0,0,0,0,0,0
esmc_6b,5,Q8DQN5,0,0,0,0,0,0,1,1,1,1,1,1,2,2,2,2,2,2
esmc_6b,5,Q8DUQ4,1,1,1,1,1,1,0,0,0,0,0,0,0,0,0,0,0,0
esmc_6b,5,Q8DYV5,1,1,1,1,1,1,0,0,0,0,0,0,0,0,0,0,0,0
esmc_6b,5,Q8E4G3,1,1,1,1,1,1,0,0,0,0,0,0,0,0,0,0,0,0
esmc_6b,5,Q8EPP8,1,1,1,1,1,1,0,0,0,0,0,0,0,0,0,0,0,0
esmc_6b,5,Q8EVW5,1,1,1,1,1,1,0,0,0,0,0,0,0,0,0,0,0,0
esmc_6b,5,Q8GCB2,1,1,1,1,1,1,0,0,0,0,0,0,0,0,0,0,0,0
esmc_6b,5,Q8GTM0,0,0,0,0,0,0,1,1,1,1,1,1,1,1,1,1,1,1
esmc_6b,5,Q8H6Q0,0,0,0,0,1,1,1,1,1,1,0,0,1,1,1,1,0,0
esmc_6b,5,Q8H6Q1,0,0,0,0,0,1,1,1,1,1,1,0,1,1,1,1,1,0
esmc_6b,5,Q8HYC2,1,1,1,1,1,1,0,0,0,0,0,0,0,0,0,0,0,0
esmc_6b,5,Q8I423,0,0,0,0,0,0,1,1,1,1,1,1,1,1,1,1,1,1
esmc_6b,5,Q8ILP3,1,1,1,1,1,1,0,0,0,0,0,0,0,0,0,0,0,0
esmc_6b,5,Q8IV16,0,0,1,1,1,1,1,1,0,0,0,0,1,1,0,0,0,0
esmc_6b,5,Q8J136,0,0,0,0,0,0,1,1,1,1,1,1,1,1,1,1,1,1
esmc_6b,5,Q8J2V8,0,0,0,0,0,0,1,1,1,1,1,1,0,0,0,0,0,0
esmc_6b,5,Q8JZQ2,0,0,0,0,0,0,1,1,1,1,1,1,0,0,0,0,0,0
esmc_6b,5,Q8JZU2,0,0,1,1,1,1,1,1,0,0,0,0,1,1,0,0,0,0
esmc_6b,5,Q8K561,1,1,1,1,1,1,0,0,0,0,0,0,0,0,0,0,0,0
esmc_6b,5,Q8L6Z5,0,1,1,1,1,1,1,0,0,0,0,0,1,0,0,0,0,0
esmc_6b,5,Q8L8Q7,1,1,1,1,1,1,0,0,0,0,0,0,0,0,0,0,0,0
esmc_6b,5,Q8LA14,0,1,1,1,1,1,1,0,0,0,0,0,1,0,0,0,0,0
esmc_6b,5,Q8LC95,0,0,0,1,1,1,1,1,1,0,0,0,1,1,1,0,0,0
esmc_6b,5,Q8LD63,1,1,1,1,1,1,0,0,0,0,0,0,0,0,0,0,0,0
esmc_6b,5,Q8LEE9,0,0,1,1,1,1,1,1,0,0,0,0,1,1,0,0,0,0
esmc_6b,5,Q8LEJ6,1,1,1,1,1,1,0,0,0,0,0,0,0,0,0,0,0,0
esmc_6b,5,Q8MP00,1,1,1,1,1,1,0,0,0,0,0,0,1,1,1,1,1,1
esmc_6b,5,Q8NI32,0,0,1,1,1,1,1,1,0,0,0,0,1,1,0,0,0,0
esmc_6b,5,Q8QGP7,0,0,0,1,1,1,2,2,2,1,1,1,1,1,1,0,0,0
esmc_6b,5,Q8R182,1,1,1,1,1,1,0,0,0,0,0,0,0,0,0,0,0,0
esmc_6b,5,Q8RBA7,1,1,1,1,1,1,0,0,0,0,0,0,0,0,0,0,0,0
esmc_6b,5,Q8REI3,1,1,1,1,1,1,0,0,0,0,0,0,0,0,0,0,0,0
esmc_6b,5,Q8T112,1,1,1,1,1,1,1,1,1,1,1,1,0,0,0,0,0,0
esmc_6b,5,Q8T1G4,0,0,0,0,0,0,1,1,1,1,1,1,0,0,0,0,0,0
esmc_6b,5,Q8T1G5,0,0,0,0,0,0,1,1,1,1,1,1,0,0,0,0,0,0
esmc_6b,5,Q8T1G6,0,0,0,0,0,0,1,1,1,1,1,1,0,0,0,0,0,0
esmc_6b,5,Q8VXF2,0,0,0,0,0,0,2,2,2,2,2,2,0,0,0,0,0,0
esmc_6b,5,Q8WVF2,0,0,1,1,1,1,1,1,0,0,0,0,1,1,0,0,0,0
esmc_6b,5,Q8X783,0,0,0,0,0,0,1,1,1,1,1,1,0,0,0,0,0,0
esmc_6b,5,Q8XIJ1,1,1,1,1,1,1,0,0,0,0,0,0,1,1,1,1,1,1
esmc_6b,5,Q8ZDC4,0,0,0,0,0,0,1,1,1,1,1,1,0,0,0,0,0,0
esmc_6b,5,Q8ZPK9,0,0,0,0,0,0,1,1,1,1,1,1,0,0,0,0,0,0
esmc_6b,5,Q90WF4,0,0,0,0,0,0,2,2,2,2,2,2,3,3,3,3,3,3
esmc_6b,5,Q91V70,0,0,0,0,0,0,1,1,1,1,1,1,1,1,1,1,1,1
esmc_6b,5,Q91V82,0,0,0,1,1,1,1,1,1,0,0,0,1,1,1,0,0,0
esmc_6b,5,Q92058,0,1,1,1,1,1,1,0,0,0,0,0,1,0,0,0,0,0
esmc_6b,5,Q924B5,0,1,1,1,1,1,1,0,0,0,0,0,1,0,0,0,0,0
esmc_6b,5,Q931Q3,1,1,1,1,1,1,0,0,0,0,0,0,1,1,1,1,1,1
esmc_6b,5,Q93MH4,0,0,0,0,0,0,1,1,1,1,1,1,0,0,0,0,0,0
esmc_6b,5,Q93MH6,0,0,0,0,0,0,1,1,1,1,1,1,0,0,0,0,0,0
esmc_6b,5,Q93WH6,0,0,0,0,0,0,2,2,2,2,2,2,0,0,0,0,0,0
esmc_6b,5,Q93X49,0,0,0,0,0,0,2,2,2,2,2,2,0,0,0,0,0,0
esmc_6b,5,Q93XK2,0,0,0,0,0,0,1,1,1,1,1,1,0,0,0,0,0,0
esmc_6b,5,Q941C5,0,0,1,1,1,1,1,1,0,0,0,0,1,1,0,0,0,0
esmc_6b,5,Q94BT2,1,1,1,1,1,1,0,0,0,0,0,0,0,0,0,0,0,0
esmc_6b,5,Q94DM8,1,1,1,1,1,1,0,0,0,0,0,0,1,1,1,1,1,1
esmc_6b,5,Q94EY2,0,1,1,1,1,1,1,0,0,0,0,0,1,0,0,0,0,0
esmc_6b,5,Q94F08,1,1,1,1,1,1,0,0,0,0,0,0,0,0,0,0,0,0
esmc_6b,5,Q94KT8,1,1,1,1,1,1,0,0,0,0,0,0,0,0,0,0,0,0
esmc_6b,5,Q95J18,0,0,0,0,0,0,2,2,2,2,2,2,1,1,1,1,1,1
esmc_6b,5,Q95J22,0,0,0,0,1,1,2,2,2,2,1,1,1,1,1,1,0,0
esmc_6b,5,Q95J24,0,0,0,0,1,1,2,2,2,2,1,1,1,1,1,1,0,0
esmc_6b,5,Q95J46,1,1,1,1,1,1,0,0,0,0,0,0,0,0,0,0,0,0
esmc_6b,5,Q95M66,0,0,0,0,1,1,2,2,2,2,1,1,1,1,1,1,0,0
esmc_6b,5,Q95P48,2,2,2,2,2,2,5,5,5,5,5,5,5,5,5,5,5,5
esmc_6b,5,Q97JL5,0,1,1,1,1,1,1,0,0,0,0,0,1,0,0,0,0,0
esmc_6b,5,Q99317,0,1,1,1,1,1,1,0,0,0,0,0,2,1,1,1,1,1
esmc_6b,5,Q99319,0,1,1,1,1,1,1,0,0,0,0,0,2,1,1,1,1,1
esmc_6b,5,Q99320,0,1,1,1,1,1,1,0,0,0,0,0,2,1,1,1,1,1
esmc_6b,5,Q99MP5,0,0,0,0,0,0,1,1,1,1,1,1,1,1,1,1,1,1
esmc_6b,5,Q99N14,0,1,1,1,1,1,2,1,1,1,1,1,1,0,0,0,0,0
esmc_6b,5,Q9AR88,0,0,0,0,0,0,2,2,2,2,2,2,1,1,1,1,1,1
esmc_6b,5,Q9BY14,1,1,1,1,1,1,0,0,0,0,0,0,0,0,0,0,0,0
esmc_6b,5,Q9BZD6,0,0,0,0,0,0,1,1,1,1,1,1,2,2,2,2,2,2
esmc_6b,5,Q9CA23,1,1,1,1,1,1,0,0,0,0,0,0,0,0,0,0,0,0
esmc_6b,5,Q9CGL5,1,1,1,1,1,1,0,0,0,0,0,0,0,0,0,0,0,0
esmc_6b,5,Q9D1N2,0,0,1,1,1,1,1,1,0,0,0,0,1,1,0,0,0,0
esmc_6b,5,Q9D7F2,0,1,1,1,1,1,1,0,0,0,0,0,1,0,0,0,0,0
esmc_6b,5,Q9D7S0,1,1,1,1,1,1,0,0,0,0,0,0,0,0,0,0,0,0
esmc_6b,5,Q9DGK7,0,0,0,0,0,0,2,2,2,2,2,2,1,1,1,1,1,1
esmc_6b,5,Q9EPI2,0,1,1,1,1,1,1,0,0,0,0,0,1,0,0,0,0,0
esmc_6b,5,Q9EPS2,0,0,0,0,0,0,2,2,2,2,2,2,1,1,1,1,1,1
esmc_6b,5,Q9FEB4,0,0,0,0,0,0,2,2,2,2,2,2,0,0,0,0,0,0
esmc_6b,5,Q9FFH6,0,1,1,1,1,1,1,0,0,0,0,0,1,0,0,0,0,0
esmc_6b,5,Q9FHQ6,0,0,0,0,0,0,1,1,1,1,1,1,0,0,0,0,0,0
esmc_6b,5,Q9FIW0,0,0,0,0,0,0,2,2,2,2,2,2,4,4,4,4,4,4
esmc_6b,5,Q9FIW1,0,0,0,0,0,0,2,2,2,2,2,2,2,2,2,2,2,2
esmc_6b,5,Q9FRF9,0,0,0,0,0,0,2,2,2,2,2,2,0,0,0,0,0,0
esmc_6b,5,Q9FS10,0,0,0,0,0,0,2,2,2,2,2,2,0,0,0,0,0,0
esmc_6b,5,Q9GLV5,0,0,0,0,0,0,1,1,1,1,1,1,1,1,1,1,1,1
esmc_6b,5,Q9GQV7,0,0,3,3,5,5,6,6,3,3,1,1,7,7,4,4,2,2
esmc_6b,5,Q9GZZ7,0,0,0,1,1,1,1,1,1,0,0,0,1,1,1,0,0,0
esmc_6b,5,Q9I8P2,0,0,0,0,0,0,2,2,2,2,2,2,2,2,2,2,2,2
esmc_6b,5,Q9I8P3,0,0,0,0,0,0,2,2,2,2,2,2,0,0,0,0,0,0
esmc_6b,5,Q9I9D3,0,0,0,0,0,0,2,2,2,2,2,2,1,1,1,1,1,1
esmc_6b,5,Q9JJT2,0,1,1,1,1,1,1,0,0,0,0,0,1,0,0,0,0,0
esmc_6b,5,Q9JMI7,0,1,1,1,1,1,1,0,0,0,0,0,1,0,0,0,0,0
esmc_6b,5,Q9K8J7,1,1,1,1,1,1,0,0,0,0,0,0,1,1,1,1,1,1
esmc_6b,5,Q9L5D6,0,0,0,0,0,0,1,1,1,1,1,1,0,0,0,0,0,0
esmc_6b,5,Q9L7Q2,0,0,0,0,0,0,1,1,1,1,1,1,2,2,2,2,2,2
esmc_6b,5,Q9LE56,1,1,1,1,1,1,0,0,0,0,0,0,0,0,0,0,0,0
esmc_6b,5,Q9LFW3,0,0,0,0,0,1,1,1,1,1,1,0,1,1,1,1,1,0
esmc_6b,5,Q9LII0,0,0,0,0,0,0,1,1,1,1,1,1,1,1,1,1,1,1
esmc_6b,5,Q9LJU1,1,1,1,1,1,1,0,0,0,0,0,0,0,0,0,0,0,0
esmc_6b,5,Q9LMY9,0,0,0,0,0,0,2,2,2,2,2,2,0,0,0,0,0,0
esmc_6b,5,Q9LUA1,1,1,1,1,1,1,0,0,0,0,0,0,0,0,0,0,0,0
esmc_6b,5,Q9M0A1,1,1,1,1,1,1,0,0,0,0,0,0,0,0,0,0,0,0
esmc_6b,5,Q9M2Y0,0,0,0,0,0,0,2,2,2,2,2,2,1,1,1,1,1,1
esmc_6b,5,Q9MAC1,1,1,1,1,1,1,0,0,0,0,0,0,0,0,0,0,0,0
esmc_6b,5,Q9MYK8,1,1,2,2,2,2,1,1,0,0,0,0,2,2,1,1,1,1
esmc_6b,5,Q9N5R0,0,0,0,0,0,0,1,1,1,1,1,1,2,2,2,2,2,2
esmc_6b,5,Q9NL82,11,13,13,13,13,13,5,3,3,3,3,3,4,2,2,2,2,2
esmc_6b,5,Q9NL83,10,12,12,12,12,12,5,3,3,3,3,3,4,2,2,2,2,2
esmc_6b,5,Q9P3E4,0,0,0,0,0,0,1,1,1,1,1,1,0,0,0,0,0,0
esmc_6b,5,Q9PQT2,1,1,1,1,1,1,0,0,0,0,0,0,0,0,0,0,0,0
esmc_6b,5,Q9PT98,1,1,1,1,1,1,1,1,1,1,1,1,1,1,1,1,1,1
esmc_6b,5,Q9PT99,1,1,1,1,1,1,1,1,1,1,1,1,0,0,0,0,0,0
esmc_6b,5,Q9PTA0,1,1,1,1,1,1,1,1,1,1,1,1,0,0,0,0,0,0
esmc_6b,5,Q9PW68,1,1,1,1,1,1,1,1,1,1,1,1,0,0,0,0,0,0
esmc_6b,5,Q9QUR8,0,0,0,0,0,0,1,1,1,1,1,1,1,1,1,1,1,1
esmc_6b,5,Q9QZQ3,0,0,0,1,1,1,1,1,1,0,0,0,1,1,1,0,0,0
esmc_6b,5,Q9QZQ4,0,0,0,1,1,1,1,1,1,0,0,0,1,1,1,0,0,0
esmc_6b,5,Q9SIL7,0,0,1,1,1,1,1,1,0,0,0,0,1,1,0,0,0,0
esmc_6b,5,Q9SJ81,0,1,1,1,1,1,1,0,0,0,0,0,1,0,0,0,0,0
esmc_6b,5,Q9SK27,1,1,1,1,1,1,0,0,0,0,0,0,0,0,0,0,0,0
esmc_6b,5,Q9SQN9,0,1,1,1,1,1,1,0,0,0,0,0,1,0,0,0,0,0
esmc_6b,5,Q9SRT7,0,0,0,0,0,0,1,1,1,1,1,1,1,1,1,1,1,1
esmc_6b,5,Q9SSG3,1,1,1,1,1,1,0,0,0,0,0,0,0,0,0,0,0,0
esmc_6b,5,Q9STH5,1,1,1,1,1,1,0,0,0,0,0,0,0,0,0,0,0,0
esmc_6b,5,Q9SZ51,1,1,1,1,1,1,0,0,0,0,0,0,0,0,0,0,0,0
esmc_6b,5,Q9SZG4,0,0,0,0,0,0,2,2,2,2,2,2,0,0,0,0,0,0
esmc_6b,5,Q9TR93,0,0,0,1,1,1,1,1,1,0,0,0,1,1,1,0,0,0
esmc_6b,5,Q9TRM8,2,2,2,2,2,2,0,0,0,0,0,0,0,0,0,0,0,0
esmc_6b,5,Q9UK23,0,1,1,1,1,1,1,0,0,0,0,0,1,0,0,0,0,0
esmc_6b,5,Q9VET0,0,0,0,0,0,0,3,3,3,3,3,3,2,2,2,2,2,2
esmc_6b,5,Q9VPR7,1,1,1,1,1,1,0,0,0,0,0,0,0,0,0,0,0,0
esmc_6b,5,Q9VT52,0,0,0,0,1,1,3,3,3,3,2,2,3,3,3,3,2,2
esmc_6b,5,Q9WTL0,1,1,1,1,1,1,0,0,0,0,0,0,0,0,0,0,0,0
esmc_6b,5,Q9XSE2,1,1,1,1,1,1,0,0,0,0,0,0,0,0,0,0,0,0
esmc_6b,5,Q9XSW6,1,1,1,1,1,1,1,1,1,1,1,1,0,0,0,0,0,0
esmc_6b,5,Q9Y4W6,0,0,0,0,0,0,1,1,1,1,1,1,0,0,0,0,0,0
esmc_6b,5,Q9Z172,1,1,1,1,1,1,0,0,0,0,0,0,0,0,0,0,0,0
esmc_6b,5,Q9ZQG9,1,1,1,1,1,1,0,0,0,0,0,0,0,0,0,0,0,0
esmc_6b,5,Q9ZWA8,0,1,1,1,1,1,1,0,0,0,0,0,1,0,0,0,0,0
esmc_6b,5,W4VRV4,0,1,1,1,1,1,1,0,0,0,0,0,2,1,1,1,1,1
esmc_6b,5,W4VS49,0,1,1,1,1,1,1,0,0,0,0,0,2,1,1,1,1,1
esmc_6b,5,W4VSC0,0,1,1,1,1,1,1,0,0,0,0,0,2,1,1,1,1,1
esmc_6b,5,W4VSG7,0,0,0,0,0,0,3,3,3,3,3,3,2,2,2,2,2,2
esmc_6b,5,W4VSI9,0,1,1,1,1,1,1,0,0,0,0,0,2,1,1,1,1,1
esmc6b_boundary,2,A0A059UI30,0,0,0,0,0,0,1,1,1,1,1,1,0,0,0,0,0,0
esmc6b_boundary,2,A0A068B0Z6,0,1,1,1,1,1,1,0,0,0,0,0,1,0,0,0,0,0
esmc6b_boundary,2,A0A068B409,1,1,1,1,1,1,0,0,0,0,0,0,0,0,0,0,0,0
esmc6b_boundary,2,A0A068B6Q6,0,0,0,0,0,0,1,1,1,1,1,1,1,1,1,1,1,1
esmc6b_boundary,2,A0A077DF94,0,0,0,0,0,0,3,3,3,3,3,3,1,1,1,1,1,1
esmc6b_boundary,2,A0A0C4G4L1,2,2,2,2,2,2,0,0,0,0,0,0,0,0,0,0,0,0
esmc6b_boundary,2,A0A0D4WTV1,0,0,1,1,1,1,1,1,0,0,0,0,1,1,0,0,0,0
esmc6b_boundary,2,A0A0P0UTI6,7,8,8,8,8,9,2,1,1,1,1,0,2,1,1,1,1,0
esmc6b_boundary,2,A0A0P0UTQ7,2,2,2,3,3,3,1,1,1,0,0,0,1,1,1,0,0,0
esmc6b_boundary,2,A0A0R4IKU3,0,1,1,1,1,1,1,0,0,0,0,0,1,0,0,0,0,0
esmc6b_boundary,2,A0A125S9E1,0,0,0,0,0,0,2,2,2,2,2,2,1,1,1,1,1,1
esmc6b_boundary,2,A0A125S9G2,0,0,0,0,0,0,2,2,2,2,2,2,1,1,1,1,1,1
esmc6b_boundary,2,A0A139GI49,1,1,5,5,5,5,6,6,2,2,2,2,5,5,1,1,1,1
esmc6b_boundary,2,A0A144LVM3,1,1,1,1,1,1,0,0,0,0,0,0,0,0,0,0,0,0
esmc6b_boundary,2,A0A1D5PPP7,0,0,0,1,1,1,2,2,2,1,1,1,2,2,2,1,1,1
esmc6b_boundary,2,A0A1D5PUP4,0,0,0,0,0,0,1,1,1,1,1,1,1,1,1,1,1,1
esmc6b_boundary,2,A0A1S6EK91,0,0,0,1,1,1,2,2,2,1,1,1,1,1,1,0,0,0
esmc6b_boundary,2,A0A2I8B352,0,0,0,0,0,0,1,1,1,1,1,1,1,1,1,1,1,1
esmc6b_boundary,2,A0A318,0,0,0,0,0,0,1,1,1,1,1,1,0,0,0,0,0,0
esmc6b_boundary,2,A0A348G5V8,2,2,2,2,2,2,0,0,0,0,0,0,0,0,0,0,0,0
esmc6b_boundary,2,A0A348G5V9,2,2,2,2,2,2,0,0,0,0,0,0,0,0,0,0,0,0
esmc6b_boundary,2,A0A348G5W0,2,2,2,2,2,2,0,0,0,0,0,0,0,0,0,0,0,0
esmc6b_boundary,2,A0A348G5W2,1,1,1,1,2,2,1,1,1,1,0,0,1,1,1,1,0,0
esmc6b_boundary,2,A0A348G6I7,2,2,2,2,2,2,0,0,0,0,0,0,0,0,0,0,0,0
esmc6b_boundary,2,A0A348G6I9,2,2,2,2,2,2,0,0,0,0,0,0,0,0,0,0,0,0
esmc6b_boundary,2,A0A348G6J1,1,1,2,2,2,2,1,1,0,0,0,0,1,1,0,0,0,0
esmc6b_boundary,2,A0A3G3C7R5,0,0,1,2,2,2,2,2,1,0,0,0,2,2,1,0,0,0
esmc6b_boundary,2,A0A3G3C7S0,2,2,2,2,2,2,0,0,0,0,0,0,0,0,0,0,0,0
esmc6b_boundary,2,A0A3G3C7S2,1,1,1,1,2,2,1,1,1,1,0,0,1,1,1,1,0,0
esmc6b_boundary,2,A0A3G3C7S9,1,2,2,2,2,2,1,0,0,0,0,0,1,0,0,0,0,0
esmc6b_boundary,2,A0A3G3C7U4,1,2,2,2,2,2,1,0,0,0,0,0,1,0,0,0,0,0
esmc6b_boundary,2,A0A3G3C7V0,1,2,2,2,2,2,1,0,0,0,0,0,1,0,0,0,0,0
esmc6b_boundary,2,A0A3G6IHA6,1,1,1,1,1,1,0,0,0,0,0,0,0,0,0,0,0,0
esmc6b_boundary,2,A0A6G9KHD1,2,2,2,2,2,2,0,0,0,0,0,0,0,0,0,0,0,0
esmc6b_boundary,2,A0A6G9KHD6,2,2,2,2,2,2,0,0,0,0,0,0,0,0,0,0,0,0
esmc6b_boundary,2,A0A6G9KHE4,1,1,1,1,1,1,0,0,0,0,0,0,2,2,2,2,2,2
esmc6b_boundary,2,A0A6G9KIR5,0,0,0,0,0,0,2,2,2,2,2,2,0,0,0,0,0,0
esmc6b_boundary,2,A0A6G9KJK9,2,2,2,2,2,2,0,0,0,0,0,0,0,0,0,0,0,0
esmc6b_boundary,2,A0A6G9KJV6,2,2,2,2,2,2,0,0,0,0,0,0,0,0,0,0,0,0
esmc6b_boundary,2,A0A6M3Z4D9,1,1,1,1,1,1,1,1,1,1,1,1,1,1,1,1,1,1
esmc6b_boundary,2,A0A6M3Z4R1,2,2,2,2,2,2,0,0,0,0,0,0,0,0,0,0,0,0
esmc6b_boundary,2,A0A6M3Z4R4,0,1,1,1,1,1,2,1,1,1,1,1,1,0,0,0,0,0
esmc6b_boundary,2,A0A8U0LTF0,1,2,2,2,2,2,1,0,0,0,0,0,1,0,0,0,0,0
esmc6b_boundary,2,A0A8U0LTY4,2,2,2,2,2,2,0,0,0,0,0,0,0,0,0,0,0,0
esmc6b_boundary,2,A0A976XKR0,0,0,1,1,1,1,1,1,0,0,0,0,1,1,0,0,0,0
esmc6b_boundary,2,A0SE59,2,2,2,2,2,2,0,0,0,0,0,0,0,0,0,0,0,0
esmc6b_boundary,2,A0SE60,1,2,2,2,2,2,1,0,0,0,0,0,1,0,0,0,0,0
esmc6b_boundary,2,A0T099,1,1,1,1,1,1,0,0,0,0,0,0,0,0,0,0,0,0
esmc6b_boundary,2,A0T0S8,1,1,1,1,1,1,0,0,0,0,0,0,0,0,0,0,0,0
esmc6b_boundary,2,A0ZZ18,0,0,0,0,0,0,1,1,1,1,1,1,0,0,0,0,0,0
esmc6b_boundary,2,A1E9Q7,0,0,0,0,0,0,1,1,1,1,1,1,0,0,0,0,0,0
esmc6b_boundary,2,A1E9Z1,0,0,0,0,0,0,1,1,1,1,1,1,0,0,0,0,0,0
esmc6b_boundary,2,A1R6Q7,1,1,1,1,1,1,0,0,0,0,0,0,0,0,0,0,0,0
esmc6b_boundary,2,A1SK13,1,1,1,1,1,1,0,0,0,0,0,0,0,0,0,0,0,0
esmc6b_boundary,2,A1X8B8,0,2,2,2,2,2,2,0,0,0,0,0,2,0,0,0,0,0
esmc6b_boundary,2,A1X8B9,1,1,2,2,2,2,1,1,0,0,0,0,1,1,0,0,0,0
esmc6b_boundary,2,A1X8C2,1,2,2,2,2,2,1,0,0,0,0,0,1,0,0,0,0,0
esmc6b_boundary,2,A1X8C3,2,2,2,2,2,2,0,0,0,0,0,0,0,0,0,0,0,0
esmc6b_boundary,2,A1X8C6,0,0,0,0,0,0,1,1,1,1,1,1,1,1,1,1,1,1
esmc6b_boundary,2,A1X8D0,0,0,0,0,0,0,1,1,1,1,1,1,0,0,0,0,0,0
esmc6b_boundary,2,A1X8D8,0,0,0,0,0,0,1,1,1,1,1,1,1,1,1,1,1,1
esmc6b_boundary,2,A1X8D9,0,0,0,1,1,1,1,1,1,0,0,0,1,1,1,0,0,0
esmc6b_boundary,2,A2BP71,1,1,1,1,1,1,0,0,0,0,0,0,0,0,0,0,0,0
esmc6b_boundary,2,A2BUQ3,1,1,1,1,1,1,0,0,0,0,0,0,0,0,0,0,0,0
esmc6b_boundary,2,A2C0A5,1,1,1,1,1,1,0,0,0,0,0,0,0,0,0,0,0,0
esmc6b_boundary,2,A2CCL2,1,1,1,1,1,1,0,0,0,0,0,0,0,0,0,0,0,0
esmc6b_boundary,2,A3DT44,0,1,1,1,1,1,1,0,0,0,0,0,1,0,0,0,0,0
esmc6b_boundary,2,A3PAZ3,1,1,1,1,1,1,0,0,0,0,0,0,0,0,0,0,0,0
esmc6b_boundary,2,A4USB4,1,1,1,1,1,1,0,0,0,0,0,0,0,0,0,0,0,0
esmc6b_boundary,2,A4X3P0,1,1,1,1,1,1,0,0,0,0,0,0,0,0,0,0,0,0
esmc6b_boundary,2,A5GIE8,1,1,1,1,1,1,0,0,0,0,0,0,0,0,0,0,0,0
esmc6b_boundary,2,A5GWF4,1,1,1,1,1,1,0,0,0,0,0,0,0,0,0,0,0,0
esmc6b_boundary,2,A5LHX3,0,1,1,1,1,1,1,0,0,0,0,0,1,0,0,0,0,0
esmc6b_boundary,2,A6LHQ9,0,0,0,0,0,1,1,1,1,1,1,0,1,1,1,1,1,0
esmc6b_boundary,2,A6M934,2,2,2,2,2,2,0,0,0,0,0,0,0,0,0,0,0,0
esmc6b_boundary,2,A6M938,0,0,0,0,0,0,1,1,1,1,1,1,1,1,1,1,1,1
esmc6b_boundary,2,A6MFK7,0,0,2,2,2,2,2,2,0,0,0,0,2,2,0,0,0,0
esmc6b_boundary,2,A6MFK8,0,0,2,2,2,2,2,2,0,0,0,0,2,2,0,0,0,0
esmc6b_boundary,2,A6P331,0,0,0,0,0,0,1,1,1,1,1,1,2,2,2,2,2,2
esmc6b_boundary,2,A6YRN9,0,0,0,0,0,0,1,1,1,1,1,1,0,0,0,0,0,0
esmc6b_boundary,2,A6ZL22,1,1,1,1,1,1,0,0,0,0,0,0,0,0,0,0,0,0
esmc6b_boundary,2,A6ZY20,1,1,1,1,1,1,0,0,0,0,0,0,0,0,0,0,0,0
esmc6b_boundary,2,A7GT16,0,0,0,0,0,0,1,1,1,1,1,1,0,0,0,0,0,0
esmc6b_boundary,2,A7SRR3,0,0,1,1,1,1,1,1,0,0,0,0,2,2,1,1,1,1
esmc6b_boundary,2,A7Z6W8,0,0,0,0,0,0,1,1,1,1,1,1,0,0,0,0,0,0
esmc6b_boundary,2,A8FFD9,0,0,0,0,0,0,1,1,1,1,1,1,0,0,0,0,0,0
esmc6b_boundary,2,A8G2T2,1,1,1,1,1,1,0,0,0,0,0,0,0,0,0,0,0,0
esmc6b_boundary,2,A9VHU8,0,0,0,0,0,0,1,1,1,1,1,1,0,0,0,0,0,0
esmc6b_boundary,2,A9XDG0,1,1,1,1,1,1,0,0,0,0,0,0,0,0,0,0,0,0
esmc6b_boundary,2,A9XDG1,1,1,1,1,1,1,0,0,0,0,0,0,1,1,1,1,1,1
esmc6b_boundary,2,A9XDG2,1,1,1,1,1,1,0,0,0,0,0,0,1,1,1,1,1,1
esmc6b_boundary,2,A9XDG3,1,1,1,1,1,1,0,0,0,0,0,0,0,0,0,0,0,0
esmc6b_boundary,2,B0BK71,0,0,0,0,0,0,1,1,1,1,1,1,0,0,0,0,0,0
esmc6b_boundary,2,B0BK72,0,0,0,0,0,0,1,1,1,1,1,1,1,1,1,1,1,1
esmc6b_boundary,2,B0JSW8,1,1,1,1,1,1,0,0,0,0,0,0,0,0,0,0,0,0
esmc6b_boundary,2,B0XT09,0,0,0,1,1,1,1,1,1,0,0,0,1,1,1,0,0,0
esmc6b_boundary,2,B0XT72,0,1,1,1,1,1,1,0,0,0,0,0,2,1,1,1,1,1
esmc6b_boundary,2,B0XVI5,0,0,0,0,0,0,1,1,1,1,1,1,1,1,1,1,1,1
esmc6b_boundary,2,B0Y8H9,1,1,1,1,1,1,0,0,0,0,0,0,0,0,0,0,0,0
esmc6b_boundary,2,B1P1H5,1,1,2,2,2,2,1,1,0,0,0,0,1,1,0,0,0,0
esmc6b_boundary,2,B1WUL2,1,1,1,1,1,1,0,0,0,0,0,0,0,0,0,0,0,0
esmc6b_boundary,2,B1XMN4,1,1,1,1,1,1,0,0,0,0,0,0,0,0,0,0,0,0
esmc6b_boundary,2,B2CJ57,1,4,7,8,8,8,7,4,1,0,0,0,7,4,1,0,0,0
esmc6b_boundary,2,B2J4T9,1,1,1,1,1,1,0,0,0,0,0,0,0,0,0,0,0,0
esmc6b_boundary,2,B2KKV6,1,1,1,1,1,1,0,0,0,0,0,0,0,0,0,0,0,0
esmc6b_boundary,2,B2KKV7,1,1,1,1,1,1,0,0,0,0,0,0,0,0,0,0,0,0
esmc6b_boundary,2,B2KKV8,1,1,1,1,1,1,0,0,0,0,0,0,0,0,0,0,0,0
esmc6b_boundary,2,B2KKW0,1,1,1,1,1,1,0,0,0,0,0,0,0,0,0,0,0,0
esmc6b_boundary,2,B2RH54,1,1,1,1,1,1,0,0,0,0,0,0,0,0,0,0,0,0
esmc6b_boundary,2,B2RH58,1,1,1,1,1,1,0,0,0,0,0,0,0,0,0,0,0,0
esmc6b_boundary,2,B2Y1W5,1,1,1,1,1,1,0,0,0,0,0,0,0,0,0,0,0,0
esmc6b_boundary,2,B3EWS9,0,0,0,0,0,1,2,2,2,2,2,1,1,1,1,1,1,0
esmc6b_boundary,2,B3H5A9,5,5,5,5,5,5,0,0,0,0,0,0,0,0,0,0,0,0
esmc6b_boundary,2,B5G6G5,0,0,2,2,2,2,2,2,0,0,0,0,2,2,0,0,0,0
esmc6b_boundary,2,B5VE42,1,1,1,1,1,1,0,0,0,0,0,0,0,0,0,0,0,0
esmc6b_boundary,2,B6D434,0,0,1,1,1,1,1,1,0,0,0,0,1,1,0,0,0,0
esmc6b_boundary,2,B6DT16,3,3,3,3,3,3,2,2,2,2,2,2,1,1,1,1,1,1
esmc6b_boundary,2,B6K9M7,0,0,0,0,0,0,1,1,1,1,1,1,0,0,0,0,0,0
esmc6b_boundary,2,B6KAM0,0,0,0,0,0,0,1,1,1,1,1,1,0,0,0,0,0,0
esmc6b_boundary,2,B6S2X0,0,0,1,1,1,1,1,1,0,0,0,0,1,1,0,0,0,0
esmc6b_boundary,2,B6S2X2,0,0,1,1,1,1,1,1,0,0,0,0,1,1,0,0,0,0
esmc6b_boundary,2,B7HCU7,0,0,0,0,0,0,1,1,1,1,1,1,0,0,0,0,0,0
esmc6b_boundary,2,B7HPM0,0,0,0,0,0,0,1,1,1,1,1,1,0,0,0,0,0,0
esmc6b_boundary,2,B7IYH4,0,0,0,0,0,0,1,1,1,1,1,1,0,0,0,0,0,0
esmc6b_boundary,2,B7JNV3,0,0,0,0,0,0,1,1,1,1,1,1,0,0,0,0,0,0
esmc6b_boundary,2,B7JVQ3,1,1,1,1,1,1,0,0,0,0,0,0,0,0,0,0,0,0
esmc6b_boundary,2,B7K989,1,1,1,1,1,1,0,0,0,0,0,0,0,0,0,0,0,0
esmc6b_boundary,2,B8H8L6,1,1,1,1,1,1,0,0,0,0,0,0,0,0,0,0,0,0
esmc6b_boundary,2,B8HTR1,1,1,1,1,1,1,0,0,0,0,0,0,0,0,0,0,0,0
esmc6b_boundary,2,B8JLQ9,1,1,1,1,1,1,0,0,0,0,0,0,0,0,0,0,0,0
esmc6b_boundary,2,B8XH40,0,0,0,0,0,0,1,1,1,1,1,1,0,0,0,0,0,0
esmc6b_boundary,2,B8XH50,2,2,2,2,2,2,0,0,0,0,0,0,0,0,0,0,0,0
esmc6b_boundary,2,B9IY88,0,0,0,0,0,0,1,1,1,1,1,1,0,0,0,0,0,0
esmc6b_boundary,2,C0HJV6,0,1,1,1,1,1,1,0,0,0,0,0,1,0,0,0,0,0
esmc6b_boundary,2,C0HJV7,1,1,1,1,1,1,0,0,0,0,0,0,0,0,0,0,0,0
esmc6b_boundary,2,C0HJV8,1,1,1,1,1,1,0,0,0,0,0,0,0,0,0,0,0,0
esmc6b_boundary,2,C0HKF6,2,2,2,2,2,2,0,0,0,0,0,0,0,0,0,0,0,0
esmc6b_boundary,2,C0HKS1,0,0,0,0,0,0,2,2,2,2,2,2,1,1,1,1,1,1
esmc6b_boundary,2,C0HKT2,1,1,1,1,1,1,0,0,0,0,0,0,0,0,0,0,0,0
esmc6b_boundary,2,C0HKT3,1,1,1,1,1,1,2,2,2,2,2,2,0,0,0,0,0,0
esmc6b_boundary,2,C0HKY1,3,4,4,4,4,4,4,3,3,3,3,3,8,7,7,7,7,7
esmc6b_boundary,2,C0KYC3,2,2,2,2,2,2,0,0,0,0,0,0,0,0,0,0,0,0
esmc6b_boundary,2,C0KYC4,1,1,1,1,1,1,1,1,1,1,1,1,0,0,0,0,0,0
esmc6b_boundary,2,C0KYC5,2,2,2,2,2,2,0,0,0,0,0,0,0,0,0,0,0,0
esmc6b_boundary,2,C0KYC6,1,1,2,2,2,2,1,1,0,0,0,0,1,1,0,0,0,0
esmc6b_boundary,2,C0L2T8,0,0,0,0,0,0,2,2,2,2,2,2,0,0,0,0,0,0
esmc6b_boundary,2,C1ESL5,0,0,0,0,0,0,1,1,1,1,1,1,0,0,0,0,0,0
esmc6b_boundary,2,C3L5S4,0,0,0,0,0,0,1,1,1,1,1,1,0,0,0,0,0,0
esmc6b_boundary,2,C3P8M7,0,0,0,0,0,0,1,1,1,1,1,1,0,0,0,0,0,0
esmc6b_boundary,2,C5BVA2,1,1,1,1,1,1,0,0,0,0,0,0,0,0,0,0,0,0
esmc6b_boundary,2,C5D4U8,0,0,0,0,0,0,1,1,1,1,1,1,0,0,0,0,0,0
esmc6b_boundary,2,C5J886,1,1,2,2,2,2,1,1,0,0,0,0,1,1,0,0,0,0
esmc6b_boundary,2,C5J887,2,2,2,2,2,2,0,0,0,0,0,0,0,0,0,0,0,0
esmc6b_boundary,2,C6FX52,0,1,1,1,1,1,1,0,0,0,0,0,2,1,1,1,1,1
esmc6b_boundary,2,C6KSX0,0,1,1,1,1,1,1,0,0,0,0,0,1,0,0,0,0,0
esmc6b_boundary,2,C6ZJQ2,0,2,2,2,2,2,2,0,0,0,0,0,2,0,0,0,0,0
esmc6b_boundary,2,C7DQB9,0,0,1,1,1,1,2,2,1,1,1,1,1,1,0,0,0,0
esmc6b_boundary,2,C7DQC0,1,1,1,2,2,2,1,1,1,0,0,0,1,1,1,0,0,0
esmc6b_boundary,2,C7DQC1,0,0,0,0,0,0,2,2,2,2,2,2,1,1,1,1,1,1
esmc6b_boundary,2,C7DQC2,1,1,1,2,2,2,1,1,1,0,0,0,1,1,1,0,0,0
esmc6b_boundary,2,C7DQX6,1,1,1,2,2,2,1,1,1,0,0,0,1,1,1,0,0,0
esmc6b_boundary,2,C7DQX8,1,1,1,2,2,2,1,1,1,0,0,0,1,1,1,0,0,0
esmc6b_boundary,2,C7DQX9,0,1,1,2,2,2,2,1,1,0,0,0,2,1,1,0,0,0
esmc6b_boundary,2,C7DQY0,0,0,0,0,0,0,2,2,2,2,2,2,1,1,1,1,1,1
esmc6b_boundary,2,C7GQJ1,1,1,1,1,1,1,0,0,0,0,0,0,0,0,0,0,0,0
esmc6b_boundary,2,C7LYP7,1,1,1,1,1,1,0,0,0,0,0,0,0,0,0,0,0,0
esmc6b_boundary,2,C7R403,1,1,1,1,1,1,0,0,0,0,0,0,0,0,0,0,0,0
esmc6b_boundary,2,C9E1R9,0,0,0,0,0,0,1,1,1,1,1,1,0,0,0,0,0,0
esmc6b_boundary,2,C9E1S1,0,0,0,0,0,0,1,1,1,1,1,1,0,0,0,0,0,0
esmc6b_boundary,2,D1BHT9,0,0,0,0,0,0,1,1,1,1,1,1,0,0,0,0,0,0
esmc6b_boundary,2,D2DGD3,0,0,0,2,2,2,2,2,2,0,0,0,2,2,2,0,0,0
esmc6b_boundary,2,D2DGD8,0,1,2,2,2,2,2,1,0,0,0,0,2,1,0,0,0,0
esmc6b_boundary,2,D2DGD9,0,0,0,0,0,0,2,2,2,2,2,2,0,0,0,0,0,0
esmc6b_boundary,2,D2Y2C5,2,2,2,2,2,2,0,0,0,0,0,0,0,0,0,0,0,0
esmc6b_boundary,2,D2Y2C6,2,2,2,2,2,2,0,0,0,0,0,0,0,0,0,0,0,0
esmc6b_boundary,2,D2Y2C7,2,2,2,2,2,2,0,0,0,0,0,0,0,0,0,0,0,0
esmc6b_boundary,2,D2Y2C8,2,2,2,2,2,2,0,0,0,0,0,0,0,0,0,0,0,0
esmc6b_boundary,2,D2Y498,1,1,1,1,1,1,0,0,0,0,0,0,1,1,1,1,1,1
esmc6b_boundary,2,D2Y4A0,1,1,1,1,1,1,0,0,0,0,0,0,0,0,0,0,0,0
esmc6b_boundary,2,D2Y4A1,1,1,1,1,1,1,0,0,0,0,0,0,0,0,0,0,0,0
esmc6b_boundary,2,D2Y4A2,0,0,0,0,1,1,1,1,1,1,0,0,1,1,1,1,0,0
esmc6b_boundary,2,D3JWK3,0,0,0,0,0,0,1,1,1,1,1,1,0,0,0,0,0,0
esmc6b_boundary,2,D3JWK4,0,0,0,0,0,0,1,1,1,1,1,1,0,0,0,0,0,0
esmc6b_boundary,2,D3JWK5,0,0,0,0,0,0,1,1,1,1,1,1,0,0,0,0,0,0
esmc6b_boundary,2,D3JWK6,0,0,0,0,0,0,1,1,1,1,1,1,0,0,0,0,0,0
esmc6b_boundary,2,D4ATC3,0,1,1,1,1,1,1,0,0,0,0,0,1,0,0,0,0,0
esmc6b_boundary,2,D4HRK4,1,1,2,2,2,2,1,1,0,0,0,0,1,1,0,0,0,0
esmc6b_boundary,2,D4HRK7,0,0,0,0,0,0,1,1,1,1,1,1,1,1,1,1,1,1
esmc6b_boundary,2,D5KXG5,0,0,0,0,0,0,2,2,2,2,2,2,2,2,2,2,2,2
esmc6b_boundary,2,D5LGE0,0,2,2,2,2,2,5,3,3,3,3,3,2,0,0,0,0,0
esmc6b_boundary,2,D6C4H5,0,0,0,0,0,1,2,2,2,2,2,1,2,2,2,2,2,1
esmc6b_boundary,2,D6C4J4,0,0,0,0,0,0,2,2,2,2,2,2,1,1,1,1,1,1
esmc6b_boundary,2,D6C4J8,2,2,2,2,2,2,1,1,1,1,1,1,0,0,0,0,0,0
esmc6b_boundary,2,D6C4K5,1,1,2,2,2,2,1,1,0,0,0,0,1,1,0,0,0,0
esmc6b_boundary,2,D9IWN6,2,2,2,2,2,2,0,0,0,0,0,0,0,0,0,0,0,0
esmc6b_boundary,2,D9IWN7,0,1,1,2,2,2,2,1,1,0,0,0,2,1,1,0,0,0
esmc6b_boundary,2,D9U2A7,0,0,0,0,0,0,1,1,1,1,1,1,0,0,0,0,0,0
esmc6b_boundary,2,E1ZVK3,1,1,2,2,2,2,4,4,3,3,3,3,2,2,1,1,1,1
esmc6b_boundary,2,E2A6P1,0,0,0,0,0,0,1,1,1,1,1,1,2,2,2,2,2,2
esmc6b_boundary,2,E2AJ76,1,1,1,2,2,2,1,1,1,0,0,0,1,1,1,0,0,0
esmc6b_boundary,2,E2ARW3,1,1,1,1,1,1,0,0,0,0,0,0,1,1,1,1,1,1
esmc6b_boundary,2,E2AX35,1,1,1,1,1,1,0,0,0,0,0,0,0,0,0,0,0,0
esmc6b_boundary,2,E2AZE8,1,1,1,1,1,1,2,2,2,2,2,2,1,1,1,1,1,1
esmc6b_boundary,2,E2DIH5,0,0,1,1,1,1,2,2,1,1,1,1,1,1,0,0,0,0
esmc6b_boundary,2,E2DIH6,0,2,2,2,2,2,2,0,0,0,0,0,2,0,0,0,0,0
esmc6b_boundary,2,E4VP07,2,2,2,2,2,2,0,0,0,0,0,0,0,0,0,0,0,0
esmc6b_boundary,2,E5D3Z8,0,0,0,1,1,1,1,1,1,0,0,0,1,1,1,0,0,0
esmc6b_boundary,2,E9NW26,0,0,0,0,0,0,1,1,1,1,1,1,0,0,0,0,0,0
esmc6b_boundary,2,E9NW27,0,0,0,0,0,0,1,1,1,1,1,1,0,0,0,0,0,0
esmc6b_boundary,2,F1CJ89,1,1,1,1,1,1,0,0,0,0,0,0,0,0,0,0,0,0
esmc6b_boundary,2,F1DFM9,0,0,0,1,1,1,1,1,1,0,0,0,2,2,2,1,1,1
esmc6b_boundary,2,F1NV61,0,1,1,1,1,1,2,1,1,1,1,1,1,0,0,0,0,0
esmc6b_boundary,2,F4I082,1,1,1,1,1,1,0,0,0,0,0,0,0,0,0,0,0,0
esmc6b_boundary,2,F4JIG1,0,1,1,1,1,1,1,0,0,0,0,0,1,0,0,0,0,0
esmc6b_boundary,2,F8S122,0,0,0,0,0,0,1,1,1,1,1,1,0,0,0,0,0,0
esmc6b_boundary,2,G0R947,1,1,1,1,1,1,0,0,0,0,0,0,0,0,0,0,0,0
esmc6b_boundary,2,G0RUP7,1,1,1,1,1,1,0,0,0,0,0,0,0,0,0,0,0,0
esmc6b_boundary,2,H2CYR5,2,2,2,2,2,2,0,0,0,0,0,0,0,0,0,0,0,0
esmc6b_boundary,2,H7C8I3,2,2,2,2,2,2,0,0,0,0,0,0,0,0,0,0,0,0
esmc6b_boundary,2,I0DEB3,2,2,2,2,2,2,0,0,0,0,0,0,0,0,0,0,0,0
esmc6b_boundary,2,I0DEB4,2,2,2,2,2,2,0,0,0,0,0,0,0,0,0,0,0,0
esmc6b_boundary,2,I0DEB5,2,2,2,2,2,2,0,0,0,0,0,0,0,0,0,0,0,0
esmc6b_boundary,2,I0DEB6,2,2,2,2,2,2,0,0,0,0,0,0,0,0,0,0,0,0
esmc6b_boundary,2,I2DBY1,0,0,0,0,0,0,1,1,1,1,1,1,1,1,1,1,1,1
esmc6b_boundary,2,I2DBY2,0,0,0,0,0,0,1,1,1,1,1,1,1,1,1,1,1,1
esmc6b_boundary,2,I2DBY3,0,0,0,0,0,0,1,1,1,1,1,1,1,1,1,1,1,1
esmc6b_boundary,2,I6R1R5,0,0,0,0,0,0,1,1,1,1,1,1,1,1,1,1,1,1
esmc6b_boundary,2,J9VS02,0,0,0,0,0,0,1,1,1,1,1,1,1,1,1,1,1,1
esmc6b_boundary,2,K1XVG1,0,1,1,1,1,1,1,0,0,0,0,0,1,0,0,0,0,0
esmc6b_boundary,2,K8DWB5,0,1,1,1,1,1,1,0,0,0,0,0,1,0,0,0,0,0
esmc6b_boundary,2,K9USW8,0,0,0,0,0,0,1,1,1,1,1,1,0,0,0,0,0,0
esmc6b_boundary,2,L0GAZ8,2,2,2,2,2,2,0,0,0,0,0,0,0,0,0,0,0,0
esmc6b_boundary,2,L0GCV8,1,2,2,2,2,2,1,0,0,0,0,0,1,0,0,0,0,0
esmc6b_boundary,2,O01382,0,1,1,1,1,1,2,1,1,1,1,1,1,0,0,0,0,0
esmc6b_boundary,2,O02002,0,1,1,1,1,1,2,1,1,1,1,1,1,0,0,0,0,0
esmc6b_boundary,2,O08524,0,0,0,0,0,1,1,1,1,1,1,0,1,1,1,1,1,0
esmc6b_boundary,2,O08738,0,0,0,0,0,0,2,2,2,2,2,2,0,0,0,0,0,0
esmc6b_boundary,2,O13318,1,1,1,1,1,1,0,0,0,0,0,0,0,0,0,0,0,0
esmc6b_boundary,2,O13547,1,1,1,1,1,1,0,0,0,0,0,0,0,0,0,0,0,0
esmc6b_boundary,2,O13692,1,1,1,1,1,1,0,0,0,0,0,0,0,0,0,0,0,0
esmc6b_boundary,2,O15130,1,1,1,1,1,1,3,3,3,3,3,3,1,1,1,1,1,1
esmc6b_boundary,2,O18494,0,1,1,1,1,1,2,1,1,1,1,1,1,0,0,0,0,0
esmc6b_boundary,2,O18495,0,0,1,1,1,1,2,2,1,1,1,1,1,1,0,0,0,0
esmc6b_boundary,2,O18496,0,0,1,1,1,1,2,2,1,1,1,1,1,1,0,0,0,0
esmc6b_boundary,2,O24565,1,1,1,1,1,1,0,0,0,0,0,0,1,1,1,1,1,1
esmc6b_boundary,2,O24567,0,0,0,0,0,0,1,1,1,1,1,1,2,2,2,2,2,2
esmc6b_boundary,2,O24572,1,1,1,1,1,1,0,0,0,0,0,0,1,1,1,1,1,1
esmc6b_boundary,2,O24602,1,1,1,1,1,1,0,0,0,0,0,0,1,1,1,1,1,1
esmc6b_boundary,2,O24618,1,1,1,1,1,1,0,0,0,0,0,0,1,1,1,1,1,1
esmc6b_boundary,2,O31840,0,1,1,1,1,1,2,1,1,1,1,1,1,0,0,0,0,0
esmc6b_boundary,2,O32025,0,0,0,0,0,0,3,3,3,3,3,3,1,1,1,1,1,1
esmc6b_boundary,2,O32295,0,1,1,1,1,1,2,1,1,1,1,1,1,0,0,0,0,0
esmc6b_boundary,2,O32389,1,1,1,1,1,1,0,0,0,0,0,0,0,0,0,0,0,0
esmc6b_boundary,2,O35314,1,1,1,1,1,1,0,0,0,0,0,0,3,3,3,3,3,3
esmc6b_boundary,2,O35397,0,0,0,0,0,0,2,2,2,2,2,2,1,1,1,1,1,1
esmc6b_boundary,2,O44185,10,10,10,10,10,10,0,0,0,0,0,0,0,0,0,0,0,0
esmc6b_boundary,2,O44516,0,1,1,1,1,1,1,0,0,0,0,0,1,0,0,0,0,0
esmc6b_boundary,2,O48915,0,1,1,1,1,1,1,0,0,0,0,0,1,0,0,0,0,0
esmc6b_boundary,2,O49644,1,1,1,1,1,1,0,0,0,0,0,0,0,0,0,0,0,0
esmc6b_boundary,2,O49645,0,0,0,1,1,1,1,1,1,0,0,0,1,1,1,0,0,0
esmc6b_boundary,2,O57413,0,0,0,0,0,0,1,1,1,1,1,1,0,0,0,0,0,0
esmc6b_boundary,2,O60087,0,0,0,1,1,1,1,1,1,0,0,0,1,1,1,0,0,0
esmc6b_boundary,2,O64864,0,0,0,0,1,1,1,1,1,1,0,0,1,1,1,1,0,0
esmc6b_boundary,2,O64865,0,0,1,1,1,1,1,1,0,0,0,0,1,1,0,0,0,0
esmc6b_boundary,2,O73795,0,0,0,0,0,0,1,1,1,1,1,1,0,0,0,0,0,0
esmc6b_boundary,2,O75003,0,0,0,0,0,0,1,1,1,1,1,1,0,0,0,0,0,0
esmc6b_boundary,2,O77256,0,1,1,1,1,1,2,1,1,1,1,1,1,0,0,0,0,0
esmc6b_boundary,2,O78504,1,1,1,1,1,1,0,0,0,0,0,0,0,0,0,0,0,0
esmc6b_boundary,2,O82081,0,0,0,1,1,1,1,1,1,0,0,0,1,1,1,0,0,0
esmc6b_boundary,2,O82549,0,0,0,0,0,0,1,1,1,1,1,1,0,0,0,0,0,0
esmc6b_boundary,2,O88947,0,1,1,2,2,2,2,1,1,0,0,0,2,1,1,0,0,0
esmc6b_boundary,2,O89094,0,0,0,0,0,0,1,1,1,1,1,1,1,1,1,1,1,1
esmc6b_boundary,2,O94779,0,1,1,1,1,1,1,0,0,0,0,0,1,0,0,0,0,0
esmc6b_boundary,2,O95831,0,0,0,0,0,0,1,1,1,1,1,1,0,0,0,0,0,0
esmc6b_boundary,2,O95980,1,1,1,1,1,1,0,0,0,0,0,0,0,0,0,0,0,0
esmc6b_boundary,2,O96447,0,0,0,0,0,0,1,1,1,1,1,1,1,1,1,1,1,1
esmc6b_boundary,2,O96812,1,1,1,1,1,1,0,0,0,0,0,0,0,0,0,0,0,0
esmc6b_boundary,2,P00740,1,1,1,1,1,1,1,1,1,1,1,1,0,0,0,0,0,0
esmc6b_boundary,2,P00741,1,2,2,2,2,2,1,0,0,0,0,0,1,0,0,0,0,0
esmc6b_boundary,2,P00742,0,0,0,0,0,0,1,1,1,1,1,1,1,1,1,1,1,1
esmc6b_boundary,2,P00745,1,1,1,1,1,1,1,1,1,1,1,1,0,0,0,0,0,0
esmc6b_boundary,2,P00750,0,0,0,0,0,0,1,1,1,1,1,1,0,0,0,0,0,0
esmc6b_boundary,2,P01068,0,0,0,0,0,0,12,12,12,12,12,12,0,0,0,0,0,0
esmc6b_boundary,2,P01156,2,2,2,2,2,2,1,1,1,1,1,1,1,1,1,1,1,1
esmc6b_boundary,2,P01252,0,0,0,0,0,0,1,1,1,1,1,1,1,1,1,1,1,1
esmc6b_boundary,2,P01344,0,0,0,0,0,0,1,1,1,1,1,1,0,0,0,0,0,0
esmc6b_boundary,2,P01346,0,0,0,0,0,0,1,1,1,1,1,1,1,1,1,1,1,1
esmc6b_boundary,2,P01357,2,2,3,3,3,3,4,4,3,3,3,3,10,10,9,9,9,9
esmc6b_boundary,2,P01358,0,1,1,1,1,1,1,0,0,0,0,0,1,0,0,0,0,0
esmc6b_boundary,2,P01501,2,2,2,2,2,2,0,0,0,0,0,0,0,0,0,0,0,0
esmc6b_boundary,2,P01579,0,0,0,0,0,0,1,1,1,1,1,1,0,0,0,0,0,0
esmc6b_boundary,2,P02545,0,0,0,0,0,0,1,1,1,1,1,1,0,0,0,0,0,0
esmc6b_boundary,2,P02674,0,0,0,0,0,0,1,1,1,1,1,1,1,1,1,1,1,1
esmc6b_boundary,2,P02681,0,0,0,0,0,0,1,1,1,1,1,1,0,0,0,0,0,0
esmc6b_boundary,2,P02876,0,0,0,0,0,0,1,1,1,1,1,1,0,0,0,0,0,0
esmc6b_boundary,2,P03997,0,0,0,0,0,0,1,1,1,1,1,1,0,0,0,0,0,0
esmc6b_boundary,2,P03998,0,0,0,0,0,0,1,1,1,1,1,1,0,0,0,0,0,0
esmc6b_boundary,2,P04002,0,0,0,0,0,0,1,1,1,1,1,1,0,0,0,0,0,0
esmc6b_boundary,2,P04070,1,1,1,1,1,1,1,1,1,1,1,1,0,0,0,0,0,0
esmc6b_boundary,2,P04124,1,1,1,1,1,1,0,0,0,0,0,0,0,0,0,0,0,0
esmc6b_boundary,2,P05017,0,0,0,0,0,0,1,1,1,1,1,1,1,1,1,1,1,1
esmc6b_boundary,2,P05019,0,0,0,0,0,0,1,1,1,1,1,1,0,0,0,0,0,0
esmc6b_boundary,2,P05060,0,0,0,0,0,0,1,1,1,1,1,1,1,1,1,1,1,1
esmc6b_boundary,2,P05118,0,0,0,0,0,0,1,1,1,1,1,1,1,1,1,1,1,1
esmc6b_boundary,2,P05222,0,0,0,0,0,0,2,2,2,2,2,2,7,7,7,7,7,7
esmc6b_boundary,2,P05224,1,1,2,2,2,3,4,4,3,3,3,2,6,6,5,5,5,4
esmc6b_boundary,2,P05225,0,0,1,1,2,2,5,5,4,4,3,3,10,10,9,9,8,8
esmc6b_boundary,2,P05226,0,0,1,1,1,2,6,6,5,5,5,4,8,8,7,7,7,6
esmc6b_boundary,2,P06302,0,0,0,0,0,0,1,1,1,1,1,1,0,0,0,0,0,0
esmc6b_boundary,2,P06454,0,0,0,0,0,0,1,1,1,1,1,1,1,1,1,1,1,1
esmc6b_boundary,2,P06731,0,0,0,0,0,0,1,1,1,1,1,1,0,0,0,0,0,0
esmc6b_boundary,2,P07095,0,0,0,0,0,0,1,1,1,1,1,1,0,0,0,0,0,0
esmc6b_boundary,2,P07455,0,0,0,0,0,0,1,1,1,1,1,1,1,1,1,1,1,1
esmc6b_boundary,2,P07456,0,0,0,0,0,0,1,1,1,1,1,1,1,1,1,1,1,1
esmc6b_boundary,2,P07835,0,0,0,0,0,0,1,1,1,1,1,1,0,0,0,0,0,0
esmc6b_boundary,2,P07907,0,0,0,0,0,0,4,4,4,4,4,4,0,0,0,0,0,0
esmc6b_boundary,2,P08025,0,0,0,0,0,0,1,1,1,1,1,1,1,1,1,1,1,1
esmc6b_boundary,2,P08454,0,1,1,1,1,1,1,0,0,0,0,0,1,0,0,0,0,0
esmc6b_boundary,2,P08459,1,1,1,1,1,1,0,0,0,0,0,0,0,0,0,0,0,0
esmc6b_boundary,2,P08709,1,1,1,1,1,1,0,0,0,0,0,0,0,0,0,0,0,0
esmc6b_boundary,2,P09031,0,0,0,0,0,0,1,1,1,1,1,1,0,0,0,0,0,0
esmc6b_boundary,2,P09166,0,0,0,0,0,0,1,1,1,1,1,1,0,0,0,0,0,0
esmc6b_boundary,2,P09167,0,0,0,0,0,0,1,1,1,1,1,1,0,0,0,0,0,0
esmc6b_boundary,2,P09535,0,0,0,0,0,0,1,1,1,1,1,1,1,1,1,1,1,1
esmc6b_boundary,2,P09598,1,1,1,1,1,1,0,0,0,0,0,0,0,0,0,0,0,0
esmc6b_boundary,2,P09989,0,0,0,0,0,0,1,1,1,1,1,1,1,1,1,1,1,1
esmc6b_boundary,2,P0C0P5,0,0,0,0,0,0,2,2,2,2,2,2,1,1,1,1,1,1
esmc6b_boundary,2,P0C0P6,0,0,0,0,0,0,2,2,2,2,2,2,1,1,1,1,1,1
esmc6b_boundary,2,P0C0P7,0,0,0,0,0,0,2,2,2,2,2,2,1,1,1,1,1,1
esmc6b_boundary,2,P0C0P8,0,0,0,0,0,0,2,2,2,2,2,2,1,1,1,1,1,1
esmc6b_boundary,2,P0C1V9,2,2,2,2,2,2,0,0,0,0,0,0,0,0,0,0,0,0
esmc6b_boundary,2,P0C1W0,1,1,1,1,2,2,1,1,1,1,0,0,1,1,1,1,0,0
esmc6b_boundary,2,P0C1X1,0,1,1,1,1,1,3,2,2,2,2,2,3,2,2,2,2,2
esmc6b_boundary,2,P0C1Y2,1,1,1,2,2,2,1,1,1,0,0,0,1,1,1,0,0,0
esmc6b_boundary,2,P0C252,0,0,0,0,0,0,1,1,1,1,1,1,1,1,1,1,1,1
esmc6b_boundary,2,P0C254,0,0,0,1,1,1,1,1,1,0,0,0,2,2,2,1,1,1
esmc6b_boundary,2,P0C255,0,0,0,0,1,1,1,1,1,1,0,0,2,2,2,2,1,1
esmc6b_boundary,2,P0C2B0,0,0,0,0,1,2,2,2,2,2,1,0,2,2,2,2,1,0
esmc6b_boundary,2,P0C2B1,1,1,1,2,2,2,1,1,1,0,0,0,1,1,1,0,0,0
esmc6b_boundary,2,P0C2F3,0,0,0,0,0,0,1,1,1,1,1,1,0,0,0,0,0,0
esmc6b_boundary,2,P0C2S9,0,1,1,1,1,1,1,0,0,0,0,0,2,1,1,1,1,1
esmc6b_boundary,2,P0C408,0,0,0,0,0,0,1,1,1,1,1,1,0,0,0,0,0,0
esmc6b_boundary,2,P0C409,0,0,0,0,0,0,1,1,1,1,1,1,0,0,0,0,0,0
esmc6b_boundary,2,P0C410,0,0,0,0,0,0,1,1,1,1,1,1,0,0,0,0,0,0
esmc6b_boundary,2,P0C636,2,2,2,2,2,2,0,0,0,0,0,0,0,0,0,0,0,0
esmc6b_boundary,2,P0C637,2,2,2,2,2,2,0,0,0,0,0,0,0,0,0,0,0,0
esmc6b_boundary,2,P0C638,2,2,2,2,2,2,0,0,0,0,0,0,0,0,0,0,0,0
esmc6b_boundary,2,P0C639,2,2,2,2,2,2,0,0,0,0,0,0,0,0,0,0,0,0
esmc6b_boundary,2,P0C640,1,1,1,2,2,2,1,1,1,0,0,0,1,1,1,0,0,0
esmc6b_boundary,2,P0C666,0,0,0,0,0,0,2,2,2,2,2,2,2,2,2,2,2,2
esmc6b_boundary,2,P0C667,1,2,2,2,2,2,1,0,0,0,0,0,1,0,0,0,0,0
esmc6b_boundary,2,P0C668,0,1,2,2,2,2,2,1,0,0,0,0,2,1,0,0,0,0
esmc6b_boundary,2,P0C670,0,0,0,0,0,2,2,2,2,2,2,0,2,2,2,2,2,0
esmc6b_boundary,2,P0C6E4,0,0,0,0,0,0,1,1,1,1,1,1,0,0,0,0,0,0
esmc6b_boundary,2,P0C6E8,0,0,0,0,0,0,1,1,1,1,1,1,0,0,0,0,0,0
esmc6b_boundary,2,P0C7S9,0,1,1,1,1,1,1,0,0,0,0,0,2,1,1,1,1,1
esmc6b_boundary,2,P0C828,1,2,2,2,2,2,1,0,0,0,0,0,1,0,0,0,0,0
esmc6b_boundary,2,P0C829,0,1,1,1,1,2,3,2,2,2,2,1,2,1,1,1,1,0
esmc6b_boundary,2,P0C8P8,0,0,0,1,1,1,1,1,1,0,0,0,1,1,1,0,0,0
esmc6b_boundary,2,P0C8P9,1,1,2,2,2,2,1,1,0,0,0,0,1,1,0,0,0,0
esmc6b_boundary,2,P0C8R2,0,0,0,0,0,0,1,1,1,1,1,1,1,1,1,1,1,1
esmc6b_boundary,2,P0C8U4,2,2,2,2,2,2,0,0,0,0,0,0,0,0,0,0,0,0
esmc6b_boundary,2,P0C8U6,0,2,2,2,2,2,2,0,0,0,0,0,2,0,0,0,0,0
esmc6b_boundary,2,P0C8U7,0,2,2,2,2,2,2,0,0,0,0,0,2,0,0,0,0,0
esmc6b_boundary,2,P0C8U8,0,0,0,0,1,1,2,2,2,2,1,1,1,1,1,1,0,0
esmc6b_boundary,2,P0C8U9,0,0,0,0,1,1,2,2,2,2,1,1,1,1,1,1,0,0
esmc6b_boundary,2,P0C8V0,1,1,1,1,1,1,1,1,1,1,1,1,0,0,0,0,0,0
esmc6b_boundary,2,P0C8W1,2,2,2,2,2,2,0,0,0,0,0,0,0,0,0,0,0,0
esmc6b_boundary,2,P0C8W2,2,2,2,2,2,2,0,0,0,0,0,0,0,0,0,0,0,0
esmc6b_boundary,2,P0C901,0,0,0,0,0,0,2,2,2,2,2,2,1,1,1,1,1,1
esmc6b_boundary,2,P0C940,1,1,1,1,1,1,0,0,0,0,0,0,0,0,0,0,0,0
esmc6b_boundary,2,P0C954,1,1,1,1,1,1,0,0,0,0,0,0,0,0,0,0,0,0
esmc6b_boundary,2,P0C955,0,0,0,1,1,1,1,1,1,0,0,0,1,1,1,0,0,0
esmc6b_boundary,2,P0C956,0,0,0,0,0,0,1,1,1,1,1,1,1,1,1,1,1,1
esmc6b_boundary,2,P0CAQ2,0,0,0,0,0,1,2,2,2,2,2,1,1,1,1,1,1,0
esmc6b_boundary,2,P0CAQ3,0,0,0,0,1,1,2,2,2,2,1,1,1,1,1,1,0,0
esmc6b_boundary,2,P0CAQ5,2,2,2,2,2,2,0,0,0,0,0,0,0,0,0,0,0,0
esmc6b_boundary,2,P0CAQ6,2,2,2,2,2,2,0,0,0,0,0,0,0,0,0,0,0,0
esmc6b_boundary,2,P0CAQ7,1,1,1,1,1,1,0,0,0,0,0,0,0,0,0,0,0,0
esmc6b_boundary,2,P0CAQ8,0,0,0,0,1,1,1,1,1,1,0,0,1,1,1,1,0,0
esmc6b_boundary,2,P0CAQ9,0,0,0,0,0,0,1,1,1,1,1,1,1,1,1,1,1,1
esmc6b_boundary,2,P0CAZ2,1,1,1,1,1,1,0,0,0,0,0,0,0,0,0,0,0,0
esmc6b_boundary,2,P0CAZ3,1,1,1,1,1,1,0,0,0,0,0,0,0,0,0,0,0,0
esmc6b_boundary,2,P0CAZ4,1,1,1,1,1,1,0,0,0,0,0,0,0,0,0,0,0,0
esmc6b_boundary,2,P0CAZ5,1,1,1,1,1,1,0,0,0,0,0,0,0,0,0,0,0,0
esmc6b_boundary,2,P0CAZ6,1,1,1,1,1,1,0,0,0,0,0,0,0,0,0,0,0,0
esmc6b_boundary,2,P0CAZ7,1,1,1,1,1,1,0,0,0,0,0,0,0,0,0,0,0,0
esmc6b_boundary,2,P0CAZ8,0,0,0,0,0,0,1,1,1,1,1,1,1,1,1,1,1,1
esmc6b_boundary,2,P0CAZ9,1,1,1,1,1,1,0,0,0,0,0,0,0,0,0,0,0,0
esmc6b_boundary,2,P0CB07,2,2,2,2,2,2,0,0,0,0,0,0,0,0,0,0,0,0
esmc6b_boundary,2,P0CB08,0,2,2,2,2,2,2,0,0,0,0,0,2,0,0,0,0,0
esmc6b_boundary,2,P0CB12,2,2,2,2,2,2,0,0,0,0,0,0,0,0,0,0,0,0
esmc6b_boundary,2,P0CB14,0,0,0,0,0,0,1,1,1,1,1,1,0,0,0,0,0,0
esmc6b_boundary,2,P0CE73,2,2,2,2,2,2,0,0,0,0,0,0,0,0,0,0,0,0
esmc6b_boundary,2,P0CE75,0,0,0,0,0,0,3,3,3,3,3,3,1,1,1,1,1,1
esmc6b_boundary,2,P0CE76,1,1,1,1,2,2,2,2,2,2,1,1,2,2,2,2,1,1
esmc6b_boundary,2,P0CE79,1,1,1,1,1,1,0,0,0,0,0,0,0,0,0,0,0,0
esmc6b_boundary,2,P0CE80,1,1,1,1,1,1,0,0,0,0,0,0,0,0,0,0,0,0
esmc6b_boundary,2,P0CE81,1,1,1,1,1,1,0,0,0,0,0,0,0,0,0,0,0,0
esmc6b_boundary,2,P0CE82,1,1,1,1,1,1,0,0,0,0,0,0,0,0,0,0,0,0
esmc6b_boundary,2,P0CE83,1,1,1,1,1,1,0,0,0,0,0,0,0,0,0,0,0,0
esmc6b_boundary,2,P0CH50,0,1,1,1,1,1,1,0,0,0,0,0,1,0,0,0,0,0
esmc6b_boundary,2,P0CI13,0,0,1,1,1,1,1,1,0,0,0,0,2,2,1,1,1,1
esmc6b_boundary,2,P0CI49,0,0,0,0,0,0,1,1,1,1,1,1,0,0,0,0,0,0
esmc6b_boundary,2,P0CY75,1,2,2,2,2,2,1,0,0,0,0,0,1,0,0,0,0,0
esmc6b_boundary,2,P0CY76,0,0,0,0,1,1,1,1,1,1,0,0,1,1,1,1,0,0
esmc6b_boundary,2,P0CY77,0,0,0,0,0,0,1,1,1,1,1,1,1,1,1,1,1,1
esmc6b_boundary,2,P0CY78,0,0,0,0,0,0,2,2,2,2,2,2,2,2,2,2,2,2
esmc6b_boundary,2,P0CY80,0,2,2,2,2,2,2,0,0,0,0,0,2,0,0,0,0,0
esmc6b_boundary,2,P0CY81,0,0,0,0,0,0,2,2,2,2,2,2,1,1,1,1,1,1
esmc6b_boundary,2,P0CY82,0,0,0,0,0,1,2,2,2,2,2,1,1,1,1,1,1,0
esmc6b_boundary,2,P0CY86,2,2,2,2,2,2,0,0,0,0,0,0,0,0,0,0,0,0
esmc6b_boundary,2,P0DJ02,2,2,2,2,2,2,0,0,0,0,0,0,0,0,0,0,0,0
esmc6b_boundary,2,P0DJ03,2,2,2,2,2,2,0,0,0,0,0,0,0,0,0,0,0,0
esmc6b_boundary,2,P0DJO3,2,2,2,2,2,2,0,0,0,0,0,0,0,0,0,0,0,0
esmc6b_boundary,2,P0DJO4,1,2,2,2,2,2,1,0,0,0,0,0,1,0,0,0,0,0
esmc6b_boundary,2,P0DKM1,1,1,1,1,1,1,0,0,0,0,0,0,1,1,1,1,1,1
esmc6b_boundary,2,P0DKN0,0,0,1,1,1,1,1,1,0,0,0,0,1,1,0,0,0,0
esmc6b_boundary,2,P0DKP4,1,1,1,1,1,1,3,3,3,3,3,3,1,1,1,1,1,1
esmc6b_boundary,2,P0DKP6,0,0,1,2,2,2,2,2,1,0,0,0,2,2,1,0,0,0
esmc6b_boundary,2,P0DKP8,0,0,1,2,2,2,2,2,1,0,0,0,2,2,1,0,0,0
esmc6b_boundary,2,P0DM21,2,2,2,2,2,2,0,0,0,0,0,0,0,0,0,0,0,0
esmc6b_boundary,2,P0DM23,1,1,1,1,1,1,1,1,1,1,1,1,0,0,0,0,0,0
esmc6b_boundary,2,P0DM26,0,0,0,0,0,0,3,3,3,3,3,3,2,2,2,2,2,2
esmc6b_boundary,2,P0DME6,2,2,2,2,2,2,0,0,0,0,0,0,0,0,0,0,0,0
esmc6b_boundary,2,P0DME7,2,2,2,2,2,2,0,0,0,0,0,0,0,0,0,0,0,0
esmc6b_boundary,2,P0DME8,2,2,2,2,2,2,0,0,0,0,0,0,0,0,0,0,0,0
esmc6b_boundary,2,P0DME9,2,2,2,2,2,2,0,0,0,0,0,0,0,0,0,0,0,0
esmc6b_boundary,2,P0DMF1,1,1,1,1,1,1,0,0,0,0,0,0,3,3,3,3,3,3
esmc6b_boundary,2,P0DMF4,2,2,2,2,2,2,0,0,0,0,0,0,0,0,0,0,0,0
esmc6b_boundary,2,P0DMF5,1,2,2,2,2,2,1,0,0,0,0,0,1,0,0,0,0,0
esmc6b_boundary,2,P0DMF6,2,2,2,2,2,2,0,0,0,0,0,0,0,0,0,0,0,0
esmc6b_boundary,2,P0DMF7,0,1,1,2,2,2,2,1,1,0,0,0,2,1,1,0,0,0
esmc6b_boundary,2,P0DMF9,1,1,1,2,2,2,1,1,1,0,0,0,1,1,1,0,0,0
esmc6b_boundary,2,P0DMZ2,0,1,1,1,1,1,1,0,0,0,0,0,1,0,0,0,0,0
esmc6b_boundary,2,P0DMZ8,1,5,5,5,5,5,4,0,0,0,0,0,7,3,3,3,3,3
esmc6b_boundary,2,P0DMZ9,2,5,5,5,5,5,3,0,0,0,0,0,6,3,3,3,3,3
esmc6b_boundary,2,P0DN46,0,0,2,2,2,2,2,2,0,0,0,0,2,2,0,0,0,0
esmc6b_boundary,2,P0DN47,0,1,1,1,1,1,2,1,1,1,1,1,1,0,0,0,0,0
esmc6b_boundary,2,P0DOZ7,0,0,0,0,0,0,3,3,3,3,3,3,1,1,1,1,1,1
esmc6b_boundary,2,P0DPE6,0,0,0,0,0,0,1,1,1,1,1,1,1,1,1,1,1,1
esmc6b_boundary,2,P0DPL8,0,0,2,2,2,2,2,2,0,0,0,0,2,2,0,0,0,0
esmc6b_boundary,2,P0DPL9,0,1,1,1,2,2,2,1,1,1,0,0,2,1,1,1,0,0
esmc6b_boundary,2,P0DPM0,0,0,0,0,0,0,2,2,2,2,2,2,1,1,1,1,1,1
esmc6b_boundary,2,P0DPM1,1,2,2,2,2,2,1,0,0,0,0,0,1,0,0,0,0,0
esmc6b_boundary,2,P0DPT2,1,1,1,1,1,1,0,0,0,0,0,0,0,0,0,0,0,0
esmc6b_boundary,2,P0DQJ4,1,1,1,1,1,1,0,0,0,0,0,0,1,1,1,1,1,1
esmc6b_boundary,2,P0DQP3,0,0,0,1,1,1,1,1,1,0,0,0,1,1,1,0,0,0
esmc6b_boundary,2,P0DQP4,0,1,1,1,1,1,1,0,0,0,0,0,1,0,0,0,0,0
esmc6b_boundary,2,P0DQR6,1,1,1,1,1,1,0,0,0,0,0,0,0,0,0,0,0,0
esmc6b_boundary,2,P0DRD0,1,2,2,2,2,2,1,0,0,0,0,0,1,0,0,0,0,0
esmc6b_boundary,2,P0DRD1,1,2,2,2,2,2,1,0,0,0,0,0,1,0,0,0,0,0
esmc6b_boundary,2,P0DRD2,2,2,2,2,2,2,0,0,0,0,0,0,0,0,0,0,0,0
esmc6b_boundary,2,P0DRD4,1,2,2,2,2,2,1,0,0,0,0,0,1,0,0,0,0,0
esmc6b_boundary,2,P0DRD5,1,1,2,2,2,2,1,1,0,0,0,0,1,1,0,0,0,0
esmc6b_boundary,2,P0DRH5,1,1,1,2,2,2,1,1,1,0,0,0,1,1,1,0,0,0
esmc6b_boundary,2,P0DRH6,1,1,1,2,2,2,1,1,1,0,0,0,1,1,1,0,0,0
esmc6b_boundary,2,P0DRH7,1,1,2,2,2,2,1,1,0,0,0,0,1,1,0,0,0,0
esmc6b_boundary,2,P0DRH9,0,0,0,0,0,0,2,2,2,2,2,2,2,2,2,2,2,2
esmc6b_boundary,2,P0DRI0,0,0,0,0,0,0,2,2,2,2,2,2,2,2,2,2,2,2
esmc6b_boundary,2,P0DRI1,0,1,1,1,1,1,2,1,1,1,1,1,3,2,2,2,2,2
esmc6b_boundary,2,P0DRI3,1,1,1,1,1,1,0,0,0,0,0,0,0,0,0,0,0,0
esmc6b_boundary,2,P0DSI4,2,2,2,2,2,2,0,0,0,0,0,0,0,0,0,0,0,0
esmc6b_boundary,2,P0DSI5,2,2,2,2,2,2,0,0,0,0,0,0,0,0,0,0,0,0
esmc6b_boundary,2,P0DSI6,0,2,2,2,2,2,2,0,0,0,0,0,2,0,0,0,0,0
esmc6b_boundary,2,P0DSJ4,1,1,1,1,1,1,0,0,0,0,0,0,1,1,1,1,1,1
esmc6b_boundary,2,P0DSJ5,1,1,1,1,1,1,0,0,0,0,0,0,1,1,1,1,1,1
esmc6b_boundary,2,P0DSJ8,0,0,1,1,1,1,2,2,1,1,1,1,1,1,0,0,0,0
esmc6b_boundary,2,P0DSJ9,0,0,1,1,1,1,2,2,1,1,1,1,1,1,0,0,0,0
esmc6b_boundary,2,P0DSK1,0,0,0,0,0,0,2,2,2,2,2,2,1,1,1,1,1,1
esmc6b_boundary,2,P0DSK4,0,0,0,0,0,0,1,1,1,1,1,1,2,2,2,2,2,2
esmc6b_boundary,2,P0DUG2,1,1,1,1,1,1,0,0,0,0,0,0,0,0,0,0,0,0
esmc6b_boundary,2,P0DUJ5,0,0,0,0,2,2,2,2,2,2,0,0,2,2,2,2,0,0
esmc6b_boundary,2,P0DUQ4,0,0,0,0,0,0,3,3,3,3,3,3,1,1,1,1,1,1
esmc6b_boundary,2,P0DUQ8,0,0,0,1,1,1,1,1,1,0,0,0,2,2,2,1,1,1
esmc6b_boundary,2,P0DV71,0,1,1,1,1,1,1,0,0,0,0,0,1,0,0,0,0,0
esmc6b_boundary,2,P0DW72,1,1,1,1,1,1,0,0,0,0,0,0,1,1,1,1,1,1
esmc6b_boundary,2,P0DX20,0,0,0,0,0,0,1,1,1,1,1,1,0,0,0,0,0,0
esmc6b_boundary,2,P0DX61,2,2,2,2,2,2,0,0,0,0,0,0,0,0,0,0,0,0
esmc6b_boundary,2,P0DX64,2,2,2,2,2,2,0,0,0,0,0,0,0,0,0,0,0,0
esmc6b_boundary,2,P0DXT1,2,2,2,2,2,2,0,0,0,0,0,0,0,0,0,0,0,0
esmc6b_boundary,2,P0DXT2,2,2,2,2,2,2,0,0,0,0,0,0,0,0,0,0,0,0
esmc6b_boundary,2,P0DXT3,1,1,1,1,1,1,0,0,0,0,0,0,1,1,1,1,1,1
esmc6b_boundary,2,P0DXT4,2,2,2,2,2,2,0,0,0,0,0,0,0,0,0,0,0,0
esmc6b_boundary,2,P0DXT5,2,2,2,2,2,2,0,0,0,0,0,0,0,0,0,0,0,0
esmc6b_boundary,2,P0DXT7,1,2,2,2,2,2,1,0,0,0,0,0,1,0,0,0,0,0
esmc6b_boundary,2,P0DXT8,1,2,2,2,2,2,1,0,0,0,0,0,1,0,0,0,0,0
esmc6b_boundary,2,P0DXT9,1,2,2,2,2,2,1,0,0,0,0,0,1,0,0,0,0,0
esmc6b_boundary,2,P0DXU0,1,2,2,2,2,2,1,0,0,0,0,0,1,0,0,0,0,0
esmc6b_boundary,2,P0DXU1,1,1,2,2,2,2,1,1,0,0,0,0,1,1,0,0,0,0
esmc6b_boundary,2,P0DXZ8,1,1,1,2,2,2,1,1,1,0,0,0,1,1,1,0,0,0
esmc6b_boundary,2,P0DY01,2,2,2,2,2,2,0,0,0,0,0,0,0,0,0,0,0,0
esmc6b_boundary,2,P0DY02,1,1,1,2,2,2,1,1,1,0,0,0,1,1,1,0,0,0
esmc6b_boundary,2,P0DY17,1,1,1,2,2,2,1,1,1,0,0,0,1,1,1,0,0,0
esmc6b_boundary,2,P0DY19,0,0,0,0,0,0,1,1,1,1,1,1,1,1,1,1,1,1
esmc6b_boundary,2,P0DY25,1,1,1,2,2,2,1,1,1,0,0,0,1,1,1,0,0,0
esmc6b_boundary,2,P0DY99,0,0,0,0,0,0,2,2,2,2,2,2,1,1,1,1,1,1
esmc6b_boundary,2,P10347,0,0,0,0,0,0,1,1,1,1,1,1,0,0,0,0,0,0
esmc6b_boundary,2,P10348,1,1,1,1,1,1,0,0,0,0,0,0,0,0,0,0,0,0
esmc6b_boundary,2,P10673,2,2,2,2,2,2,0,0,0,0,0,0,1,1,1,1,1,1
esmc6b_boundary,2,P10743,0,1,1,1,1,1,1,0,0,0,0,0,1,0,0,0,0,0
esmc6b_boundary,2,P10763,0,0,0,0,0,0,1,1,1,1,1,1,1,1,1,1,1,1
esmc6b_boundary,2,P10764,0,0,0,0,0,0,1,1,1,1,1,1,1,1,1,1,1,1
esmc6b_boundary,2,P10863,1,1,1,1,1,1,0,0,0,0,0,0,0,0,0,0,0,0
esmc6b_boundary,2,P10968,0,0,1,1,1,1,1,1,0,0,0,0,1,1,0,0,0,0
esmc6b_boundary,2,P10969,0,0,1,1,1,1,1,1,0,0,0,0,1,1,0,0,0,0
esmc6b_boundary,2,P11006,7,7,7,7,7,7,12,12,12,12,12,12,6,6,6,6,6,6
esmc6b_boundary,2,P11214,1,1,1,1,1,1,0,0,0,0,0,0,0,0,0,0,0,0
esmc6b_boundary,2,P11863,1,1,1,1,1,1,0,0,0,0,0,0,0,0,0,0,0,0
esmc6b_boundary,2,P12163,0,0,0,0,0,0,1,1,1,1,1,1,0,0,0,0,0,0
esmc6b_boundary,2,P12164,0,0,0,0,0,0,1,1,1,1,1,1,0,0,0,0,0,0
esmc6b_boundary,2,P12729,1,1,1,1,1,1,0,0,0,0,0,0,0,0,0,0,0,0
esmc6b_boundary,2,P12960,0,0,0,0,1,1,1,1,1,1,0,0,2,2,2,2,1,1
esmc6b_boundary,2,P13208,0,1,1,1,1,2,25,24,24,24,24,23,6,5,5,5,5,4
esmc6b_boundary,2,P13684,0,1,1,1,2,2,2,1,1,1,0,0,3,2,2,2,1,1
esmc6b_boundary,2,P14089,1,1,1,1,1,1,0,0,0,0,0,0,0,0,0,0,0,0
esmc6b_boundary,2,P14530,0,0,0,0,0,0,1,1,1,1,1,1,0,0,0,0,0,0
esmc6b_boundary,2,P14749,1,1,1,1,1,1,0,0,0,0,0,0,0,0,0,0,0,0
esmc6b_boundary,2,P14781,0,1,1,1,1,1,1,0,0,0,0,0,1,0,0,0,0,0
esmc6b_boundary,2,P15167,0,0,0,0,0,0,1,1,1,1,1,1,0,0,0,0,0,0
esmc6b_boundary,2,P15471,0,0,1,2,2,2,2,2,1,0,0,0,2,2,1,0,0,0
esmc6b_boundary,2,P15490,0,1,1,1,1,1,1,0,0,0,0,0,1,0,0,0,0,0
esmc6b_boundary,2,P15566,0,0,0,0,0,0,1,1,1,1,1,1,0,0,0,0,0,0
esmc6b_boundary,2,P15819,0,1,1,1,1,1,1,0,0,0,0,0,1,0,0,0,0,0
esmc6b_boundary,2,P16014,0,0,0,0,0,0,1,1,1,1,1,1,3,3,3,3,3,3
esmc6b_boundary,2,P16094,0,0,0,0,0,0,1,1,1,1,1,1,0,0,0,0,0,0
esmc6b_boundary,2,P16231,0,0,0,0,0,1,1,1,1,1,1,0,1,1,1,1,1,0
esmc6b_boundary,2,P16291,1,1,1,1,1,1,1,1,1,1,1,1,1,1,1,1,1,1
esmc6b_boundary,2,P16292,1,1,1,1,1,1,1,1,1,1,1,1,0,0,0,0,0,0
esmc6b_boundary,2,P16293,0,0,0,0,0,0,1,1,1,1,1,1,0,0,0,0,0,0
esmc6b_boundary,2,P16294,1,1,1,1,1,1,1,1,1,1,1,1,1,1,1,1,1,1
esmc6b_boundary,2,P16296,1,1,1,1,1,1,1,1,1,1,1,1,0,0,0,0,0,0
esmc6b_boundary,2,P16501,0,0,0,0,0,0,1,1,1,1,1,1,1,1,1,1,1,1
esmc6b_boundary,2,P16545,0,0,0,0,0,0,1,1,1,1,1,1,1,1,1,1,1,1
esmc6b_boundary,2,P17349,0,0,0,0,0,0,1,1,1,1,1,1,0,0,0,0,0,0
esmc6b_boundary,2,P17647,0,0,0,0,0,0,1,1,1,1,1,1,1,1,1,1,1,1
esmc6b_boundary,2,P17896,0,0,0,0,0,0,1,1,1,1,1,1,0,0,0,0,0,0
esmc6b_boundary,2,P18254,0,0,0,0,0,0,1,1,1,1,1,1,0,0,0,0,0,0
esmc6b_boundary,2,P18263,1,1,1,1,1,1,0,0,0,0,0,0,0,0,0,0,0,0
esmc6b_boundary,2,P18619,0,0,0,0,0,0,1,1,1,1,1,1,0,0,0,0,0,0
esmc6b_boundary,2,P19259,0,1,1,1,1,1,1,0,0,0,0,0,1,0,0,0,0,0
esmc6b_boundary,2,P19540,1,1,1,1,1,1,1,1,1,1,1,1,0,0,0,0,0,0
esmc6b_boundary,2,P19578,2,2,2,2,2,2,0,0,0,0,0,0,0,0,0,0,0,0
esmc6b_boundary,2,P19637,1,1,1,1,1,1,0,0,0,0,0,0,0,0,0,0,0,0
esmc6b_boundary,2,P20068,3,3,3,3,3,3,0,0,0,0,0,0,0,0,0,0,0,0
esmc6b_boundary,2,P20076,0,1,1,1,1,1,1,0,0,0,0,0,1,0,0,0,0,0
esmc6b_boundary,2,P20164,0,0,0,0,0,0,1,1,1,1,1,1,0,0,0,0,0,0
esmc6b_boundary,2,P20465,0,0,0,0,0,0,5,5,5,5,5,5,0,0,0,0,0,0
esmc6b_boundary,2,P20466,0,0,0,1,2,2,3,3,3,2,1,1,2,2,2,1,0,0
esmc6b_boundary,2,P21786,1,1,1,1,1,1,1,1,1,1,1,1,3,3,3,3,3,3
esmc6b_boundary,2,P21840,1,1,1,1,1,1,0,0,0,0,0,0,0,0,0,0,0,0
esmc6b_boundary,2,P22063,0,1,1,1,1,1,1,0,0,0,0,0,1,0,0,0,0,0
esmc6b_boundary,2,P22146,1,1,1,1,1,1,0,0,0,0,0,0,0,0,0,0,0,0
esmc6b_boundary,2,P22282,1,1,1,1,1,1,0,0,0,0,0,0,0,0,0,0,0,0
esmc6b_boundary,2,P22321,0,0,0,0,0,0,1,1,1,1,1,1,0,0,0,0,0,0
esmc6b_boundary,2,P22322,0,0,0,0,0,0,1,1,1,1,1,1,0,0,0,0,0,0
esmc6b_boundary,2,P22334,0,0,1,1,1,1,3,3,2,2,2,2,1,1,0,0,0,0
esmc6b_boundary,2,P22457,0,1,1,1,1,1,1,0,0,0,0,0,1,0,0,0,0,0
esmc6b_boundary,2,P22522,1,1,1,1,1,1,0,0,0,0,0,0,0,0,0,0,0,0
esmc6b_boundary,2,P22891,0,1,1,1,1,1,1,0,0,0,0,0,1,0,0,0,0,0
esmc6b_boundary,2,P23079,1,1,1,1,1,1,0,0,0,0,0,0,0,0,0,0,0,0
esmc6b_boundary,2,P23317,1,1,1,1,1,1,0,0,0,0,0,0,0,0,0,0,0,0
esmc6b_boundary,2,P23318,0,0,0,0,0,0,1,1,1,1,1,1,0,0,0,0,0,0
esmc6b_boundary,2,P23389,1,1,1,1,1,1,2,2,2,2,2,2,1,1,1,1,1,1
esmc6b_boundary,2,P23695,0,0,0,0,0,0,1,1,1,1,1,1,0,0,0,0,0,0
esmc6b_boundary,2,P23699,0,0,0,0,0,0,1,1,1,1,1,1,0,0,0,0,0,0
esmc6b_boundary,2,P24478,0,0,0,0,0,0,1,1,1,1,1,1,0,0,0,0,0,0
esmc6b_boundary,2,P25380,1,1,1,1,1,1,0,0,0,0,0,0,0,0,0,0,0,0
esmc6b_boundary,2,P25955,1,1,1,1,1,1,0,0,0,0,0,0,0,0,0,0,0,0
esmc6b_boundary,2,P26350,0,0,0,0,0,0,1,1,1,1,1,1,1,1,1,1,1,1
esmc6b_boundary,2,P27058,0,0,0,0,0,0,1,1,1,1,1,1,1,1,1,1,1,1
esmc6b_boundary,2,P27654,1,1,1,1,1,1,0,0,0,0,0,0,0,0,0,0,0,0
esmc6b_boundary,2,P28319,1,1,1,1,1,1,0,0,0,0,0,0,0,0,0,0,0,0
esmc6b_boundary,2,P28642,0,0,0,0,0,0,1,1,1,1,1,1,0,0,0,0,0,0
esmc6b_boundary,2,P28879,1,1,1,2,2,2,1,1,1,0,0,0,1,1,1,0,0,0
esmc6b_boundary,2,P29827,0,1,1,1,1,1,1,0,0,0,0,0,2,1,1,1,1,1
esmc6b_boundary,2,P30403,0,0,0,0,0,0,1,1,1,1,1,1,0,0,0,0,0,0
esmc6b_boundary,2,P30990,2,3,3,3,3,3,1,0,0,0,0,0,1,0,0,0,0,0
esmc6b_boundary,2,P31358,0,0,0,0,0,0,2,2,2,2,2,2,1,1,1,1,1,1
esmc6b_boundary,2,P31394,0,0,0,1,1,1,2,2,2,1,1,1,1,1,1,0,0,0
esmc6b_boundary,2,P31481,1,1,1,1,1,1,0,0,0,0,0,0,0,0,0,0,0,0
esmc6b_boundary,2,P31736,0,0,0,0,0,1,1,1,1,1,1,0,1,1,1,1,1,0
esmc6b_boundary,2,P31944,0,0,0,0,0,0,2,2,2,2,2,2,0,0,0,0,0,0
esmc6b_boundary,2,P31956,0,0,0,0,0,0,1,1,1,1,1,1,0,0,0,0,0,0
esmc6b_boundary,2,P31997,0,0,0,0,0,0,1,1,1,1,1,1,0,0,0,0,0,0
esmc6b_boundary,2,P32763,1,1,1,1,1,1,1,1,1,1,1,1,0,0,0,0,0,0
esmc6b_boundary,2,P33185,0,0,0,0,0,0,1,1,1,1,1,1,1,1,1,1,1,1
esmc6b_boundary,2,P33186,0,0,0,0,0,0,2,2,2,2,2,2,1,1,1,1,1,1
esmc6b_boundary,2,P33376,1,1,1,1,1,1,0,0,0,0,0,0,0,0,0,0,0,0
esmc6b_boundary,2,P33378,0,0,1,1,1,1,1,1,0,0,0,0,1,1,0,0,0,0
esmc6b_boundary,2,P33587,1,1,1,1,1,1,1,1,1,1,1,1,0,0,0,0,0,0
esmc6b_boundary,2,P33712,0,0,0,0,0,0,1,1,1,1,1,1,1,1,1,1,1,1
esmc6b_boundary,2,P33890,0,1,1,1,1,1,1,0,0,0,0,0,1,0,0,0,0,0
esmc6b_boundary,2,P34068,0,0,0,0,0,0,2,2,2,2,2,2,1,1,1,1,1,1
esmc6b_boundary,2,P34069,0,0,0,0,0,0,2,2,2,2,2,2,1,1,1,1,1,1
esmc6b_boundary,2,P34182,0,0,0,0,0,0,1,1,1,1,1,1,0,0,0,0,0,0
esmc6b_boundary,2,P35853,1,1,1,1,1,1,0,0,0,0,0,0,0,0,0,0,0,0
esmc6b_boundary,2,P36217,1,1,1,1,1,1,0,0,0,0,0,0,0,0,0,0,0,0
esmc6b_boundary,2,P36218,1,1,1,1,1,1,0,0,0,0,0,0,0,0,0,0,0,0
esmc6b_boundary,2,P37302,0,0,1,1,1,1,1,1,0,0,0,0,1,1,0,0,0,0
esmc6b_boundary,2,P38248,1,1,1,1,1,1,0,0,0,0,0,0,0,0,0,0,0,0
esmc6b_boundary,2,P40199,0,0,0,0,0,0,1,1,1,1,1,1,0,0,0,0,0,0
esmc6b_boundary,2,P40552,0,0,0,0,0,0,1,1,1,1,1,1,1,1,1,1,1,1
esmc6b_boundary,2,P40849,0,0,0,0,0,0,2,2,2,2,2,2,1,1,1,1,1,1
esmc6b_boundary,2,P41598,0,0,0,0,0,0,1,1,1,1,1,1,0,0,0,0,0,0
esmc6b_boundary,2,P41694,0,0,0,0,0,0,1,1,1,1,1,1,0,0,0,0,0,0
esmc6b_boundary,2,P42574,0,0,0,0,0,0,2,2,2,2,2,2,1,1,1,1,1,1
esmc6b_boundary,2,P42575,0,0,0,0,0,0,1,1,1,1,1,1,0,0,0,0,0,0
esmc6b_boundary,2,P43076,0,1,1,1,1,1,1,0,0,0,0,0,1,0,0,0,0,0
esmc6b_boundary,2,P47178,1,1,1,1,1,1,0,0,0,0,0,0,0,0,0,0,0,0
esmc6b_boundary,2,P48188,0,0,0,0,0,0,1,1,1,1,1,1,0,0,0,0,0,0
esmc6b_boundary,2,P48678,0,0,0,0,0,0,1,1,1,1,1,1,0,0,0,0,0,0
esmc6b_boundary,2,P48679,0,0,0,0,0,0,1,1,1,1,1,1,0,0,0,0,0,0
esmc6b_boundary,2,P49513,1,1,1,1,1,1,0,0,0,0,0,0,0,0,0,0,0,0
esmc6b_boundary,2,P50982,2,2,2,2,2,2,0,0,0,0,0,0,0,0,0,0,0,0
esmc6b_boundary,2,P50985,2,2,2,2,2,2,0,0,0,0,0,0,0,0,0,0,0,0
esmc6b_boundary,2,P51317,1,1,1,1,1,1,0,0,0,0,0,0,0,0,0,0,0,0
esmc6b_boundary,2,P51457,0,0,0,0,0,0,1,1,1,1,1,1,1,1,1,1,1,1
esmc6b_boundary,2,P51459,0,0,0,0,0,0,1,1,1,1,1,1,1,1,1,1,1,1
esmc6b_boundary,2,P51462,0,0,0,0,0,0,1,1,1,1,1,1,1,1,1,1,1,1
esmc6b_boundary,2,P54097,0,0,0,0,0,0,1,1,1,1,1,1,1,1,1,1,1,1
esmc6b_boundary,2,P55210,0,0,0,0,0,0,2,2,2,2,2,2,1,1,1,1,1,1
esmc6b_boundary,2,P55212,0,0,0,0,0,0,2,2,2,2,2,2,0,0,0,0,0,0
esmc6b_boundary,2,P55213,0,0,0,0,0,0,2,2,2,2,2,2,1,1,1,1,1,1
esmc6b_boundary,2,P55214,0,1,1,1,1,1,2,1,1,1,1,1,1,0,0,0,0,0
esmc6b_boundary,2,P55215,0,0,0,0,0,0,1,1,1,1,1,1,1,1,1,1,1,1
esmc6b_boundary,2,P55330,1,1,1,1,1,1,0,0,0,0,0,0,0,0,0,0,0,0
esmc6b_boundary,2,P55790,0,0,0,0,0,0,1,1,1,1,1,1,0,0,0,0,0,0
esmc6b_boundary,2,P55939,0,0,0,0,0,0,1,1,1,1,1,1,0,0,0,0,0,0
esmc6b_boundary,2,P55963,2,2,2,2,2,2,0,0,0,0,0,0,0,0,0,0,0,0
esmc6b_boundary,2,P56348,0,0,0,0,0,0,1,1,1,1,1,1,0,0,0,0,0,0
esmc6b_boundary,2,P56626,0,0,0,0,0,0,1,1,1,1,1,1,0,0,0,0,0,0
esmc6b_boundary,2,P56636,1,2,2,2,2,2,1,0,0,0,0,0,1,0,0,0,0,0
esmc6b_boundary,2,P56638,2,2,2,2,2,2,0,0,0,0,0,0,0,0,0,0,0,0
esmc6b_boundary,2,P56639,2,2,2,2,2,2,0,0,0,0,0,0,0,0,0,0,0,0
esmc6b_boundary,2,P56640,2,2,2,2,2,2,0,0,0,0,0,0,0,0,0,0,0,0
esmc6b_boundary,2,P56782,0,0,0,0,0,0,1,1,1,1,1,1,0,0,0,0,0,0
esmc6b_boundary,2,P56973,2,2,2,2,2,2,0,0,0,0,0,0,0,0,0,0,0,0
esmc6b_boundary,2,P58273,0,0,0,0,0,0,1,1,1,1,1,1,0,0,0,0,0,0
esmc6b_boundary,2,P58560,1,1,1,1,1,1,0,0,0,0,0,0,0,0,0,0,0,0
esmc6b_boundary,2,P58583,1,1,1,1,1,1,0,0,0,0,0,0,0,0,0,0,0,0
esmc6b_boundary,2,P58808,1,1,1,2,2,2,1,1,1,0,0,0,1,1,1,0,0,0
esmc6b_boundary,2,P58809,0,1,1,2,2,2,2,1,1,0,0,0,2,1,1,0,0,0
esmc6b_boundary,2,P58811,2,2,2,2,2,2,0,0,0,0,0,0,0,0,0,0,0,0
esmc6b_boundary,2,P59261,2,2,2,2,2,2,0,0,0,0,0,0,0,0,0,0,0,0
esmc6b_boundary,2,P59262,2,2,2,2,2,2,0,0,0,0,0,0,0,0,0,0,0,0
esmc6b_boundary,2,P59406,0,0,0,0,0,0,1,1,1,1,1,1,0,0,0,0,0,0
esmc6b_boundary,2,P59906,0,0,0,0,0,0,2,2,2,2,2,2,1,1,1,1,1,1
esmc6b_boundary,2,P59914,1,1,1,1,1,1,0,0,0,0,0,0,0,0,0,0,0,0
esmc6b_boundary,2,P60274,0,0,2,2,2,2,2,2,0,0,0,0,2,2,0,0,0,0
esmc6b_boundary,2,P68407,2,2,2,2,2,2,0,0,0,0,0,0,0,0,0,0,0,0
esmc6b_boundary,2,P68408,2,2,2,2,2,2,0,0,0,0,0,0,0,0,0,0,0,0
esmc6b_boundary,2,P68409,2,2,2,2,2,2,0,0,0,0,0,0,0,0,0,0,0,0
esmc6b_boundary,2,P68500,1,1,1,1,1,1,0,0,0,0,0,0,0,0,0,0,0,0
esmc6b_boundary,2,P68577,0,1,1,1,1,1,2,1,1,1,1,1,1,0,0,0,0,0
esmc6b_boundary,2,P69498,0,0,0,0,0,0,1,1,1,1,1,1,1,1,1,1,1,1
esmc6b_boundary,2,P69499,0,0,0,0,0,0,1,1,1,1,1,1,1,1,1,1,1,1
esmc6b_boundary,2,P69500,0,0,0,0,0,0,1,1,1,1,1,1,1,1,1,1,1,1
esmc6b_boundary,2,P69501,0,0,0,0,0,0,1,1,1,1,1,1,1,1,1,1,1,1
esmc6b_boundary,2,P69657,0,2,2,2,2,2,2,0,0,0,0,0,2,0,0,0,0,0
esmc6b_boundary,2,P69658,0,1,1,1,1,1,1,0,0,0,0,0,1,0,0,0,0,0
esmc6b_boundary,2,P69693,0,0,0,0,0,0,1,1,1,1,1,1,0,0,0,0,0,0
esmc6b_boundary,2,P69694,0,0,0,0,0,0,1,1,1,1,1,1,0,0,0,0,0,0
esmc6b_boundary,2,P69764,1,2,2,2,2,2,1,0,0,0,0,0,1,0,0,0,0,0
esmc6b_boundary,2,P69765,1,2,2,2,2,2,1,0,0,0,0,0,1,0,0,0,0,0
esmc6b_boundary,2,P69766,2,2,2,2,2,2,0,0,0,0,0,0,0,0,0,0,0,0
esmc6b_boundary,2,P69768,1,2,2,2,2,2,1,0,0,0,0,0,1,0,0,0,0,0
esmc6b_boundary,2,P69770,0,0,0,0,0,0,1,1,1,1,1,1,2,2,2,2,2,2
esmc6b_boundary,2,P69929,6,6,6,6,7,7,1,1,1,1,0,0,6,6,6,6,5,5
esmc6b_boundary,2,P69939,0,0,0,0,0,0,1,1,1,1,1,1,0,0,0,0,0,0
esmc6b_boundary,2,P69940,0,0,0,0,0,0,2,2,2,2,2,2,1,1,1,1,1,1
esmc6b_boundary,2,P70375,1,1,1,1,1,1,0,0,0,0,0,0,0,0,0,0,0,0
esmc6b_boundary,2,P70677,0,0,0,0,0,0,2,2,2,2,2,2,1,1,1,1,1,1
esmc6b_boundary,2,P81323,1,1,1,1,1,1,0,0,0,0,0,0,0,0,0,0,0,0
esmc6b_boundary,2,P81428,0,0,2,2,2,2,2,2,0,0,0,0,2,2,0,0,0,0
esmc6b_boundary,2,P81755,1,1,2,2,2,2,1,1,0,0,0,0,1,1,0,0,0,0
esmc6b_boundary,2,P81791,0,1,1,1,1,1,1,0,0,0,0,0,1,0,0,0,0,0
esmc6b_boundary,2,P81941,0,0,0,0,0,0,2,2,2,2,2,2,2,2,2,2,2,2
esmc6b_boundary,2,P82701,0,0,0,0,0,0,1,1,1,1,1,1,1,1,1,1,1,1
esmc6b_boundary,2,P82807,0,0,2,2,2,2,2,2,0,0,0,0,2,2,0,0,0,0
esmc6b_boundary,2,P83370,0,0,2,2,2,2,2,2,0,0,0,0,2,2,0,0,0,0
esmc6b_boundary,2,P83403,1,1,1,1,1,1,0,0,0,0,0,0,0,0,0,0,0,0
esmc6b_boundary,2,P83512,0,0,0,0,0,0,1,1,1,1,1,1,0,0,0,0,0,0
esmc6b_boundary,2,P84845,2,2,2,2,2,2,0,0,0,0,0,0,0,0,0,0,0,0
esmc6b_boundary,2,P85013,2,2,2,2,2,2,0,0,0,0,0,0,0,0,0,0,0,0
esmc6b_boundary,2,P85079,1,1,1,1,1,1,0,0,0,0,0,0,1,1,1,1,1,1
esmc6b_boundary,2,P85247,1,1,1,1,1,1,0,0,0,0,0,0,0,0,0,0,0,0
esmc6b_boundary,2,P85253,1,1,1,1,1,1,0,0,0,0,0,0,0,0,0,0,0,0
esmc6b_boundary,2,P85254,1,1,1,1,1,1,0,0,0,0,0,0,0,0,0,0,0,0
esmc6b_boundary,2,P85255,1,1,1,1,1,1,0,0,0,0,0,0,0,0,0,0,0,0
esmc6b_boundary,2,P85256,1,1,1,1,1,1,0,0,0,0,0,0,0,0,0,0,0,0
esmc6b_boundary,2,P85257,1,1,1,1,1,1,0,0,0,0,0,0,0,0,0,0,0,0
esmc6b_boundary,2,P85258,1,1,1,1,1,1,0,0,0,0,0,0,0,0,0,0,0,0
esmc6b_boundary,2,P85259,1,1,1,1,1,1,0,0,0,0,0,0,0,0,0,0,0,0
esmc6b_boundary,2,P85829,0,0,0,0,0,0,1,1,1,1,1,1,1,1,1,1,1,1
esmc6b_boundary,2,P85831,0,0,0,0,0,0,1,1,1,1,1,1,1,1,1,1,1,1
esmc6b_boundary,2,P85832,2,2,2,3,3,3,1,1,1,0,0,0,2,2,2,1,1,1
esmc6b_boundary,2,P85886,2,2,2,2,2,2,0,0,0,0,0,0,0,0,0,0,0,0
esmc6b_boundary,2,P85966,0,0,0,0,0,0,2,2,2,2,2,2,0,0,0,0,0,0
esmc6b_boundary,2,P86013,0,1,1,1,1,1,2,1,1,1,1,1,2,1,1,1,1,1
esmc6b_boundary,2,P86047,2,2,2,2,2,2,0,0,0,0,0,0,0,0,0,0,0,0
esmc6b_boundary,2,P86521,0,1,1,1,1,1,1,0,0,0,0,0,1,0,0,0,0,0
esmc6b_boundary,2,P89116,0,0,0,0,0,0,2,2,2,2,2,2,0,0,0,0,0,0
esmc6b_boundary,2,P91797,1,2,2,2,2,2,1,0,0,0,0,0,1,0,0,0,0,0
esmc6b_boundary,2,P97527,1,1,1,1,1,1,0,0,0,0,0,0,0,0,0,0,0,0
esmc6b_boundary,2,P97528,0,0,1,1,1,1,1,1,0,0,0,0,1,1,0,0,0,0
esmc6b_boundary,2,P97766,0,0,0,0,0,0,1,1,1,1,1,1,1,1,1,1,1,1
esmc6b_boundary,2,P97864,0,1,1,1,1,1,2,1,1,1,1,1,1,0,0,0,0,0
esmc6b_boundary,2,P98139,1,1,1,1,1,1,0,0,0,0,0,0,0,0,0,0,0,0
esmc6b_boundary,2,Q00783,0,1,1,1,1,1,1,0,0,0,0,0,1,0,0,0,0,0
esmc6b_boundary,2,Q00829,0,0,0,0,0,0,2,2,2,2,2,2,0,0,0,0,0,0
esmc6b_boundary,2,Q01MB6,0,0,0,0,0,0,1,1,1,1,1,1,0,0,0,0,0,0
esmc6b_boundary,2,Q02246,1,1,1,1,1,1,0,0,0,0,0,0,0,0,0,0,0,0
esmc6b_boundary,2,Q03029,1,1,1,1,1,1,0,0,0,0,0,0,0,0,0,0,0,0
esmc6b_boundary,2,Q03198,0,1,1,1,1,1,1,0,0,0,0,0,1,0,0,0,0,0
esmc6b_boundary,2,Q03199,0,0,0,0,1,1,1,1,1,1,0,0,1,1,1,1,0,0
esmc6b_boundary,2,Q03561,0,0,0,0,0,0,1,1,1,1,1,1,0,0,0,0,0,0
esmc6b_boundary,2,Q03655,1,1,1,1,1,1,0,0,0,0,0,0,0,0,0,0,0,0
esmc6b_boundary,2,Q04469,0,0,1,1,1,1,1,1,0,0,0,0,1,1,0,0,0,0
esmc6b_boundary,2,Q06135,1,1,1,1,1,1,0,0,0,0,0,0,0,0,0,0,0,0
esmc6b_boundary,2,Q06303,0,0,0,0,0,0,1,1,1,1,1,1,0,0,0,0,0,0
esmc6b_boundary,2,Q06304,0,0,0,0,0,0,1,1,1,1,1,1,0,0,0,0,0,0
esmc6b_boundary,2,Q06305,0,0,0,0,0,0,1,1,1,1,1,1,0,0,0,0,0,0
esmc6b_boundary,2,Q06306,0,0,0,0,0,0,1,1,1,1,1,1,1,1,1,1,1,1
esmc6b_boundary,2,Q06FX8,0,0,0,0,0,0,1,1,1,1,1,1,0,0,0,0,0,0
esmc6b_boundary,2,Q06GS7,0,0,0,0,0,0,1,1,1,1,1,1,0,0,0,0,0,0
esmc6b_boundary,2,Q06H14,0,0,0,0,0,0,1,1,1,1,1,1,0,0,0,0,0,0
esmc6b_boundary,2,Q06J16,0,1,1,1,1,1,1,0,0,0,0,0,1,0,0,0,0,0
esmc6b_boundary,2,Q06RE8,0,0,0,0,0,0,1,1,1,1,1,1,0,0,0,0,0,0
esmc6b_boundary,2,Q06SD3,1,1,1,1,1,1,0,0,0,0,0,0,0,0,0,0,0,0
esmc6b_boundary,2,Q072L5,0,0,0,0,0,0,1,1,1,1,1,1,0,0,0,0,0,0
esmc6b_boundary,2,Q07409,0,0,1,1,1,1,1,1,0,0,0,0,1,1,0,0,0,0
esmc6b_boundary,2,Q07488,1,1,1,1,1,1,0,0,0,0,0,0,0,0,0,0,0,0
esmc6b_boundary,2,Q07932,1,2,2,2,2,2,1,0,0,0,0,0,2,1,1,1,1,1
esmc6b_boundary,2,Q08193,1,1,1,1,1,1,0,0,0,0,0,0,0,0,0,0,0,0
esmc6b_boundary,2,Q08271,1,1,1,1,1,1,0,0,0,0,0,0,0,0,0,0,0,0
esmc6b_boundary,2,Q08279,0,0,1,1,1,1,1,1,0,0,0,0,2,2,1,1,1,1
esmc6b_boundary,2,Q08676,0,0,0,0,0,0,1,1,1,1,1,1,0,0,0,0,0,0
esmc6b_boundary,2,Q08DY9,0,0,0,0,0,0,2,2,2,2,2,2,1,1,1,1,1,1
esmc6b_boundary,2,Q09MJ5,0,0,0,0,0,0,1,1,1,1,1,1,0,0,0,0,0,0
esmc6b_boundary,2,Q09X34,0,0,0,0,0,0,1,1,1,1,1,1,0,0,0,0,0,0
esmc6b_boundary,2,Q0G9N6,0,0,0,0,0,0,1,1,1,1,1,1,0,0,0,0,0,0
esmc6b_boundary,2,Q0G9X9,0,0,0,0,0,0,1,1,1,1,1,1,0,0,0,0,0,0
esmc6b_boundary,2,Q0GY44,0,0,0,0,0,0,1,1,1,1,1,1,0,0,0,0,0,0
esmc6b_boundary,2,Q0GY46,0,0,0,0,0,0,1,1,1,1,1,1,0,0,0,0,0,0
esmc6b_boundary,2,Q0IDF4,1,1,1,1,1,1,0,0,0,0,0,0,0,0,0,0,0,0
esmc6b_boundary,2,Q0II73,0,1,1,1,1,1,1,0,0,0,0,0,2,1,1,1,1,1
esmc6b_boundary,2,Q0JF21,0,0,0,0,0,0,1,1,1,1,1,1,0,0,0,0,0,0
esmc6b_boundary,2,Q0NZX5,0,0,0,0,0,0,1,1,1,1,1,1,0,0,0,0,0,0
esmc6b_boundary,2,Q0P3J6,1,1,1,1,1,1,0,0,0,0,0,0,0,0,0,0,0,0
esmc6b_boundary,2,Q0SRD5,0,0,0,0,0,0,1,1,1,1,1,1,0,0,0,0,0,0
esmc6b_boundary,2,Q0TNR9,0,0,0,0,0,0,1,1,1,1,1,1,0,0,0,0,0,0
esmc6b_boundary,2,Q0ZJ37,0,0,0,0,0,0,1,1,1,1,1,1,0,0,0,0,0,0
esmc6b_boundary,2,Q10XU6,1,1,1,1,1,1,0,0,0,0,0,0,0,0,0,0,0,0
esmc6b_boundary,2,Q12039,1,1,1,1,1,1,0,0,0,0,0,0,0,0,0,0,0,0
esmc6b_boundary,2,Q12120,0,0,0,0,0,0,1,1,1,1,1,1,0,0,0,0,0,0
esmc6b_boundary,2,Q12173,1,1,1,1,1,1,0,0,0,0,0,0,1,1,1,1,1,1
esmc6b_boundary,2,Q12218,1,1,1,1,1,1,0,0,0,0,0,0,0,0,0,0,0,0
esmc6b_boundary,2,Q12355,1,1,1,1,1,1,0,0,0,0,0,0,0,0,0,0,0,0
esmc6b_boundary,2,Q12737,0,0,0,1,1,1,1,1,1,0,0,0,1,1,1,0,0,0
esmc6b_boundary,2,Q14002,0,0,0,0,0,0,1,1,1,1,1,1,0,0,0,0,0,0
esmc6b_boundary,2,Q14FH4,0,0,0,0,0,0,1,1,1,1,1,1,0,0,0,0,0,0
esmc6b_boundary,2,Q14FJ4,0,0,0,0,0,0,2,2,2,2,2,2,0,0,0,0,0,0
esmc6b_boundary,2,Q16992,32,40,40,40,41,43,18,10,10,10,9,7,24,16,16,16,15,13
esmc6b_boundary,2,Q18502,2,3,3,3,3,3,2,1,1,1,1,1,1,0,0,0,0,0
esmc6b_boundary,2,Q1A3Q1,0,0,0,0,0,0,2,2,2,2,2,2,2,2,2,2,2,2
esmc6b_boundary,2,Q1A3Q2,0,0,0,0,0,0,2,2,2,2,2,2,2,2,2,2,2,2
esmc6b_boundary,2,Q1A3Q6,0,0,0,0,0,0,2,2,2,2,2,2,2,2,2,2,2,2
esmc6b_boundary,2,Q1A3Q7,0,1,2,2,2,2,2,1,0,0,0,0,2,1,0,0,0,0
esmc6b_boundary,2,Q1A3Q8,0,0,0,0,0,0,2,2,2,2,2,2,2,2,2,2,2,2
esmc6b_boundary,2,Q1A3Q9,0,0,0,0,0,0,2,2,2,2,2,2,2,2,2,2,2,2
esmc6b_boundary,2,Q1A3R0,0,1,2,2,2,2,2,1,0,0,0,0,2,1,0,0,0,0
esmc6b_boundary,2,Q1ACL6,1,1,1,1,1,1,0,0,0,0,0,0,0,0,0,0,0,0
esmc6b_boundary,2,Q1ELT9,1,1,2,2,2,2,1,1,0,0,0,0,1,1,0,0,0,0
esmc6b_boundary,2,Q1ELU2,2,2,2,2,2,2,0,0,0,0,0,0,0,0,0,0,0,0
esmc6b_boundary,2,Q1ELU3,2,2,2,2,2,2,0,0,0,0,0,0,0,0,0,0,0,0
esmc6b_boundary,2,Q1ELV0,1,1,2,2,2,2,1,1,0,0,0,0,1,1,0,0,0,0
esmc6b_boundary,2,Q1G3I0,1,1,1,1,1,1,0,0,0,0,0,0,0,0,0,0,0,0
esmc6b_boundary,2,Q1I8U1,0,0,0,0,0,0,1,1,1,1,1,1,0,0,0,0,0,0
esmc6b_boundary,2,Q1KVV2,1,1,1,1,1,1,0,0,0,0,0,0,0,0,0,0,0,0
esmc6b_boundary,2,Q1KXX6,0,0,0,0,0,0,1,1,1,1,1,1,0,0,0,0,0,0
esmc6b_boundary,2,Q1L658,0,0,1,1,1,1,2,2,1,1,1,1,1,1,0,0,0,0
esmc6b_boundary,2,Q1L659,0,0,1,1,1,1,1,1,0,0,0,0,2,2,1,1,1,1
esmc6b_boundary,2,Q1L777,0,0,0,0,0,0,1,1,1,1,1,1,1,1,1,1,1,1
esmc6b_boundary,2,Q1PBD1,0,0,0,0,0,0,1,1,1,1,1,1,0,0,0,0,0,0
esmc6b_boundary,2,Q1W694,0,0,0,1,1,1,1,1,1,0,0,0,1,1,1,0,0,0
esmc6b_boundary,2,Q1W695,1,1,1,1,1,1,0,0,0,0,0,0,0,0,0,0,0,0
esmc6b_boundary,2,Q1XDH0,1,1,1,1,1,1,0,0,0,0,0,0,0,0,0,0,0,0
esmc6b_boundary,2,Q20EY3,1,1,1,1,1,1,0,0,0,0,0,0,0,0,0,0,0,0
esmc6b_boundary,2,Q24049,0,0,0,0,0,0,3,3,3,3,3,3,0,0,0,0,0,0
esmc6b_boundary,2,Q27441,1,1,1,1,1,1,1,1,1,1,1,1,1,1,1,1,1,1
esmc6b_boundary,2,Q27J48,0,0,0,0,0,0,1,1,1,1,1,1,0,0,0,0,0,0
esmc6b_boundary,2,Q27Q54,0,0,0,0,0,0,1,1,1,1,1,1,0,0,0,0,0,0
esmc6b_boundary,2,Q28106,0,0,0,0,1,1,1,1,1,1,0,0,2,2,2,2,1,1
esmc6b_boundary,2,Q28198,1,1,1,1,1,1,0,0,0,0,0,0,0,0,0,0,0,0
esmc6b_boundary,2,Q28278,0,0,0,0,0,0,2,2,2,2,2,2,0,0,0,0,0,0
esmc6b_boundary,2,Q28315,1,1,1,1,1,1,1,1,1,1,1,1,0,0,0,0,0,0
esmc6b_boundary,2,Q28380,1,1,1,1,1,1,1,1,1,1,1,1,0,0,0,0,0,0
esmc6b_boundary,2,Q28661,0,0,0,0,0,0,2,2,2,2,2,2,1,1,1,1,1,1
esmc6b_boundary,2,Q28896,0,0,0,0,0,0,2,2,2,2,2,2,1,1,1,1,1,1
esmc6b_boundary,2,Q2EI26,0,0,0,0,0,0,1,1,1,1,1,1,0,0,0,0,0,0
esmc6b_boundary,2,Q2F9P2,1,1,1,1,1,1,0,0,0,0,0,0,0,0,0,0,0,0
esmc6b_boundary,2,Q2F9P4,1,1,1,1,1,1,0,0,0,0,0,0,0,0,0,0,0,0
esmc6b_boundary,2,Q2I2R6,0,0,0,0,2,2,2,2,2,2,0,0,2,2,2,2,0,0
esmc6b_boundary,2,Q2I2R7,1,1,1,1,1,1,1,1,1,1,1,1,0,0,0,0,0,0
esmc6b_boundary,2,Q2I2R8,1,1,2,2,2,2,1,1,0,0,0,0,1,1,0,0,0,0
esmc6b_boundary,2,Q2L8Z0,0,0,0,0,0,0,1,1,1,1,1,1,0,0,0,0,0,0
esmc6b_boundary,2,Q2MIB7,0,0,0,0,0,0,1,1,1,1,1,1,0,0,0,0,0,0
esmc6b_boundary,2,Q2MIK4,0,0,0,0,0,0,1,1,1,1,1,1,0,0,0,0,0,0
esmc6b_boundary,2,Q2PFV2,0,0,0,0,0,0,2,2,2,2,2,2,1,1,1,1,1,1
esmc6b_boundary,2,Q2PMS6,0,0,0,0,0,0,1,1,1,1,1,1,0,0,0,0,0,0
esmc6b_boundary,2,Q2RQ23,1,1,1,1,1,1,0,0,0,0,0,0,0,0,0,0,0,0
esmc6b_boundary,2,Q2V2G5,0,0,0,0,0,0,2,2,2,2,2,2,1,1,1,1,1,1
esmc6b_boundary,2,Q2VEJ3,0,0,0,0,0,0,1,1,1,1,1,1,0,0,0,0,0,0
esmc6b_boundary,2,Q2XQ09,1,1,1,1,1,1,0,0,0,0,0,0,0,0,0,0,0,0
esmc6b_boundary,2,Q31CR0,1,1,1,1,1,1,0,0,0,0,0,0,0,0,0,0,0,0
esmc6b_boundary,2,Q32LD3,0,1,1,1,1,1,1,0,0,0,0,0,1,0,0,0,0,0
esmc6b_boundary,2,Q32RP3,0,0,0,0,0,0,1,1,1,1,1,1,0,0,0,0,0,0
esmc6b_boundary,2,Q32RW6,0,0,0,0,0,0,1,1,1,1,1,1,0,0,0,0,0,0
esmc6b_boundary,2,Q33C56,0,0,0,0,0,0,1,1,1,1,1,1,0,0,0,0,0,0
esmc6b_boundary,2,Q3BAQ9,0,0,0,0,0,0,1,1,1,1,1,1,0,0,0,0,0,0
esmc6b_boundary,2,Q3C1G0,0,0,0,0,0,0,1,1,1,1,1,1,0,0,0,0,0,0
esmc6b_boundary,2,Q3E880,1,1,1,1,1,1,0,0,0,0,0,0,0,0,0,0,0,0
esmc6b_boundary,2,Q3ECM0,2,2,2,2,2,2,2,2,2,2,2,2,1,1,1,1,1,1
esmc6b_boundary,2,Q3M4K0,1,1,1,1,1,1,0,0,0,0,0,0,0,0,0,0,0,0
esmc6b_boundary,2,Q3T0P5,0,0,0,0,0,0,2,2,2,2,2,2,0,0,0,0,0,0
esmc6b_boundary,2,Q3YEE9,1,1,2,2,2,2,1,1,0,0,0,0,1,1,0,0,0,0
esmc6b_boundary,2,Q3YEG9,0,2,2,2,2,2,2,0,0,0,0,0,2,0,0,0,0,0
esmc6b_boundary,2,Q3YEH0,0,1,2,2,2,2,2,1,0,0,0,0,2,1,0,0,0,0
esmc6b_boundary,2,Q3YEH1,2,2,2,2,2,2,0,0,0,0,0,0,0,0,0,0,0,0
esmc6b_boundary,2,Q3YEH2,1,1,1,2,2,2,1,1,1,0,0,0,1,1,1,0,0,0
esmc6b_boundary,2,Q3YEH4,0,1,2,2,2,2,2,1,0,0,0,0,2,1,0,0,0,0
esmc6b_boundary,2,Q3YEH5,2,2,2,2,2,2,0,0,0,0,0,0,0,0,0,0,0,0
esmc6b_boundary,2,Q3YEH6,1,1,2,2,2,2,1,1,0,0,0,0,1,1,0,0,0,0
esmc6b_boundary,2,Q3YEH7,1,1,2,2,2,2,1,1,0,0,0,0,1,1,0,0,0,0
esmc6b_boundary,2,Q3ZD69,0,0,0,0,0,0,1,1,1,1,1,1,0,0,0,0,0,0
esmc6b_boundary,2,Q3ZJ18,1,1,1,1,1,1,0,0,0,0,0,0,0,0,0,0,0,0
esmc6b_boundary,2,Q41142,0,0,0,0,0,0,1,1,1,1,1,1,0,0,0,0,0,0
esmc6b_boundary,2,Q43007,0,0,0,0,0,0,1,1,1,1,1,1,0,0,0,0,0,0
esmc6b_boundary,2,Q46HA2,0,1,1,1,1,1,1,0,0,0,0,0,1,0,0,0,0,0
esmc6b_boundary,2,Q49L15,0,0,0,0,0,0,1,1,1,1,1,1,0,0,0,0,0,0
esmc6b_boundary,2,Q4G3C7,1,1,1,1,1,1,0,0,0,0,0,0,0,0,0,0,0,0
esmc6b_boundary,2,Q4GWU5,0,0,0,0,0,0,2,2,2,2,2,2,1,1,1,1,1,1
esmc6b_boundary,2,Q4QXT9,1,1,1,1,1,1,0,0,0,0,0,0,0,0,0,0,0,0
esmc6b_boundary,2,Q4V3D2,1,1,1,1,1,1,0,0,0,0,0,0,0,0,0,0,0,0
esmc6b_boundary,2,Q4VZQ0,0,0,0,0,0,0,1,1,1,1,1,1,0,0,0,0,0,0
esmc6b_boundary,2,Q4ZFU1,0,1,1,1,1,1,1,0,0,0,0,0,1,0,0,0,0,0
esmc6b_boundary,2,Q4ZFU2,0,0,0,0,0,0,1,1,1,1,1,1,1,1,1,1,1,1
esmc6b_boundary,2,Q51822,1,1,1,1,1,1,0,0,0,0,0,0,0,0,0,0,0,0
esmc6b_boundary,2,Q51825,1,1,1,1,1,1,0,0,0,0,0,0,0,0,0,0,0,0
esmc6b_boundary,2,Q51826,1,1,1,1,1,1,0,0,0,0,0,0,0,0,0,0,0,0
esmc6b_boundary,2,Q51827,1,1,1,1,1,1,0,0,0,0,0,0,0,0,0,0,0,0
esmc6b_boundary,2,Q54LM2,0,1,1,1,1,1,1,0,0,0,0,0,1,0,0,0,0,0
esmc6b_boundary,2,Q56P17,0,0,0,0,0,0,1,1,1,1,1,1,0,0,0,0,0,0
esmc6b_boundary,2,Q56VR3,1,1,2,2,2,2,1,1,0,0,0,0,1,1,0,0,0,0
esmc6b_boundary,2,Q589B1,0,0,0,0,0,0,1,1,1,1,1,1,0,0,0,0,0,0
esmc6b_boundary,2,Q58L93,0,0,2,2,2,2,2,2,0,0,0,0,2,2,0,0,0,0
esmc6b_boundary,2,Q58L94,0,0,2,2,2,2,2,2,0,0,0,0,2,2,0,0,0,0
esmc6b_boundary,2,Q58L95,0,0,2,2,2,2,2,2,0,0,0,0,2,2,0,0,0,0
esmc6b_boundary,2,Q58L96,0,0,2,2,2,2,2,2,0,0,0,0,2,2,0,0,0,0
esmc6b_boundary,2,Q59L96,1,1,1,1,1,1,0,0,0,0,0,0,0,0,0,0,0,0
esmc6b_boundary,2,Q59SG9,1,1,1,1,1,1,0,0,0,0,0,0,0,0,0,0,0,0
esmc6b_boundary,2,Q59UP6,1,1,1,1,1,1,0,0,0,0,0,0,0,0,0,0,0,0
esmc6b_boundary,2,Q59UT4,1,1,1,1,1,1,0,0,0,0,0,0,0,0,0,0,0,0
esmc6b_boundary,2,Q59UT5,0,1,1,1,1,1,1,0,0,0,0,0,1,0,0,0,0,0
esmc6b_boundary,2,Q59VW6,0,0,0,0,0,0,1,1,1,1,1,1,1,1,1,1,1,1
esmc6b_boundary,2,Q5A1A9,0,1,1,1,1,1,1,0,0,0,0,0,1,0,0,0,0,0
esmc6b_boundary,2,Q5AA33,0,0,0,0,0,0,1,1,1,1,1,1,1,1,1,1,1,1
esmc6b_boundary,2,Q5ABW2,1,1,1,1,1,1,0,0,0,0,0,0,0,0,0,0,0,0
esmc6b_boundary,2,Q5AFN8,1,1,1,1,1,1,0,0,0,0,0,0,0,0,0,0,0,0
esmc6b_boundary,2,Q5AGC4,1,1,1,1,1,1,0,0,0,0,0,0,0,0,0,0,0,0
esmc6b_boundary,2,Q5AHE8,0,0,1,1,1,1,1,1,0,0,0,0,1,1,0,0,0,0
esmc6b_boundary,2,Q5AJY5,0,0,0,0,0,0,1,1,1,1,1,1,1,1,1,1,1,1
esmc6b_boundary,2,Q5AK97,0,0,1,1,1,1,1,1,0,0,0,0,1,1,0,0,0,0
esmc6b_boundary,2,Q5AMF7,0,0,1,1,1,1,1,1,0,0,0,0,1,1,0,0,0,0
esmc6b_boundary,2,Q5CZK2,2,2,2,2,2,2,0,0,0,0,0,0,0,0,0,0,0,0
esmc6b_boundary,2,Q5CZK5,1,1,1,1,1,1,1,1,1,1,1,1,0,0,0,0,0,0
esmc6b_boundary,2,Q5DW47,1,1,1,1,1,1,2,2,2,2,2,2,0,0,0,0,0,0
esmc6b_boundary,2,Q5F1N4,0,0,0,0,0,0,1,1,1,1,1,1,0,0,0,0,0,0
esmc6b_boundary,2,Q5G8A6,0,0,0,0,0,0,1,1,1,1,1,1,0,0,0,0,0,0
esmc6b_boundary,2,Q5I4E5,0,0,0,1,1,1,1,1,1,0,0,0,2,2,2,1,1,1
esmc6b_boundary,2,Q5I4E6,1,1,1,1,1,1,1,1,1,1,1,1,0,0,0,0,0,0
esmc6b_boundary,2,Q5IS54,0,0,0,0,0,0,2,2,2,2,2,2,1,1,1,1,1,1
esmc6b_boundary,2,Q5IS99,0,0,0,0,0,0,2,2,2,2,2,2,1,1,1,1,1,1
esmc6b_boundary,2,Q5R790,0,0,0,0,0,0,1,1,1,1,1,1,1,1,1,1,1,1
esmc6b_boundary,2,Q5R8J0,1,1,1,1,1,1,0,0,0,0,0,0,0,0,0,0,0,0
esmc6b_boundary,2,Q5SC59,1,1,1,1,1,1,0,0,0,0,0,0,1,1,1,1,1,1
esmc6b_boundary,2,Q5SC60,1,1,1,1,1,1,0,0,0,0,0,0,1,1,1,1,1,1
esmc6b_boundary,2,Q5SCX1,0,0,0,0,0,0,1,1,1,1,1,1,0,0,0,0,0,0
esmc6b_boundary,2,Q5XUW8,0,0,0,0,0,0,1,1,1,1,1,1,0,0,0,0,0,0
esmc6b_boundary,2,Q5Y4U4,0,1,1,1,1,1,1,0,0,0,0,0,1,0,0,0,0,0
esmc6b_boundary,2,Q60136,0,0,0,0,0,0,1,1,1,1,1,1,0,0,0,0,0,0
esmc6b_boundary,2,Q60431,0,0,0,0,0,0,2,2,2,2,2,2,1,1,1,1,1,1
esmc6b_boundary,2,Q61330,1,1,1,1,1,1,0,0,0,0,0,0,0,0,0,0,0,0
esmc6b_boundary,2,Q624D2,0,0,0,1,1,1,1,1,1,0,0,0,1,1,1,0,0,0
esmc6b_boundary,2,Q62682,0,0,1,1,1,1,1,1,0,0,0,0,1,1,0,0,0,0
esmc6b_boundary,2,Q62845,1,1,1,1,1,1,0,0,0,0,0,0,0,0,0,0,0,0
esmc6b_boundary,2,Q63064,1,1,1,1,1,1,1,1,1,1,1,1,0,0,0,0,0,0
esmc6b_boundary,2,Q63198,0,0,0,0,1,1,1,1,1,1,0,0,2,2,2,2,1,1
esmc6b_boundary,2,Q63207,0,0,0,1,1,1,2,2,2,1,1,1,2,2,2,1,1,1
esmc6b_boundary,2,Q634M0,0,0,0,0,0,0,1,1,1,1,1,1,0,0,0,0,0,0
esmc6b_boundary,2,Q64389,0,2,2,2,2,2,2,0,0,0,0,0,2,0,0,0,0,0
esmc6b_boundary,2,Q65H47,0,0,0,0,0,0,1,1,1,1,1,1,0,0,0,0,0,0
esmc6b_boundary,2,Q68IP5,1,1,2,2,2,2,1,1,0,0,0,0,1,1,0,0,0,0
esmc6b_boundary,2,Q68LC0,0,0,0,0,0,0,1,1,1,1,1,1,1,1,1,1,1,1
esmc6b_boundary,2,Q68S23,0,0,0,0,0,0,1,1,1,1,1,1,0,0,0,0,0,0
esmc6b_boundary,2,Q68Y22,0,0,0,0,0,2,2,2,2,2,2,0,3,3,3,3,3,1
esmc6b_boundary,2,Q698K8,0,0,0,0,0,0,1,1,1,1,1,1,0,0,0,0,0,0
esmc6b_boundary,2,Q69Z26,1,1,1,1,1,1,0,0,0,0,0,0,0,0,0,0,0,0
esmc6b_boundary,2,Q6B8V0,1,1,1,1,1,1,0,0,0,0,0,0,0,0,0,0,0,0
esmc6b_boundary,2,Q6ENJ4,0,0,0,0,0,0,1,1,1,1,1,1,0,0,0,0,0,0
esmc6b_boundary,2,Q6ENY5,0,0,0,0,0,0,1,1,1,1,1,1,0,0,0,0,0,0
esmc6b_boundary,2,Q6EW65,0,0,0,0,0,0,1,1,1,1,1,1,0,0,0,0,0,0
esmc6b_boundary,2,Q6GUL6,0,0,0,0,0,0,1,1,1,1,1,1,1,1,1,1,1,1
esmc6b_boundary,2,Q6HDK0,0,0,0,0,0,0,1,1,1,1,1,1,0,0,0,0,0,0
esmc6b_boundary,2,Q6IVA5,0,0,0,0,0,0,1,1,1,1,1,1,1,1,1,1,1,1
esmc6b_boundary,2,Q6IWB1,1,1,1,1,1,1,0,0,0,0,0,0,0,0,0,0,0,0
esmc6b_boundary,2,Q6JLX1,0,0,0,0,0,0,1,1,1,1,1,1,1,1,1,1,1,1
esmc6b_boundary,2,Q6JQN2,2,2,2,2,2,2,0,0,0,0,0,0,0,0,0,0,0,0
esmc6b_boundary,2,Q6L3B3,0,0,0,0,0,0,1,1,1,1,1,1,0,0,0,0,0,0
esmc6b_boundary,2,Q6M0N7,1,1,1,1,1,1,0,0,0,0,0,0,0,0,0,0,0,0
esmc6b_boundary,2,Q6NKW9,1,1,1,1,1,1,0,0,0,0,0,0,0,0,0,0,0,0
esmc6b_boundary,2,Q6PN80,0,0,0,0,0,0,2,2,2,2,2,2,2,2,2,2,2,2
esmc6b_boundary,2,Q6PN81,1,2,2,2,2,2,1,0,0,0,0,0,1,0,0,0,0,0
esmc6b_boundary,2,Q6PN82,1,1,2,2,2,2,1,1,0,0,0,0,1,1,0,0,0,0
esmc6b_boundary,2,Q6PN83,1,2,2,2,2,2,1,0,0,0,0,0,1,0,0,0,0,0
esmc6b_boundary,2,Q6PN84,1,1,1,2,2,2,1,1,1,0,0,0,1,1,1,0,0,0
esmc6b_boundary,2,Q6PN85,1,1,2,2,2,2,1,1,0,0,0,0,1,1,0,0,0,0
esmc6b_boundary,2,Q6PN86,1,1,2,2,2,2,1,1,0,0,0,0,1,1,0,0,0,0
esmc6b_boundary,2,Q6PPB3,2,2,2,2,2,2,0,0,0,0,0,0,0,0,0,0,0,0
esmc6b_boundary,2,Q6PTD1,2,2,2,2,2,2,0,0,0,0,0,0,0,0,0,0,0,0
esmc6b_boundary,2,Q6PTD4,1,2,2,2,2,2,1,0,0,0,0,0,1,0,0,0,0,0
esmc6b_boundary,2,Q6PTD5,1,2,2,2,2,2,1,0,0,0,0,0,1,0,0,0,0,0
esmc6b_boundary,2,Q6PTD6,1,2,2,2,2,2,1,0,0,0,0,0,1,0,0,0,0,0
esmc6b_boundary,2,Q6PTD7,2,2,2,2,2,2,0,0,0,0,0,0,0,0,0,0,0,0
esmc6b_boundary,2,Q6RY98,0,0,0,0,7,7,15,15,15,15,8,8,8,8,8,8,1,1
esmc6b_boundary,2,Q6SA95,0,0,0,1,1,1,2,2,2,1,1,1,1,1,1,0,0,0
esmc6b_boundary,2,Q6T271,0,0,0,0,0,0,1,1,1,1,1,1,0,0,0,0,0,0
esmc6b_boundary,2,Q6UWN0,0,1,1,1,1,1,1,0,0,0,0,0,1,0,0,0,0,0
esmc6b_boundary,2,Q6YXN4,1,1,1,1,1,1,0,0,0,0,0,0,1,1,1,1,1,1
esmc6b_boundary,2,Q70XC3,1,1,1,1,1,1,1,1,1,1,1,1,1,1,1,1,1,1
esmc6b_boundary,2,Q70Y14,0,0,0,0,0,0,1,1,1,1,1,1,0,0,0,0,0,0
esmc6b_boundary,2,Q730L4,0,0,0,0,0,0,1,1,1,1,1,1,0,0,0,0,0,0
esmc6b_boundary,2,Q79AV1,1,1,1,1,1,1,0,0,0,0,0,0,0,0,0,0,0,0
esmc6b_boundary,2,Q7M6Z0,1,1,1,1,1,1,0,0,0,0,0,0,0,0,0,0,0,0
esmc6b_boundary,2,Q7SZD9,0,0,0,0,0,0,1,1,1,1,1,1,0,0,0,0,0,0
esmc6b_boundary,2,Q7SZE0,0,0,0,0,0,0,1,1,1,1,1,1,0,0,0,0,0,0
esmc6b_boundary,2,Q7U9L1,1,1,1,1,1,1,0,0,0,0,0,0,0,0,0,0,0,0
esmc6b_boundary,2,Q7V323,1,1,1,1,1,1,0,0,0,0,0,0,0,0,0,0,0,0
esmc6b_boundary,2,Q7V4T1,1,1,1,1,1,1,0,0,0,0,0,0,0,0,0,0,0,0
esmc6b_boundary,2,Q7VDR4,1,1,1,1,1,1,0,0,0,0,0,0,0,0,0,0,0,0
esmc6b_boundary,2,Q7YJY5,0,0,0,0,0,0,1,1,1,1,1,1,0,0,0,0,0,0
esmc6b_boundary,2,Q7YZS9,0,0,0,0,0,0,1,1,1,1,1,1,1,1,1,1,1,1
esmc6b_boundary,2,Q7Z090,0,0,1,1,1,1,1,1,0,0,0,0,2,2,1,1,1,1
esmc6b_boundary,2,Q7Z1Y7,0,0,0,0,0,0,1,1,1,1,1,1,1,1,1,1,1,1
esmc6b_boundary,2,Q7ZW34,0,0,0,0,0,0,1,1,1,1,1,1,1,1,1,1,1,1
esmc6b_boundary,2,Q7ZZS9,0,0,0,0,0,0,1,1,1,1,1,1,0,0,0,0,0,0
esmc6b_boundary,2,Q804X6,0,0,1,1,1,1,2,2,1,1,1,1,1,1,0,0,0,0
esmc6b_boundary,2,Q805F4,0,0,0,0,0,0,1,1,1,1,1,1,0,0,0,0,0,0
esmc6b_boundary,2,Q805F6,0,0,0,0,0,0,1,1,1,1,1,1,0,0,0,0,0,0
esmc6b_boundary,2,Q80WD0,1,1,1,1,1,1,0,0,0,0,0,0,0,0,0,0,0,0
esmc6b_boundary,2,Q80WD1,0,0,0,0,0,0,1,1,1,1,1,1,1,1,1,1,1,1
esmc6b_boundary,2,Q812G9,2,2,2,2,2,2,0,0,0,0,0,0,0,0,0,0,0,0
esmc6b_boundary,2,Q818E2,0,0,0,0,0,0,1,1,1,1,1,1,0,0,0,0,0,0
esmc6b_boundary,2,Q81LR5,0,0,0,0,0,0,1,1,1,1,1,1,0,0,0,0,0,0
esmc6b_boundary,2,Q85BB6,1,1,1,1,1,1,0,0,0,0,0,0,0,0,0,0,0,0
esmc6b_boundary,2,Q85FN7,1,1,1,1,1,1,0,0,0,0,0,0,0,0,0,0,0,0
esmc6b_boundary,2,Q85FY2,1,1,1,1,1,1,0,0,0,0,0,0,0,0,0,0,0,0
esmc6b_boundary,2,Q85X72,0,0,0,0,0,0,1,1,1,1,1,1,1,1,1,1,1,1
esmc6b_boundary,2,Q86N75,1,1,1,1,1,1,0,0,0,0,0,0,0,0,0,0,0,0
esmc6b_boundary,2,Q86RB2,0,0,0,0,0,0,1,1,1,1,1,1,0,0,0,0,0,0
esmc6b_boundary,2,Q86UN2,1,1,1,1,1,1,0,0,0,0,0,0,0,0,0,0,0,0
esmc6b_boundary,2,Q86UN3,0,0,0,0,0,0,1,1,1,1,1,1,1,1,1,1,1,1
esmc6b_boundary,2,Q877A8,1,1,1,1,1,1,0,0,0,0,0,0,0,0,0,0,0,0
esmc6b_boundary,2,Q8AXZ4,1,1,1,1,1,1,0,0,0,0,0,0,0,0,0,0,0,0
esmc6b_boundary,2,Q8BFS3,1,1,1,1,1,1,1,1,1,1,1,1,1,1,1,1,1,1
esmc6b_boundary,2,Q8BG41,0,1,1,1,1,1,1,0,0,0,0,0,1,0,0,0,0,0
esmc6b_boundary,2,Q8BVP6,0,1,1,1,1,1,1,0,0,0,0,0,1,0,0,0,0,0
esmc6b_boundary,2,Q8CHK2,2,2,2,2,2,2,0,0,0,0,0,0,0,0,0,0,0,0
esmc6b_boundary,2,Q8CJY7,0,0,0,0,0,0,1,1,1,1,1,1,0,0,0,0,0,0
esmc6b_boundary,2,Q8CXC9,0,0,0,0,0,0,1,1,1,1,1,1,0,0,0,0,0,0
esmc6b_boundary,2,Q8I912,0,1,1,1,1,1,1,0,0,0,0,0,1,0,0,0,0,0
esmc6b_boundary,2,Q8I913,0,0,0,1,1,1,1,1,1,0,0,0,1,1,1,0,0,0
esmc6b_boundary,2,Q8I914,0,0,0,1,1,1,1,1,1,0,0,0,1,1,1,0,0,0
esmc6b_boundary,2,Q8IDN0,1,1,1,1,1,1,0,0,0,0,0,0,0,0,0,0,0,0
esmc6b_boundary,2,Q8IS98,0,0,0,0,0,0,1,1,1,1,1,1,0,0,0,0,0,0
esmc6b_boundary,2,Q8IVL8,1,1,1,1,1,1,0,0,0,0,0,0,1,1,1,1,1,1
esmc6b_boundary,2,Q8IWV2,1,1,1,1,1,1,0,0,0,0,0,0,0,0,0,0,0,0
esmc6b_boundary,2,Q8JIM3,4,4,4,4,4,4,2,2,2,2,2,2,1,1,1,1,1,1
esmc6b_boundary,2,Q8JJ51,0,0,0,0,0,0,1,1,1,1,1,1,0,0,0,0,0,0
esmc6b_boundary,2,Q8K0S5,1,1,1,1,1,1,0,0,0,0,0,0,0,0,0,0,0,0
esmc6b_boundary,2,Q8K3U6,0,0,1,1,1,1,1,1,0,0,0,0,1,1,0,0,0,0
esmc6b_boundary,2,Q8K4P1,1,1,1,1,1,1,0,0,0,0,0,0,0,0,0,0,0,0
esmc6b_boundary,2,Q8K4P2,1,1,1,1,1,1,0,0,0,0,0,0,0,0,0,0,0,0
esmc6b_boundary,2,Q8LW54,1,1,1,2,2,2,1,1,1,0,0,0,1,1,1,0,0,0
esmc6b_boundary,2,Q8MA00,1,1,1,1,1,1,0,0,0,0,0,0,0,0,0,0,0,0
esmc6b_boundary,2,Q8MJC3,0,0,0,0,0,0,2,2,2,2,2,2,1,1,1,1,1,1
esmc6b_boundary,2,Q8MJU1,0,0,0,0,0,0,2,2,2,2,2,2,1,1,1,1,1,1
esmc6b_boundary,2,Q8MJV4,1,1,1,1,1,1,0,0,0,0,0,0,0,0,0,0,0,0
esmc6b_boundary,2,Q8MKI5,0,0,0,0,0,0,2,2,2,2,2,2,1,1,1,1,1,1
esmc6b_boundary,2,Q8MMJ7,2,2,2,2,2,2,0,0,0,0,0,0,0,0,0,0,0,0
esmc6b_boundary,2,Q8MTX2,2,2,2,2,2,2,0,0,0,0,0,0,0,0,0,0,0,0
esmc6b_boundary,2,Q8N6Q3,1,1,1,1,1,1,0,0,0,0,0,0,0,0,0,0,0,0
esmc6b_boundary,2,Q8NG41,0,1,1,1,1,1,1,0,0,0,0,0,1,0,0,0,0,0
esmc6b_boundary,2,Q8QG89,0,0,0,0,0,0,1,1,1,1,1,1,0,0,0,0,0,0
esmc6b_boundary,2,Q8RB77,0,0,0,0,0,0,1,1,1,1,1,1,0,0,0,0,0,0
esmc6b_boundary,2,Q8S8Y4,0,0,0,0,0,0,1,1,1,1,1,1,0,0,0,0,0,0
esmc6b_boundary,2,Q8SQ23,0,0,0,0,1,1,1,1,1,1,0,0,1,1,1,1,0,0
esmc6b_boundary,2,Q8SWI4,0,0,0,0,0,0,1,1,1,1,1,1,1,1,1,1,1,1
esmc6b_boundary,2,Q8T9R8,1,1,1,1,1,1,0,0,0,0,0,0,0,0,0,0,0,0
esmc6b_boundary,2,Q8UUG0,0,0,0,0,0,0,2,2,2,2,2,2,1,1,1,1,1,1
esmc6b_boundary,2,Q8UUG2,1,1,2,2,2,2,1,1,0,0,0,0,1,1,0,0,0,0
esmc6b_boundary,2,Q8WI34,1,1,1,1,1,1,0,0,0,0,0,0,0,0,0,0,0,0
esmc6b_boundary,2,Q8WPU1,0,0,0,0,0,0,1,1,1,1,1,1,1,1,1,1,1,1
esmc6b_boundary,2,Q8WXF3,2,2,2,2,2,2,0,0,0,0,0,0,0,0,0,0,0,0
esmc6b_boundary,2,Q8XIS3,0,0,0,0,0,0,1,1,1,1,1,1,0,0,0,0,0,0
esmc6b_boundary,2,Q8YYG5,1,1,1,1,1,1,0,0,0,0,0,0,0,0,0,0,0,0
esmc6b_boundary,2,Q90325,0,0,0,0,0,0,1,1,1,1,1,1,1,1,1,1,1,1
esmc6b_boundary,2,Q90326,0,0,0,0,0,0,1,1,1,1,1,1,0,0,0,0,0,0
esmc6b_boundary,2,Q90391,0,0,0,0,0,0,1,1,1,1,1,1,0,0,0,0,0,0
esmc6b_boundary,2,Q90392,0,0,0,0,0,0,1,1,1,1,1,1,0,0,0,0,0,0
esmc6b_boundary,2,Q90VW7,0,0,0,0,0,0,2,2,2,2,2,2,1,1,1,1,1,1
esmc6b_boundary,2,Q90W79,1,1,1,1,1,1,0,0,0,0,0,0,0,0,0,0,0,0
esmc6b_boundary,2,Q90WC0,0,0,0,0,0,0,1,1,1,1,1,1,1,1,1,1,1,1
esmc6b_boundary,2,Q90YA6,0,0,0,0,0,0,1,1,1,1,1,1,0,0,0,0,0,0
esmc6b_boundary,2,Q90ZX8,0,0,0,0,0,0,2,2,2,2,2,2,2,2,2,2,2,2
esmc6b_boundary,2,Q90ZY0,0,0,0,0,0,0,2,2,2,2,2,2,2,2,2,2,2,2
esmc6b_boundary,2,Q92405,0,0,0,0,0,0,1,1,1,1,1,1,0,0,0,0,0,0
esmc6b_boundary,2,Q93R80,1,1,1,1,1,1,0,0,0,0,0,0,0,0,0,0,0,0
esmc6b_boundary,2,Q93V72,1,1,1,1,1,1,0,0,0,0,0,0,0,0,0,0,0,0
esmc6b_boundary,2,Q93Z08,0,1,1,1,1,1,1,0,0,0,0,0,1,0,0,0,0,0
esmc6b_boundary,2,Q95222,0,0,0,0,0,0,1,1,1,1,1,1,0,0,0,0,0,0
esmc6b_boundary,2,Q95ND5,0,0,0,0,0,0,2,2,2,2,2,2,1,1,1,1,1,1
esmc6b_boundary,2,Q95ND7,1,1,1,1,1,1,1,1,1,1,1,1,0,0,0,0,0,0
esmc6b_boundary,2,Q96316,0,1,1,1,1,1,1,0,0,0,0,0,1,0,0,0,0,0
esmc6b_boundary,2,Q96PL2,0,0,0,0,0,0,1,1,1,1,1,1,1,1,1,1,1,1
esmc6b_boundary,2,Q97JJ9,0,0,0,0,0,0,1,1,1,1,1,1,0,0,0,0,0,0
esmc6b_boundary,2,Q98995,0,0,0,0,0,0,1,1,1,1,1,1,0,0,0,0,0,0
esmc6b_boundary,2,Q98SP2,0,0,0,0,0,0,1,1,1,1,1,1,0,0,0,0,0,0
esmc6b_boundary,2,Q99013,0,0,0,0,0,0,1,1,1,1,1,1,0,0,0,0,0,0
esmc6b_boundary,2,Q99219,1,1,1,1,1,1,0,0,0,0,0,0,1,1,1,1,1,1
esmc6b_boundary,2,Q99M75,1,1,1,1,1,1,0,0,0,0,0,0,0,0,0,0,0,0
esmc6b_boundary,2,Q99PI8,1,1,1,1,1,1,0,0,0,0,0,0,0,0,0,0,0,0
esmc6b_boundary,2,Q9AVB0,1,1,1,1,1,1,1,1,1,1,1,1,0,0,0,0,0,0
esmc6b_boundary,2,Q9AYP9,1,1,1,1,1,1,1,1,1,1,1,1,0,0,0,0,0,0
esmc6b_boundary,2,Q9BBS2,0,0,0,0,0,0,1,1,1,1,1,1,0,0,0,0,0,0
esmc6b_boundary,2,Q9BDB7,0,0,0,0,0,0,1,1,1,1,1,1,0,0,0,0,0,0
esmc6b_boundary,2,Q9BH21,1,2,2,2,2,2,1,0,0,0,0,0,1,0,0,0,0,0
esmc6b_boundary,2,Q9BH75,1,2,2,2,2,2,1,0,0,0,0,0,1,0,0,0,0,0
esmc6b_boundary,2,Q9BH79,0,0,0,0,0,0,2,2,2,2,2,2,2,2,2,2,2,2
esmc6b_boundary,2,Q9BH81,2,2,2,2,2,2,0,0,0,0,0,0,0,0,0,0,0,0
esmc6b_boundary,2,Q9BH86,1,1,1,2,2,2,1,1,1,0,0,0,1,1,1,0,0,0
esmc6b_boundary,2,Q9BHA6,0,2,2,2,2,2,2,0,0,0,0,0,2,0,0,0,0,0
esmc6b_boundary,2,Q9BMP8,1,1,1,1,1,1,0,0,0,0,0,0,0,0,0,0,0,0
esmc6b_boundary,2,Q9BP43,0,0,0,0,1,1,1,1,1,1,0,0,1,1,1,1,0,0
esmc6b_boundary,2,Q9BP46,0,0,0,0,0,0,2,2,2,2,2,2,1,1,1,1,1,1
esmc6b_boundary,2,Q9BP47,0,0,0,0,0,0,1,1,1,1,1,1,0,0,0,0,0,0
esmc6b_boundary,2,Q9BP51,0,2,2,2,2,2,2,0,0,0,0,0,2,0,0,0,0,0
esmc6b_boundary,2,Q9BP53,1,1,1,2,2,2,1,1,1,0,0,0,1,1,1,0,0,0
esmc6b_boundary,2,Q9BP56,2,2,2,2,2,2,0,0,0,0,0,0,0,0,0,0,0,0
esmc6b_boundary,2,Q9BPD1,1,1,2,2,2,2,1,1,0,0,0,0,1,1,0,0,0,0
esmc6b_boundary,2,Q9BPD2,0,0,0,0,0,0,2,2,2,2,2,2,2,2,2,2,2,2
esmc6b_boundary,2,Q9BPD3,1,1,2,2,2,2,1,1,0,0,0,0,1,1,0,0,0,0
esmc6b_boundary,2,Q9BPD4,1,1,2,2,2,2,1,1,0,0,0,0,1,1,0,0,0,0
esmc6b_boundary,2,Q9BPD5,1,1,2,2,2,2,1,1,0,0,0,0,1,1,0,0,0,0
esmc6b_boundary,2,Q9BPD6,1,1,2,2,2,2,1,1,0,0,0,0,1,1,0,0,0,0
esmc6b_boundary,2,Q9BPD7,0,0,0,0,0,0,2,2,2,2,2,2,2,2,2,2,2,2
esmc6b_boundary,2,Q9BPD9,0,0,0,0,0,0,2,2,2,2,2,2,2,2,2,2,2,2
esmc6b_boundary,2,Q9BPE0,0,0,0,0,0,0,2,2,2,2,2,2,2,2,2,2,2,2
esmc6b_boundary,2,Q9BPE1,0,0,0,0,0,0,2,2,2,2,2,2,2,2,2,2,2,2
esmc6b_boundary,2,Q9BPE2,2,2,2,2,2,2,0,0,0,0,0,0,0,0,0,0,0,0
esmc6b_boundary,2,Q9BPE3,1,2,2,2,2,2,1,0,0,0,0,0,1,0,0,0,0,0
esmc6b_boundary,2,Q9BPE4,2,2,2,2,2,2,0,0,0,0,0,0,0,0,0,0,0,0
esmc6b_boundary,2,Q9BPE5,1,1,1,1,1,1,1,1,1,1,1,1,1,1,1,1,1,1
esmc6b_boundary,2,Q9BPE6,1,2,2,2,2,2,1,0,0,0,0,0,1,0,0,0,0,0
esmc6b_boundary,2,Q9BPE7,0,1,1,2,2,2,2,1,1,0,0,0,2,1,1,0,0,0
esmc6b_boundary,2,Q9BPE9,2,2,2,2,2,2,0,0,0,0,0,0,0,0,0,0,0,0
esmc6b_boundary,2,Q9BPF1,1,1,2,2,2,2,1,1,0,0,0,0,1,1,0,0,0,0
esmc6b_boundary,2,Q9BPF2,1,1,2,2,2,2,1,1,0,0,0,0,1,1,0,0,0,0
esmc6b_boundary,2,Q9BPF3,1,1,1,2,2,2,1,1,1,0,0,0,1,1,1,0,0,0
esmc6b_boundary,2,Q9BPF4,1,1,1,2,2,2,1,1,1,0,0,0,1,1,1,0,0,0
esmc6b_boundary,2,Q9BPF5,0,0,0,0,2,2,2,2,2,2,0,0,2,2,2,2,0,0
esmc6b_boundary,2,Q9BPF7,2,2,2,2,2,2,0,0,0,0,0,0,0,0,0,0,0,0
esmc6b_boundary,2,Q9BPF9,1,1,1,1,1,1,1,1,1,1,1,1,1,1,1,1,1,1
esmc6b_boundary,2,Q9BPG0,1,1,2,2,2,2,1,1,0,0,0,0,1,1,0,0,0,0
esmc6b_boundary,2,Q9BPG1,1,2,2,2,2,2,1,0,0,0,0,0,1,0,0,0,0,0
esmc6b_boundary,2,Q9BPG2,1,2,2,2,2,2,1,0,0,0,0,0,1,0,0,0,0,0
esmc6b_boundary,2,Q9BPG5,1,1,1,2,2,2,1,1,1,0,0,0,1,1,1,0,0,0
esmc6b_boundary,2,Q9BPG6,0,1,2,2,2,2,2,1,0,0,0,0,2,1,0,0,0,0
esmc6b_boundary,2,Q9BPG7,1,1,2,2,2,2,1,1,0,0,0,0,1,1,0,0,0,0
esmc6b_boundary,2,Q9BPG8,1,2,2,2,2,2,1,0,0,0,0,0,1,0,0,0,0,0
esmc6b_boundary,2,Q9BPH0,1,1,2,2,2,2,1,1,0,0,0,0,1,1,0,0,0,0
esmc6b_boundary,2,Q9BPH1,2,2,2,2,2,2,0,0,0,0,0,0,0,0,0,0,0,0
esmc6b_boundary,2,Q9BPH2,2,2,2,2,2,2,0,0,0,0,0,0,0,0,0,0,0,0
esmc6b_boundary,2,Q9BZR6,1,1,1,1,1,1,0,0,0,0,0,0,0,0,0,0,0,0
esmc6b_boundary,2,Q9C169,0,1,1,1,1,1,1,0,0,0,0,0,1,0,0,0,0,0
esmc6b_boundary,2,Q9C7F7,0,0,0,0,0,0,1,1,1,1,1,1,1,1,1,1,1,1
esmc6b_boundary,2,Q9C9B1,1,1,1,1,1,1,0,0,0,0,0,0,0,0,0,0,0,0
esmc6b_boundary,2,Q9CQW3,1,1,1,1,1,1,0,0,0,0,0,0,0,0,0,0,0,0
esmc6b_boundary,2,Q9D3P9,2,2,2,2,2,2,1,1,1,1,1,1,1,1,1,1,1,1
esmc6b_boundary,2,Q9F1K9,0,1,1,1,1,1,1,0,0,0,0,0,1,0,0,0,0,0
esmc6b_boundary,2,Q9FGF6,0,0,0,0,0,0,2,2,2,2,2,2,1,1,1,1,1,1
esmc6b_boundary,2,Q9FGH4,0,0,1,1,1,1,1,1,0,0,0,0,1,1,0,0,0,0
esmc6b_boundary,2,Q9FNQ2,1,1,1,1,1,1,0,0,0,0,0,0,0,0,0,0,0,0
esmc6b_boundary,2,Q9FZ86,1,1,1,1,1,1,0,0,0,0,0,0,0,0,0,0,0,0
esmc6b_boundary,2,Q9FZD0,1,1,1,1,1,1,0,0,0,0,0,0,0,0,0,0,0,0
esmc6b_boundary,2,Q9GJY2,1,1,1,1,1,1,0,0,0,0,0,0,0,0,0,0,0,0
esmc6b_boundary,2,Q9GK16,1,1,1,1,1,1,0,0,0,0,0,0,0,0,0,0,0,0
esmc6b_boundary,2,Q9GLG4,0,0,0,0,0,0,4,4,4,4,4,4,1,1,1,1,1,1
esmc6b_boundary,2,Q9GLP2,1,1,1,1,1,1,1,1,1,1,1,1,0,0,0,0,0,0
esmc6b_boundary,2,Q9GQW4,2,2,2,2,2,2,0,0,0,0,0,0,0,0,0,0,0,0
esmc6b_boundary,2,Q9GSA4,1,1,1,1,1,1,0,0,0,0,0,0,0,0,0,0,0,0
esmc6b_boundary,2,Q9IAB0,0,0,0,0,0,0,1,1,1,1,1,1,0,0,0,0,0,0
esmc6b_boundary,2,Q9IAX6,0,0,0,0,0,0,1,1,1,1,1,1,0,0,0,0,0,0
esmc6b_boundary,2,Q9IAY0,0,0,0,0,0,0,1,1,1,1,1,1,0,0,0,0,0,0
esmc6b_boundary,2,Q9IAY1,0,0,0,0,0,0,1,1,1,1,1,1,0,0,0,0,0,0
esmc6b_boundary,2,Q9IAY2,0,0,0,0,0,0,1,1,1,1,1,1,0,0,0,0,0,0
esmc6b_boundary,2,Q9IAY3,0,0,0,0,0,0,1,1,1,1,1,1,0,0,0,0,0,0
esmc6b_boundary,2,Q9JM53,0,0,0,0,0,0,1,1,1,1,1,1,0,0,0,0,0,0
esmc6b_boundary,2,Q9JMB8,1,1,1,1,1,1,0,0,0,0,0,0,0,0,0,0,0,0
esmc6b_boundary,2,Q9KD78,0,0,0,0,0,0,1,1,1,1,1,1,0,0,0,0,0,0
esmc6b_boundary,2,Q9M088,0,0,1,1,1,1,1,1,0,0,0,0,1,1,0,0,0,0
esmc6b_boundary,2,Q9M2G1,0,0,0,0,0,0,1,1,1,1,1,1,0,0,0,0,0,0
esmc6b_boundary,2,Q9MS55,0,1,1,1,1,1,1,0,0,0,0,0,1,0,0,0,0,0
esmc6b_boundary,2,Q9MS58,1,1,1,1,1,1,0,0,0,0,0,0,0,0,0,0,0,0
esmc6b_boundary,2,Q9MS61,1,1,1,1,1,1,0,0,0,0,0,0,0,0,0,0,0,0
esmc6b_boundary,2,Q9MS64,0,1,1,1,1,1,1,0,0,0,0,0,1,0,0,0,0,0
esmc6b_boundary,2,Q9MS67,1,1,1,1,1,1,0,0,0,0,0,0,0,0,0,0,0,0
esmc6b_boundary,2,Q9MS70,1,1,1,1,1,1,0,0,0,0,0,0,0,0,0,0,0,0
esmc6b_boundary,2,Q9MS73,0,1,1,1,1,1,1,0,0,0,0,0,1,0,0,0,0,0
esmc6b_boundary,2,Q9MS76,0,1,1,1,1,1,1,0,0,0,0,0,1,0,0,0,0,0
esmc6b_boundary,2,Q9MS79,1,1,1,1,1,1,0,0,0,0,0,0,0,0,0,0,0,0
esmc6b_boundary,2,Q9MTL6,0,0,0,0,0,0,1,1,1,1,1,1,0,0,0,0,0,0
esmc6b_boundary,2,Q9MUS0,1,1,1,1,1,1,0,0,0,0,0,0,0,0,0,0,0,0
esmc6b_boundary,2,Q9N0E3,1,1,1,1,1,1,0,0,0,0,0,0,0,0,0,0,0,0
esmc6b_boundary,2,Q9N4D8,1,1,1,1,1,1,3,3,3,3,3,3,0,0,0,0,0,0
esmc6b_boundary,2,Q9N661,0,0,0,0,0,0,1,1,1,1,1,1,0,0,0,0,0,0
esmc6b_boundary,2,Q9NDE8,35,43,43,44,44,44,11,3,3,2,2,2,11,3,3,2,2,2
esmc6b_boundary,2,Q9P232,0,0,1,1,1,1,1,1,0,0,0,0,1,1,0,0,0,0
esmc6b_boundary,2,Q9P378,1,1,1,1,1,1,0,0,0,0,0,0,0,0,0,0,0,0
esmc6b_boundary,2,Q9PVK9,0,0,0,0,0,0,1,1,1,1,1,1,0,0,0,0,0,0
esmc6b_boundary,2,Q9PW35,0,0,0,0,0,0,1,1,1,1,1,1,0,0,0,0,0,0
esmc6b_boundary,2,Q9PW36,0,0,0,0,0,0,1,1,1,1,1,1,0,0,0,0,0,0
esmc6b_boundary,2,Q9PWJ0,0,0,0,0,0,0,1,1,1,1,1,1,0,0,0,0,0,0
esmc6b_boundary,2,Q9QUG3,1,1,1,1,1,1,0,0,0,0,0,0,0,0,0,0,0,0
esmc6b_boundary,2,Q9S0W8,0,0,0,0,0,0,1,1,1,1,1,1,1,1,1,1,1,1
esmc6b_boundary,2,Q9S9K4,0,1,1,1,1,1,1,0,0,0,0,0,1,0,0,0,0,0
esmc6b_boundary,2,Q9SD84,1,1,1,1,1,1,0,0,0,0,0,0,0,0,0,0,0,0
esmc6b_boundary,2,Q9SKW7,2,3,3,3,3,3,4,3,3,3,3,3,3,2,2,2,2,2
esmc6b_boundary,2,Q9SUV6,1,1,1,1,1,1,0,0,0,0,0,0,0,0,0,0,0,0
esmc6b_boundary,2,Q9TKY7,1,1,1,1,1,1,0,0,0,0,0,0,0,0,0,0,0,0
esmc6b_boundary,2,Q9TUX7,2,2,2,2,2,2,2,2,2,2,2,2,0,0,0,0,0,0
esmc6b_boundary,2,Q9TY83,0,0,0,0,0,0,1,1,1,1,1,1,0,0,0,0,0,0
esmc6b_boundary,2,Q9TY84,0,0,0,0,0,0,1,1,1,1,1,1,0,0,0,0,0,0
esmc6b_boundary,2,Q9U619,1,1,1,2,2,2,1,1,1,0,0,0,1,1,1,0,0,0
esmc6b_boundary,2,Q9U6Z5,0,0,0,2,2,2,2,2,2,0,0,0,2,2,2,0,0,0
esmc6b_boundary,2,Q9U6Z9,1,1,1,1,1,2,1,1,1,1,1,0,1,1,1,1,1,0
esmc6b_boundary,2,Q9U700,1,1,1,2,2,2,1,1,1,0,0,0,1,1,1,0,0,0
esmc6b_boundary,2,Q9UKY0,1,1,1,1,1,1,0,0,0,0,0,0,0,0,0,0,0,0
esmc6b_boundary,2,Q9UQ52,1,1,1,1,1,1,0,0,0,0,0,0,0,0,0,0,0,0
esmc6b_boundary,2,Q9UV63,0,0,0,0,0,0,1,1,1,1,1,1,0,0,0,0,0,0
esmc6b_boundary,2,Q9VLK4,1,1,2,2,2,2,2,2,1,1,1,1,1,1,0,0,0,0
esmc6b_boundary,2,Q9VT50,1,1,1,1,1,1,2,2,2,2,2,2,1,1,1,1,1,1
esmc6b_boundary,2,Q9VTM6,1,1,1,1,1,1,0,0,0,0,0,0,0,0,0,0,0,0
esmc6b_boundary,2,Q9VU58,0,0,0,0,0,0,3,3,3,3,3,3,1,1,1,1,1,1
esmc6b_boundary,2,Q9VVF7,6,6,6,6,6,6,1,1,1,1,1,1,0,0,0,0,0,0
esmc6b_boundary,2,Q9W7S2,0,0,0,0,0,0,1,1,1,1,1,1,0,0,0,0,0,0
esmc6b_boundary,2,Q9WUG6,0,1,1,1,1,1,1,0,0,0,0,0,2,1,1,1,1,1
esmc6b_boundary,2,Q9WVA8,1,1,1,1,1,1,3,3,3,3,3,3,1,1,1,1,1,1
esmc6b_boundary,2,Q9WVA9,1,1,1,1,1,1,3,3,3,3,3,3,1,1,1,1,1,1
esmc6b_boundary,2,Q9XZK6,0,0,2,2,2,2,2,2,0,0,0,0,2,2,0,0,0,0
esmc6b_boundary,2,Q9XZK7,0,0,2,2,2,2,2,2,0,0,0,0,2,2,0,0,0,0
esmc6b_boundary,2,Q9Y5Q6,1,1,1,1,1,1,1,1,1,1,1,1,0,0,0,0,0,0
esmc6b_boundary,2,Q9Y7Y7,1,1,1,1,1,1,0,0,0,0,0,0,0,0,0,0,0,0
esmc6b_boundary,2,Q9YI19,0,0,0,0,0,0,1,1,1,1,1,1,0,0,0,0,0,0
esmc6b_boundary,2,Q9Z0J1,1,1,1,1,1,1,0,0,0,0,0,0,0,0,0,0,0,0
esmc6b_boundary,2,Q9Z0X1,0,0,0,0,0,0,1,1,1,1,1,1,0,0,0,0,0,0
esmc6b_boundary,2,R4JJN6,2,2,2,2,2,2,0,0,0,0,0,0,0,0,0,0,0,0
esmc6b_boundary,2,R4JNJ5,2,2,2,2,2,2,0,0,0,0,0,0,0,0,0,0,0,0
esmc6b_boundary,2,R4JQZ0,2,2,2,2,2,2,0,0,0,0,0,0,0,0,0,0,0,0
esmc6b_boundary,2,R4ZCU1,3,4,4,4,4,4,1,0,0,0,0,0,1,0,0,0,0,0
esmc6b_boundary,2,S4UJW3,3,3,3,3,3,3,0,0,0,0,0,0,0,0,0,0,0,0
esmc6b_boundary,2,U4N938,0,0,0,0,0,0,1,1,1,1,1,1,1,1,1,1,1,1
esmc6b_boundary,2,U5KJC9,0,0,1,1,1,1,1,1,0,0,0,0,1,1,0,0,0,0
esmc6b_boundary,2,U5KJJ1,0,0,1,1,1,1,1,1,0,0,0,0,1,1,0,0,0,0
esmc6b_boundary,2,U5KJM4,0,0,1,1,1,1,1,1,0,0,0,0,1,1,0,0,0,0
esmc6b_boundary,2,U5KJM6,0,0,1,1,1,1,1,1,0,0,0,0,1,1,0,0,0,0
esmc6b_boundary,2,U5KJT7,0,0,1,1,1,1,1,1,0,0,0,0,1,1,0,0,0,0
esmc6b_boundary,2,U5KJZ2,0,0,1,1,1,1,1,1,0,0,0,0,1,1,0,0,0,0
esmc6b_boundary,2,W8GNV3,2,2,2,2,2,2,0,0,0,0,0,0,0,0,0,0,0,0
esmc6b_boundary,2,X5I9Y2,1,1,2,2,2,2,1,1,0,0,0,0,1,1,0,0,0,0
esmc6b_boundary,2,X5I9Z2,2,2,2,2,2,2,0,0,0,0,0,0,0,0,0,0,0,0
esmc6b_boundary,2,X5IFZ1,0,0,0,0,0,0,2,2,2,2,2,2,1,1,1,1,1,1
esmc6b_boundary,5,A0A024SH76,1,1,1,1,1,1,0,0,0,0,0,0,0,0,0,0,0,0
esmc6b_boundary,5,A0A059J5P2,1,1,1,1,1,1,0,0,0,0,0,0,0,0,0,0,0,0
esmc6b_boundary,5,A0A084G2W8,0,0,0,0,1,1,1,1,1,1,0,0,1,1,1,1,0,0
esmc6b_boundary,5,A0A125S9E4,1,1,1,1,1,1,0,0,0,0,0,0,1,1,1,1,1,1
esmc6b_boundary,5,A0A144LUY5,1,1,1,2,2,3,3,3,3,2,2,1,2,2,2,1,1,0
esmc6b_boundary,5,A0A144LVL3,0,1,1,1,1,2,4,3,3,3,3,2,2,1,1,1,1,0
esmc6b_boundary,5,A0A1B0GVD1,0,0,0,0,0,0,1,1,1,1,1,1,1,1,1,1,1,1
esmc6b_boundary,5,A0A1D0BR67,0,0,1,1,1,1,1,1,0,0,0,0,1,1,0,0,0,0
esmc6b_boundary,5,A0A1D0BZF5,0,0,1,1,1,1,1,1,0,0,0,0,1,1,0,0,0,0
esmc6b_boundary,5,A0A1P8VFM2,0,0,0,0,0,0,1,1,1,1,1,1,0,0,0,0,0,0
esmc6b_boundary,5,A0A384K116,0,1,1,1,1,1,1,0,0,0,0,0,1,0,0,0,0,0
esmc6b_boundary,5,A0A5C1ZW08,0,0,0,0,0,0,1,1,1,1,1,1,0,0,0,0,0,0
esmc6b_boundary,5,A0A5C1ZXT8,0,0,0,0,0,0,1,1,1,1,1,1,0,0,0,0,0,0
esmc6b_boundary,5,A0A5C2A2T2,0,0,0,0,0,0,1,1,1,1,1,1,0,0,0,0,0,0
esmc6b_boundary,5,A0A6B9L8Y4,0,0,0,0,2,2,2,2,2,2,0,0,2,2,2,2,0,0
esmc6b_boundary,5,A0AIY9,1,1,1,1,1,1,0,0,0,0,0,0,0,0,0,0,0,0
esmc6b_boundary,5,A0Q1T6,1,1,1,1,1,1,0,0,0,0,0,0,0,0,0,0,0,0
esmc6b_boundary,5,A0RJ49,0,1,1,1,1,1,1,0,0,0,0,0,1,0,0,0,0,0
esmc6b_boundary,5,A0RZB4,0,0,0,0,0,0,1,1,1,1,1,1,2,2,2,2,2,2
esmc6b_boundary,5,A0ZT93,0,0,0,0,0,0,1,1,1,1,1,1,1,1,1,1,1,1
esmc6b_boundary,5,A1EC31,1,1,1,1,1,1,0,0,0,0,0,0,0,0,0,0,0,0
esmc6b_boundary,5,A1JKC3,0,0,0,0,0,0,1,1,1,1,1,1,1,1,1,1,1,1
esmc6b_boundary,5,A2BDG0,0,0,0,0,0,0,1,1,1,1,1,1,2,2,2,2,2,2
esmc6b_boundary,5,A2BDG5,1,1,1,1,1,1,0,0,0,0,0,0,1,1,1,1,1,1
esmc6b_boundary,5,A2BDG9,0,0,1,1,1,1,1,1,0,0,0,0,2,2,1,1,1,1
esmc6b_boundary,5,A2RLA2,1,1,1,1,1,1,0,0,0,0,0,0,0,0,0,0,0,0
esmc6b_boundary,5,A2VE33,0,0,0,1,1,1,1,1,1,0,0,0,1,1,1,0,0,0
esmc6b_boundary,5,A2XHZ9,1,1,1,1,1,1,0,0,0,0,0,0,0,0,0,0,0,0
esmc6b_boundary,5,A2ZBG5,0,0,0,0,0,0,2,2,2,2,2,2,1,1,1,1,1,1
esmc6b_boundary,5,A3DBS4,1,1,1,1,1,1,0,0,0,0,0,0,1,1,1,1,1,1
esmc6b_boundary,5,A3F7X2,0,0,0,0,0,1,1,1,1,1,1,0,1,1,1,1,1,0
esmc6b_boundary,5,A4TL44,0,0,0,0,0,0,1,1,1,1,1,1,1,1,1,1,1,1
esmc6b_boundary,5,A4VUF9,1,1,1,1,1,1,0,0,0,0,0,0,0,0,0,0,0,0
esmc6b_boundary,5,A4W0Q0,1,1,1,1,1,1,0,0,0,0,0,0,0,0,0,0,0,0
esmc6b_boundary,5,A4XJS7,1,1,1,1,1,1,0,0,0,0,0,0,0,0,0,0,0,0
esmc6b_boundary,5,A5A6J6,0,0,0,0,0,0,1,1,1,1,1,1,0,0,0,0,0,0
esmc6b_boundary,5,A5A6P7,1,1,1,1,1,1,0,0,0,0,0,0,0,0,0,0,0,0
esmc6b_boundary,5,A5A752,0,0,0,1,1,1,1,1,1,0,0,0,1,1,1,0,0,0
esmc6b_boundary,5,A5I667,1,1,1,1,1,1,0,0,0,0,0,0,0,0,0,0,0,0
esmc6b_boundary,5,A5ITG9,0,1,1,1,1,1,1,0,0,0,0,0,1,0,0,0,0,0
esmc6b_boundary,5,A5LHG2,0,0,1,1,1,1,2,2,1,1,1,1,2,2,1,1,1,1
esmc6b_boundary,5,A5N6K1,1,1,1,1,1,1,0,0,0,0,0,0,1,1,1,1,1,1
esmc6b_boundary,5,A5VKS3,1,1,1,1,1,1,0,0,0,0,0,0,0,0,0,0,0,0
esmc6b_boundary,5,A6BM07,0,0,0,0,0,0,1,1,1,1,1,1,0,0,0,0,0,0
esmc6b_boundary,5,A6LQR8,1,1,1,1,1,1,0,0,0,0,0,0,0,0,0,0,0,0
esmc6b_boundary,5,A6MFK9,0,0,0,0,0,0,1,1,1,1,1,1,0,0,0,0,0,0
esmc6b_boundary,5,A6P3B2,18,18,18,18,18,18,0,0,0,0,0,0,2,2,2,2,2,2
esmc6b_boundary,5,A6QHI7,0,1,1,1,1,1,1,0,0,0,0,0,1,0,0,0,0,0
esmc6b_boundary,5,A6U2B3,0,1,1,1,1,1,1,0,0,0,0,0,1,0,0,0,0,0
esmc6b_boundary,5,A6XN32,1,1,1,1,1,1,0,0,0,0,0,0,1,1,1,1,1,1
esmc6b_boundary,5,A7FFL9,0,0,0,0,0,0,1,1,1,1,1,1,1,1,1,1,1,1
esmc6b_boundary,5,A7FXU7,1,1,1,1,1,1,0,0,0,0,0,0,0,0,0,0,0,0
esmc6b_boundary,5,A7GHK3,1,1,1,1,1,1,0,0,0,0,0,0,0,0,0,0,0,0
esmc6b_boundary,5,A7GTC2,0,1,1,1,1,1,1,0,0,0,0,0,1,0,0,0,0,0
esmc6b_boundary,5,A7RMN1,0,0,1,1,1,1,1,1,0,0,0,0,1,1,0,0,0,0
esmc6b_boundary,5,A7X362,0,1,1,1,1,1,1,0,0,0,0,0,1,0,0,0,0,0
esmc6b_boundary,5,A7Z783,0,1,1,1,1,1,1,0,0,0,0,0,1,0,0,0,0,0
esmc6b_boundary,5,A8AWF9,1,1,1,1,1,1,0,0,0,0,0,0,0,0,0,0,0,0
esmc6b_boundary,5,A8D888,0,0,0,0,0,0,1,1,1,1,1,1,0,0,0,0,0,0
esmc6b_boundary,5,A8FFT0,0,1,1,1,1,1,1,0,0,0,0,0,1,0,0,0,0,0
esmc6b_boundary,5,A8WU84,3,3,3,3,3,3,0,0,0,0,0,0,0,0,0,0,0,0
esmc6b_boundary,5,A8Z2H3,0,1,1,1,1,1,1,0,0,0,0,0,1,0,0,0,0,0
esmc6b_boundary,5,A9KMF6,1,1,1,1,1,1,0,0,0,0,0,0,1,1,1,1,1,1
esmc6b_boundary,5,A9R3T6,0,0,0,0,0,0,1,1,1,1,1,1,1,1,1,1,1,1
esmc6b_boundary,5,A9VIR7,0,1,1,1,1,1,1,0,0,0,0,0,1,0,0,0,0,0
esmc6b_boundary,5,B0BND0,1,1,1,1,1,1,0,0,0,0,0,0,0,0,0,0,0,0
esmc6b_boundary,5,B0K416,1,1,1,1,1,1,0,0,0,0,0,0,0,0,0,0,0,0
esmc6b_boundary,5,B0KAC0,1,1,1,1,1,1,0,0,0,0,0,0,0,0,0,0,0,0
esmc6b_boundary,5,B0TBW5,1,1,1,1,1,1,0,0,0,0,0,0,1,1,1,1,1,1
esmc6b_boundary,5,B0XZV8,1,1,1,1,1,1,0,0,0,0,0,0,1,1,1,1,1,1
esmc6b_boundary,5,B0Y665,1,1,1,1,1,1,0,0,0,0,0,0,1,1,1,1,1,1
esmc6b_boundary,5,B1AIJ8,1,1,1,1,1,1,0,0,0,0,0,0,1,1,1,1,1,1
esmc6b_boundary,5,B1B6T1,1,1,1,1,1,1,0,0,0,0,0,0,0,0,0,0,0,0
esmc6b_boundary,5,B1IBP4,1,1,1,1,1,1,0,0,0,0,0,0,0,0,0,0,0,0
esmc6b_boundary,5,B1ILY6,1,1,1,1,1,1,0,0,0,0,0,0,0,0,0,0,0,0
esmc6b_boundary,5,B1IQZ3,0,0,0,0,0,0,1,1,1,1,1,1,2,2,2,2,2,2
esmc6b_boundary,5,B1JR58,0,0,0,0,0,0,1,1,1,1,1,1,1,1,1,1,1,1
esmc6b_boundary,5,B1KZR4,1,1,1,1,1,1,0,0,0,0,0,0,0,0,0,0,0,0
esmc6b_boundary,5,B1P1A2,0,1,1,1,1,1,1,0,0,0,0,0,2,1,1,1,1,1
esmc6b_boundary,5,B1P1A4,2,2,2,2,2,2,0,0,0,0,0,0,0,0,0,0,0,0
esmc6b_boundary,5,B1P1B6,1,1,1,1,1,1,1,1,1,1,1,1,0,0,0,0,0,0
esmc6b_boundary,5,B1P1B7,1,1,1,1,1,1,1,1,1,1,1,1,0,0,0,0,0,0
esmc6b_boundary,5,B1P1B8,1,1,1,1,1,1,1,1,1,1,1,1,0,0,0,0,0,0
esmc6b_boundary,5,B1P1B9,1,1,1,1,1,1,1,1,1,1,1,1,0,0,0,0,0,0
esmc6b_boundary,5,B1P1C2,1,1,1,1,1,1,1,1,1,1,1,1,0,0,0,0,0,0
esmc6b_boundary,5,B1P1C6,1,1,1,1,1,1,1,1,1,1,1,1,0,0,0,0,0,0
esmc6b_boundary,5,B1P1C7,1,1,1,1,1,1,1,1,1,1,1,1,0,0,0,0,0,0
esmc6b_boundary,5,B1P1C8,1,1,1,1,1,1,1,1,1,1,1,1,0,0,0,0,0,0
esmc6b_boundary,5,B1P1D7,1,1,1,1,1,1,1,1,1,1,1,1,0,0,0,0,0,0
esmc6b_boundary,5,B1P1D8,0,1,1,1,1,1,2,1,1,1,1,1,1,0,0,0,0,0
esmc6b_boundary,5,B1P1D9,1,1,1,1,1,1,1,1,1,1,1,1,0,0,0,0,0,0
esmc6b_boundary,5,B1P1E0,1,1,1,1,1,1,1,1,1,1,1,1,0,0,0,0,0,0
esmc6b_boundary,5,B1P1E1,1,1,1,1,1,1,1,1,1,1,1,1,0,0,0,0,0,0
esmc6b_boundary,5,B1P1E2,1,1,1,1,1,1,0,0,0,0,0,0,0,0,0,0,0,0
esmc6b_boundary,5,B1P1E3,1,1,1,1,1,1,1,1,1,1,1,1,0,0,0,0,0,0
esmc6b_boundary,5,B1P1E4,1,1,1,1,1,1,1,1,1,1,1,1,0,0,0,0,0,0
esmc6b_boundary,5,B1P1E5,2,2,2,2,2,2,0,0,0,0,0,0,0,0,0,0,0,0
esmc6b_boundary,5,B1P1E6,2,2,2,2,2,2,0,0,0,0,0,0,0,0,0,0,0,0
esmc6b_boundary,5,B1P1E7,2,2,2,2,2,2,0,0,0,0,0,0,0,0,0,0,0,0
esmc6b_boundary,5,B1P1E8,2,2,2,2,2,2,0,0,0,0,0,0,0,0,0,0,0,0
esmc6b_boundary,5,B1P1F1,2,2,2,2,2,2,0,0,0,0,0,0,0,0,0,0,0,0
esmc6b_boundary,5,B1P1F3,2,2,2,2,2,2,0,0,0,0,0,0,0,0,0,0,0,0
esmc6b_boundary,5,B1P1F4,2,2,2,2,2,2,0,0,0,0,0,0,0,0,0,0,0,0
esmc6b_boundary,5,B1P1F5,1,1,1,1,1,1,1,1,1,1,1,1,0,0,0,0,0,0
esmc6b_boundary,5,B1P1F6,0,1,1,1,1,1,2,1,1,1,1,1,1,0,0,0,0,0
esmc6b_boundary,5,B1P1F7,1,1,1,1,1,1,1,1,1,1,1,1,0,0,0,0,0,0
esmc6b_boundary,5,B1P1F8,2,2,2,2,2,2,0,0,0,0,0,0,0,0,0,0,0,0
esmc6b_boundary,5,B1P1F9,2,2,2,2,2,2,0,0,0,0,0,0,0,0,0,0,0,0
esmc6b_boundary,5,B1P1G0,1,2,2,2,2,2,1,0,0,0,0,0,1,0,0,0,0,0
esmc6b_boundary,5,B1P1G1,0,1,1,1,1,1,3,2,2,2,2,2,1,0,0,0,0,0
esmc6b_boundary,5,B1P1G2,1,2,2,2,2,2,1,0,0,0,0,0,1,0,0,0,0,0
esmc6b_boundary,5,B1P1G3,1,2,2,2,2,2,1,0,0,0,0,0,1,0,0,0,0,0
esmc6b_boundary,5,B1P1G4,1,1,1,1,1,1,1,1,1,1,1,1,0,0,0,0,0,0
esmc6b_boundary,5,B1P1G5,1,1,1,1,1,1,1,1,1,1,1,1,0,0,0,0,0,0
esmc6b_boundary,5,B1P1G6,0,1,1,1,1,1,2,1,1,1,1,1,1,0,0,0,0,0
esmc6b_boundary,5,B1P1H0,1,1,1,1,1,1,0,0,0,0,0,0,0,0,0,0,0,0
esmc6b_boundary,5,B1P1H1,0,1,1,1,1,1,2,1,1,1,1,1,1,0,0,0,0,0
esmc6b_boundary,5,B1P1H2,2,2,2,2,2,2,0,0,0,0,0,0,0,0,0,0,0,0
esmc6b_boundary,5,B1P1H9,0,0,0,1,1,1,2,2,2,1,1,1,1,1,1,0,0,0
esmc6b_boundary,5,B1P1I1,1,1,1,1,1,1,0,0,0,0,0,0,0,0,0,0,0,0
esmc6b_boundary,5,B1P1I2,1,1,1,1,1,1,0,0,0,0,0,0,0,0,0,0,0,0
esmc6b_boundary,5,B1P1I3,0,1,1,1,1,1,1,0,0,0,0,0,1,0,0,0,0,0
esmc6b_boundary,5,B1P1I4,0,1,1,1,1,1,1,0,0,0,0,0,1,0,0,0,0,0
esmc6b_boundary,5,B1P1I5,1,1,1,1,1,1,0,0,0,0,0,0,0,0,0,0,0,0
esmc6b_boundary,5,B1P1I6,1,1,1,1,1,1,0,0,0,0,0,0,0,0,0,0,0,0
esmc6b_boundary,5,B1VAF3,0,1,1,1,1,1,1,0,0,0,0,0,1,0,0,0,0,0
esmc6b_boundary,5,B1XF62,0,0,0,0,0,0,1,1,1,1,1,1,2,2,2,2,2,2
esmc6b_boundary,5,B1YJS1,0,1,1,1,1,1,1,0,0,0,0,0,1,0,0,0,0,0
esmc6b_boundary,5,B2A6B5,1,1,1,1,1,1,0,0,0,0,0,0,0,0,0,0,0,0
esmc6b_boundary,5,B2G856,1,1,1,1,1,1,0,0,0,0,0,0,0,0,0,0,0,0
esmc6b_boundary,5,B2GD71,1,1,1,1,1,1,0,0,0,0,0,0,0,0,0,0,0,0
esmc6b_boundary,5,B2IQ02,1,1,1,1,1,1,0,0,0,0,0,0,0,0,0,0,0,0
esmc6b_boundary,5,B2KAB7,0,0,0,0,0,0,1,1,1,1,1,1,1,1,1,1,1,1
esmc6b_boundary,5,B2MW54,1,1,1,1,1,1,0,0,0,0,0,0,1,1,1,1,1,1
esmc6b_boundary,5,B2RH57,1,1,1,1,1,1,0,0,0,0,0,0,0,0,0,0,0,0
esmc6b_boundary,5,B2TK69,1,1,1,1,1,1,0,0,0,0,0,0,0,0,0,0,0,0
esmc6b_boundary,5,B2V0A7,1,1,1,1,1,1,0,0,0,0,0,0,0,0,0,0,0,0
esmc6b_boundary,5,B2ZB95,2,2,2,2,2,2,3,3,3,3,3,3,0,0,0,0,0,0
esmc6b_boundary,5,B2ZB96,2,2,2,2,2,2,3,3,3,3,3,3,0,0,0,0,0,0
esmc6b_boundary,5,B2ZB98,2,2,2,2,2,2,3,3,3,3,3,3,0,0,0,0,0,0
esmc6b_boundary,5,B2ZB99,2,2,2,2,2,2,3,3,3,3,3,3,0,0,0,0,0,0
esmc6b_boundary,5,B2ZBA0,2,2,2,2,2,2,3,3,3,3,3,3,0,0,0,0,0,0
esmc6b_boundary,5,B2ZBA1,2,2,2,2,2,2,3,3,3,3,3,3,0,0,0,0,0,0
esmc6b_boundary,5,B3EWM3,0,0,0,0,0,1,1,1,1,1,1,0,1,1,1,1,1,0
esmc6b_boundary,5,B3FIN4,0,1,1,1,1,1,1,0,0,0,0,0,1,0,0,0,0,0
esmc6b_boundary,5,B3FIS2,1,1,1,1,1,1,0,0,0,0,0,0,1,1,1,1,1,1
esmc6b_boundary,5,B3FIS3,1,1,1,1,1,1,0,0,0,0,0,0,1,1,1,1,1,1
esmc6b_boundary,5,B3FIS4,1,1,1,1,1,1,0,0,0,0,0,0,1,1,1,1,1,1
esmc6b_boundary,5,B3H587,1,1,1,1,1,1,0,0,0,0,0,0,0,0,0,0,0,0
esmc6b_boundary,5,B3H5Q2,1,1,1,1,1,1,0,0,0,0,0,0,0,0,0,0,0,0
esmc6b_boundary,5,B3QZT2,1,1,1,1,1,1,0,0,0,0,0,0,1,1,1,1,1,1
esmc6b_boundary,5,B4THR7,0,0,0,0,0,0,1,1,1,1,1,1,1,1,1,1,1,1
esmc6b_boundary,5,B5E4L9,1,1,1,1,1,1,0,0,0,0,0,0,0,0,0,0,0,0
esmc6b_boundary,5,B5ZB18,1,1,1,1,1,1,0,0,0,0,0,0,1,1,1,1,1,1
esmc6b_boundary,5,B6DD59,0,1,1,1,1,1,1,0,0,0,0,0,1,0,0,0,0,0
esmc6b_boundary,5,B6IB31,0,0,0,0,0,0,1,1,1,1,1,1,1,1,1,1,1,1
esmc6b_boundary,5,B7GIR0,0,1,1,1,1,1,1,0,0,0,0,0,1,0,0,0,0,0
esmc6b_boundary,5,B7HE75,0,1,1,1,1,1,1,0,0,0,0,0,1,0,0,0,0,0
esmc6b_boundary,5,B7HQK0,0,1,1,1,1,1,1,0,0,0,0,0,1,0,0,0,0,0
esmc6b_boundary,5,B7IIV4,0,1,1,1,1,1,1,0,0,0,0,0,1,0,0,0,0,0
esmc6b_boundary,5,B7JQ28,0,1,1,1,1,1,1,0,0,0,0,0,1,0,0,0,0,0
esmc6b_boundary,5,B7L5E9,0,0,0,0,0,0,1,1,1,1,1,1,1,1,1,1,1,1
esmc6b_boundary,5,B7LZY9,0,0,0,0,0,0,1,1,1,1,1,1,1,1,1,1,1,1
esmc6b_boundary,5,B7M9V0,0,0,0,0,0,0,1,1,1,1,1,1,2,2,2,2,2,2
esmc6b_boundary,5,B7MV44,0,0,0,0,0,0,1,1,1,1,1,1,2,2,2,2,2,2
esmc6b_boundary,5,B7NB47,0,0,0,0,0,0,1,1,1,1,1,1,2,2,2,2,2,2
esmc6b_boundary,5,B7NUP2,0,0,0,0,0,0,1,1,1,1,1,1,2,2,2,2,2,2
esmc6b_boundary,5,B7URT6,0,0,0,0,0,0,1,1,1,1,1,1,1,1,1,1,1,1
esmc6b_boundary,5,B8DHK8,1,1,1,1,1,1,0,0,0,0,0,0,0,0,0,0,0,0
esmc6b_boundary,5,B8FUS1,1,1,1,1,1,1,0,0,0,0,0,0,0,0,0,0,0,0
esmc6b_boundary,5,B8I178,1,1,1,1,1,1,0,0,0,0,0,0,1,1,1,1,1,1
esmc6b_boundary,5,B8K1V9,0,0,0,0,0,1,3,3,3,3,3,2,2,2,2,2,2,1
esmc6b_boundary,5,B8ZPV1,1,1,1,1,1,1,0,0,0,0,0,0,0,0,0,0,0,0
esmc6b_boundary,5,B9DNE8,0,1,1,1,1,1,1,0,0,0,0,0,1,0,0,0,0,0
esmc6b_boundary,5,B9DU56,1,1,1,1,1,1,0,0,0,0,0,0,0,0,0,0,0,0
esmc6b_boundary,5,B9E020,1,1,1,1,1,1,0,0,0,0,0,0,1,1,1,1,1,1
esmc6b_boundary,5,B9ENM6,1,1,1,1,1,1,0,0,0,0,0,0,0,0,0,0,0,0
esmc6b_boundary,5,B9IZ18,0,1,1,1,1,1,1,0,0,0,0,0,1,0,0,0,0,0
esmc6b_boundary,5,B9MRB7,1,1,1,1,1,1,0,0,0,0,0,0,0,0,0,0,0,0
esmc6b_boundary,5,B9TQX1,0,0,1,1,1,1,1,1,0,0,0,0,1,1,0,0,0,0
esmc6b_boundary,5,B9TQX2,0,1,1,1,1,1,1,0,0,0,0,0,1,0,0,0,0,0
esmc6b_boundary,5,B9TQX3,0,0,0,0,0,0,1,1,1,1,1,1,0,0,0,0,0,0
esmc6b_boundary,5,B9TQX4,0,0,1,1,1,1,1,1,0,0,0,0,1,1,0,0,0,0
esmc6b_boundary,5,C0HJK2,0,1,1,1,1,1,1,0,0,0,0,0,1,0,0,0,0,0
esmc6b_boundary,5,C0HJK4,0,0,1,1,1,1,1,1,0,0,0,0,1,1,0,0,0,0
esmc6b_boundary,5,C0HK27,0,1,1,1,1,1,2,1,1,1,1,1,1,0,0,0,0,0
esmc6b_boundary,5,C0HKS3,0,0,0,0,0,0,3,3,3,3,3,3,2,2,2,2,2,2
esmc6b_boundary,5,C0HKS5,0,0,0,0,0,0,3,3,3,3,3,3,3,3,3,3,3,3
esmc6b_boundary,5,C0HKU2,1,1,1,1,1,1,0,0,0,0,0,0,0,0,0,0,0,0
esmc6b_boundary,5,C0HL17,4,4,4,4,4,4,3,3,3,3,3,3,3,3,3,3,3,3
esmc6b_boundary,5,C0M7I0,1,1,1,1,1,1,0,0,0,0,0,0,0,0,0,0,0,0
esmc6b_boundary,5,C0ME76,1,1,1,1,1,1,0,0,0,0,0,0,0,0,0,0,0,0
esmc6b_boundary,5,C1BJ98,0,0,1,1,1,1,1,1,0,0,0,0,1,1,0,0,0,0
esmc6b_boundary,5,C1C7A1,1,1,1,1,1,1,0,0,0,0,0,0,0,0,0,0,0,0
esmc6b_boundary,5,C1CE94,1,1,1,1,1,1,0,0,0,0,0,0,0,0,0,0,0,0
esmc6b_boundary,5,C1CKH0,1,1,1,1,1,1,0,0,0,0,0,0,0,0,0,0,0,0
esmc6b_boundary,5,C1CRK7,1,1,1,1,1,1,0,0,0,0,0,0,0,0,0,0,0,0
esmc6b_boundary,5,C1ETN9,0,1,1,1,1,1,1,0,0,0,0,0,1,0,0,0,0,0
esmc6b_boundary,5,C1FVW6,1,1,1,1,1,1,0,0,0,0,0,0,0,0,0,0,0,0
esmc6b_boundary,5,C1KVI7,1,1,1,1,1,1,0,0,0,0,0,0,0,0,0,0,0,0
esmc6b_boundary,5,C3L3J4,1,1,1,1,1,1,0,0,0,0,0,0,0,0,0,0,0,0
esmc6b_boundary,5,C3L6X4,0,1,1,1,1,1,1,0,0,0,0,0,1,0,0,0,0,0
esmc6b_boundary,5,C3P9C8,0,1,1,1,1,1,1,0,0,0,0,0,1,0,0,0,0,0
esmc6b_boundary,5,C4L4N3,1,1,1,1,1,1,0,0,0,0,0,0,1,1,1,1,1,1
esmc6b_boundary,5,C4YMJ3,1,1,1,1,1,1,0,0,0,0,0,0,0,0,0,0,0,0
esmc6b_boundary,5,C4YNQ5,1,1,1,1,1,1,0,0,0,0,0,0,0,0,0,0,0,0
esmc6b_boundary,5,C4YSF6,1,1,1,1,1,1,0,0,0,0,0,0,0,0,0,0,0,0
esmc6b_boundary,5,C4Z9Z8,1,1,1,1,1,1,0,0,0,0,0,0,1,1,1,1,1,1
esmc6b_boundary,5,C4ZY59,0,0,0,0,0,0,1,1,1,1,1,1,2,2,2,2,2,2
esmc6b_boundary,5,C5D5G7,0,1,1,1,1,1,1,0,0,0,0,0,1,0,0,0,0,0
esmc6b_boundary,5,C6EVG7,1,1,1,1,1,1,9,9,9,9,9,9,0,0,0,0,0,0
esmc6b_boundary,5,C6Y4B5,0,0,0,0,0,0,1,1,1,1,1,1,0,0,0,0,0,0
esmc6b_boundary,5,D0PX84,0,0,1,1,1,1,1,1,0,0,0,0,2,2,1,1,1,1
esmc6b_boundary,5,D0PX85,0,0,1,1,1,1,1,1,0,0,0,0,2,2,1,1,1,1
esmc6b_boundary,5,D2Y1X9,1,1,1,1,1,1,1,1,1,1,1,1,0,0,0,0,0,0
esmc6b_boundary,5,D2Y1Y0,1,1,1,1,1,1,1,1,1,1,1,1,0,0,0,0,0,0
esmc6b_boundary,5,D2Y1Y1,1,1,1,1,1,1,1,1,1,1,1,1,0,0,0,0,0,0
esmc6b_boundary,5,D2Y1Y2,1,1,1,1,1,1,1,1,1,1,1,1,0,0,0,0,0,0
esmc6b_boundary,5,D2Y1Y3,1,1,1,1,1,1,1,1,1,1,1,1,0,0,0,0,0,0
esmc6b_boundary,5,D2Y1Y4,2,2,2,2,2,2,0,0,0,0,0,0,0,0,0,0,0,0
esmc6b_boundary,5,D2Y1Y5,2,2,2,2,2,2,0,0,0,0,0,0,0,0,0,0,0,0
esmc6b_boundary,5,D2Y1Y6,2,2,2,2,2,2,0,0,0,0,0,0,0,0,0,0,0,0
esmc6b_boundary,5,D2Y1Y7,2,2,2,2,2,2,0,0,0,0,0,0,0,0,0,0,0,0
esmc6b_boundary,5,D2Y1Y8,2,2,2,2,2,2,0,0,0,0,0,0,0,0,0,0,0,0
esmc6b_boundary,5,D2Y1Y9,2,2,2,2,2,2,0,0,0,0,0,0,0,0,0,0,0,0
esmc6b_boundary,5,D2Y1Z0,2,2,2,2,2,2,0,0,0,0,0,0,0,0,0,0,0,0
esmc6b_boundary,5,D2Y1Z2,2,2,2,2,2,2,0,0,0,0,0,0,0,0,0,0,0,0
esmc6b_boundary,5,D2Y1Z4,1,1,1,1,1,1,1,1,1,1,1,1,0,0,0,0,0,0
esmc6b_boundary,5,D2Y1Z5,2,2,2,2,2,2,0,0,0,0,0,0,0,0,0,0,0,0
esmc6b_boundary,5,D2Y1Z6,1,1,1,1,1,1,1,1,1,1,1,1,0,0,0,0,0,0
esmc6b_boundary,5,D2Y1Z7,1,1,1,1,1,1,1,1,1,1,1,1,0,0,0,0,0,0
esmc6b_boundary,5,D2Y1Z8,1,1,1,1,1,1,1,1,1,1,1,1,0,0,0,0,0,0
esmc6b_boundary,5,D2Y1Z9,2,2,2,2,2,2,0,0,0,0,0,0,0,0,0,0,0,0
esmc6b_boundary,5,D2Y200,1,1,1,1,1,1,1,1,1,1,1,1,0,0,0,0,0,0
esmc6b_boundary,5,D2Y201,1,1,1,1,1,1,1,1,1,1,1,1,0,0,0,0,0,0
esmc6b_boundary,5,D2Y202,2,2,2,2,2,2,0,0,0,0,0,0,0,0,0,0,0,0
esmc6b_boundary,5,D2Y203,1,1,1,1,1,1,1,1,1,1,1,1,0,0,0,0,0,0
esmc6b_boundary,5,D2Y232,1,1,1,1,1,1,1,1,1,1,1,1,0,0,0,0,0,0
esmc6b_boundary,5,D2Y233,1,1,1,1,1,1,1,1,1,1,1,1,0,0,0,0,0,0
esmc6b_boundary,5,D2Y236,1,2,2,2,2,2,1,0,0,0,0,0,1,0,0,0,0,0
esmc6b_boundary,5,D2Y237,1,2,2,2,2,2,1,0,0,0,0,0,1,0,0,0,0,0
esmc6b_boundary,5,D2Y238,1,2,2,2,2,2,1,0,0,0,0,0,1,0,0,0,0,0
esmc6b_boundary,5,D2Y239,1,2,2,2,2,2,1,0,0,0,0,0,1,0,0,0,0,0
esmc6b_boundary,5,D2Y240,1,1,2,2,2,2,1,1,0,0,0,0,1,1,0,0,0,0
esmc6b_boundary,5,D2Y241,1,1,2,2,2,2,1,1,0,0,0,0,1,1,0,0,0,0
esmc6b_boundary,5,D2Y242,1,1,1,1,1,1,1,1,1,1,1,1,0,0,0,0,0,0
esmc6b_boundary,5,D2Y243,1,1,1,1,1,1,1,1,1,1,1,1,0,0,0,0,0,0
esmc6b_boundary,5,D2Y244,1,1,2,2,2,2,1,1,0,0,0,0,1,1,0,0,0,0
esmc6b_boundary,5,D2Y245,1,1,2,2,2,2,1,1,0,0,0,0,1,1,0,0,0,0
esmc6b_boundary,5,D2Y246,1,1,2,2,2,2,1,1,0,0,0,0,1,1,0,0,0,0
esmc6b_boundary,5,D2Y247,1,1,2,2,2,2,1,1,0,0,0,0,1,1,0,0,0,0
esmc6b_boundary,5,D2Y248,2,2,2,2,2,2,0,0,0,0,0,0,0,0,0,0,0,0
esmc6b_boundary,5,D2Y249,1,1,2,2,2,2,1,1,0,0,0,0,1,1,0,0,0,0
esmc6b_boundary,5,D2Y250,1,1,2,2,2,2,1,1,0,0,0,0,1,1,0,0,0,0
esmc6b_boundary,5,D2Y251,0,1,1,1,1,1,1,0,0,0,0,0,1,0,0,0,0,0
esmc6b_boundary,5,D2Y252,0,1,1,1,1,1,1,0,0,0,0,0,1,0,0,0,0,0
esmc6b_boundary,5,D2Y2A0,0,0,1,1,1,1,2,2,1,1,1,1,1,1,0,0,0,0
esmc6b_boundary,5,D2Y2A1,0,0,1,1,1,1,2,2,1,1,1,1,1,1,0,0,0,0
esmc6b_boundary,5,D2Y2A2,0,0,0,0,0,1,2,2,2,2,2,1,1,1,1,1,1,0
esmc6b_boundary,5,D2Y2A3,0,0,1,1,1,1,2,2,1,1,1,1,1,1,0,0,0,0
esmc6b_boundary,5,D2Y2A4,0,0,1,1,1,1,2,2,1,1,1,1,1,1,0,0,0,0
esmc6b_boundary,5,D2Y2A5,0,0,1,1,1,1,2,2,1,1,1,1,1,1,0,0,0,0
esmc6b_boundary,5,D2Y2A6,0,0,1,1,1,1,2,2,1,1,1,1,1,1,0,0,0,0
esmc6b_boundary,5,D2Y2A7,0,0,1,1,1,1,2,2,1,1,1,1,1,1,0,0,0,0
esmc6b_boundary,5,D2Y2A8,0,0,1,1,1,1,2,2,1,1,1,1,1,1,0,0,0,0
esmc6b_boundary,5,D2Y2A9,0,0,1,1,1,1,2,2,1,1,1,1,1,1,0,0,0,0
esmc6b_boundary,5,D2Y2B0,0,0,1,1,1,1,2,2,1,1,1,1,1,1,0,0,0,0
esmc6b_boundary,5,D2Y2B1,0,0,1,1,1,1,2,2,1,1,1,1,1,1,0,0,0,0
esmc6b_boundary,5,D2Y2B2,0,0,1,1,1,1,2,2,1,1,1,1,1,1,0,0,0,0
esmc6b_boundary,5,D2Y2B3,0,0,1,1,1,1,2,2,1,1,1,1,1,1,0,0,0,0
esmc6b_boundary,5,D2Y2B4,0,0,1,1,1,1,2,2,1,1,1,1,1,1,0,0,0,0
esmc6b_boundary,5,D2Y2B5,0,0,1,1,1,1,2,2,1,1,1,1,1,1,0,0,0,0
esmc6b_boundary,5,D2Y2B6,0,0,1,1,1,1,1,1,0,0,0,0,1,1,0,0,0,0
esmc6b_boundary,5,D2Y2B7,0,0,1,1,1,1,1,1,0,0,0,0,1,1,0,0,0,0
esmc6b_boundary,5,D2Y2B8,0,0,1,1,1,1,1,1,0,0,0,0,1,1,0,0,0,0
esmc6b_boundary,5,D2Y2B9,0,0,1,1,1,1,1,1,0,0,0,0,1,1,0,0,0,0
esmc6b_boundary,5,D2Y2C1,1,1,1,1,1,1,1,1,1,1,1,1,0,0,0,0,0,0
esmc6b_boundary,5,D2Y2D2,1,1,1,1,1,1,1,1,1,1,1,1,0,0,0,0,0,0
esmc6b_boundary,5,D2Y2D7,1,1,1,1,1,1,1,1,1,1,1,1,0,0,0,0,0,0
esmc6b_boundary,5,D2Y2D8,0,0,1,1,1,1,1,1,0,0,0,0,1,1,0,0,0,0
esmc6b_boundary,5,D2Y2D9,0,0,1,1,1,1,1,1,0,0,0,0,1,1,0,0,0,0
esmc6b_boundary,5,D2Y2E8,1,2,2,2,2,2,1,0,0,0,0,0,1,0,0,0,0,0
esmc6b_boundary,5,D2Y2E9,1,2,2,2,2,2,1,0,0,0,0,0,1,0,0,0,0,0
esmc6b_boundary,5,D2Y2F0,1,2,2,2,2,2,1,0,0,0,0,0,1,0,0,0,0,0
esmc6b_boundary,5,D2Y2F1,2,2,2,2,2,2,0,0,0,0,0,0,0,0,0,0,0,0
esmc6b_boundary,5,D2Y2G3,1,1,2,2,2,2,1,1,0,0,0,0,1,1,0,0,0,0
esmc6b_boundary,5,D2Y2G4,1,1,2,2,2,2,1,1,0,0,0,0,1,1,0,0,0,0
esmc6b_boundary,5,D2Y2G5,1,1,2,2,2,2,1,1,0,0,0,0,1,1,0,0,0,0
esmc6b_boundary,5,D2Y2G6,1,1,2,2,2,2,1,1,0,0,0,0,1,1,0,0,0,0
esmc6b_boundary,5,D2Y2G7,1,1,2,2,2,2,1,1,0,0,0,0,1,1,0,0,0,0
esmc6b_boundary,5,D2Y2G8,1,1,1,1,1,1,1,1,1,1,1,1,0,0,0,0,0,0
esmc6b_boundary,5,D2Y2G9,1,1,2,2,2,2,1,1,0,0,0,0,1,1,0,0,0,0
esmc6b_boundary,5,D2Y2H1,0,1,1,1,1,1,1,0,0,0,0,0,1,0,0,0,0,0
esmc6b_boundary,5,D2Y2H2,0,1,1,1,1,1,1,0,0,0,0,0,2,1,1,1,1,1
esmc6b_boundary,5,D2Y2H3,0,0,1,1,1,1,2,2,1,1,1,1,1,1,0,0,0,0
esmc6b_boundary,5,D2Y2H4,0,0,1,1,1,1,2,2,1,1,1,1,1,1,0,0,0,0
esmc6b_boundary,5,D2Y2H5,0,0,1,1,1,1,2,2,1,1,1,1,1,1,0,0,0,0
esmc6b_boundary,5,D2Y2H6,1,1,1,1,1,1,1,1,1,1,1,1,0,0,0,0,0,0
esmc6b_boundary,5,D2Y2H7,1,1,1,1,1,1,1,1,1,1,1,1,0,0,0,0,0,0
esmc6b_boundary,5,D2Y2H8,1,1,1,1,1,1,1,1,1,1,1,1,0,0,0,0,0,0
esmc6b_boundary,5,D2Y2I3,0,0,1,1,1,1,2,2,1,1,1,1,1,1,0,0,0,0
esmc6b_boundary,5,D2Y2I5,2,2,2,2,2,2,0,0,0,0,0,0,0,0,0,0,0,0
esmc6b_boundary,5,D2Y2I6,1,1,1,1,1,1,1,1,1,1,1,1,0,0,0,0,0,0
esmc6b_boundary,5,D2Y2L5,1,2,2,2,2,2,1,0,0,0,0,0,1,0,0,0,0,0
esmc6b_boundary,5,D2Y2M0,1,1,2,2,2,2,1,1,0,0,0,0,1,1,0,0,0,0
esmc6b_boundary,5,D2Y2M1,1,1,2,2,2,2,1,1,0,0,0,0,1,1,0,0,0,0
esmc6b_boundary,5,D2Y2M2,1,1,1,1,1,1,1,1,1,1,1,1,0,0,0,0,0,0
esmc6b_boundary,5,D2Y2M3,1,1,2,2,2,2,1,1,0,0,0,0,1,1,0,0,0,0
esmc6b_boundary,5,D2Y2M4,1,1,2,2,2,2,1,1,0,0,0,0,1,1,0,0,0,0
esmc6b_boundary,5,D2Y2M5,1,2,2,2,2,2,1,0,0,0,0,0,1,0,0,0,0,0
esmc6b_boundary,5,D2Y2M6,1,1,2,2,2,2,1,1,0,0,0,0,1,1,0,0,0,0
esmc6b_boundary,5,D2Y2M8,1,1,1,1,1,1,1,1,1,1,1,1,0,0,0,0,0,0
esmc6b_boundary,5,D2Y2M9,1,1,2,2,2,2,1,1,0,0,0,0,1,1,0,0,0,0
esmc6b_boundary,5,D2Y2N0,1,1,2,2,2,2,1,1,0,0,0,0,1,1,0,0,0,0
esmc6b_boundary,5,D2Y2N1,1,1,2,2,2,2,1,1,0,0,0,0,1,1,0,0,0,0
esmc6b_boundary,5,D2Y2N2,1,1,2,2,2,2,1,1,0,0,0,0,1,1,0,0,0,0
esmc6b_boundary,5,D2Y2N3,1,1,1,1,1,1,1,1,1,1,1,1,0,0,0,0,0,0
esmc6b_boundary,5,D2Y2N4,1,1,2,2,2,2,1,1,0,0,0,0,1,1,0,0,0,0
esmc6b_boundary,5,D2Y2N5,1,1,2,2,2,2,1,1,0,0,0,0,1,1,0,0,0,0
esmc6b_boundary,5,D2Y2N6,1,1,2,2,2,2,1,1,0,0,0,0,1,1,0,0,0,0
esmc6b_boundary,5,D2Y2N7,1,1,2,2,2,2,1,1,0,0,0,0,1,1,0,0,0,0
esmc6b_boundary,5,D2Y2N9,0,1,1,1,1,1,1,0,0,0,0,0,1,0,0,0,0,0
esmc6b_boundary,5,D2Y2P0,0,1,1,1,1,1,1,0,0,0,0,0,1,0,0,0,0,0
esmc6b_boundary,5,D2Y2P1,0,1,1,1,1,1,1,0,0,0,0,0,1,0,0,0,0,0
esmc6b_boundary,5,D2Y2P2,0,1,1,1,1,1,1,0,0,0,0,0,1,0,0,0,0,0
esmc6b_boundary,5,D3ZTT2,1,1,1,1,1,1,0,0,0,0,0,0,0,0,0,0,0,0
esmc6b_boundary,5,D4B388,1,1,1,1,1,1,0,0,0,0,0,0,0,0,0,0,0,0
esmc6b_boundary,5,D5J9S0,0,0,0,0,0,0,2,2,2,2,2,2,3,3,3,3,3,3
esmc6b_boundary,5,D5KXH3,0,1,1,1,1,1,1,0,0,0,0,0,1,0,0,0,0,0
esmc6b_boundary,5,D9IX97,0,0,0,0,0,0,1,1,1,1,1,1,2,2,2,2,2,2
esmc6b_boundary,5,E2A3M7,1,1,1,1,1,1,0,0,0,0,0,0,0,0,0,0,0,0
esmc6b_boundary,5,E2E4L2,0,0,0,0,0,0,1,1,1,1,1,1,2,2,2,2,2,2
esmc6b_boundary,5,E2S064,1,1,2,2,2,2,1,1,0,0,0,0,1,1,0,0,0,0
esmc6b_boundary,5,E5KIB6,1,1,1,1,1,2,1,1,1,1,1,0,1,1,1,1,1,0
esmc6b_boundary,5,F1N5C8,1,1,1,1,1,1,0,0,0,0,0,0,0,0,0,0,0,0
esmc6b_boundary,5,F1R4U0,0,1,1,1,1,1,1,0,0,0,0,0,1,0,0,0,0,0
esmc6b_boundary,5,F4IVN9,1,1,1,1,1,1,0,0,0,0,0,0,0,0,0,0,0,0
esmc6b_boundary,5,F4JL85,1,1,1,1,1,1,0,0,0,0,0,0,0,0,0,0,0,0
esmc6b_boundary,5,F4K6R7,0,0,0,0,0,0,1,1,1,1,1,1,1,1,1,1,1,1
esmc6b_boundary,5,F4KB79,1,1,1,1,1,1,2,2,2,2,2,2,0,0,0,0,0,0
esmc6b_boundary,5,F5CPE8,0,0,0,0,0,0,2,2,2,2,2,2,2,2,2,2,2,2
esmc6b_boundary,5,F6KSI8,0,0,0,0,1,1,1,1,1,1,0,0,1,1,1,1,0,0
esmc6b_boundary,5,G1UBC2,1,1,1,1,1,1,0,0,0,0,0,0,0,0,0,0,0,0
esmc6b_boundary,5,G3MU46,2,2,2,2,2,3,4,4,4,4,4,3,4,4,4,4,4,3
esmc6b_boundary,5,H3BJG9,0,0,0,0,0,1,1,1,1,1,1,0,1,1,1,1,1,0
esmc6b_boundary,5,I1S2N3,0,0,0,0,0,0,1,1,1,1,1,1,1,1,1,1,1,1
esmc6b_boundary,5,K7LFJ0,1,1,1,1,1,1,0,0,0,0,0,0,0,0,0,0,0,0
esmc6b_boundary,5,K7LSB9,0,0,0,0,0,0,1,1,1,1,1,1,1,1,1,1,1,1
esmc6b_boundary,5,L0GCJ6,0,0,0,0,0,0,2,2,2,2,2,2,1,1,1,1,1,1
esmc6b_boundary,5,M1E1F0,0,0,0,0,2,2,2,2,2,2,0,0,2,2,2,2,0,0
esmc6b_boundary,5,M1E1F1,0,0,0,0,0,2,2,2,2,2,2,0,2,2,2,2,2,0
esmc6b_boundary,5,O00451,0,0,0,1,1,1,1,1,1,0,0,0,1,1,1,0,0,0
esmc6b_boundary,5,O04500,0,1,1,1,1,1,1,0,0,0,0,0,1,0,0,0,0,0
esmc6b_boundary,5,O08619,0,1,1,1,1,1,1,0,0,0,0,0,1,0,0,0,0,0
esmc6b_boundary,5,O08842,0,0,1,1,1,1,1,1,0,0,0,0,1,1,0,0,0,0
esmc6b_boundary,5,O09164,0,0,0,0,0,0,1,1,1,1,1,1,0,0,0,0,0,0
esmc6b_boundary,5,O09209,3,3,3,3,3,3,0,0,0,0,0,0,0,0,0,0,0,0
esmc6b_boundary,5,O13035,0,1,1,1,1,1,5,4,4,4,4,4,1,0,0,0,0,0
esmc6b_boundary,5,O13156,0,0,0,0,0,0,1,1,1,1,1,1,1,1,1,1,1,1
esmc6b_boundary,5,O13157,0,0,0,1,1,1,1,1,1,0,0,0,1,1,1,0,0,0
esmc6b_boundary,5,O13351,1,1,1,1,1,1,0,0,0,0,0,0,0,0,0,0,0,0
esmc6b_boundary,5,O14669,0,0,0,0,0,0,1,1,1,1,1,1,1,1,1,1,1,1
esmc6b_boundary,5,O18492,0,0,1,1,1,1,3,3,2,2,2,2,1,1,0,0,0,0
esmc6b_boundary,5,O18493,0,0,1,1,1,1,3,3,2,2,2,2,1,1,0,0,0,0
esmc6b_boundary,5,O18641,4,4,4,4,4,4,3,3,3,3,3,3,4,4,4,4,4,4
esmc6b_boundary,5,O18794,0,0,0,0,0,0,2,2,2,2,2,2,0,0,0,0,0,0
esmc6b_boundary,5,O18811,0,0,0,0,0,0,1,1,1,1,1,1,1,1,1,1,1,1
esmc6b_boundary,5,O18815,0,0,0,1,1,1,1,1,1,0,0,0,1,1,1,0,0,0
esmc6b_boundary,5,O18845,0,0,0,0,0,0,1,1,1,1,1,1,1,1,1,1,1,1
esmc6b_boundary,5,O23006,0,0,0,0,0,0,1,1,1,1,1,1,1,1,1,1,1,1
esmc6b_boundary,5,O31422,0,2,2,2,2,2,2,0,0,0,0,0,2,0,0,0,0,0
esmc6b_boundary,5,O32388,1,1,1,1,1,1,0,0,0,0,0,0,0,0,0,0,0,0
esmc6b_boundary,5,O35118,1,1,1,1,1,1,0,0,0,0,0,0,0,0,0,0,0,0
esmc6b_boundary,5,O44662,0,0,0,0,0,0,6,6,6,6,6,6,1,1,1,1,1,1
esmc6b_boundary,5,O44663,0,0,0,0,0,0,5,5,5,5,5,5,1,1,1,1,1,1
esmc6b_boundary,5,O44664,0,0,0,0,0,0,6,6,6,6,6,6,1,1,1,1,1,1
esmc6b_boundary,5,O44665,0,0,0,0,0,0,5,5,5,5,5,5,1,1,1,1,1,1
esmc6b_boundary,5,O45027,4,4,4,4,4,4,2,2,2,2,2,2,3,3,3,3,3,3
esmc6b_boundary,5,O46617,0,0,0,0,0,0,1,1,1,1,1,1,0,0,0,0,0,0
esmc6b_boundary,5,O60609,0,0,1,1,1,1,1,1,0,0,0,0,1,1,0,0,0,0
esmc6b_boundary,5,O61016,0,0,0,0,0,0,1,1,1,1,1,1,0,0,0,0,0,0
esmc6b_boundary,5,O61271,3,3,3,3,3,3,0,0,0,0,0,0,0,0,0,0,0,0
esmc6b_boundary,5,O62697,0,1,1,1,1,1,1,0,0,0,0,0,1,0,0,0,0,0
esmc6b_boundary,5,O62820,0,0,0,0,0,0,1,1,1,1,1,1,1,1,1,1,1,1
esmc6b_boundary,5,O70176,1,1,1,1,1,1,1,1,1,1,1,1,1,1,1,1,1,1
esmc6b_boundary,5,O75326,0,0,0,0,0,0,1,1,1,1,1,1,1,1,1,1,1,1
esmc6b_boundary,5,O76198,0,1,1,1,1,1,1,0,0,0,0,0,1,0,0,0,0,0
esmc6b_boundary,5,O76818,3,3,3,3,3,3,6,6,6,6,6,6,6,6,6,6,6,6
esmc6b_boundary,5,O81003,0,0,0,0,0,0,2,2,2,2,2,2,0,0,0,0,0,0
esmc6b_boundary,5,O81277,0,0,0,0,0,0,2,2,2,2,2,2,1,1,1,1,1,1
esmc6b_boundary,5,O82227,1,1,1,1,1,1,0,0,0,0,0,0,0,0,0,0,0,0
esmc6b_boundary,5,O89117,0,0,0,0,0,0,2,2,2,2,2,2,1,1,1,1,1,1
esmc6b_boundary,5,O93512,1,1,1,1,1,1,0,0,0,0,0,0,0,0,0,0,0,0
esmc6b_boundary,5,O94549,0,0,0,0,0,1,1,1,1,1,1,0,1,1,1,1,1,0
esmc6b_boundary,5,O95399,1,1,1,1,1,1,0,0,0,0,0,0,0,0,0,0,0,0
esmc6b_boundary,5,O97395,1,1,1,1,1,1,2,2,2,2,2,2,0,0,0,0,0,0
esmc6b_boundary,5,O97946,0,0,0,0,1,1,2,2,2,2,1,1,1,1,1,1,0,0
esmc6b_boundary,5,O97980,0,0,0,0,0,0,1,1,1,1,1,1,2,2,2,2,2,2
esmc6b_boundary,5,P00273,0,0,0,0,0,0,1,1,1,1,1,1,0,0,0,0,0,0
esmc6b_boundary,5,P00488,0,1,1,1,1,1,1,0,0,0,0,0,1,0,0,0,0,0
esmc6b_boundary,5,P01165,0,0,0,0,0,0,1,1,1,1,1,1,0,0,0,0,0,0
esmc6b_boundary,5,P01203,0,0,0,0,0,0,1,1,1,1,1,1,1,1,1,1,1,1
esmc6b_boundary,5,P01205,0,0,0,0,0,0,1,1,1,1,1,1,1,1,1,1,1,1
esmc6b_boundary,5,P01282,1,2,2,2,2,2,2,1,1,1,1,1,1,0,0,0,0,0
esmc6b_boundary,5,P01283,3,3,3,3,3,3,0,0,0,0,0,0,0,0,0,0,0,0
esmc6b_boundary,5,P01284,0,1,1,1,1,1,2,1,1,1,1,1,1,0,0,0,0,0
esmc6b_boundary,5,P01298,1,1,1,1,1,1,2,2,2,2,2,2,1,1,1,1,1,1
esmc6b_boundary,5,P01299,1,1,1,1,1,2,2,2,2,2,2,1,1,1,1,1,1,0
esmc6b_boundary,5,P01300,1,1,1,1,1,1,1,1,1,1,1,1,1,1,1,1,1,1
esmc6b_boundary,5,P01301,1,2,2,2,2,2,1,0,0,0,0,0,1,0,0,0,0,0
esmc6b_boundary,5,P01302,3,3,3,3,3,3,0,0,0,0,0,0,0,0,0,0,0,0
esmc6b_boundary,5,P01303,2,2,2,2,2,2,0,0,0,0,0,0,0,0,0,0,0,0
esmc6b_boundary,5,P01304,1,1,1,1,1,1,0,0,0,0,0,0,1,1,1,1,1,1
esmc6b_boundary,5,P01307,0,0,0,0,0,0,1,1,1,1,1,1,1,1,1,1,1,1
esmc6b_boundary,5,P01347,1,1,1,1,1,2,1,1,1,1,1,0,1,1,1,1,1,0
esmc6b_boundary,5,P01348,0,0,1,1,1,2,2,2,1,1,1,0,2,2,1,1,1,0
esmc6b_boundary,5,P01349,0,0,0,0,0,2,2,2,2,2,2,0,2,2,2,2,2,0
esmc6b_boundary,5,P01364,1,1,1,1,1,1,2,2,2,2,2,2,2,2,2,2,2,2
esmc6b_boundary,5,P02814,0,0,0,0,0,0,1,1,1,1,1,1,0,0,0,0,0,0
esmc6b_boundary,5,P02866,0,0,0,0,0,0,2,2,2,2,2,2,0,0,0,0,0,0
esmc6b_boundary,5,P02870,0,0,0,0,0,0,2,2,2,2,2,2,0,0,0,0,0,0
esmc6b_boundary,5,P02873,0,0,0,0,0,0,1,1,1,1,1,1,0,0,0,0,0,0
esmc6b_boundary,5,P02896,1,1,1,1,1,1,0,0,0,0,0,0,0,0,0,0,0,0
esmc6b_boundary,5,P04058,0,1,1,1,1,1,1,0,0,0,0,0,1,0,0,0,0,0
esmc6b_boundary,5,P04090,2,2,2,2,2,2,0,0,0,0,0,0,0,0,0,0,0,0
esmc6b_boundary,5,P04279,0,0,0,0,0,0,1,1,1,1,1,1,1,1,1,1,1,1
esmc6b_boundary,5,P04566,1,1,1,1,1,1,1,1,1,1,1,1,0,0,0,0,0,0
esmc6b_boundary,5,P04808,0,1,1,2,2,2,2,1,1,0,0,0,2,1,1,0,0,0
esmc6b_boundary,5,P05140,0,0,1,1,1,1,1,1,0,0,0,0,1,1,0,0,0,0
esmc6b_boundary,5,P05161,0,1,1,1,1,1,1,0,0,0,0,0,1,0,0,0,0,0
esmc6b_boundary,5,P05186,1,1,1,1,1,1,0,0,0,0,0,0,0,0,0,0,0,0
esmc6b_boundary,5,P05187,1,1,1,1,1,1,0,0,0,0,0,0,0,0,0,0,0,0
esmc6b_boundary,5,P05408,0,0,0,0,0,0,1,1,1,1,1,1,0,0,0,0,0,0
esmc6b_boundary,5,P05657,0,1,1,1,1,1,1,0,0,0,0,0,1,0,0,0,0,0
esmc6b_boundary,5,P05834,0,0,0,0,0,0,1,1,1,1,1,1,1,1,1,1,1,1
esmc6b_boundary,5,P06303,0,0,0,0,0,0,2,2,2,2,2,2,2,2,2,2,2,2
esmc6b_boundary,5,P06884,1,1,1,1,1,1,1,1,1,1,1,1,1,1,1,1,1,1
esmc6b_boundary,5,P07140,1,1,1,1,1,1,0,0,0,0,0,0,0,0,0,0,0,0
esmc6b_boundary,5,P07224,1,1,1,1,1,1,0,0,0,0,0,0,0,0,0,0,0,0
esmc6b_boundary,5,P07225,1,1,1,1,1,1,0,0,0,0,0,0,0,0,0,0,0,0
esmc6b_boundary,5,P07602,0,0,0,0,0,0,4,4,4,4,4,4,1,1,1,1,1,1
esmc6b_boundary,5,P07662,0,0,0,0,0,0,1,1,1,1,1,1,0,0,0,0,0,0
esmc6b_boundary,5,P07692,0,1,1,1,1,1,1,0,0,0,0,0,1,0,0,0,0,0
esmc6b_boundary,5,P07808,2,2,2,2,2,2,0,0,0,0,0,0,0,0,0,0,0,0
esmc6b_boundary,5,P07987,1,1,1,1,1,1,0,0,0,0,0,0,0,0,0,0,0,0
esmc6b_boundary,5,P08289,1,1,1,1,1,1,0,0,0,0,0,0,0,0,0,0,0,0
esmc6b_boundary,5,P08697,0,0,0,0,0,0,1,1,1,1,1,1,0,0,0,0,0,0
esmc6b_boundary,5,P08947,0,0,0,0,0,1,3,3,3,3,3,2,2,2,2,2,2,1
esmc6b_boundary,5,P08948,0,0,0,0,0,1,3,3,3,3,3,2,2,2,2,2,2,1
esmc6b_boundary,5,P08950,2,2,3,3,3,3,1,1,0,0,0,0,1,1,0,0,0,0
esmc6b_boundary,5,P09040,2,2,2,2,2,2,3,3,3,3,3,3,0,0,0,0,0,0
esmc6b_boundary,5,P09242,0,1,1,1,1,1,1,0,0,0,0,0,1,0,0,0,0,0
esmc6b_boundary,5,P09475,0,1,1,1,1,1,2,1,1,1,1,1,2,1,1,1,1,1
esmc6b_boundary,5,P09487,0,0,0,0,1,1,1,1,1,1,0,0,1,1,1,1,0,0
esmc6b_boundary,5,P09681,0,0,0,0,0,0,2,2,2,2,2,2,1,1,1,1,1,1
esmc6b_boundary,5,P09805,0,1,1,1,1,1,1,0,0,0,0,0,1,0,0,0,0,0
esmc6b_boundary,5,P09923,1,1,1,1,1,1,0,0,0,0,0,0,0,0,0,0,0,0
esmc6b_boundary,5,P09971,3,3,3,4,4,4,4,4,4,3,3,3,4,4,4,3,3,3
esmc6b_boundary,5,P0A312,1,1,1,1,1,1,0,0,0,0,0,0,0,0,0,0,0,0
esmc6b_boundary,5,P0A313,1,1,1,1,1,1,0,0,0,0,0,0,0,0,0,0,0,0
esmc6b_boundary,5,P0C1T5,0,0,1,1,1,1,1,1,0,0,0,0,1,1,0,0,0,0
esmc6b_boundary,5,P0C249,0,1,1,1,1,1,1,0,0,0,0,0,1,0,0,0,0,0
esmc6b_boundary,5,P0C2S8,0,1,1,1,1,1,1,0,0,0,0,0,1,0,0,0,0,0
esmc6b_boundary,5,P0C2X7,1,1,1,1,1,1,1,1,1,1,1,1,0,0,0,0,0,0
esmc6b_boundary,5,P0C5X7,1,1,1,1,1,1,1,1,1,1,1,1,0,0,0,0,0,0
esmc6b_boundary,5,P0C8S6,1,1,1,1,1,1,0,0,0,0,0,0,0,0,0,0,0,0
esmc6b_boundary,5,P0C957,1,1,1,1,1,1,0,0,0,0,0,0,1,1,1,1,1,1
esmc6b_boundary,5,P0C958,1,1,1,1,1,1,0,0,0,0,0,0,1,1,1,1,1,1
esmc6b_boundary,5,P0CG54,1,1,1,1,1,1,0,0,0,0,0,0,0,0,0,0,0,0
esmc6b_boundary,5,P0CH28,0,1,1,1,1,1,1,0,0,0,0,0,1,0,0,0,0,0
esmc6b_boundary,5,P0CH56,2,2,2,2,2,2,0,0,0,0,0,0,0,0,0,0,0,0
esmc6b_boundary,5,P0CH70,1,1,1,1,1,1,0,0,0,0,0,0,0,0,0,0,0,0
esmc6b_boundary,5,P0CI88,0,0,0,0,0,0,1,1,1,1,1,1,0,0,0,0,0,0
esmc6b_boundary,5,P0CS83,1,1,1,1,1,1,0,0,0,0,0,0,0,0,0,0,0,0
esmc6b_boundary,5,P0CS93,0,0,0,0,0,0,1,1,1,1,1,1,1,1,1,1,1,1
esmc6b_boundary,5,P0CW02,0,0,0,0,0,0,1,1,1,1,1,1,1,1,1,1,1,1
esmc6b_boundary,5,P0CW03,0,0,0,0,0,0,1,1,1,1,1,1,1,1,1,1,1,1
esmc6b_boundary,5,P0CY26,1,1,1,1,1,1,0,0,0,0,0,0,0,0,0,0,0,0
esmc6b_boundary,5,P0CY27,1,1,1,1,1,1,0,0,0,0,0,0,0,0,0,0,0,0
esmc6b_boundary,5,P0CY28,1,1,1,1,1,1,0,0,0,0,0,0,0,0,0,0,0,0
esmc6b_boundary,5,P0CY29,1,1,1,1,1,1,0,0,0,0,0,0,0,0,0,0,0,0
esmc6b_boundary,5,P0DE28,1,1,1,1,1,1,0,0,0,0,0,0,0,0,0,0,0,0
esmc6b_boundary,5,P0DE29,1,1,1,1,1,1,0,0,0,0,0,0,0,0,0,0,0,0
esmc6b_boundary,5,P0DJ06,1,1,1,1,1,1,0,0,0,0,0,0,0,0,0,0,0,0
esmc6b_boundary,5,P0DJ95,0,0,0,0,0,0,1,1,1,1,1,1,0,0,0,0,0,0
esmc6b_boundary,5,P0DJI8,0,0,0,0,0,0,1,1,1,1,1,1,0,0,0,0,0,0
esmc6b_boundary,5,P0DKL3,0,0,0,0,0,1,1,1,1,1,1,0,1,1,1,1,1,0
esmc6b_boundary,5,P0DKM3,0,0,0,0,0,0,1,1,1,1,1,1,0,0,0,0,0,0
esmc6b_boundary,5,P0DKN1,0,0,0,0,0,0,1,1,1,1,1,1,0,0,0,0,0,0
esmc6b_boundary,5,P0DL57,0,1,1,1,1,1,1,0,0,0,0,0,1,0,0,0,0,0
esmc6b_boundary,5,P0DL58,0,1,1,1,1,1,2,1,1,1,1,1,1,0,0,0,0,0
esmc6b_boundary,5,P0DM55,0,0,0,0,0,0,1,1,1,1,1,1,0,0,0,0,0,0
esmc6b_boundary,5,P0DM67,1,1,1,1,1,1,0,0,0,0,0,0,0,0,0,0,0,0
esmc6b_boundary,5,P0DM68,2,2,2,2,2,2,0,0,0,0,0,0,0,0,0,0,0,0
esmc6b_boundary,5,P0DMD7,1,1,1,1,1,1,1,1,1,1,1,1,0,0,0,0,0,0
esmc6b_boundary,5,P0DMG0,1,1,1,1,1,1,1,1,1,1,1,1,2,2,2,2,2,2
esmc6b_boundary,5,P0DN01,0,1,1,1,1,1,1,0,0,0,0,0,2,1,1,1,1,1
esmc6b_boundary,5,P0DN03,0,0,0,1,1,1,1,1,1,0,0,0,2,2,2,1,1,1
esmc6b_boundary,5,P0DN04,1,1,1,1,1,1,0,0,0,0,0,0,1,1,1,1,1,1
esmc6b_boundary,5,P0DN98,1,1,1,1,1,1,0,0,0,0,0,0,0,0,0,0,0,0
esmc6b_boundary,5,P0DP14,0,1,1,1,1,1,1,0,0,0,0,0,1,0,0,0,0,0
esmc6b_boundary,5,P0DP55,1,1,1,1,1,1,1,1,1,1,1,1,0,0,0,0,0,0
esmc6b_boundary,5,P0DPU4,0,0,0,0,0,0,1,1,1,1,1,1,0,0,0,0,0,0
esmc6b_boundary,5,P0DQA3,0,0,1,1,1,1,1,1,0,0,0,0,1,1,0,0,0,0
esmc6b_boundary,5,P0DQA4,0,0,1,1,1,1,1,1,0,0,0,0,1,1,0,0,0,0
esmc6b_boundary,5,P0DQA5,1,1,1,1,1,1,0,0,0,0,0,0,0,0,0,0,0,0
esmc6b_boundary,5,P0DRB9,0,0,1,1,1,1,1,1,0,0,0,0,2,2,1,1,1,1
esmc6b_boundary,5,P0DRC4,0,0,0,0,0,0,1,1,1,1,1,1,0,0,0,0,0,0
esmc6b_boundary,5,P0DRI2,0,0,0,0,0,0,2,2,2,2,2,2,2,2,2,2,2,2
esmc6b_boundary,5,P0DRJ4,8,8,14,14,14,14,6,6,0,0,0,0,6,6,0,0,0,0
esmc6b_boundary,5,P0DTJ9,0,0,0,0,0,0,2,2,2,2,2,2,0,0,0,0,0,0
esmc6b_boundary,5,P0DUT2,3,3,4,4,4,6,3,3,2,2,2,0,3,3,2,2,2,0
esmc6b_boundary,5,P0DUT6,1,3,3,3,3,3,4,2,2,2,2,2,2,0,0,0,0,0
esmc6b_boundary,5,P0DY21,0,0,1,1,1,1,1,1,0,0,0,0,2,2,1,1,1,1
esmc6b_boundary,5,P10082,1,1,1,1,1,1,1,1,1,1,1,1,1,1,1,1,1,1
esmc6b_boundary,5,P10419,0,2,2,2,2,2,3,1,1,1,1,1,24,22,22,22,22,22
esmc6b_boundary,5,P10552,13,13,14,15,15,15,3,3,2,1,1,1,4,4,3,2,2,2
esmc6b_boundary,5,P10601,2,2,2,2,2,2,0,0,0,0,0,0,0,0,0,0,0,0
esmc6b_boundary,5,P10631,1,1,1,1,1,1,1,1,1,1,1,1,1,1,1,1,1,1
esmc6b_boundary,5,P10674,0,0,1,1,1,1,1,1,0,0,0,0,1,1,0,0,0,0
esmc6b_boundary,5,P10675,0,0,0,1,1,1,1,1,1,0,0,0,1,1,1,0,0,0
esmc6b_boundary,5,P10696,1,1,1,1,1,1,0,0,0,0,0,0,0,0,0,0,0,0
esmc6b_boundary,5,P10960,0,0,0,0,0,0,3,3,3,3,3,3,0,0,0,0,0,0
esmc6b_boundary,5,P11159,4,4,4,4,4,4,3,3,3,3,3,3,4,4,4,4,4,4
esmc6b_boundary,5,P11184,0,0,0,0,0,1,2,2,2,2,2,1,1,1,1,1,1,0
esmc6b_boundary,5,P11185,0,0,0,1,1,1,2,2,2,1,1,1,1,1,1,0,0,0
esmc6b_boundary,5,P11952,0,0,0,0,0,0,2,2,2,2,2,2,1,1,1,1,1,1
esmc6b_boundary,5,P11953,0,0,0,0,0,0,2,2,2,2,2,2,1,1,1,1,1,1
esmc6b_boundary,5,P12661,0,0,0,0,0,0,1,1,1,1,1,1,0,0,0,0,0,0
esmc6b_boundary,5,P12872,0,0,0,0,0,0,1,1,1,1,1,1,1,1,1,1,1,1
esmc6b_boundary,5,P12961,1,1,1,1,1,1,0,0,0,0,0,0,0,0,0,0,0,0
esmc6b_boundary,5,P13083,1,1,1,1,1,1,0,0,0,0,0,0,1,1,1,1,1,1
esmc6b_boundary,5,P13589,1,1,1,1,1,1,1,1,1,1,1,1,0,0,0,0,0,0
esmc6b_boundary,5,P14138,0,0,0,1,1,1,1,1,1,0,0,0,1,1,1,0,0,0
esmc6b_boundary,5,P14608,0,0,0,0,0,0,1,1,1,1,1,1,0,0,0,0,0,0
esmc6b_boundary,5,P14765,2,2,2,2,2,2,0,0,0,0,0,0,0,0,0,0,0,0
esmc6b_boundary,5,P14894,0,0,0,0,0,0,2,2,2,2,2,2,0,0,0,0,0,0
esmc6b_boundary,5,P14904,0,0,0,0,0,0,1,1,1,1,1,1,0,0,0,0,0,0
esmc6b_boundary,5,P15369,0,0,1,1,1,1,1,1,0,0,0,0,1,1,0,0,0,0
esmc6b_boundary,5,P15411,2,2,2,2,2,2,1,1,1,1,1,1,0,0,0,0,0,0
esmc6b_boundary,5,P15513,17,17,17,18,18,18,2,2,2,1,1,1,2,2,2,1,1,1
esmc6b_boundary,5,P15693,1,1,1,1,1,1,0,0,0,0,0,0,0,0,0,0,0,0
esmc6b_boundary,5,P15797,0,0,0,0,0,0,1,1,1,1,1,1,0,0,0,0,0,0
esmc6b_boundary,5,P16404,0,1,1,1,1,1,1,0,0,0,0,0,1,0,0,0,0,0
esmc6b_boundary,5,P16613,1,1,1,1,1,1,1,1,1,1,1,1,0,0,0,0,0,0
esmc6b_boundary,5,P17118,0,0,0,0,0,0,1,1,1,1,1,1,0,0,0,0,0,0
esmc6b_boundary,5,P17681,1,1,1,1,1,1,2,2,2,2,2,2,0,0,0,0,0,0
esmc6b_boundary,5,P18509,0,0,0,0,1,1,2,2,2,2,1,1,1,1,1,1,0,0
esmc6b_boundary,5,P18844,1,1,1,1,1,1,0,0,0,0,0,0,0,0,0,0,0,0
esmc6b_boundary,5,P19111,1,1,1,1,1,1,0,0,0,0,0,0,0,0,0,0,0,0
esmc6b_boundary,5,P19260,0,0,0,0,0,0,1,1,1,1,1,1,0,0,0,0,0,0
esmc6b_boundary,5,P19425,0,0,0,0,0,0,1,1,1,1,1,1,0,0,0,0,0,0
esmc6b_boundary,5,P19599,0,0,0,0,0,0,1,1,1,1,1,1,0,0,0,0,0,0
esmc6b_boundary,5,P19660,0,0,0,0,0,0,1,1,1,1,1,1,0,0,0,0,0,0
esmc6b_boundary,5,P19707,0,0,0,0,0,0,1,1,1,1,1,1,0,0,0,0,0,0
esmc6b_boundary,5,P19708,0,0,0,0,0,0,1,1,1,1,1,1,0,0,0,0,0,0
esmc6b_boundary,5,P19884,1,2,2,2,2,2,1,0,0,0,0,0,1,0,0,0,0,0
esmc6b_boundary,5,P19971,0,0,0,0,0,0,1,1,1,1,1,1,0,0,0,0,0,0
esmc6b_boundary,5,P19998,0,0,0,0,0,1,1,1,1,1,1,0,2,2,2,2,2,1
esmc6b_boundary,5,P20481,25,29,30,30,30,30,8,4,3,3,3,3,7,3,2,2,2,2
esmc6b_boundary,5,P20948,0,1,1,1,1,1,1,0,0,0,0,0,1,0,0,0,0,0
esmc6b_boundary,5,P21591,0,0,0,0,0,0,2,2,2,2,2,2,1,1,1,1,1,1
esmc6b_boundary,5,P22226,0,0,0,0,0,0,1,1,1,1,1,1,0,0,0,0,0,0
esmc6b_boundary,5,P22287,0,1,1,1,1,1,2,1,1,1,1,1,1,0,0,0,0,0
esmc6b_boundary,5,P22304,0,0,0,0,0,0,1,1,1,1,1,1,0,0,0,0,0,0
esmc6b_boundary,5,P22969,0,1,2,2,2,2,2,1,0,0,0,0,2,1,0,0,0,0
esmc6b_boundary,5,P23431,0,0,0,0,0,0,1,1,1,1,1,1,0,0,0,0,0,0
esmc6b_boundary,5,P23535,0,0,0,0,0,0,1,1,1,1,1,1,0,0,0,0,0,0
esmc6b_boundary,5,P23546,0,0,0,0,0,0,1,1,1,1,1,1,0,0,0,0,0,0
esmc6b_boundary,5,P24665,1,1,1,1,1,1,1,1,1,1,1,1,0,0,0,0,0,0
esmc6b_boundary,5,P24822,1,1,1,1,1,1,0,0,0,0,0,0,0,0,0,0,0,0
esmc6b_boundary,5,P24823,0,1,1,1,1,1,1,0,0,0,0,0,1,0,0,0,0,0
esmc6b_boundary,5,P26329,1,1,1,1,1,1,0,0,0,0,0,0,0,0,0,0,0,0
esmc6b_boundary,5,P26334,1,1,1,1,1,1,0,0,0,0,0,0,0,0,0,0,0,0
esmc6b_boundary,5,P26335,0,0,0,0,0,0,1,1,1,1,1,1,1,1,1,1,1,1
esmc6b_boundary,5,P26727,3,3,3,3,3,3,0,0,0,0,0,0,0,0,0,0,0,0
esmc6b_boundary,5,P26731,2,2,2,2,2,2,1,1,1,1,1,1,0,0,0,0,0,0
esmc6b_boundary,5,P26733,1,1,2,2,2,2,2,2,1,1,1,1,2,2,1,1,1,1
esmc6b_boundary,5,P26734,1,1,2,2,2,2,2,2,1,1,1,1,2,2,1,1,1,1
esmc6b_boundary,5,P26735,1,2,2,3,3,3,2,1,1,0,0,0,2,1,1,0,0,0
esmc6b_boundary,5,P26736,2,3,3,3,3,3,1,0,0,0,0,0,1,0,0,0,0,0
esmc6b_boundary,5,P26737,1,1,2,2,2,2,2,2,1,1,1,1,2,2,1,1,1,1
esmc6b_boundary,5,P26738,1,1,2,2,2,2,2,2,1,1,1,1,2,2,1,1,1,1
esmc6b_boundary,5,P26739,0,0,1,1,1,1,3,3,2,2,2,2,2,2,1,1,1,1
esmc6b_boundary,5,P26740,1,1,2,2,2,2,2,2,1,1,1,1,2,2,1,1,1,1
esmc6b_boundary,5,P26741,1,1,2,2,2,2,2,2,1,1,1,1,2,2,1,1,1,1
esmc6b_boundary,5,P26742,2,2,3,3,3,3,1,1,0,0,0,0,1,1,0,0,0,0
esmc6b_boundary,5,P26743,0,0,1,1,1,1,3,3,2,2,2,2,2,2,1,1,1,1
esmc6b_boundary,5,P26779,1,1,1,1,1,1,3,3,3,3,3,3,1,1,1,1,1,1
esmc6b_boundary,5,P27114,0,0,1,1,1,1,1,1,0,0,0,0,1,1,0,0,0,0
esmc6b_boundary,5,P27666,0,0,0,0,0,0,1,1,1,1,1,1,0,0,0,0,0,0
esmc6b_boundary,5,P27682,0,0,0,0,0,0,1,1,1,1,1,1,0,0,0,0,0,0
esmc6b_boundary,5,P28672,1,1,1,1,1,1,1,1,1,1,1,1,0,0,0,0,0,0
esmc6b_boundary,5,P28673,2,2,2,2,2,2,0,0,0,0,0,0,0,0,0,0,0,0
esmc6b_boundary,5,P28674,2,2,2,2,2,2,0,0,0,0,0,0,0,0,0,0,0,0
esmc6b_boundary,5,P28800,0,0,0,0,0,0,1,1,1,1,1,1,0,0,0,0,0,0
esmc6b_boundary,5,P28825,1,1,1,1,1,1,0,0,0,0,0,0,0,0,0,0,0,0
esmc6b_boundary,5,P28826,0,0,1,1,1,1,1,1,0,0,0,0,1,1,0,0,0,0
esmc6b_boundary,5,P29425,0,1,1,1,1,1,1,0,0,0,0,0,1,0,0,0,0,0
esmc6b_boundary,5,P29519,2,2,3,3,3,3,1,1,0,0,0,0,1,1,0,0,0,0
esmc6b_boundary,5,P29523,1,1,1,1,1,1,0,0,0,0,0,0,1,1,1,1,1,1
esmc6b_boundary,5,P32089,0,0,0,0,1,1,1,1,1,1,0,0,1,1,1,1,0,0
esmc6b_boundary,5,P32194,0,1,1,1,1,1,1,0,0,0,0,0,1,0,0,0,0,0
esmc6b_boundary,5,P32195,0,0,0,0,0,1,1,1,1,1,1,0,1,1,1,1,1,0
esmc6b_boundary,5,P32196,0,1,1,1,1,1,1,0,0,0,0,0,1,0,0,0,0,0
esmc6b_boundary,5,P32329,1,1,1,1,1,1,1,1,1,1,1,1,0,0,0,0,0,0
esmc6b_boundary,5,P32623,1,1,1,1,1,1,0,0,0,0,0,0,0,0,0,0,0,0
esmc6b_boundary,5,P32648,1,2,2,2,2,2,2,1,1,1,1,1,1,0,0,0,0,0
esmc6b_boundary,5,P32649,1,1,1,1,1,1,1,1,1,1,1,1,0,0,0,0,0,0
esmc6b_boundary,5,P32950,0,0,1,1,1,1,1,1,0,0,0,0,1,1,0,0,0,0
esmc6b_boundary,5,P32951,0,0,1,1,1,1,1,1,0,0,0,0,1,1,0,0,0,0
esmc6b_boundary,5,P33046,0,0,0,0,0,0,1,1,1,1,1,1,1,1,1,1,1,1
esmc6b_boundary,5,P33689,2,2,2,2,2,2,0,0,0,0,0,0,0,0,0,0,0,0
esmc6b_boundary,5,P33715,1,1,1,1,1,1,0,0,0,0,0,0,0,0,0,0,0,0
esmc6b_boundary,5,P33718,1,1,2,2,2,2,2,2,1,1,1,1,1,1,0,0,0,0
esmc6b_boundary,5,P33719,3,3,3,3,3,3,0,0,0,0,0,0,0,0,0,0,0,0
esmc6b_boundary,5,P33720,2,2,2,2,2,2,1,1,1,1,1,1,1,1,1,1,1,1
esmc6b_boundary,5,P33721,3,3,3,3,3,3,0,0,0,0,0,0,0,0,0,0,0,0
esmc6b_boundary,5,P33722,3,3,3,3,3,3,0,0,0,0,0,0,0,0,0,0,0,0
esmc6b_boundary,5,P34026,1,1,1,1,1,1,0,0,0,0,0,0,0,0,0,0,0,0
esmc6b_boundary,5,P34806,0,0,0,0,0,0,1,1,1,1,1,1,0,0,0,0,0,0
esmc6b_boundary,5,P34962,0,0,0,0,0,0,1,1,1,1,1,1,1,1,1,1,1,1
esmc6b_boundary,5,P34963,0,0,0,0,0,0,1,1,1,1,1,1,1,1,1,1,1,1
esmc6b_boundary,5,P34964,0,0,0,0,0,0,1,1,1,1,1,1,1,1,1,1,1,1
esmc6b_boundary,5,P35460,0,0,0,0,0,0,1,1,1,1,1,1,1,1,1,1,1,1
esmc6b_boundary,5,P35461,1,1,1,1,1,1,0,0,0,0,0,0,0,0,0,0,0,0
esmc6b_boundary,5,P35518,1,1,1,1,1,1,0,0,0,0,0,0,0,0,0,0,0,0
esmc6b_boundary,5,P36193,0,0,1,1,1,1,2,2,1,1,1,1,1,1,0,0,0,0
esmc6b_boundary,5,P36560,0,0,0,0,0,0,1,1,1,1,1,1,2,2,2,2,2,2
esmc6b_boundary,5,P39105,1,1,1,1,1,1,0,0,0,0,0,0,0,0,0,0,0,0
esmc6b_boundary,5,P40765,0,0,0,0,0,0,1,1,1,1,1,1,0,0,0,0,0,0
esmc6b_boundary,5,P41365,0,1,1,1,1,1,1,0,0,0,0,0,1,0,0,0,0,0
esmc6b_boundary,5,P41534,0,1,1,1,1,1,2,1,1,1,1,1,3,2,2,2,2,2
esmc6b_boundary,5,P41535,0,1,1,1,1,1,2,1,1,1,1,1,2,1,1,1,1,1
esmc6b_boundary,5,P41585,1,1,1,1,1,1,1,1,1,1,1,1,2,2,2,2,2,2
esmc6b_boundary,5,P41876,8,9,9,9,9,9,4,3,3,3,3,3,2,1,1,1,1,1
esmc6b_boundary,5,P41964,0,0,0,0,0,0,1,1,1,1,1,1,0,0,0,0,0,0
esmc6b_boundary,5,P42723,0,0,0,0,0,0,2,2,2,2,2,2,1,1,1,1,1,1
esmc6b_boundary,5,P42785,0,0,0,0,0,0,1,1,1,1,1,1,0,0,0,0,0,0
esmc6b_boundary,5,P43030,0,0,0,0,0,0,1,1,1,1,1,1,1,1,1,1,1,1
esmc6b_boundary,5,P43443,0,0,0,0,0,0,2,2,2,2,2,2,1,1,1,1,1,1
esmc6b_boundary,5,P45644,1,3,3,3,3,3,3,1,1,1,1,1,4,2,2,2,2,2
esmc6b_boundary,5,P46157,0,1,1,1,1,1,2,1,1,1,1,1,1,0,0,0,0,0
esmc6b_boundary,5,P46158,0,0,0,0,0,0,2,2,2,2,2,2,1,1,1,1,1,1
esmc6b_boundary,5,P46161,0,0,1,1,1,1,1,1,0,0,0,0,1,1,0,0,0,0
esmc6b_boundary,5,P46167,0,0,1,1,1,1,1,1,0,0,0,0,1,1,0,0,0,0
esmc6b_boundary,5,P46591,0,1,1,1,1,1,1,0,0,0,0,0,1,0,0,0,0,0
esmc6b_boundary,5,P47476,1,1,1,1,1,1,0,0,0,0,0,0,1,1,1,1,1,1
esmc6b_boundary,5,P47932,1,1,1,1,1,2,1,1,1,1,1,0,1,1,1,1,1,0
esmc6b_boundary,5,P48097,2,2,2,2,2,2,0,0,0,0,0,0,0,0,0,0,0,0
esmc6b_boundary,5,P48098,1,1,2,2,2,2,1,1,0,0,0,0,1,1,0,0,0,0
esmc6b_boundary,5,P48143,1,3,3,3,3,3,3,1,1,1,1,1,4,2,2,2,2,2
esmc6b_boundary,5,P48144,1,1,1,1,1,1,2,2,2,2,2,2,1,1,1,1,1,1
esmc6b_boundary,5,P48299,0,0,0,1,1,1,1,1,1,0,0,0,1,1,1,0,0,0
esmc6b_boundary,5,P48503,0,0,0,0,0,0,1,1,1,1,1,1,0,0,0,0,0,0
esmc6b_boundary,5,P48756,0,0,0,0,0,0,2,2,2,2,2,2,1,1,1,1,1,1
esmc6b_boundary,5,P49126,0,0,0,0,0,0,1,1,1,1,1,1,1,1,1,1,1,1
esmc6b_boundary,5,P49913,0,0,0,0,0,0,1,1,1,1,1,1,0,0,0,0,0,0
esmc6b_boundary,5,P49928,0,1,1,1,1,1,1,0,0,0,0,0,1,0,0,0,0,0
esmc6b_boundary,5,P49929,0,1,1,1,1,1,1,0,0,0,0,0,1,0,0,0,0,0
esmc6b_boundary,5,P49930,0,0,0,0,0,0,1,1,1,1,1,1,0,0,0,0,0,0
esmc6b_boundary,5,P49931,0,1,1,1,1,1,1,0,0,0,0,0,1,0,0,0,0,0
esmc6b_boundary,5,P49932,1,1,1,1,1,1,0,0,0,0,0,0,0,0,0,0,0,0
esmc6b_boundary,5,P49933,0,0,0,0,1,1,1,1,1,1,0,0,1,1,1,1,0,0
esmc6b_boundary,5,P49934,0,1,1,1,1,1,1,0,0,0,0,0,1,0,0,0,0,0
esmc6b_boundary,5,P50496,0,0,0,0,0,0,1,1,1,1,1,1,0,0,0,0,0,0
esmc6b_boundary,5,P50497,0,0,0,0,0,0,1,1,1,1,1,1,0,0,0,0,0,0
esmc6b_boundary,5,P50498,0,0,0,0,0,0,1,1,1,1,1,1,0,0,0,0,0,0
esmc6b_boundary,5,P50499,0,0,0,0,0,0,1,1,1,1,1,1,0,0,0,0,0,0
esmc6b_boundary,5,P51437,0,0,0,0,0,1,1,1,1,1,1,0,1,1,1,1,1,0
esmc6b_boundary,5,P51453,1,1,1,1,1,1,0,0,0,0,0,0,1,1,1,1,1,1
esmc6b_boundary,5,P51454,1,1,2,2,2,2,1,1,0,0,0,0,1,1,0,0,0,0
esmc6b_boundary,5,P51455,1,1,2,2,2,2,1,1,0,0,0,0,1,1,0,0,0,0
esmc6b_boundary,5,P51456,2,2,2,2,2,2,0,0,0,0,0,0,0,0,0,0,0,0
esmc6b_boundary,5,P51524,0,0,0,0,0,0,1,1,1,1,1,1,1,1,1,1,1,1
esmc6b_boundary,5,P51654,1,1,1,1,1,1,0,0,0,0,0,0,0,0,0,0,0,0
esmc6b_boundary,5,P51694,2,2,2,2,2,2,0,0,0,0,0,0,0,0,0,0,0,0
esmc6b_boundary,5,P51740,1,1,1,1,1,1,0,0,0,0,0,0,0,0,0,0,0,0
esmc6b_boundary,5,P52400,0,0,0,0,0,0,1,1,1,1,1,1,0,0,0,0,0,0
esmc6b_boundary,5,P52401,1,1,1,1,1,1,0,0,0,0,0,0,0,0,0,0,0,0
esmc6b_boundary,5,P52402,0,0,0,0,0,0,1,1,1,1,1,1,0,0,0,0,0,0
esmc6b_boundary,5,P52407,0,0,0,0,0,0,1,1,1,1,1,1,1,1,1,1,1,1
esmc6b_boundary,5,P52700,0,0,1,1,1,1,1,1,0,0,0,0,1,1,0,0,0,0
esmc6b_boundary,5,P52718,0,0,0,0,0,0,1,1,1,1,1,1,0,0,0,0,0,0
esmc6b_boundary,5,P52719,0,0,0,0,0,0,1,1,1,1,1,1,1,1,1,1,1,1
esmc6b_boundary,5,P53007,0,0,0,0,1,1,1,1,1,1,0,0,1,1,1,1,0,0
esmc6b_boundary,5,P53140,0,0,0,0,0,0,1,1,1,1,1,1,1,1,1,1,1,1
esmc6b_boundary,5,P53379,1,1,1,1,1,1,1,1,1,1,1,1,0,0,0,0,0,0
esmc6b_boundary,5,P53621,0,0,0,0,0,0,1,1,1,1,1,1,0,0,0,0,0,0
esmc6b_boundary,5,P53813,1,1,1,1,1,1,0,0,0,0,0,0,0,0,0,0,0,0
esmc6b_boundary,5,P54228,1,1,1,1,1,1,0,0,0,0,0,0,0,0,0,0,0,0
esmc6b_boundary,5,P54229,0,1,1,1,1,1,1,0,0,0,0,0,1,0,0,0,0,0
esmc6b_boundary,5,P54230,0,0,0,0,0,0,1,1,1,1,1,1,0,0,0,0,0,0
esmc6b_boundary,5,P54422,0,0,0,0,0,0,1,1,1,1,1,1,0,0,0,0,0,0
esmc6b_boundary,5,P55854,0,1,1,1,1,1,1,0,0,0,0,0,1,0,0,0,0,0
esmc6b_boundary,5,P56159,0,0,0,0,0,0,1,1,1,1,1,1,1,1,1,1,1,1
esmc6b_boundary,5,P56161,0,0,0,0,0,0,1,1,1,1,1,1,0,0,0,0,0,0
esmc6b_boundary,5,P56386,0,0,0,0,0,0,2,2,2,2,2,2,1,1,1,1,1,1
esmc6b_boundary,5,P56425,0,1,1,1,1,1,1,0,0,0,0,0,1,0,0,0,0,0
esmc6b_boundary,5,P56568,0,0,0,0,0,0,1,1,1,1,1,1,0,0,0,0,0,0
esmc6b_boundary,5,P57774,2,2,2,2,2,2,0,0,0,0,0,0,0,0,0,0,0,0
esmc6b_boundary,5,P58906,0,0,0,0,0,0,1,1,1,1,1,1,0,0,0,0,0,0
esmc6b_boundary,5,P59082,0,0,0,0,0,0,1,1,1,1,1,1,1,1,1,1,1,1
esmc6b_boundary,5,P59097,0,0,0,0,0,0,1,1,1,1,1,1,0,0,0,0,0,0
esmc6b_boundary,5,P60022,0,0,0,0,0,0,2,2,2,2,2,2,0,0,0,0,0,0
esmc6b_boundary,5,P60023,0,0,0,0,0,0,2,2,2,2,2,2,0,0,0,0,0,0
esmc6b_boundary,5,P60590,0,0,0,1,1,1,2,2,2,1,1,1,1,1,1,0,0,0
esmc6b_boundary,5,P60980,2,2,2,2,2,2,0,0,0,0,0,0,0,0,0,0,0,0
esmc6b_boundary,5,P61103,1,1,1,1,1,1,0,0,0,0,0,0,1,1,1,1,1,1
esmc6b_boundary,5,P61104,0,1,1,1,1,1,1,0,0,0,0,0,2,1,1,1,1,1
esmc6b_boundary,5,P61261,0,0,0,0,0,0,2,2,2,2,2,2,0,0,0,0,0,0
esmc6b_boundary,5,P61262,0,0,0,0,0,0,2,2,2,2,2,2,0,0,0,0,0,0
esmc6b_boundary,5,P61263,0,0,0,0,0,0,2,2,2,2,2,2,0,0,0,0,0,0
esmc6b_boundary,5,P61409,1,1,1,1,1,1,1,1,1,1,1,1,0,0,0,0,0,0
esmc6b_boundary,5,P61849,1,1,1,1,1,1,0,0,0,0,0,0,0,0,0,0,0,0
esmc6b_boundary,5,P62530,0,0,0,0,0,0,1,1,1,1,1,1,0,0,0,0,0,0
esmc6b_boundary,5,P62531,0,0,0,0,0,0,1,1,1,1,1,1,0,0,0,0,0,0
esmc6b_boundary,5,P63186,0,0,0,0,0,0,1,1,1,1,1,1,0,0,0,0,0,0
esmc6b_boundary,5,P66125,1,1,1,1,1,1,0,0,0,0,0,0,0,0,0,0,0,0
esmc6b_boundary,5,P66126,1,1,1,1,1,1,0,0,0,0,0,0,0,0,0,0,0,0
esmc6b_boundary,5,P66133,0,1,1,1,1,1,1,0,0,0,0,0,1,0,0,0,0,0
esmc6b_boundary,5,P66134,0,1,1,1,1,1,1,0,0,0,0,0,1,0,0,0,0,0
esmc6b_boundary,5,P66135,1,1,1,1,1,1,0,0,0,0,0,0,0,0,0,0,0,0
esmc6b_boundary,5,P66136,1,1,1,1,1,1,0,0,0,0,0,0,0,0,0,0,0,0
esmc6b_boundary,5,P66137,1,1,1,1,1,1,0,0,0,0,0,0,0,0,0,0,0,0
esmc6b_boundary,5,P66139,1,1,1,1,1,1,0,0,0,0,0,0,0,0,0,0,0,0
esmc6b_boundary,5,P68004,0,0,1,1,1,1,1,1,0,0,0,0,1,1,0,0,0,0
esmc6b_boundary,5,P68005,0,0,1,1,1,1,1,1,0,0,0,0,1,1,0,0,0,0
esmc6b_boundary,5,P68248,1,1,1,1,1,1,0,0,0,0,0,0,1,1,1,1,1,1
esmc6b_boundary,5,P68426,1,1,1,1,1,1,0,0,0,0,0,0,1,1,1,1,1,1
esmc6b_boundary,5,P68827,0,0,1,1,1,1,1,1,0,0,0,0,1,1,0,0,0,0
esmc6b_boundary,5,P75458,1,1,1,1,1,1,0,0,0,0,0,0,1,1,1,1,1,1
esmc6b_boundary,5,P79076,0,0,0,0,0,0,1,1,1,1,1,1,0,0,0,0,0,0
esmc6b_boundary,5,P79110,0,0,0,0,1,1,1,1,1,1,0,0,1,1,1,1,0,0
esmc6b_boundary,5,P79362,0,0,0,0,0,0,1,1,1,1,1,1,0,0,0,0,0,0
esmc6b_boundary,5,P79799,0,0,0,0,0,0,2,2,2,2,2,2,2,2,2,2,2,2
esmc6b_boundary,5,P80710,0,0,1,1,1,1,3,3,2,2,2,2,1,1,0,0,0,0
esmc6b_boundary,5,P80713,0,0,1,1,1,1,3,3,2,2,2,2,1,1,0,0,0,0
esmc6b_boundary,5,P80734,1,1,1,1,1,1,0,0,0,0,0,0,0,0,0,0,0,0
esmc6b_boundary,5,P80735,1,1,1,1,1,1,0,0,0,0,0,0,0,0,0,0,0,0
esmc6b_boundary,5,P80957,0,0,1,1,1,1,1,1,0,0,0,0,1,1,0,0,0,0
esmc6b_boundary,5,P81191,0,0,0,0,0,0,1,1,1,1,1,1,0,0,0,0,0,0
esmc6b_boundary,5,P81401,0,1,1,1,1,1,4,3,3,3,3,3,2,1,1,1,1,1
esmc6b_boundary,5,P81592,1,1,1,1,1,1,1,1,1,1,1,1,4,4,4,4,4,4
esmc6b_boundary,5,P82018,0,0,0,0,0,0,1,1,1,1,1,1,0,0,0,0,0,0
esmc6b_boundary,5,P83211,0,0,0,0,0,0,1,1,1,1,1,1,0,0,0,0,0,0
esmc6b_boundary,5,P83303,1,1,1,1,1,1,0,0,0,0,0,0,1,1,1,1,1,1
esmc6b_boundary,5,P83412,0,1,1,1,1,1,1,0,0,0,0,0,1,0,0,0,0,0
esmc6b_boundary,5,P83974,1,1,1,1,1,1,0,0,0,0,0,0,0,0,0,0,0,0
esmc6b_boundary,5,P84213,0,0,0,0,0,0,2,2,2,2,2,2,2,2,2,2,2,2
esmc6b_boundary,5,P84408,0,0,0,0,0,0,1,1,1,1,1,1,1,1,1,1,1,1
esmc6b_boundary,5,P84808,0,0,0,0,0,0,1,1,1,1,1,1,0,0,0,0,0,0
esmc6b_boundary,5,P85527,1,1,1,1,1,1,0,0,0,0,0,0,0,0,0,0,0,0
esmc6b_boundary,5,P86442,1,1,1,1,1,1,2,2,2,2,2,2,1,1,1,1,1,1
esmc6b_boundary,5,P86828,1,1,1,1,1,1,0,0,0,0,0,0,0,0,0,0,0,0
esmc6b_boundary,5,P91896,1,1,1,2,2,3,2,2,2,1,1,0,2,2,2,1,1,0
esmc6b_boundary,5,P93248,0,0,0,0,0,0,1,1,1,1,1,1,1,1,1,1,1,1
esmc6b_boundary,5,P93328,0,1,1,1,1,1,1,0,0,0,0,0,1,0,0,0,0,0
esmc6b_boundary,5,P97785,0,0,0,0,0,0,1,1,1,1,1,1,1,1,1,1,1,1
esmc6b_boundary,5,Q00663,1,1,1,1,1,1,0,0,0,0,0,0,0,0,0,0,0,0
esmc6b_boundary,5,Q00676,0,0,0,0,0,0,1,1,1,1,1,1,2,2,2,2,2,2
esmc6b_boundary,5,Q01133,0,1,1,1,1,1,4,3,3,3,3,3,19,18,18,18,18,18
esmc6b_boundary,5,Q01413,1,1,1,1,1,1,0,0,0,0,0,0,0,0,0,0,0,0
esmc6b_boundary,5,Q01416,0,1,1,1,1,1,1,0,0,0,0,0,1,0,0,0,0,0
esmc6b_boundary,5,Q01758,0,0,1,1,1,1,1,1,0,0,0,0,1,1,0,0,0,0
esmc6b_boundary,5,Q02ZA6,1,1,1,1,1,1,0,0,0,0,0,0,0,0,0,0,0,0
esmc6b_boundary,5,Q03467,0,0,0,0,0,0,1,1,1,1,1,1,1,1,1,1,1,1
esmc6b_boundary,5,Q03643,0,0,0,0,0,0,1,1,1,1,1,1,0,0,0,0,0,0
esmc6b_boundary,5,Q03644,0,0,0,0,0,0,1,1,1,1,1,1,0,0,0,0,0,0
esmc6b_boundary,5,Q03645,0,0,0,0,0,0,1,1,1,1,1,1,0,0,0,0,0,0
esmc6b_boundary,5,Q03646,0,0,0,0,0,0,1,1,1,1,1,1,0,0,0,0,0,0
esmc6b_boundary,5,Q03674,1,1,1,1,1,1,0,0,0,0,0,0,0,0,0,0,0,0
esmc6b_boundary,5,Q03994,0,0,0,0,0,0,1,1,1,1,1,1,0,0,0,0,0,0
esmc6b_boundary,5,Q03FZ9,1,1,1,1,1,1,0,0,0,0,0,0,0,0,0,0,0,0
esmc6b_boundary,5,Q03M32,1,1,1,1,1,1,0,0,0,0,0,0,0,0,0,0,0,0
esmc6b_boundary,5,Q04KI2,1,1,1,1,1,1,0,0,0,0,0,0,0,0,0,0,0,0
esmc6b_boundary,5,Q058G9,2,2,2,2,2,2,0,0,0,0,0,0,2,2,2,2,2,2
esmc6b_boundary,5,Q06145,0,0,0,0,0,0,2,2,2,2,2,2,1,1,1,1,1,1
esmc6b_boundary,5,Q07053,0,1,1,1,1,1,1,0,0,0,0,0,1,0,0,0,0,0
esmc6b_boundary,5,Q07988,1,1,1,1,1,1,0,0,0,0,0,0,0,0,0,0,0,0
esmc6b_boundary,5,Q08108,1,1,1,1,1,1,0,0,0,0,0,0,0,0,0,0,0,0
esmc6b_boundary,5,Q08761,1,1,1,1,1,1,0,0,0,0,0,0,0,0,0,0,0,0
esmc6b_boundary,5,Q08890,0,0,0,0,0,0,1,1,1,1,1,1,0,0,0,0,0,0
esmc6b_boundary,5,Q08906,0,0,0,0,0,0,1,1,1,1,1,1,1,1,1,1,1,1
esmc6b_boundary,5,Q08907,1,1,1,1,1,1,0,0,0,0,0,0,0,0,0,0,0,0
esmc6b_boundary,5,Q09169,0,1,1,1,1,1,2,1,1,1,1,1,3,2,2,2,2,2
esmc6b_boundary,5,Q09175,0,0,0,0,0,0,1,1,1,1,1,1,0,0,0,0,0,0
esmc6b_boundary,5,Q09982,0,0,1,1,1,1,4,4,3,3,3,3,2,2,1,1,1,1
esmc6b_boundary,5,Q09JK2,1,1,1,1,1,1,0,0,0,0,0,0,0,0,0,0,0,0
esmc6b_boundary,5,Q0AWJ2,1,1,1,1,1,1,0,0,0,0,0,0,0,0,0,0,0,0
esmc6b_boundary,5,Q0EAE5,1,1,2,2,2,2,1,1,0,0,0,0,1,1,0,0,0,0
esmc6b_boundary,5,Q0H293,0,0,0,0,1,1,1,1,1,1,0,0,1,1,1,1,0,0
esmc6b_boundary,5,Q0IUL4,0,0,0,0,0,0,2,2,2,2,2,2,1,1,1,1,1,1
esmc6b_boundary,5,Q0MWV8,2,2,2,2,2,2,0,0,0,0,0,0,0,0,0,0,0,0
esmc6b_boundary,5,Q0SR53,1,1,1,1,1,1,0,0,0,0,0,0,1,1,1,1,1,1
esmc6b_boundary,5,Q0THN1,0,0,0,0,0,0,1,1,1,1,1,1,2,2,2,2,2,2
esmc6b_boundary,5,Q0TNI4,1,1,1,1,1,1,0,0,0,0,0,0,1,1,1,1,1,1
esmc6b_boundary,5,Q10416,1,1,1,1,1,1,0,0,0,0,0,0,0,0,0,0,0,0
esmc6b_boundary,5,Q10JL1,1,1,1,1,1,1,0,0,0,0,0,0,0,0,0,0,0,0
esmc6b_boundary,5,Q12303,1,1,1,1,1,1,1,1,1,1,1,1,0,0,0,0,0,0
esmc6b_boundary,5,Q14641,1,1,1,1,1,1,1,1,1,1,1,1,1,1,1,1,1,1
esmc6b_boundary,5,Q14BU0,0,0,0,0,0,0,1,1,1,1,1,1,0,0,0,0,0,0
esmc6b_boundary,5,Q15726,0,0,1,1,1,1,1,1,0,0,0,0,2,2,1,1,1,1
esmc6b_boundary,5,Q16819,1,1,1,1,1,1,0,0,0,0,0,0,0,0,0,0,0,0
esmc6b_boundary,5,Q16820,1,1,1,1,1,1,0,0,0,0,0,0,0,0,0,0,0,0
esmc6b_boundary,5,Q16994,0,2,2,2,2,2,5,3,3,3,3,3,23,21,21,21,21,21
esmc6b_boundary,5,Q16RI5,1,1,1,1,1,1,0,0,0,0,0,0,0,0,0,0,0,0
esmc6b_boundary,5,Q17192,3,3,3,3,3,3,0,0,0,0,0,0,0,0,0,0,0,0
esmc6b_boundary,5,Q17194,2,2,2,2,2,2,1,1,1,1,1,1,1,1,1,1,1,1
esmc6b_boundary,5,Q17196,2,2,2,2,2,2,1,1,1,1,1,1,1,1,1,1,1,1
esmc6b_boundary,5,Q17QV3,1,1,1,1,1,1,0,0,0,0,0,0,0,0,0,0,0,0
esmc6b_boundary,5,Q18184,3,3,3,3,3,3,0,0,0,0,0,0,0,0,0,0,0,0
esmc6b_boundary,5,Q18234,1,1,1,1,1,1,0,0,0,0,0,0,1,1,1,1,1,1
esmc6b_boundary,5,Q18B22,1,1,1,1,1,1,0,0,0,0,0,0,1,1,1,1,1,1
esmc6b_boundary,5,Q1C5C7,0,0,0,0,0,0,1,1,1,1,1,1,1,1,1,1,1,1
esmc6b_boundary,5,Q1CKL2,0,0,0,0,0,0,1,1,1,1,1,1,1,1,1,1,1,1
esmc6b_boundary,5,Q1ELU4,5,9,10,10,10,10,5,1,0,0,0,0,5,1,0,0,0,0
esmc6b_boundary,5,Q1ELU5,5,9,12,12,12,12,7,3,0,0,0,0,7,3,0,0,0,0
esmc6b_boundary,5,Q1ELU7,1,1,1,1,1,1,2,2,2,2,2,2,3,3,3,3,3,3
esmc6b_boundary,5,Q1ELU8,1,1,1,1,1,1,2,2,2,2,2,2,3,3,3,3,3,3
esmc6b_boundary,5,Q1JPW9,0,0,1,1,1,1,1,1,0,0,0,0,1,1,0,0,0,0
esmc6b_boundary,5,Q1KLX1,0,0,0,0,0,0,1,1,1,1,1,1,0,0,0,0,0,0
esmc6b_boundary,5,Q1KLX2,0,0,0,0,0,0,1,1,1,1,1,1,0,0,0,0,0,0
esmc6b_boundary,5,Q1KLX3,0,1,1,1,1,1,1,0,0,0,0,0,1,0,0,0,0,0
esmc6b_boundary,5,Q1KLX4,0,1,1,1,1,1,1,0,0,0,0,0,1,0,0,0,0,0
esmc6b_boundary,5,Q1KLX5,0,0,0,0,0,0,1,1,1,1,1,1,0,0,0,0,0,0
esmc6b_boundary,5,Q1KLX6,0,1,1,1,1,1,1,0,0,0,0,0,1,0,0,0,0,0
esmc6b_boundary,5,Q1KLX7,0,1,1,1,1,1,1,0,0,0,0,0,1,0,0,0,0,0
esmc6b_boundary,5,Q1KLX8,0,0,0,0,0,0,1,1,1,1,1,1,0,0,0,0,0,0
esmc6b_boundary,5,Q1KLY0,0,0,0,0,0,0,1,1,1,1,1,1,0,0,0,0,0,0
esmc6b_boundary,5,Q1KLY2,0,0,0,0,0,0,1,1,1,1,1,1,0,0,0,0,0,0
esmc6b_boundary,5,Q1KLY3,1,1,1,1,1,1,0,0,0,0,0,0,0,0,0,0,0,0
esmc6b_boundary,5,Q1KLY4,0,0,0,0,0,0,1,1,1,1,1,1,0,0,0,0,0,0
esmc6b_boundary,5,Q1KLY5,0,0,0,0,0,0,1,1,1,1,1,1,0,0,0,0,0,0
esmc6b_boundary,5,Q1KLY6,0,1,1,1,1,1,1,0,0,0,0,0,1,0,0,0,0,0
esmc6b_boundary,5,Q1KLY7,0,0,0,0,0,0,1,1,1,1,1,1,0,0,0,0,0,0
esmc6b_boundary,5,Q1KLY8,0,0,0,0,0,0,1,1,1,1,1,1,0,0,0,0,0,0
esmc6b_boundary,5,Q1PFD8,1,1,1,1,1,1,0,0,0,0,0,0,0,0,0,0,0,0
esmc6b_boundary,5,Q24238,1,1,1,1,1,1,0,0,0,0,0,0,0,0,0,0,0,0
esmc6b_boundary,5,Q25413,17,18,18,18,18,18,1,0,0,0,0,0,1,0,0,0,0,0
esmc6b_boundary,5,Q27173,0,0,0,1,1,1,1,1,1,0,0,0,1,1,1,0,0,0
esmc6b_boundary,5,Q27174,0,0,0,1,1,1,1,1,1,0,0,0,1,1,1,0,0,0
esmc6b_boundary,5,Q27181,0,0,0,1,1,1,1,1,1,0,0,0,1,1,1,0,0,0
esmc6b_boundary,5,Q27677,1,1,1,1,1,1,0,0,0,0,0,0,0,0,0,0,0,0
esmc6b_boundary,5,Q27954,0,0,0,0,0,0,1,1,1,1,1,1,0,0,0,0,0,0
esmc6b_boundary,5,Q28HK1,0,0,1,1,1,1,1,1,0,0,0,0,1,1,0,0,0,0
esmc6b_boundary,5,Q29486,0,0,1,1,1,1,1,1,0,0,0,0,1,1,0,0,0,0
esmc6b_boundary,5,Q295C6,2,2,2,2,2,2,3,3,3,3,3,3,0,0,0,0,0,0
esmc6b_boundary,5,Q29B55,0,1,1,1,1,1,2,1,1,1,1,1,2,1,1,1,1,1
esmc6b_boundary,5,Q29W19,1,1,1,1,1,1,1,1,1,1,1,1,1,1,1,1,1,1
esmc6b_boundary,5,Q2FG82,0,1,1,1,1,1,1,0,0,0,0,0,1,0,0,0,0,0
esmc6b_boundary,5,Q2FUW9,0,1,1,1,1,1,1,0,0,0,0,0,1,0,0,0,0,0
esmc6b_boundary,5,Q2FXT0,0,1,1,1,1,1,1,0,0,0,0,0,1,0,0,0,0,0
esmc6b_boundary,5,Q2HYY9,1,1,1,1,1,1,0,0,0,0,0,0,0,0,0,0,0,0
esmc6b_boundary,5,Q2IAL6,0,0,0,0,1,1,1,1,1,1,0,0,1,1,1,1,0,0
esmc6b_boundary,5,Q2IAL7,0,0,0,0,1,1,1,1,1,1,0,0,1,1,1,1,0,0
esmc6b_boundary,5,Q2KJI7,0,0,0,0,0,0,1,1,1,1,1,1,0,0,0,0,0,0
esmc6b_boundary,5,Q2NIJ9,1,1,1,1,1,1,0,0,0,0,0,0,1,1,1,1,1,1
esmc6b_boundary,5,Q2SS74,0,1,1,1,1,1,1,0,0,0,0,0,1,0,0,0,0,0
esmc6b_boundary,5,Q2TA14,0,0,0,0,0,0,1,1,1,1,1,1,1,1,1,1,1,1
esmc6b_boundary,5,Q2YT85,0,1,1,1,1,1,1,0,0,0,0,0,1,0,0,0,0,0
esmc6b_boundary,5,Q32ZI4,1,1,1,1,1,1,0,0,0,0,0,0,0,0,0,0,0,0
esmc6b_boundary,5,Q39131,0,0,0,0,0,0,1,1,1,1,1,1,1,1,1,1,1,1
esmc6b_boundary,5,Q39962,0,0,0,0,0,0,1,1,1,1,1,1,0,0,0,0,0,0
esmc6b_boundary,5,Q3C255,0,0,1,1,1,1,1,1,0,0,0,0,2,2,1,1,1,1
esmc6b_boundary,5,Q3C256,0,0,1,1,1,1,1,1,0,0,0,0,2,2,1,1,1,1
esmc6b_boundary,5,Q3SB03,0,0,0,0,0,0,1,1,1,1,1,1,0,0,0,0,0,0
esmc6b_boundary,5,Q3SB04,0,0,0,0,0,0,1,1,1,1,1,1,0,0,0,0,0,0
esmc6b_boundary,5,Q3SB05,0,0,0,0,0,0,1,1,1,1,1,1,0,0,0,0,0,0
esmc6b_boundary,5,Q3SB06,0,0,0,0,0,0,1,1,1,1,1,1,0,0,0,0,0,0
esmc6b_boundary,5,Q3SB07,0,0,0,0,0,0,1,1,1,1,1,1,0,0,0,0,0,0
esmc6b_boundary,5,Q40987,0,0,0,0,0,0,1,1,1,1,1,1,0,0,0,0,0,0
esmc6b_boundary,5,Q41114,0,0,0,0,0,0,1,1,1,1,1,1,0,0,0,0,0,0
esmc6b_boundary,5,Q42460,0,0,0,0,0,0,1,1,1,1,1,1,0,0,0,0,0,0
esmc6b_boundary,5,Q48501,2,2,2,2,2,2,0,0,0,0,0,0,0,0,0,0,0,0
esmc6b_boundary,5,Q49Y83,0,0,0,1,1,1,1,1,1,0,0,0,2,2,2,1,1,1
esmc6b_boundary,5,Q4L6Z1,1,1,1,1,1,1,0,0,0,0,0,0,1,1,1,1,1,1
esmc6b_boundary,5,Q4PSZ8,1,1,1,1,1,1,0,0,0,0,0,0,0,0,0,0,0,0
esmc6b_boundary,5,Q4WFV6,0,1,1,1,1,1,1,0,0,0,0,0,1,0,0,0,0,0
esmc6b_boundary,5,Q4WI46,1,1,1,1,1,1,0,0,0,0,0,0,0,0,0,0,0,0
esmc6b_boundary,5,Q53I06,0,1,1,1,1,1,1,0,0,0,0,0,1,0,0,0,0,0
esmc6b_boundary,5,Q54EQ7,1,1,1,1,1,1,0,0,0,0,0,0,0,0,0,0,0,0
esmc6b_boundary,5,Q58D68,1,1,1,1,1,1,0,0,0,0,0,0,0,0,0,0,0,0
esmc6b_boundary,5,Q59PF9,1,1,1,1,1,1,0,0,0,0,0,0,0,0,0,0,0,0
esmc6b_boundary,5,Q59SU1,1,1,1,1,1,1,0,0,0,0,0,0,0,0,0,0,0,0
esmc6b_boundary,5,Q59XA7,0,1,1,1,1,1,1,0,0,0,0,0,1,0,0,0,0,0
esmc6b_boundary,5,Q59XB0,0,1,1,1,1,1,1,0,0,0,0,0,1,0,0,0,0,0
esmc6b_boundary,5,Q59XL0,1,1,1,1,1,1,0,0,0,0,0,0,0,0,0,0,0,0
esmc6b_boundary,5,Q5A029,1,1,1,1,1,1,0,0,0,0,0,0,0,0,0,0,0,0
esmc6b_boundary,5,Q5A1E0,1,1,1,1,1,1,0,0,0,0,0,0,0,0,0,0,0,0
esmc6b_boundary,5,Q5A210,1,1,1,1,1,1,0,0,0,0,0,0,0,0,0,0,0,0
esmc6b_boundary,5,Q5A5M7,1,1,1,1,1,1,0,0,0,0,0,0,0,0,0,0,0,0
esmc6b_boundary,5,Q5A651,1,1,1,1,1,1,0,0,0,0,0,0,1,1,1,1,1,1
esmc6b_boundary,5,Q5A6M2,0,1,1,1,1,1,1,0,0,0,0,0,1,0,0,0,0,0
esmc6b_boundary,5,Q5A6U1,1,1,1,1,1,1,0,0,0,0,0,0,0,0,0,0,0,0
esmc6b_boundary,5,Q5A849,0,0,0,0,0,0,1,1,1,1,1,1,1,1,1,1,1,1
esmc6b_boundary,5,Q5AAL9,0,1,1,1,1,1,1,0,0,0,0,0,1,0,0,0,0,0
esmc6b_boundary,5,Q5ACP5,0,0,0,0,0,0,1,1,1,1,1,1,0,0,0,0,0,0
esmc6b_boundary,5,Q5AD34,1,1,1,1,1,1,0,0,0,0,0,0,0,0,0,0,0,0
esmc6b_boundary,5,Q5AJC0,0,0,0,0,1,1,1,1,1,1,0,0,1,1,1,1,0,0
esmc6b_boundary,5,Q5AL03,0,1,1,1,1,1,1,0,0,0,0,0,1,0,0,0,0,0
esmc6b_boundary,5,Q5BIV7,0,0,0,0,0,0,1,1,1,1,1,1,1,1,1,1,1,1
esmc6b_boundary,5,Q5BIV9,0,1,1,1,1,1,1,0,0,0,0,0,2,1,1,1,1,1
esmc6b_boundary,5,Q5BKW7,0,1,1,1,1,1,1,0,0,0,0,0,1,0,0,0,0,0
esmc6b_boundary,5,Q5CZK6,1,1,1,1,1,1,1,1,1,1,1,1,1,1,1,1,1,1
esmc6b_boundary,5,Q5E9X0,0,1,1,1,1,1,1,0,0,0,0,0,1,0,0,0,0,0
esmc6b_boundary,5,Q5G234,0,0,0,0,0,0,1,1,1,1,1,1,0,0,0,0,0,0
esmc6b_boundary,5,Q5HFB8,0,1,1,1,1,1,1,0,0,0,0,0,1,0,0,0,0,0
esmc6b_boundary,5,Q5HNQ6,0,1,1,1,1,1,1,0,0,0,0,0,1,0,0,0,0,0
esmc6b_boundary,5,Q5JNJ5,0,0,0,0,0,0,1,1,1,1,1,1,1,1,1,1,1,1
esmc6b_boundary,5,Q5KWP3,0,1,1,1,1,1,1,0,0,0,0,0,1,0,0,0,0,0
esmc6b_boundary,5,Q5M158,1,1,1,1,1,1,0,0,0,0,0,0,0,0,0,0,0,0
esmc6b_boundary,5,Q5PU89,1,1,1,1,1,1,0,0,0,0,0,0,0,0,0,0,0,0
esmc6b_boundary,5,Q5RAD6,0,0,0,1,1,1,1,1,1,0,0,0,1,1,1,0,0,0
esmc6b_boundary,5,Q5RB45,0,1,1,1,1,1,1,0,0,0,0,0,1,0,0,0,0,0
esmc6b_boundary,5,Q5RBU7,0,0,0,0,0,0,1,1,1,1,1,1,0,0,0,0,0,0
esmc6b_boundary,5,Q5WES5,1,1,1,1,1,1,0,0,0,0,0,0,1,1,1,1,1,1
esmc6b_boundary,5,Q5XCS5,1,1,1,1,1,1,0,0,0,0,0,0,0,0,0,0,0,0
esmc6b_boundary,5,Q5XIF4,1,1,1,1,1,1,0,0,0,0,0,0,0,0,0,0,0,0
esmc6b_boundary,5,Q5Z9C8,1,1,1,1,1,1,0,0,0,0,0,0,0,0,0,0,0,0
esmc6b_boundary,5,Q60E70,1,1,1,1,1,1,0,0,0,0,0,0,0,0,0,0,0,0
esmc6b_boundary,5,Q61207,0,0,0,0,0,0,3,3,3,3,3,3,0,0,0,0,0,0
esmc6b_boundary,5,Q61247,0,0,0,0,0,0,1,1,1,1,1,1,0,0,0,0,0,0
esmc6b_boundary,5,Q61847,0,0,1,1,1,1,1,1,0,0,0,0,1,1,0,0,0,0
esmc6b_boundary,5,Q62997,0,0,0,0,0,0,1,1,1,1,1,1,1,1,1,1,1,1
esmc6b_boundary,5,Q634A1,0,1,1,1,1,1,1,0,0,0,0,0,1,0,0,0,0,0
esmc6b_boundary,5,Q64171,2,2,2,2,2,2,0,0,0,0,0,0,0,0,0,0,0,0
esmc6b_boundary,5,Q64230,1,1,1,1,1,1,0,0,0,0,0,0,0,0,0,0,0,0
esmc6b_boundary,5,Q64339,0,0,0,0,1,1,1,1,1,1,0,0,1,1,1,1,0,0
esmc6b_boundary,5,Q65DC2,1,1,1,1,1,1,0,0,0,0,0,0,0,0,0,0,0,0
esmc6b_boundary,5,Q65GM5,0,1,1,1,1,1,1,0,0,0,0,0,1,0,0,0,0,0
esmc6b_boundary,5,Q667N8,0,0,0,0,0,0,1,1,1,1,1,1,1,1,1,1,1,1
esmc6b_boundary,5,Q66IA6,0,1,1,1,1,1,1,0,0,0,0,0,1,0,0,0,0,0
esmc6b_boundary,5,Q67SC7,0,1,1,1,1,1,1,0,0,0,0,0,1,0,0,0,0,0
esmc6b_boundary,5,Q6DDP3,0,1,1,1,1,1,1,0,0,0,0,0,1,0,0,0,0,0
esmc6b_boundary,5,Q6E3K9,0,0,0,1,1,1,1,1,1,0,0,0,1,1,1,0,0,0
esmc6b_boundary,5,Q6ECK6,1,1,1,1,1,1,3,3,3,3,3,3,1,1,1,1,1,1
esmc6b_boundary,5,Q6F125,1,1,1,1,1,1,0,0,0,0,0,0,1,1,1,1,1,1
esmc6b_boundary,5,Q6G8S4,0,1,1,1,1,1,1,0,0,0,0,0,1,0,0,0,0,0
esmc6b_boundary,5,Q6GG59,0,1,1,1,1,1,1,0,0,0,0,0,1,0,0,0,0,0
esmc6b_boundary,5,Q6HD83,0,1,1,1,1,1,1,0,0,0,0,0,1,0,0,0,0,0
esmc6b_boundary,5,Q6IV23,0,0,0,0,0,0,1,1,1,1,1,1,1,1,1,1,1,1
esmc6b_boundary,5,Q6IV26,0,0,0,0,0,0,1,1,1,1,1,1,0,0,0,0,0,0
esmc6b_boundary,5,Q6LZM3,1,1,1,1,1,1,0,0,0,0,0,0,0,0,0,0,0,0
esmc6b_boundary,5,Q6MT50,0,1,1,1,1,1,1,0,0,0,0,0,1,0,0,0,0,0
esmc6b_boundary,5,Q6NLD7,1,1,1,1,1,1,0,0,0,0,0,0,0,0,0,0,0,0
esmc6b_boundary,5,Q6NLF7,0,0,1,1,1,1,1,1,0,0,0,0,1,1,0,0,0,0
esmc6b_boundary,5,Q6NNL3,1,1,1,1,1,1,0,0,0,0,0,0,0,0,0,0,0,0
esmc6b_boundary,5,Q6NUJ1,0,0,0,0,0,0,5,5,5,5,5,5,0,0,0,0,0,0
esmc6b_boundary,5,Q6NWB6,0,0,0,0,0,0,1,1,1,1,1,1,1,1,1,1,1,1
esmc6b_boundary,5,Q6QLQ5,0,0,0,0,1,1,1,1,1,1,0,0,1,1,1,1,0,0
esmc6b_boundary,5,Q6QLR1,0,0,0,0,0,0,1,1,1,1,1,1,1,1,1,1,1,1
esmc6b_boundary,5,Q6QWR1,0,0,0,0,0,0,1,1,1,1,1,1,0,0,0,0,0,0
esmc6b_boundary,5,Q6RUW3,2,2,2,2,2,2,0,0,0,0,0,0,0,0,0,0,0,0
esmc6b_boundary,5,Q6UG02,0,0,0,0,0,0,1,1,1,1,1,1,0,0,0,0,0,0
esmc6b_boundary,5,Q6UQ28,0,0,0,0,0,0,1,1,1,1,1,1,1,1,1,1,1,1
esmc6b_boundary,5,Q6UWR7,1,1,1,1,1,1,0,0,0,0,0,0,0,0,0,0,0,0
esmc6b_boundary,5,Q6UX82,0,0,0,0,0,0,1,1,1,1,1,1,1,1,1,1,1,1
esmc6b_boundary,5,Q6XMH8,0,0,1,1,1,1,2,2,1,1,1,1,1,1,0,0,0,0
esmc6b_boundary,5,Q6Y4S4,0,0,0,0,0,0,1,1,1,1,1,1,2,2,2,2,2,2
esmc6b_boundary,5,Q6YRC7,1,1,1,1,1,1,0,0,0,0,0,0,1,1,1,1,1,1
esmc6b_boundary,5,Q6Z4G7,1,1,1,1,1,1,0,0,0,0,0,0,0,0,0,0,0,0
esmc6b_boundary,5,Q6Z4G8,0,1,1,1,1,1,1,0,0,0,0,0,1,0,0,0,0,0
esmc6b_boundary,5,Q71ZD0,1,1,1,1,1,1,0,0,0,0,0,0,0,0,0,0,0,0
esmc6b_boundary,5,Q72ZY3,0,1,1,1,1,1,1,0,0,0,0,0,1,0,0,0,0,0
esmc6b_boundary,5,Q74IL5,1,1,1,1,1,1,0,0,0,0,0,0,0,0,0,0,0,0
esmc6b_boundary,5,Q75UG5,1,1,1,1,1,1,1,1,1,1,1,1,2,2,2,2,2,2
esmc6b_boundary,5,Q75WG7,0,0,0,0,0,0,1,1,1,1,1,1,0,0,0,0,0,0
esmc6b_boundary,5,Q75WH2,0,0,1,1,1,1,2,2,1,1,1,1,1,1,0,0,0,0
esmc6b_boundary,5,Q75WH4,1,1,1,1,1,1,0,0,0,0,0,0,0,0,0,0,0,0
esmc6b_boundary,5,Q75WH5,1,1,1,1,1,1,0,0,0,0,0,0,1,1,1,1,1,1
esmc6b_boundary,5,Q75WH6,1,1,1,1,1,1,0,0,0,0,0,0,1,1,1,1,1,1
esmc6b_boundary,5,Q765Z4,0,0,0,1,1,1,1,1,1,0,0,0,1,1,1,0,0,0
esmc6b_boundary,5,Q769J6,1,1,1,1,1,1,0,0,0,0,0,0,0,0,0,0,0,0
esmc6b_boundary,5,Q76CL2,1,1,1,1,1,1,1,1,1,1,1,1,1,1,1,1,1,1
esmc6b_boundary,5,Q76LX8,1,1,1,1,1,1,0,0,0,0,0,0,0,0,0,0,0,0
esmc6b_boundary,5,Q7JGL8,0,0,0,0,0,0,2,2,2,2,2,2,0,0,0,0,0,0
esmc6b_boundary,5,Q7JGL9,0,0,0,0,0,0,2,2,2,2,2,2,0,0,0,0,0,0
esmc6b_boundary,5,Q7JGM0,0,0,0,0,0,0,2,2,2,2,2,2,0,0,0,0,0,0
esmc6b_boundary,5,Q7JGM1,0,0,0,0,0,0,2,2,2,2,2,2,0,0,0,0,0,0
esmc6b_boundary,5,Q7JGM2,0,0,0,0,0,0,2,2,2,2,2,2,0,0,0,0,0,0
esmc6b_boundary,5,Q7KUD5,1,1,1,2,2,3,2,2,2,1,1,0,2,2,2,1,1,0
esmc6b_boundary,5,Q7M3V5,2,2,2,2,2,2,0,0,0,0,0,0,0,0,0,0,0,0
esmc6b_boundary,5,Q7NBB0,0,0,0,0,1,1,1,1,1,1,0,0,2,2,2,2,1,1
esmc6b_boundary,5,Q7Q7R8,1,1,1,1,1,1,0,0,0,0,0,0,1,1,1,1,1,1
esmc6b_boundary,5,Q7RTW8,0,0,1,1,1,1,1,1,0,0,0,0,1,1,0,0,0,0
esmc6b_boundary,5,Q7TMR0,0,0,0,1,1,1,1,1,1,0,0,0,1,1,1,0,0,0
esmc6b_boundary,5,Q7TQN2,1,1,1,1,1,1,0,0,0,0,0,0,0,0,0,0,0,0
esmc6b_boundary,5,Q7TSB7,0,0,0,0,0,0,1,1,1,1,1,1,1,1,1,1,1,1
esmc6b_boundary,5,Q7XR91,1,1,1,1,1,1,0,0,0,0,0,0,0,0,0,0,0,0
esmc6b_boundary,5,Q7YXK5,1,1,1,1,1,1,0,0,0,0,0,0,0,0,0,0,0,0
esmc6b_boundary,5,Q803Y4,1,1,1,1,1,1,0,0,0,0,0,0,0,0,0,0,0,0
esmc6b_boundary,5,Q817U4,0,1,1,1,1,1,1,0,0,0,0,0,1,0,0,0,0,0
esmc6b_boundary,5,Q81LE8,0,1,1,1,1,1,1,0,0,0,0,0,1,0,0,0,0,0
esmc6b_boundary,5,Q836X4,1,1,1,1,1,1,0,0,0,0,0,0,0,0,0,0,0,0
esmc6b_boundary,5,Q83RD2,0,0,0,0,0,0,1,1,1,1,1,1,1,1,1,1,1,1
esmc6b_boundary,5,Q84JV2,0,0,0,0,0,1,1,1,1,1,1,0,1,1,1,1,1,0
esmc6b_boundary,5,Q84W98,1,1,1,1,1,1,0,0,0,0,0,0,0,0,0,0,0,0
esmc6b_boundary,5,Q86C51,1,1,1,1,1,1,0,0,0,0,0,0,1,1,1,1,1,1
esmc6b_boundary,5,Q86MA7,39,39,39,39,39,39,26,26,26,26,26,26,14,14,14,14,14,14
esmc6b_boundary,5,Q86QN6,0,1,1,1,1,1,1,0,0,0,0,0,1,0,0,0,0,0
esmc6b_boundary,5,Q86UU9,1,2,2,2,2,2,3,2,2,2,2,2,2,1,1,1,1,1
esmc6b_boundary,5,Q86Y78,1,1,1,1,1,1,0,0,0,0,0,0,0,0,0,0,0,0
esmc6b_boundary,5,Q88WN3,1,1,1,1,1,1,0,0,0,0,0,0,1,1,1,1,1,1
esmc6b_boundary,5,Q892N6,1,1,1,1,1,1,0,0,0,0,0,0,0,0,0,0,0,0
esmc6b_boundary,5,Q8AVA3,0,0,0,0,0,0,1,1,1,1,1,1,0,0,0,0,0,0
esmc6b_boundary,5,Q8AVA4,0,0,0,0,0,0,1,1,1,1,1,1,0,0,0,0,0,0
esmc6b_boundary,5,Q8BGN3,1,1,1,1,1,1,0,0,0,0,0,0,0,0,0,0,0,0
esmc6b_boundary,5,Q8BGN6,0,0,0,1,1,1,1,1,1,0,0,0,1,1,1,0,0,0
esmc6b_boundary,5,Q8BH61,0,1,1,1,1,1,1,0,0,0,0,0,1,0,0,0,0,0
esmc6b_boundary,5,Q8BJ48,0,0,1,1,1,1,1,1,0,0,0,0,1,1,0,0,0,0
esmc6b_boundary,5,Q8BPP5,1,1,1,1,1,1,0,0,0,0,0,0,0,0,0,0,0,0
esmc6b_boundary,5,Q8BWU1,0,0,0,0,0,0,1,1,1,1,1,1,1,1,1,1,1,1
esmc6b_boundary,5,Q8C1C1,0,0,0,0,0,0,5,5,5,5,5,5,0,0,0,0,0,0
esmc6b_boundary,5,Q8CFZ4,0,0,0,0,0,0,1,1,1,1,1,1,1,1,1,1,1,1
esmc6b_boundary,5,Q8CH01,1,1,1,1,1,1,1,1,1,1,1,1,0,0,0,0,0,0
esmc6b_boundary,5,Q8CIE6,0,0,0,0,0,0,1,1,1,1,1,1,0,0,0,0,0,0
esmc6b_boundary,5,Q8CS89,0,1,1,1,1,1,1,0,0,0,0,0,1,0,0,0,0,0
esmc6b_boundary,5,Q8CW15,0,0,0,0,0,0,1,1,1,1,1,1,2,2,2,2,2,2
esmc6b_boundary,5,Q8DQN5,0,0,0,0,0,0,1,1,1,1,1,1,1,1,1,1,1,1
esmc6b_boundary,5,Q8DUQ4,1,1,1,1,1,1,0,0,0,0,0,0,0,0,0,0,0,0
esmc6b_boundary,5,Q8DYV5,1,1,1,1,1,1,0,0,0,0,0,0,0,0,0,0,0,0
esmc6b_boundary,5,Q8E4G3,1,1,1,1,1,1,0,0,0,0,0,0,0,0,0,0,0,0
esmc6b_boundary,5,Q8EPP8,0,1,1,1,1,1,1,0,0,0,0,0,1,0,0,0,0,0
esmc6b_boundary,5,Q8EVW5,0,0,0,0,0,0,1,1,1,1,1,1,1,1,1,1,1,1
esmc6b_boundary,5,Q8GCB2,1,1,1,1,1,1,0,0,0,0,0,0,0,0,0,0,0,0
esmc6b_boundary,5,Q8GTM0,0,0,1,1,1,1,1,1,0,0,0,0,1,1,0,0,0,0
esmc6b_boundary,5,Q8H6Q0,1,1,1,1,1,1,0,0,0,0,0,0,0,0,0,0,0,0
esmc6b_boundary,5,Q8H6Q1,1,1,1,1,1,1,0,0,0,0,0,0,0,0,0,0,0,0
esmc6b_boundary,5,Q8HYC2,1,1,1,1,1,1,0,0,0,0,0,0,0,0,0,0,0,0
esmc6b_boundary,5,Q8I423,0,0,0,0,0,0,1,1,1,1,1,1,1,1,1,1,1,1
esmc6b_boundary,5,Q8ILP3,0,1,1,1,1,1,1,0,0,0,0,0,1,0,0,0,0,0
esmc6b_boundary,5,Q8IV16,0,0,1,1,1,1,1,1,0,0,0,0,1,1,0,0,0,0
esmc6b_boundary,5,Q8J136,0,0,0,0,0,0,1,1,1,1,1,1,0,0,0,0,0,0
esmc6b_boundary,5,Q8J2V8,0,0,0,0,0,0,1,1,1,1,1,1,0,0,0,0,0,0
esmc6b_boundary,5,Q8JZQ2,0,0,0,0,0,0,1,1,1,1,1,1,0,0,0,0,0,0
esmc6b_boundary,5,Q8JZU2,0,1,1,1,1,1,1,0,0,0,0,0,1,0,0,0,0,0
esmc6b_boundary,5,Q8K561,0,1,1,1,1,1,1,0,0,0,0,0,1,0,0,0,0,0
esmc6b_boundary,5,Q8L6Z5,1,1,1,1,1,1,0,0,0,0,0,0,0,0,0,0,0,0
esmc6b_boundary,5,Q8L8Q7,1,1,1,1,1,1,0,0,0,0,0,0,0,0,0,0,0,0
esmc6b_boundary,5,Q8LA14,0,0,0,0,1,1,1,1,1,1,0,0,1,1,1,1,0,0
esmc6b_boundary,5,Q8LC95,0,0,1,1,1,1,1,1,0,0,0,0,1,1,0,0,0,0
esmc6b_boundary,5,Q8LD63,1,1,1,1,1,1,0,0,0,0,0,0,0,0,0,0,0,0
esmc6b_boundary,5,Q8LEE9,0,0,1,1,1,1,1,1,0,0,0,0,1,1,0,0,0,0
esmc6b_boundary,5,Q8LEJ6,0,1,1,1,1,1,1,0,0,0,0,0,1,0,0,0,0,0
esmc6b_boundary,5,Q8MP00,1,1,1,1,1,1,0,0,0,0,0,0,1,1,1,1,1,1
esmc6b_boundary,5,Q8NI32,0,0,1,1,1,1,1,1,0,0,0,0,1,1,0,0,0,0
esmc6b_boundary,5,Q8QGP7,0,0,0,0,0,0,2,2,2,2,2,2,2,2,2,2,2,2
esmc6b_boundary,5,Q8R182,1,1,1,1,1,1,0,0,0,0,0,0,0,0,0,0,0,0
esmc6b_boundary,5,Q8RBA7,1,1,1,1,1,1,0,0,0,0,0,0,0,0,0,0,0,0
esmc6b_boundary,5,Q8REI3,1,1,1,1,1,1,0,0,0,0,0,0,0,0,0,0,0,0
esmc6b_boundary,5,Q8T112,1,1,1,1,1,1,1,1,1,1,1,1,1,1,1,1,1,1
esmc6b_boundary,5,Q8T1G4,0,0,0,0,0,0,1,1,1,1,1,1,0,0,0,0,0,0
esmc6b_boundary,5,Q8T1G5,0,0,0,0,0,0,1,1,1,1,1,1,0,0,0,0,0,0
esmc6b_boundary,5,Q8T1G6,0,0,0,0,0,0,1,1,1,1,1,1,0,0,0,0,0,0
esmc6b_boundary,5,Q8VXF2,0,0,0,0,0,0,2,2,2,2,2,2,0,0,0,0,0,0
esmc6b_boundary,5,Q8WVF2,0,0,0,0,0,0,1,1,1,1,1,1,0,0,0,0,0,0
esmc6b_boundary,5,Q8X783,0,0,0,0,0,0,1,1,1,1,1,1,2,2,2,2,2,2
esmc6b_boundary,5,Q8XIJ1,1,1,1,1,1,1,0,0,0,0,0,0,1,1,1,1,1,1
esmc6b_boundary,5,Q8ZDC4,0,0,0,0,0,0,1,1,1,1,1,1,1,1,1,1,1,1
esmc6b_boundary,5,Q8ZPK9,0,0,0,0,0,0,1,1,1,1,1,1,1,1,1,1,1,1
esmc6b_boundary,5,Q90WF4,1,1,1,1,1,1,1,1,1,1,1,1,0,0,0,0,0,0
esmc6b_boundary,5,Q91V70,0,0,0,1,1,1,1,1,1,0,0,0,1,1,1,0,0,0
esmc6b_boundary,5,Q91V82,0,0,0,1,1,1,1,1,1,0,0,0,1,1,1,0,0,0
esmc6b_boundary,5,Q92058,0,1,1,1,1,1,1,0,0,0,0,0,1,0,0,0,0,0
esmc6b_boundary,5,Q924B5,1,1,1,1,1,1,0,0,0,0,0,0,0,0,0,0,0,0
esmc6b_boundary,5,Q931Q3,0,1,1,1,1,1,1,0,0,0,0,0,1,0,0,0,0,0
esmc6b_boundary,5,Q93MH4,0,0,0,0,0,0,1,1,1,1,1,1,1,1,1,1,1,1
esmc6b_boundary,5,Q93MH6,0,0,0,0,0,0,1,1,1,1,1,1,1,1,1,1,1,1
esmc6b_boundary,5,Q93WH6,0,0,0,0,0,0,2,2,2,2,2,2,0,0,0,0,0,0
esmc6b_boundary,5,Q93X49,0,0,0,0,0,0,2,2,2,2,2,2,0,0,0,0,0,0
esmc6b_boundary,5,Q93XK2,0,0,0,0,0,0,1,1,1,1,1,1,0,0,0,0,0,0
esmc6b_boundary,5,Q941C5,1,1,1,1,1,1,0,0,0,0,0,0,0,0,0,0,0,0
esmc6b_boundary,5,Q94BT2,1,1,1,1,1,1,0,0,0,0,0,0,0,0,0,0,0,0
esmc6b_boundary,5,Q94DM8,1,1,1,1,1,1,0,0,0,0,0,0,0,0,0,0,0,0
esmc6b_boundary,5,Q94EY2,1,1,1,1,1,1,0,0,0,0,0,0,0,0,0,0,0,0
esmc6b_boundary,5,Q94F08,1,1,1,1,1,1,0,0,0,0,0,0,0,0,0,0,0,0
esmc6b_boundary,5,Q94KT8,1,1,1,1,1,1,0,0,0,0,0,0,0,0,0,0,0,0
esmc6b_boundary,5,Q95J18,0,0,0,0,0,0,2,2,2,2,2,2,0,0,0,0,0,0
esmc6b_boundary,5,Q95J22,0,0,0,0,0,0,2,2,2,2,2,2,0,0,0,0,0,0
esmc6b_boundary,5,Q95J24,0,0,0,0,0,0,2,2,2,2,2,2,0,0,0,0,0,0
esmc6b_boundary,5,Q95J46,1,1,1,1,1,1,0,0,0,0,0,0,0,0,0,0,0,0
esmc6b_boundary,5,Q95M66,0,0,0,0,0,0,2,2,2,2,2,2,0,0,0,0,0,0
esmc6b_boundary,5,Q95P48,5,5,5,5,5,5,2,2,2,2,2,2,1,1,1,1,1,1
esmc6b_boundary,5,Q97JL5,1,1,1,1,1,1,0,0,0,0,0,0,1,1,1,1,1,1
esmc6b_boundary,5,Q99317,0,0,0,0,0,0,1,1,1,1,1,1,0,0,0,0,0,0
esmc6b_boundary,5,Q99319,0,0,0,0,0,0,1,1,1,1,1,1,0,0,0,0,0,0
esmc6b_boundary,5,Q99320,0,0,0,0,0,0,1,1,1,1,1,1,0,0,0,0,0,0
esmc6b_boundary,5,Q99MP5,1,1,1,1,1,1,0,0,0,0,0,0,1,1,1,1,1,1
esmc6b_boundary,5,Q99N14,0,1,1,1,1,1,2,1,1,1,1,1,1,0,0,0,0,0
esmc6b_boundary,5,Q9AR88,0,0,0,0,0,0,2,2,2,2,2,2,1,1,1,1,1,1
esmc6b_boundary,5,Q9BY14,1,1,1,1,1,1,0,0,0,0,0,0,0,0,0,0,0,0
esmc6b_boundary,5,Q9BZD6,0,0,0,0,0,0,1,1,1,1,1,1,0,0,0,0,0,0
esmc6b_boundary,5,Q9CA23,1,1,1,1,1,1,0,0,0,0,0,0,0,0,0,0,0,0
esmc6b_boundary,5,Q9CGL5,1,1,1,1,1,1,0,0,0,0,0,0,0,0,0,0,0,0
esmc6b_boundary,5,Q9D1N2,0,1,1,1,1,1,1,0,0,0,0,0,1,0,0,0,0,0
esmc6b_boundary,5,Q9D7F2,0,1,1,1,1,1,1,0,0,0,0,0,1,0,0,0,0,0
esmc6b_boundary,5,Q9D7S0,1,1,1,1,1,1,0,0,0,0,0,0,0,0,0,0,0,0
esmc6b_boundary,5,Q9DGK7,1,1,1,1,1,1,1,1,1,1,1,1,0,0,0,0,0,0
esmc6b_boundary,5,Q9EPI2,0,1,1,1,1,1,1,0,0,0,0,0,1,0,0,0,0,0
esmc6b_boundary,5,Q9EPS2,1,1,1,1,1,1,1,1,1,1,1,1,1,1,1,1,1,1
esmc6b_boundary,5,Q9FEB4,0,0,0,0,0,0,2,2,2,2,2,2,0,0,0,0,0,0
esmc6b_boundary,5,Q9FFH6,0,1,1,1,1,1,1,0,0,0,0,0,1,0,0,0,0,0
esmc6b_boundary,5,Q9FHQ6,0,1,1,1,1,1,1,0,0,0,0,0,1,0,0,0,0,0
esmc6b_boundary,5,Q9FIW0,0,0,0,0,0,0,2,2,2,2,2,2,1,1,1,1,1,1
esmc6b_boundary,5,Q9FIW1,0,0,0,0,0,0,2,2,2,2,2,2,2,2,2,2,2,2
esmc6b_boundary,5,Q9FRF9,0,0,0,0,0,0,2,2,2,2,2,2,1,1,1,1,1,1
esmc6b_boundary,5,Q9FS10,0,0,0,0,0,0,2,2,2,2,2,2,0,0,0,0,0,0
esmc6b_boundary,5,Q9GLV5,0,1,1,1,1,1,1,0,0,0,0,0,1,0,0,0,0,0
esmc6b_boundary,5,Q9GQV7,0,1,3,3,5,5,6,5,3,3,1,1,7,6,4,4,2,2
esmc6b_boundary,5,Q9GZZ7,0,0,0,1,1,1,1,1,1,0,0,0,1,1,1,0,0,0
esmc6b_boundary,5,Q9I8P2,1,1,1,1,1,1,1,1,1,1,1,1,1,1,1,1,1,1
esmc6b_boundary,5,Q9I8P3,1,1,1,1,1,1,1,1,1,1,1,1,0,0,0,0,0,0
esmc6b_boundary,5,Q9I9D3,2,2,2,2,2,2,0,0,0,0,0,0,0,0,0,0,0,0
esmc6b_boundary,5,Q9JJT2,0,1,1,1,1,1,1,0,0,0,0,0,1,0,0,0,0,0
esmc6b_boundary,5,Q9JMI7,1,1,1,1,1,1,0,0,0,0,0,0,0,0,0,0,0,0
esmc6b_boundary,5,Q9K8J7,1,1,1,1,1,1,0,0,0,0,0,0,1,1,1,1,1,1
esmc6b_boundary,5,Q9L5D6,0,0,0,0,0,0,1,1,1,1,1,1,0,0,0,0,0,0
esmc6b_boundary,5,Q9L7Q2,0,0,0,0,0,0,1,1,1,1,1,1,0,0,0,0,0,0
esmc6b_boundary,5,Q9LE56,1,1,1,1,1,1,0,0,0,0,0,0,0,0,0,0,0,0
esmc6b_boundary,5,Q9LFW3,0,0,0,0,0,1,1,1,1,1,1,0,1,1,1,1,1,0
esmc6b_boundary,5,Q9LII0,0,0,0,0,0,0,1,1,1,1,1,1,1,1,1,1,1,1
esmc6b_boundary,5,Q9LJU1,1,1,1,1,1,1,0,0,0,0,0,0,0,0,0,0,0,0
esmc6b_boundary,5,Q9LMY9,0,0,0,0,0,0,2,2,2,2,2,2,1,1,1,1,1,1
esmc6b_boundary,5,Q9LUA1,1,1,1,1,1,1,0,0,0,0,0,0,0,0,0,0,0,0
esmc6b_boundary,5,Q9M0A1,1,1,1,1,1,1,0,0,0,0,0,0,0,0,0,0,0,0
esmc6b_boundary,5,Q9M2Y0,0,0,0,0,0,0,2,2,2,2,2,2,0,0,0,0,0,0
esmc6b_boundary,5,Q9MAC1,1,1,1,1,1,1,0,0,0,0,0,0,0,0,0,0,0,0
esmc6b_boundary,5,Q9MYK8,1,2,2,2,2,2,1,0,0,0,0,0,1,0,0,0,0,0
esmc6b_boundary,5,Q9N5R0,0,0,0,0,0,0,1,1,1,1,1,1,1,1,1,1,1,1
esmc6b_boundary,5,Q9NL82,14,15,15,15,15,15,2,1,1,1,1,1,2,1,1,1,1,1
esmc6b_boundary,5,Q9NL83,13,14,14,14,14,14,2,1,1,1,1,1,2,1,1,1,1,1
esmc6b_boundary,5,Q9P3E4,0,0,0,0,0,0,1,1,1,1,1,1,0,0,0,0,0,0
esmc6b_boundary,5,Q9PQT2,1,1,1,1,1,1,0,0,0,0,0,0,1,1,1,1,1,1
esmc6b_boundary,5,Q9PT98,1,1,1,1,1,1,1,1,1,1,1,1,0,0,0,0,0,0
esmc6b_boundary,5,Q9PT99,1,1,1,1,1,1,1,1,1,1,1,1,1,1,1,1,1,1
esmc6b_boundary,5,Q9PTA0,1,1,1,1,1,1,1,1,1,1,1,1,0,0,0,0,0,0
esmc6b_boundary,5,Q9PW68,2,2,2,2,2,2,0,0,0,0,0,0,0,0,0,0,0,0
esmc6b_boundary,5,Q9QUR8,0,0,0,0,0,0,1,1,1,1,1,1,1,1,1,1,1,1
esmc6b_boundary,5,Q9QZQ3,0,0,0,0,0,0,1,1,1,1,1,1,1,1,1,1,1,1
esmc6b_boundary,5,Q9QZQ4,0,0,0,0,0,0,1,1,1,1,1,1,1,1,1,1,1,1
esmc6b_boundary,5,Q9SIL7,0,0,1,1,1,1,1,1,0,0,0,0,1,1,0,0,0,0
esmc6b_boundary,5,Q9SJ81,0,0,0,0,1,1,1,1,1,1,0,0,1,1,1,1,0,0
esmc6b_boundary,5,Q9SK27,1,1,1,1,1,1,0,0,0,0,0,0,0,0,0,0,0,0
esmc6b_boundary,5,Q9SQN9,1,1,1,1,1,1,0,0,0,0,0,0,0,0,0,0,0,0
esmc6b_boundary,5,Q9SRT7,0,0,0,0,0,0,1,1,1,1,1,1,1,1,1,1,1,1
esmc6b_boundary,5,Q9SSG3,0,0,0,0,0,0,1,1,1,1,1,1,1,1,1,1,1,1
esmc6b_boundary,5,Q9STH5,1,1,1,1,1,1,0,0,0,0,0,0,0,0,0,0,0,0
esmc6b_boundary,5,Q9SZ51,1,1,1,1,1,1,0,0,0,0,0,0,0,0,0,0,0,0
esmc6b_boundary,5,Q9SZG4,0,0,0,0,0,0,2,2,2,2,2,2,0,0,0,0,0,0
esmc6b_boundary,5,Q9TR93,0,0,0,0,0,0,1,1,1,1,1,1,1,1,1,1,1,1
esmc6b_boundary,5,Q9TRM8,1,1,1,1,1,1,1,1,1,1,1,1,1,1,1,1,1,1
esmc6b_boundary,5,Q9UK23,0,0,0,0,1,1,1,1,1,1,0,0,1,1,1,1,0,0
esmc6b_boundary,5,Q9VET0,0,1,1,1,1,1,3,2,2,2,2,2,2,1,1,1,1,1
esmc6b_boundary,5,Q9VPR7,1,1,1,1,1,1,0,0,0,0,0,0,0,0,0,0,0,0
esmc6b_boundary,5,Q9VT52,0,0,1,1,1,1,3,3,2,2,2,2,2,2,1,1,1,1
esmc6b_boundary,5,Q9WTL0,1,1,1,1,1,1,0,0,0,0,0,0,0,0,0,0,0,0
esmc6b_boundary,5,Q9XSE2,0,0,0,0,0,0,1,1,1,1,1,1,1,1,1,1,1,1
esmc6b_boundary,5,Q9XSW6,2,2,2,2,2,2,0,0,0,0,0,0,0,0,0,0,0,0
esmc6b_boundary,5,Q9Y4W6,0,0,0,0,0,0,1,1,1,1,1,1,0,0,0,0,0,0
esmc6b_boundary,5,Q9Z172,1,1,1,1,1,1,0,0,0,0,0,0,0,0,0,0,0,0
esmc6b_boundary,5,Q9ZQG9,1,1,1,1,1,1,0,0,0,0,0,0,0,0,0,0,0,0
esmc6b_boundary,5,Q9ZWA8,0,1,1,1,1,1,1,0,0,0,0,0,1,0,0,0,0,0
esmc6b_boundary,5,W4VRV4,1,1,1,1,1,1,0,0,0,0,0,0,1,1,1,1,1,1
esmc6b_boundary,5,W4VS49,1,1,1,1,1,1,0,0,0,0,0,0,1,1,1,1,1,1
esmc6b_boundary,5,W4VSC0,1,1,1,1,1,1,0,0,0,0,0,0,0,0,0,0,0,0
esmc6b_boundary,5,W4VSG7,0,1,1,1,1,1,3,2,2,2,2,2,1,0,0,0,0,0
esmc6b_boundary,5,W4VSI9,1,1,1,1,1,1,0,0,0,0,0,0,1,1,1,1,1,1
adapter256,2,A0A059UI30,0,0,0,0,0,0,1,1,1,1,1,1,0,0,0,0,0,0
adapter256,2,A0A068B0Z6,0,1,1,1,1,1,1,0,0,0,0,0,1,0,0,0,0,0
adapter256,2,A0A068B409,0,0,0,0,1,1,1,1,1,1,0,0,2,2,2,2,1,1
adapter256,2,A0A068B6Q6,0,1,1,1,1,1,1,0,0,0,0,0,2,1,1,1,1,1
adapter256,2,A0A077DF94,0,0,0,0,0,0,3,3,3,3,3,3,2,2,2,2,2,2
adapter256,2,A0A0C4G4L1,2,2,2,2,2,2,0,0,0,0,0,0,0,0,0,0,0,0
adapter256,2,A0A0D4WTV1,0,0,1,1,1,1,1,1,0,0,0,0,1,1,0,0,0,0
adapter256,2,A0A0P0UTI6,8,8,8,9,9,9,1,1,1,0,0,0,1,1,1,0,0,0
adapter256,2,A0A0P0UTQ7,0,1,1,2,3,3,3,2,2,1,0,0,4,3,3,2,1,1
adapter256,2,A0A0R4IKU3,0,1,1,1,1,1,1,0,0,0,0,0,1,0,0,0,0,0
adapter256,2,A0A125S9E1,0,0,0,0,0,0,2,2,2,2,2,2,1,1,1,1,1,1
adapter256,2,A0A125S9G2,0,0,0,0,0,0,2,2,2,2,2,2,2,2,2,2,2,2
adapter256,2,A0A139GI49,1,3,5,5,5,5,6,4,2,2,2,2,4,2,0,0,0,0
adapter256,2,A0A144LVM3,0,0,0,0,0,0,1,1,1,1,1,1,0,0,0,0,0,0
adapter256,2,A0A1D5PPP7,1,1,1,1,2,2,1,1,1,1,0,0,1,1,1,1,0,0
adapter256,2,A0A1D5PUP4,0,0,0,0,0,0,1,1,1,1,1,1,0,0,0,0,0,0
adapter256,2,A0A1S6EK91,0,0,1,1,1,1,2,2,1,1,1,1,1,1,0,0,0,0
adapter256,2,A0A2I8B352,0,0,0,0,0,0,1,1,1,1,1,1,0,0,0,0,0,0
adapter256,2,A0A318,0,0,0,0,0,0,1,1,1,1,1,1,0,0,0,0,0,0
adapter256,2,A0A348G5V8,1,2,2,2,2,2,1,0,0,0,0,0,1,0,0,0,0,0
adapter256,2,A0A348G5V9,1,2,2,2,2,2,1,0,0,0,0,0,1,0,0,0,0,0
adapter256,2,A0A348G5W0,2,2,2,2,2,2,0,0,0,0,0,0,0,0,0,0,0,0
adapter256,2,A0A348G5W2,2,2,2,2,2,2,0,0,0,0,0,0,0,0,0,0,0,0
adapter256,2,A0A348G6I7,2,2,2,2,2,2,0,0,0,0,0,0,0,0,0,0,0,0
adapter256,2,A0A348G6I9,2,2,2,2,2,2,0,0,0,0,0,0,0,0,0,0,0,0
adapter256,2,A0A348G6J1,1,1,1,1,1,1,1,1,1,1,1,1,1,1,1,1,1,1
adapter256,2,A0A3G3C7R5,1,1,2,2,2,2,1,1,0,0,0,0,1,1,0,0,0,0
adapter256,2,A0A3G3C7S0,0,2,2,2,2,2,2,0,0,0,0,0,2,0,0,0,0,0
adapter256,2,A0A3G3C7S2,1,1,1,1,1,1,1,1,1,1,1,1,1,1,1,1,1,1
adapter256,2,A0A3G3C7S9,2,2,2,2,2,2,0,0,0,0,0,0,0,0,0,0,0,0
adapter256,2,A0A3G3C7U4,2,2,2,2,2,2,0,0,0,0,0,0,0,0,0,0,0,0
adapter256,2,A0A3G3C7V0,2,2,2,2,2,2,0,0,0,0,0,0,0,0,0,0,0,0
adapter256,2,A0A3G6IHA6,1,1,1,1,1,1,0,0,0,0,0,0,0,0,0,0,0,0
adapter256,2,A0A6G9KHD1,2,2,2,2,2,2,0,0,0,0,0,0,0,0,0,0,0,0
adapter256,2,A0A6G9KHD6,2,2,2,2,2,2,0,0,0,0,0,0,0,0,0,0,0,0
adapter256,2,A0A6G9KHE4,1,1,1,1,1,1,0,0,0,0,0,0,1,1,1,1,1,1
adapter256,2,A0A6G9KIR5,1,2,2,2,2,2,1,0,0,0,0,0,1,0,0,0,0,0
adapter256,2,A0A6G9KJK9,2,2,2,2,2,2,0,0,0,0,0,0,0,0,0,0,0,0
adapter256,2,A0A6G9KJV6,2,2,2,2,2,2,0,0,0,0,0,0,0,0,0,0,0,0
adapter256,2,A0A6M3Z4D9,1,1,1,1,1,1,1,1,1,1,1,1,1,1,1,1,1,1
adapter256,2,A0A6M3Z4R1,2,2,2,2,2,2,0,0,0,0,0,0,0,0,0,0,0,0
adapter256,2,A0A6M3Z4R4,1,1,1,2,2,2,1,1,1,0,0,0,1,1,1,0,0,0
adapter256,2,A0A8U0LTF0,2,2,2,2,2,2,0,0,0,0,0,0,0,0,0,0,0,0
adapter256,2,A0A8U0LTY4,2,2,2,2,2,2,0,0,0,0,0,0,0,0,0,0,0,0
adapter256,2,A0A976XKR0,0,0,1,1,1,1,1,1,0,0,0,0,1,1,0,0,0,0
adapter256,2,A0SE59,2,2,2,2,2,2,0,0,0,0,0,0,0,0,0,0,0,0
adapter256,2,A0SE60,2,2,2,2,2,2,0,0,0,0,0,0,0,0,0,0,0,0
adapter256,2,A0T099,1,1,1,1,1,1,0,0,0,0,0,0,0,0,0,0,0,0
adapter256,2,A0T0S8,1,1,1,1,1,1,0,0,0,0,0,0,0,0,0,0,0,0
adapter256,2,A0ZZ18,0,0,0,0,0,0,1,1,1,1,1,1,0,0,0,0,0,0
adapter256,2,A1E9Q7,1,1,1,1,1,1,0,0,0,0,0,0,1,1,1,1,1,1
adapter256,2,A1E9Z1,0,0,0,0,0,0,1,1,1,1,1,1,1,1,1,1,1,1
adapter256,2,A1R6Q7,1,1,1,1,1,1,0,0,0,0,0,0,0,0,0,0,0,0
adapter256,2,A1SK13,1,1,1,1,1,1,0,0,0,0,0,0,0,0,0,0,0,0
adapter256,2,A1X8B8,1,2,2,2,2,2,1,0,0,0,0,0,1,0,0,0,0,0
adapter256,2,A1X8B9,1,1,2,2,2,2,1,1,0,0,0,0,1,1,0,0,0,0
adapter256,2,A1X8C2,2,2,2,2,2,2,0,0,0,0,0,0,0,0,0,0,0,0
adapter256,2,A1X8C3,2,2,2,2,2,2,0,0,0,0,0,0,0,0,0,0,0,0
adapter256,2,A1X8C6,0,0,0,0,0,0,1,1,1,1,1,1,1,1,1,1,1,1
adapter256,2,A1X8D0,1,1,1,1,1,1,0,0,0,0,0,0,0,0,0,0,0,0
adapter256,2,A1X8D8,0,1,1,1,1,1,1,0,0,0,0,0,2,1,1,1,1,1
adapter256,2,A1X8D9,0,1,1,1,1,1,1,0,0,0,0,0,2,1,1,1,1,1
adapter256,2,A2BP71,1,1,1,1,1,1,0,0,0,0,0,0,0,0,0,0,0,0
adapter256,2,A2BUQ3,1,1,1,1,1,1,0,0,0,0,0,0,0,0,0,0,0,0
adapter256,2,A2C0A5,1,1,1,1,1,1,0,0,0,0,0,0,0,0,0,0,0,0
adapter256,2,A2CCL2,1,1,1,1,1,1,0,0,0,0,0,0,0,0,0,0,0,0
adapter256,2,A3DT44,0,0,0,0,0,0,1,1,1,1,1,1,1,1,1,1,1,1
adapter256,2,A3PAZ3,1,1,1,1,1,1,0,0,0,0,0,0,0,0,0,0,0,0
adapter256,2,A4USB4,1,1,1,1,1,1,0,0,0,0,0,0,0,0,0,0,0,0
adapter256,2,A4X3P0,1,1,1,1,1,1,0,0,0,0,0,0,0,0,0,0,0,0
adapter256,2,A5GIE8,1,1,1,1,1,1,0,0,0,0,0,0,0,0,0,0,0,0
adapter256,2,A5GWF4,1,1,1,1,1,1,0,0,0,0,0,0,0,0,0,0,0,0
adapter256,2,A5LHX3,0,1,1,1,1,1,1,0,0,0,0,0,1,0,0,0,0,0
adapter256,2,A6LHQ9,0,0,0,0,1,1,1,1,1,1,0,0,1,1,1,1,0,0
adapter256,2,A6M934,2,2,2,2,2,2,0,0,0,0,0,0,0,0,0,0,0,0
adapter256,2,A6M938,0,1,1,1,1,1,1,0,0,0,0,0,2,1,1,1,1,1
adapter256,2,A6MFK7,0,1,2,2,2,2,2,1,0,0,0,0,2,1,0,0,0,0
adapter256,2,A6MFK8,0,1,2,2,2,2,2,1,0,0,0,0,2,1,0,0,0,0
adapter256,2,A6P331,0,0,0,0,0,0,1,1,1,1,1,1,2,2,2,2,2,2
adapter256,2,A6YRN9,0,0,0,0,0,0,1,1,1,1,1,1,0,0,0,0,0,0
adapter256,2,A6ZL22,1,1,1,1,1,1,0,0,0,0,0,0,0,0,0,0,0,0
adapter256,2,A6ZY20,1,1,1,1,1,1,0,0,0,0,0,0,0,0,0,0,0,0
adapter256,2,A7GT16,0,0,0,0,0,0,1,1,1,1,1,1,0,0,0,0,0,0
adapter256,2,A7SRR3,0,0,0,1,1,1,1,1,1,0,0,0,2,2,2,1,1,1
adapter256,2,A7Z6W8,0,0,0,0,0,0,1,1,1,1,1,1,0,0,0,0,0,0
adapter256,2,A8FFD9,0,0,0,0,0,0,1,1,1,1,1,1,0,0,0,0,0,0
adapter256,2,A8G2T2,1,1,1,1,1,1,0,0,0,0,0,0,0,0,0,0,0,0
adapter256,2,A9VHU8,0,0,0,0,0,0,1,1,1,1,1,1,0,0,0,0,0,0
adapter256,2,A9XDG0,1,1,1,1,1,1,0,0,0,0,0,0,0,0,0,0,0,0
adapter256,2,A9XDG1,1,1,1,1,1,1,0,0,0,0,0,0,0,0,0,0,0,0
adapter256,2,A9XDG2,1,1,1,1,1,1,0,0,0,0,0,0,0,0,0,0,0,0
adapter256,2,A9XDG3,1,1,1,1,1,1,0,0,0,0,0,0,0,0,0,0,0,0
adapter256,2,B0BK71,0,0,0,0,0,0,1,1,1,1,1,1,1,1,1,1,1,1
adapter256,2,B0BK72,0,0,0,0,0,0,1,1,1,1,1,1,1,1,1,1,1,1
adapter256,2,B0JSW8,1,1,1,1,1,1,0,0,0,0,0,0,0,0,0,0,0,0
adapter256,2,B0XT09,0,0,0,1,1,1,1,1,1,0,0,0,1,1,1,0,0,0
adapter256,2,B0XT72,0,1,1,1,1,1,1,0,0,0,0,0,2,1,1,1,1,1
adapter256,2,B0XVI5,0,0,0,0,0,0,1,1,1,1,1,1,1,1,1,1,1,1
adapter256,2,B0Y8H9,1,1,1,1,1,1,0,0,0,0,0,0,0,0,0,0,0,0
adapter256,2,B1P1H5,2,2,2,2,2,2,0,0,0,0,0,0,0,0,0,0,0,0
adapter256,2,B1WUL2,1,1,1,1,1,1,0,0,0,0,0,0,0,0,0,0,0,0
adapter256,2,B1XMN4,1,1,1,1,1,1,0,0,0,0,0,0,0,0,0,0,0,0
adapter256,2,B2CJ57,1,1,8,8,8,8,7,7,0,0,0,0,8,8,1,1,1,1
adapter256,2,B2J4T9,1,1,1,1,1,1,0,0,0,0,0,0,0,0,0,0,0,0
adapter256,2,B2KKV6,1,1,1,1,1,1,0,0,0,0,0,0,0,0,0,0,0,0
adapter256,2,B2KKV7,1,1,1,1,1,1,0,0,0,0,0,0,0,0,0,0,0,0
adapter256,2,B2KKV8,1,1,1,1,1,1,0,0,0,0,0,0,0,0,0,0,0,0
adapter256,2,B2KKW0,1,1,1,1,1,1,0,0,0,0,0,0,0,0,0,0,0,0
adapter256,2,B2RH54,1,1,1,1,1,1,0,0,0,0,0,0,0,0,0,0,0,0
adapter256,2,B2RH58,1,1,1,1,1,1,0,0,0,0,0,0,0,0,0,0,0,0
adapter256,2,B2Y1W5,1,1,1,1,1,1,0,0,0,0,0,0,0,0,0,0,0,0
adapter256,2,B3EWS9,0,0,0,0,0,1,2,2,2,2,2,1,1,1,1,1,1,0
adapter256,2,B3H5A9,5,5,5,5,5,5,0,0,0,0,0,0,0,0,0,0,0,0
adapter256,2,B5G6G5,0,0,1,1,1,1,2,2,1,1,1,1,2,2,1,1,1,1
adapter256,2,B5VE42,1,1,1,1,1,1,0,0,0,0,0,0,0,0,0,0,0,0
adapter256,2,B6D434,0,0,1,1,1,1,1,1,0,0,0,0,1,1,0,0,0,0
adapter256,2,B6DT16,3,3,3,3,3,3,2,2,2,2,2,2,1,1,1,1,1,1
adapter256,2,B6K9M7,0,0,0,0,0,0,1,1,1,1,1,1,1,1,1,1,1,1
adapter256,2,B6KAM0,0,0,0,0,0,0,1,1,1,1,1,1,1,1,1,1,1,1
adapter256,2,B6S2X0,0,0,1,1,1,1,1,1,0,0,0,0,1,1,0,0,0,0
adapter256,2,B6S2X2,0,0,0,0,0,0,1,1,1,1,1,1,0,0,0,0,0,0
adapter256,2,B7HCU7,0,0,0,0,0,0,1,1,1,1,1,1,0,0,0,0,0,0
adapter256,2,B7HPM0,0,0,0,0,0,0,1,1,1,1,1,1,0,0,0,0,0,0
adapter256,2,B7IYH4,0,0,0,0,0,0,1,1,1,1,1,1,0,0,0,0,0,0
adapter256,2,B7JNV3,0,0,0,0,0,0,1,1,1,1,1,1,0,0,0,0,0,0
adapter256,2,B7JVQ3,1,1,1,1,1,1,0,0,0,0,0,0,0,0,0,0,0,0
adapter256,2,B7K989,1,1,1,1,1,1,0,0,0,0,0,0,0,0,0,0,0,0
adapter256,2,B8H8L6,1,1,1,1,1,1,0,0,0,0,0,0,0,0,0,0,0,0
adapter256,2,B8HTR1,1,1,1,1,1,1,0,0,0,0,0,0,0,0,0,0,0,0
adapter256,2,B8JLQ9,1,1,1,1,1,1,0,0,0,0,0,0,0,0,0,0,0,0
adapter256,2,B8XH40,0,0,0,0,0,0,1,1,1,1,1,1,0,0,0,0,0,0
adapter256,2,B8XH50,1,1,1,2,2,2,1,1,1,0,0,0,1,1,1,0,0,0
adapter256,2,B9IY88,0,0,0,0,0,0,1,1,1,1,1,1,0,0,0,0,0,0
adapter256,2,C0HJV6,0,1,1,1,1,1,1,0,0,0,0,0,2,1,1,1,1,1
adapter256,2,C0HJV7,1,1,1,1,1,1,0,0,0,0,0,0,0,0,0,0,0,0
adapter256,2,C0HJV8,1,1,1,1,1,1,0,0,0,0,0,0,0,0,0,0,0,0
adapter256,2,C0HKF6,1,1,2,2,2,2,1,1,0,0,0,0,1,1,0,0,0,0
adapter256,2,C0HKS1,1,1,1,1,1,1,1,1,1,1,1,1,1,1,1,1,1,1
adapter256,2,C0HKT2,1,1,1,1,1,1,0,0,0,0,0,0,0,0,0,0,0,0
adapter256,2,C0HKT3,2,2,2,2,2,2,1,1,1,1,1,1,0,0,0,0,0,0
adapter256,2,C0HKY1,4,4,4,4,4,4,3,3,3,3,3,3,6,6,6,6,6,6
adapter256,2,C0KYC3,1,1,1,1,1,1,1,1,1,1,1,1,1,1,1,1,1,1
adapter256,2,C0KYC4,1,1,2,2,2,2,1,1,0,0,0,0,1,1,0,0,0,0
adapter256,2,C0KYC5,1,1,1,2,2,2,1,1,1,0,0,0,1,1,1,0,0,0
adapter256,2,C0KYC6,1,1,1,1,1,1,1,1,1,1,1,1,1,1,1,1,1,1
adapter256,2,C0L2T8,0,0,0,0,0,0,2,2,2,2,2,2,2,2,2,2,2,2
adapter256,2,C1ESL5,0,0,0,0,0,0,1,1,1,1,1,1,0,0,0,0,0,0
adapter256,2,C3L5S4,0,0,0,0,0,0,1,1,1,1,1,1,0,0,0,0,0,0
adapter256,2,C3P8M7,0,0,0,0,0,0,1,1,1,1,1,1,0,0,0,0,0,0
adapter256,2,C5BVA2,1,1,1,1,1,1,0,0,0,0,0,0,0,0,0,0,0,0
adapter256,2,C5D4U8,0,0,0,0,0,0,1,1,1,1,1,1,0,0,0,0,0,0
adapter256,2,C5J886,1,1,2,2,2,2,1,1,0,0,0,0,1,1,0,0,0,0
adapter256,2,C5J887,2,2,2,2,2,2,0,0,0,0,0,0,0,0,0,0,0,0
adapter256,2,C6FX52,0,1,1,1,1,1,1,0,0,0,0,0,2,1,1,1,1,1
adapter256,2,C6KSX0,1,1,1,1,1,1,0,0,0,0,0,0,0,0,0,0,0,0
adapter256,2,C6ZJQ2,2,2,2,2,2,2,0,0,0,0,0,0,0,0,0,0,0,0
adapter256,2,C7DQB9,1,1,1,2,2,2,1,1,1,0,0,0,1,1,1,0,0,0
adapter256,2,C7DQC0,0,1,1,1,2,2,2,1,1,1,0,0,2,1,1,1,0,0
adapter256,2,C7DQC1,0,1,1,1,1,1,2,1,1,1,1,1,1,0,0,0,0,0
adapter256,2,C7DQC2,2,2,2,2,2,2,0,0,0,0,0,0,0,0,0,0,0,0
adapter256,2,C7DQX6,2,2,2,2,2,2,0,0,0,0,0,0,0,0,0,0,0,0
adapter256,2,C7DQX8,2,2,2,2,2,2,0,0,0,0,0,0,0,0,0,0,0,0
adapter256,2,C7DQX9,1,2,2,2,2,2,1,0,0,0,0,0,1,0,0,0,0,0
adapter256,2,C7DQY0,0,0,0,0,0,0,2,2,2,2,2,2,1,1,1,1,1,1
adapter256,2,C7GQJ1,1,1,1,1,1,1,0,0,0,0,0,0,0,0,0,0,0,0
adapter256,2,C7LYP7,0,0,0,0,0,0,1,1,1,1,1,1,0,0,0,0,0,0
adapter256,2,C7R403,1,1,1,1,1,1,0,0,0,0,0,0,0,0,0,0,0,0
adapter256,2,C9E1R9,0,0,0,0,0,0,1,1,1,1,1,1,2,2,2,2,2,2
adapter256,2,C9E1S1,0,0,0,0,0,0,1,1,1,1,1,1,2,2,2,2,2,2
adapter256,2,D1BHT9,0,0,0,0,0,0,1,1,1,1,1,1,0,0,0,0,0,0
adapter256,2,D2DGD3,2,2,2,2,2,2,0,0,0,0,0,0,0,0,0,0,0,0
adapter256,2,D2DGD8,0,0,0,0,0,0,2,2,2,2,2,2,2,2,2,2,2,2
adapter256,2,D2DGD9,0,0,0,0,0,0,2,2,2,2,2,2,2,2,2,2,2,2
adapter256,2,D2Y2C5,1,1,1,1,1,1,1,1,1,1,1,1,0,0,0,0,0,0
adapter256,2,D2Y2C6,2,2,2,2,2,2,0,0,0,0,0,0,0,0,0,0,0,0
adapter256,2,D2Y2C7,1,1,1,1,1,1,1,1,1,1,1,1,0,0,0,0,0,0
adapter256,2,D2Y2C8,1,1,1,1,1,1,1,1,1,1,1,1,0,0,0,0,0,0
adapter256,2,D2Y498,1,1,1,1,1,1,0,0,0,0,0,0,1,1,1,1,1,1
adapter256,2,D2Y4A0,1,1,1,1,1,1,0,0,0,0,0,0,0,0,0,0,0,0
adapter256,2,D2Y4A1,1,1,1,1,1,1,0,0,0,0,0,0,1,1,1,1,1,1
adapter256,2,D2Y4A2,0,0,0,0,0,1,1,1,1,1,1,0,1,1,1,1,1,0
adapter256,2,D3JWK3,0,0,0,0,0,0,1,1,1,1,1,1,0,0,0,0,0,0
adapter256,2,D3JWK4,0,0,0,0,0,0,1,1,1,1,1,1,0,0,0,0,0,0
adapter256,2,D3JWK5,0,0,0,0,0,0,1,1,1,1,1,1,0,0,0,0,0,0
adapter256,2,D3JWK6,0,0,0,0,0,0,1,1,1,1,1,1,0,0,0,0,0,0
adapter256,2,D4ATC3,0,1,1,1,1,1,1,0,0,0,0,0,1,0,0,0,0,0
adapter256,2,D4HRK4,2,2,2,2,2,2,0,0,0,0,0,0,0,0,0,0,0,0
adapter256,2,D4HRK7,0,0,0,0,0,0,1,1,1,1,1,1,2,2,2,2,2,2
adapter256,2,D5KXG5,0,0,0,0,0,0,2,2,2,2,2,2,2,2,2,2,2,2
adapter256,2,D5LGE0,0,0,0,0,0,0,5,5,5,5,5,5,0,0,0,0,0,0
adapter256,2,D6C4H5,0,0,0,0,0,1,2,2,2,2,2,1,2,2,2,2,2,1
adapter256,2,D6C4J4,0,1,1,1,1,1,2,1,1,1,1,1,2,1,1,1,1,1
adapter256,2,D6C4J8,3,3,3,3,3,3,0,0,0,0,0,0,0,0,0,0,0,0
adapter256,2,D6C4K5,2,2,2,2,2,2,0,0,0,0,0,0,0,0,0,0,0,0
adapter256,2,D9IWN6,2,2,2,2,2,2,0,0,0,0,0,0,0,0,0,0,0,0
adapter256,2,D9IWN7,2,2,2,2,2,2,0,0,0,0,0,0,0,0,0,0,0,0
adapter256,2,D9U2A7,0,0,0,0,0,0,1,1,1,1,1,1,0,0,0,0,0,0
adapter256,2,E1ZVK3,1,1,2,2,2,2,4,4,3,3,3,3,3,3,2,2,2,2
adapter256,2,E2A6P1,0,0,0,0,0,0,1,1,1,1,1,1,2,2,2,2,2,2
adapter256,2,E2AJ76,1,1,1,2,2,2,1,1,1,0,0,0,2,2,2,1,1,1
adapter256,2,E2ARW3,1,1,1,1,1,1,0,0,0,0,0,0,1,1,1,1,1,1
adapter256,2,E2AX35,0,0,0,0,0,0,1,1,1,1,1,1,1,1,1,1,1,1
adapter256,2,E2AZE8,3,3,3,3,3,3,0,0,0,0,0,0,0,0,0,0,0,0
adapter256,2,E2DIH5,1,1,1,2,2,2,1,1,1,0,0,0,1,1,1,0,0,0
adapter256,2,E2DIH6,1,2,2,2,2,2,1,0,0,0,0,0,1,0,0,0,0,0
adapter256,2,E4VP07,2,2,2,2,2,2,0,0,0,0,0,0,0,0,0,0,0,0
adapter256,2,E5D3Z8,0,0,0,1,1,1,1,1,1,0,0,0,1,1,1,0,0,0
adapter256,2,E9NW26,0,0,0,0,0,0,1,1,1,1,1,1,1,1,1,1,1,1
adapter256,2,E9NW27,0,0,0,0,0,0,1,1,1,1,1,1,2,2,2,2,2,2
adapter256,2,F1CJ89,1,1,1,1,1,1,0,0,0,0,0,0,1,1,1,1,1,1
adapter256,2,F1DFM9,0,0,0,1,1,1,1,1,1,0,0,0,1,1,1,0,0,0
adapter256,2,F1NV61,1,1,1,1,2,2,1,1,1,1,0,0,1,1,1,1,0,0
adapter256,2,F4I082,1,1,1,1,1,1,0,0,0,0,0,0,0,0,0,0,0,0
adapter256,2,F4JIG1,0,1,1,1,1,1,1,0,0,0,0,0,1,0,0,0,0,0
adapter256,2,F8S122,0,0,0,0,0,0,1,1,1,1,1,1,0,0,0,0,0,0
adapter256,2,G0R947,1,1,1,1,1,1,0,0,0,0,0,0,0,0,0,0,0,0
adapter256,2,G0RUP7,1,1,1,1,1,1,0,0,0,0,0,0,0,0,0,0,0,0
adapter256,2,H2CYR5,2,2,2,2,2,2,0,0,0,0,0,0,0,0,0,0,0,0
adapter256,2,H7C8I3,2,2,2,2,2,2,0,0,0,0,0,0,0,0,0,0,0,0
adapter256,2,I0DEB3,2,2,2,2,2,2,0,0,0,0,0,0,0,0,0,0,0,0
adapter256,2,I0DEB4,2,2,2,2,2,2,0,0,0,0,0,0,0,0,0,0,0,0
adapter256,2,I0DEB5,2,2,2,2,2,2,0,0,0,0,0,0,0,0,0,0,0,0
adapter256,2,I0DEB6,2,2,2,2,2,2,0,0,0,0,0,0,0,0,0,0,0,0
adapter256,2,I2DBY1,1,1,1,1,1,1,0,0,0,0,0,0,0,0,0,0,0,0
adapter256,2,I2DBY2,0,0,0,0,0,0,1,1,1,1,1,1,1,1,1,1,1,1
adapter256,2,I2DBY3,0,0,0,0,0,0,1,1,1,1,1,1,1,1,1,1,1,1
adapter256,2,I6R1R5,0,0,0,0,0,0,1,1,1,1,1,1,1,1,1,1,1,1
adapter256,2,J9VS02,0,0,0,0,0,0,1,1,1,1,1,1,1,1,1,1,1,1
adapter256,2,K1XVG1,0,1,1,1,1,1,1,0,0,0,0,0,1,0,0,0,0,0
adapter256,2,K8DWB5,1,1,1,1,1,1,0,0,0,0,0,0,1,1,1,1,1,1
adapter256,2,K9USW8,0,0,0,0,0,0,1,1,1,1,1,1,0,0,0,0,0,0
adapter256,2,L0GAZ8,2,2,2,2,2,2,0,0,0,0,0,0,0,0,0,0,0,0
adapter256,2,L0GCV8,2,2,2,2,2,2,0,0,0,0,0,0,0,0,0,0,0,0
adapter256,2,O01382,0,0,0,0,0,0,2,2,2,2,2,2,2,2,2,2,2,2
adapter256,2,O02002,0,0,0,0,0,0,2,2,2,2,2,2,2,2,2,2,2,2
adapter256,2,O08524,0,0,1,1,1,1,1,1,0,0,0,0,1,1,0,0,0,0
adapter256,2,O08738,1,1,1,1,2,2,1,1,1,1,0,0,1,1,1,1,0,0
adapter256,2,O13318,1,1,1,1,1,1,0,0,0,0,0,0,0,0,0,0,0,0
adapter256,2,O13547,1,1,1,1,1,1,0,0,0,0,0,0,0,0,0,0,0,0
adapter256,2,O13692,1,1,1,1,1,1,0,0,0,0,0,0,0,0,0,0,0,0
adapter256,2,O15130,1,1,2,2,2,2,3,3,2,2,2,2,2,2,1,1,1,1
adapter256,2,O18494,0,1,1,1,1,1,2,1,1,1,1,1,1,0,0,0,0,0
adapter256,2,O18495,0,1,1,1,1,1,2,1,1,1,1,1,1,0,0,0,0,0
adapter256,2,O18496,0,1,1,1,1,1,2,1,1,1,1,1,1,0,0,0,0,0
adapter256,2,O24565,1,1,1,1,1,1,0,0,0,0,0,0,1,1,1,1,1,1
adapter256,2,O24567,0,0,0,0,1,1,1,1,1,1,0,0,1,1,1,1,0,0
adapter256,2,O24572,1,1,1,1,1,1,0,0,0,0,0,0,1,1,1,1,1,1
adapter256,2,O24602,1,1,1,1,1,1,0,0,0,0,0,0,1,1,1,1,1,1
adapter256,2,O24618,1,1,1,1,1,1,0,0,0,0,0,0,1,1,1,1,1,1
adapter256,2,O31840,1,2,2,2,2,2,1,0,0,0,0,0,1,0,0,0,0,0
adapter256,2,O32025,0,0,0,0,0,0,3,3,3,3,3,3,2,2,2,2,2,2
adapter256,2,O32295,2,2,2,2,2,2,0,0,0,0,0,0,0,0,0,0,0,0
adapter256,2,O32389,1,1,1,1,1,1,0,0,0,0,0,0,0,0,0,0,0,0
adapter256,2,O35314,1,1,1,1,1,1,0,0,0,0,0,0,2,2,2,2,2,2
adapter256,2,O35397,1,1,1,2,2,2,1,1,1,0,0,0,1,1,1,0,0,0
adapter256,2,O44185,9,9,9,9,9,9,1,1,1,1,1,1,1,1,1,1,1,1
adapter256,2,O44516,0,1,1,1,1,1,1,0,0,0,0,0,1,0,0,0,0,0
adapter256,2,O48915,0,1,1,1,1,1,1,0,0,0,0,0,1,0,0,0,0,0
adapter256,2,O49644,1,1,1,1,1,1,0,0,0,0,0,0,0,0,0,0,0,0
adapter256,2,O49645,0,0,0,1,1,1,1,1,1,0,0,0,1,1,1,0,0,0
adapter256,2,O57413,0,0,0,0,0,0,1,1,1,1,1,1,0,0,0,0,0,0
adapter256,2,O60087,0,0,0,1,1,1,1,1,1,0,0,0,1,1,1,0,0,0
adapter256,2,O64864,1,1,1,1,1,1,0,0,0,0,0,0,0,0,0,0,0,0
adapter256,2,O64865,1,1,1,1,1,1,0,0,0,0,0,0,0,0,0,0,0,0
adapter256,2,O73795,0,0,0,0,0,0,1,1,1,1,1,1,1,1,1,1,1,1
adapter256,2,O75003,0,0,0,0,0,0,1,1,1,1,1,1,0,0,0,0,0,0
adapter256,2,O77256,1,2,2,2,2,2,1,0,0,0,0,0,1,0,0,0,0,0
adapter256,2,O78504,1,1,1,1,1,1,0,0,0,0,0,0,0,0,0,0,0,0
adapter256,2,O82081,0,0,0,1,1,1,1,1,1,0,0,0,1,1,1,0,0,0
adapter256,2,O82549,0,0,0,0,0,0,1,1,1,1,1,1,0,0,0,0,0,0
adapter256,2,O88947,0,1,1,2,2,2,2,1,1,0,0,0,2,1,1,0,0,0
adapter256,2,O89094,0,0,0,0,0,0,1,1,1,1,1,1,2,2,2,2,2,2
adapter256,2,O94779,1,1,1,1,1,1,0,0,0,0,0,0,1,1,1,1,1,1
adapter256,2,O95831,0,0,0,0,0,0,1,1,1,1,1,1,0,0,0,0,0,0
adapter256,2,O95980,1,1,1,1,1,1,0,0,0,0,0,0,0,0,0,0,0,0
adapter256,2,O96447,0,0,0,0,0,0,1,1,1,1,1,1,0,0,0,0,0,0
adapter256,2,O96812,1,1,1,1,1,1,0,0,0,0,0,0,0,0,0,0,0,0
adapter256,2,P00740,1,1,1,1,1,1,1,1,1,1,1,1,0,0,0,0,0,0
adapter256,2,P00741,1,1,1,1,1,1,1,1,1,1,1,1,1,1,1,1,1,1
adapter256,2,P00742,0,0,0,0,0,0,1,1,1,1,1,1,2,2,2,2,2,2
adapter256,2,P00745,1,1,1,1,1,1,1,1,1,1,1,1,1,1,1,1,1,1
adapter256,2,P00750,1,1,1,1,1,1,0,0,0,0,0,0,0,0,0,0,0,0
adapter256,2,P01068,0,0,0,0,0,0,12,12,12,12,12,12,0,0,0,0,0,0
adapter256,2,P01156,2,2,2,2,2,2,1,1,1,1,1,1,1,1,1,1,1,1
adapter256,2,P01252,1,1,1,1,1,1,0,0,0,0,0,0,0,0,0,0,0,0
adapter256,2,P01344,1,1,1,1,1,1,0,0,0,0,0,0,1,1,1,1,1,1
adapter256,2,P01346,1,1,1,1,1,1,0,0,0,0,0,0,2,2,2,2,2,2
adapter256,2,P01357,1,4,5,5,5,5,5,2,1,1,1,1,14,11,10,10,10,10
adapter256,2,P01358,0,0,0,1,1,1,1,1,1,0,0,0,1,1,1,0,0,0
adapter256,2,P01501,2,2,2,2,2,2,0,0,0,0,0,0,0,0,0,0,0,0
adapter256,2,P01579,0,0,0,0,0,0,1,1,1,1,1,1,1,1,1,1,1,1
adapter256,2,P02545,0,0,0,0,0,0,1,1,1,1,1,1,0,0,0,0,0,0
adapter256,2,P02674,1,1,1,1,1,1,0,0,0,0,0,0,0,0,0,0,0,0
adapter256,2,P02681,0,0,0,0,0,0,1,1,1,1,1,1,0,0,0,0,0,0
adapter256,2,P02876,0,0,1,1,1,1,1,1,0,0,0,0,1,1,0,0,0,0
adapter256,2,P03997,0,0,0,0,0,0,1,1,1,1,1,1,0,0,0,0,0,0
adapter256,2,P03998,0,0,0,0,0,0,1,1,1,1,1,1,0,0,0,0,0,0
adapter256,2,P04002,0,0,0,0,0,0,1,1,1,1,1,1,1,1,1,1,1,1
adapter256,2,P04070,1,1,1,1,1,1,1,1,1,1,1,1,1,1,1,1,1,1
adapter256,2,P04124,1,1,1,1,1,1,0,0,0,0,0,0,0,0,0,0,0,0
adapter256,2,P05017,0,0,0,0,0,0,1,1,1,1,1,1,2,2,2,2,2,2
adapter256,2,P05019,0,0,0,0,0,0,1,1,1,1,1,1,0,0,0,0,0,0
adapter256,2,P05060,1,1,1,1,1,1,0,0,0,0,0,0,2,2,2,2,2,2
adapter256,2,P05118,0,1,1,1,1,1,1,0,0,0,0,0,1,0,0,0,0,0
adapter256,2,P05222,1,2,2,2,2,2,1,0,0,0,0,0,8,7,7,7,7,7
adapter256,2,P05224,1,3,3,4,4,4,4,2,2,1,1,1,10,8,8,7,7,7
adapter256,2,P05225,0,4,4,4,4,4,5,1,1,1,1,1,14,10,10,10,10,10
adapter256,2,P05226,1,4,5,5,5,5,5,2,1,1,1,1,14,11,10,10,10,10
adapter256,2,P06302,1,1,1,1,1,1,0,0,0,0,0,0,0,0,0,0,0,0
adapter256,2,P06454,1,1,1,1,1,1,0,0,0,0,0,0,0,0,0,0,0,0
adapter256,2,P06731,0,1,1,1,1,1,1,0,0,0,0,0,1,0,0,0,0,0
adapter256,2,P07095,0,0,0,0,0,0,1,1,1,1,1,1,0,0,0,0,0,0
adapter256,2,P07455,0,0,0,0,0,0,1,1,1,1,1,1,1,1,1,1,1,1
adapter256,2,P07456,0,0,0,0,0,0,1,1,1,1,1,1,2,2,2,2,2,2
adapter256,2,P07835,0,0,0,0,1,1,1,1,1,1,0,0,2,2,2,2,1,1
adapter256,2,P07907,0,0,0,0,0,0,4,4,4,4,4,4,0,0,0,0,0,0
adapter256,2,P08025,0,0,0,0,0,0,1,1,1,1,1,1,2,2,2,2,2,2
adapter256,2,P08454,0,1,1,1,1,1,1,0,0,0,0,0,1,0,0,0,0,0
adapter256,2,P08459,1,1,1,1,1,1,0,0,0,0,0,0,0,0,0,0,0,0
adapter256,2,P08709,1,1,1,1,1,1,0,0,0,0,0,0,0,0,0,0,0,0
adapter256,2,P09031,0,0,0,0,0,0,1,1,1,1,1,1,1,1,1,1,1,1
adapter256,2,P09166,0,0,0,0,0,0,1,1,1,1,1,1,1,1,1,1,1,1
adapter256,2,P09167,0,0,0,0,0,0,1,1,1,1,1,1,1,1,1,1,1,1
adapter256,2,P09535,0,0,0,0,0,0,1,1,1,1,1,1,2,2,2,2,2,2
adapter256,2,P09598,1,1,1,1,1,1,0,0,0,0,0,0,0,0,0,0,0,0
adapter256,2,P09989,0,0,0,0,0,0,1,1,1,1,1,1,1,1,1,1,1,1
adapter256,2,P0C0P5,0,0,0,0,0,0,2,2,2,2,2,2,3,3,3,3,3,3
adapter256,2,P0C0P6,0,0,0,0,0,0,2,2,2,2,2,2,3,3,3,3,3,3
adapter256,2,P0C0P7,0,0,0,0,0,0,2,2,2,2,2,2,3,3,3,3,3,3
adapter256,2,P0C0P8,0,0,0,0,0,1,2,2,2,2,2,1,2,2,2,2,2,1
adapter256,2,P0C1V9,2,2,2,2,2,2,0,0,0,0,0,0,0,0,0,0,0,0
adapter256,2,P0C1W0,1,1,1,1,2,2,1,1,1,1,0,0,1,1,1,1,0,0
adapter256,2,P0C1X1,0,1,1,1,1,1,3,2,2,2,2,2,3,2,2,2,2,2
adapter256,2,P0C1Y2,1,1,1,2,2,2,1,1,1,0,0,0,1,1,1,0,0,0
adapter256,2,P0C252,0,0,0,0,1,1,1,1,1,1,0,0,2,2,2,2,1,1
adapter256,2,P0C254,1,1,1,1,1,1,0,0,0,0,0,0,1,1,1,1,1,1
adapter256,2,P0C255,0,0,0,0,1,1,1,1,1,1,0,0,2,2,2,2,1,1
adapter256,2,P0C2B0,2,2,2,2,2,2,0,0,0,0,0,0,0,0,0,0,0,0
adapter256,2,P0C2B1,1,1,1,2,2,2,1,1,1,0,0,0,1,1,1,0,0,0
adapter256,2,P0C2F3,0,0,0,0,0,0,1,1,1,1,1,1,1,1,1,1,1,1
adapter256,2,P0C2S9,0,1,1,1,1,1,1,0,0,0,0,0,2,1,1,1,1,1
adapter256,2,P0C408,1,1,1,1,1,1,0,0,0,0,0,0,0,0,0,0,0,0
adapter256,2,P0C409,1,1,1,1,1,1,0,0,0,0,0,0,0,0,0,0,0,0
adapter256,2,P0C410,1,1,1,1,1,1,0,0,0,0,0,0,0,0,0,0,0,0
adapter256,2,P0C636,2,2,2,2,2,2,0,0,0,0,0,0,0,0,0,0,0,0
adapter256,2,P0C637,2,2,2,2,2,2,0,0,0,0,0,0,0,0,0,0,0,0
adapter256,2,P0C638,2,2,2,2,2,2,0,0,0,0,0,0,0,0,0,0,0,0
adapter256,2,P0C639,2,2,2,2,2,2,0,0,0,0,0,0,0,0,0,0,0,0
adapter256,2,P0C640,1,2,2,2,2,2,1,0,0,0,0,0,1,0,0,0,0,0
adapter256,2,P0C666,0,0,0,0,0,0,2,2,2,2,2,2,2,2,2,2,2,2
adapter256,2,P0C667,0,2,2,2,2,2,2,0,0,0,0,0,2,0,0,0,0,0
adapter256,2,P0C668,1,1,2,2,2,2,1,1,0,0,0,0,1,1,0,0,0,0
adapter256,2,P0C670,0,1,1,1,1,2,2,1,1,1,1,0,2,1,1,1,1,0
adapter256,2,P0C6E4,0,0,0,0,0,0,1,1,1,1,1,1,2,2,2,2,2,2
adapter256,2,P0C6E8,0,0,0,0,0,0,1,1,1,1,1,1,1,1,1,1,1,1
adapter256,2,P0C7S9,0,1,1,1,1,1,1,0,0,0,0,0,2,1,1,1,1,1
adapter256,2,P0C828,0,0,0,0,0,0,2,2,2,2,2,2,2,2,2,2,2,2
adapter256,2,P0C829,1,2,2,3,3,3,2,1,1,0,0,0,2,1,1,0,0,0
adapter256,2,P0C8P8,0,0,1,1,1,1,1,1,0,0,0,0,2,2,1,1,1,1
adapter256,2,P0C8P9,1,2,2,2,2,2,1,0,0,0,0,0,1,0,0,0,0,0
adapter256,2,P0C8R2,0,0,0,1,1,1,1,1,1,0,0,0,2,2,2,1,1,1
adapter256,2,P0C8U4,2,2,2,2,2,2,0,0,0,0,0,0,0,0,0,0,0,0
adapter256,2,P0C8U6,1,2,2,2,2,2,1,0,0,0,0,0,1,0,0,0,0,0
adapter256,2,P0C8U7,1,2,2,2,2,2,1,0,0,0,0,0,1,0,0,0,0,0
adapter256,2,P0C8U8,1,1,1,1,2,2,1,1,1,1,0,0,1,1,1,1,0,0
adapter256,2,P0C8U9,1,1,1,1,2,2,1,1,1,1,0,0,1,1,1,1,0,0
adapter256,2,P0C8V0,2,2,2,2,2,2,0,0,0,0,0,0,0,0,0,0,0,0
adapter256,2,P0C8W1,2,2,2,2,2,2,0,0,0,0,0,0,0,0,0,0,0,0
adapter256,2,P0C8W2,2,2,2,2,2,2,0,0,0,0,0,0,0,0,0,0,0,0
adapter256,2,P0C901,0,0,0,0,0,0,2,2,2,2,2,2,2,2,2,2,2,2
adapter256,2,P0C940,1,1,1,1,1,1,0,0,0,0,0,0,0,0,0,0,0,0
adapter256,2,P0C954,1,1,1,1,1,1,0,0,0,0,0,0,0,0,0,0,0,0
adapter256,2,P0C955,0,0,0,0,0,0,1,1,1,1,1,1,1,1,1,1,1,1
adapter256,2,P0C956,0,0,0,0,0,0,1,1,1,1,1,1,1,1,1,1,1,1
adapter256,2,P0CAQ2,0,0,0,0,0,0,2,2,2,2,2,2,2,2,2,2,2,2
adapter256,2,P0CAQ3,0,0,0,0,0,0,2,2,2,2,2,2,2,2,2,2,2,2
adapter256,2,P0CAQ5,2,2,2,2,2,2,0,0,0,0,0,0,0,0,0,0,0,0
adapter256,2,P0CAQ6,2,2,2,2,2,2,0,0,0,0,0,0,0,0,0,0,0,0
adapter256,2,P0CAQ7,0,0,0,0,0,0,1,1,1,1,1,1,1,1,1,1,1,1
adapter256,2,P0CAQ8,0,1,1,1,1,1,1,0,0,0,0,0,1,0,0,0,0,0
adapter256,2,P0CAQ9,0,1,1,1,1,1,1,0,0,0,0,0,2,1,1,1,1,1
adapter256,2,P0CAZ2,1,1,1,1,1,1,0,0,0,0,0,0,0,0,0,0,0,0
adapter256,2,P0CAZ3,1,1,1,1,1,1,0,0,0,0,0,0,0,0,0,0,0,0
adapter256,2,P0CAZ4,1,1,1,1,1,1,0,0,0,0,0,0,0,0,0,0,0,0
adapter256,2,P0CAZ5,1,1,1,1,1,1,0,0,0,0,0,0,0,0,0,0,0,0
adapter256,2,P0CAZ6,1,1,1,1,1,1,0,0,0,0,0,0,0,0,0,0,0,0
adapter256,2,P0CAZ7,1,1,1,1,1,1,0,0,0,0,0,0,0,0,0,0,0,0
adapter256,2,P0CAZ8,0,0,0,1,1,1,1,1,1,0,0,0,2,2,2,1,1,1
adapter256,2,P0CAZ9,1,1,1,1,1,1,0,0,0,0,0,0,1,1,1,1,1,1
adapter256,2,P0CB07,2,2,2,2,2,2,0,0,0,0,0,0,0,0,0,0,0,0
adapter256,2,P0CB08,0,2,2,2,2,2,2,0,0,0,0,0,2,0,0,0,0,0
adapter256,2,P0CB12,2,2,2,2,2,2,0,0,0,0,0,0,0,0,0,0,0,0
adapter256,2,P0CB14,0,0,0,0,0,0,1,1,1,1,1,1,2,2,2,2,2,2
adapter256,2,P0CE73,2,2,2,2,2,2,0,0,0,0,0,0,0,0,0,0,0,0
adapter256,2,P0CE75,0,0,0,1,1,1,3,3,3,2,2,2,3,3,3,2,2,2
adapter256,2,P0CE76,0,0,0,1,1,1,3,3,3,2,2,2,3,3,3,2,2,2
adapter256,2,P0CE79,1,1,1,1,1,1,0,0,0,0,0,0,0,0,0,0,0,0
adapter256,2,P0CE80,1,1,1,1,1,1,0,0,0,0,0,0,0,0,0,0,0,0
adapter256,2,P0CE81,1,1,1,1,1,1,0,0,0,0,0,0,0,0,0,0,0,0
adapter256,2,P0CE82,1,1,1,1,1,1,0,0,0,0,0,0,0,0,0,0,0,0
adapter256,2,P0CE83,1,1,1,1,1,1,0,0,0,0,0,0,0,0,0,0,0,0
adapter256,2,P0CH50,0,1,1,1,1,1,1,0,0,0,0,0,1,0,0,0,0,0
adapter256,2,P0CI13,0,0,1,1,1,1,1,1,0,0,0,0,2,2,1,1,1,1
adapter256,2,P0CI49,0,0,0,0,0,0,1,1,1,1,1,1,0,0,0,0,0,0
adapter256,2,P0CY75,2,2,2,2,2,2,0,0,0,0,0,0,0,0,0,0,0,0
adapter256,2,P0CY76,0,0,0,0,1,1,1,1,1,1,0,0,1,1,1,1,0,0
adapter256,2,P0CY77,1,1,1,1,1,1,0,0,0,0,0,0,1,1,1,1,1,1
adapter256,2,P0CY78,0,0,0,0,0,0,2,2,2,2,2,2,2,2,2,2,2,2
adapter256,2,P0CY80,1,1,1,1,1,1,1,1,1,1,1,1,0,0,0,0,0,0
adapter256,2,P0CY81,0,0,2,2,2,2,2,2,0,0,0,0,2,2,0,0,0,0
adapter256,2,P0CY82,0,0,0,0,0,0,2,2,2,2,2,2,2,2,2,2,2,2
adapter256,2,P0CY86,2,2,2,2,2,2,0,0,0,0,0,0,0,0,0,0,0,0
adapter256,2,P0DJ02,2,2,2,2,2,2,0,0,0,0,0,0,0,0,0,0,0,0
adapter256,2,P0DJ03,2,2,2,2,2,2,0,0,0,0,0,0,0,0,0,0,0,0
adapter256,2,P0DJO3,2,2,2,2,2,2,0,0,0,0,0,0,0,0,0,0,0,0
adapter256,2,P0DJO4,2,2,2,2,2,2,0,0,0,0,0,0,0,0,0,0,0,0
adapter256,2,P0DKM1,1,1,1,1,1,1,0,0,0,0,0,0,1,1,1,1,1,1
adapter256,2,P0DKN0,0,0,0,1,1,1,1,1,1,0,0,0,1,1,1,0,0,0
adapter256,2,P0DKP4,1,1,1,1,1,1,3,3,3,3,3,3,1,1,1,1,1,1
adapter256,2,P0DKP6,0,0,1,2,2,2,2,2,1,0,0,0,2,2,1,0,0,0
adapter256,2,P0DKP8,0,0,1,2,2,2,2,2,1,0,0,0,2,2,1,0,0,0
adapter256,2,P0DM21,2,2,2,2,2,2,0,0,0,0,0,0,0,0,0,0,0,0
adapter256,2,P0DM23,2,2,2,2,2,2,0,0,0,0,0,0,0,0,0,0,0,0
adapter256,2,P0DM26,0,0,0,0,0,0,3,3,3,3,3,3,2,2,2,2,2,2
adapter256,2,P0DME6,2,2,2,2,2,2,0,0,0,0,0,0,0,0,0,0,0,0
adapter256,2,P0DME7,2,2,2,2,2,2,0,0,0,0,0,0,0,0,0,0,0,0
adapter256,2,P0DME8,2,2,2,2,2,2,0,0,0,0,0,0,0,0,0,0,0,0
adapter256,2,P0DME9,2,2,2,2,2,2,0,0,0,0,0,0,0,0,0,0,0,0
adapter256,2,P0DMF1,1,1,1,1,1,1,0,0,0,0,0,0,3,3,3,3,3,3
adapter256,2,P0DMF4,2,2,2,2,2,2,0,0,0,0,0,0,0,0,0,0,0,0
adapter256,2,P0DMF5,1,1,1,1,1,1,1,1,1,1,1,1,2,2,2,2,2,2
adapter256,2,P0DMF6,2,2,2,2,2,2,0,0,0,0,0,0,0,0,0,0,0,0
adapter256,2,P0DMF7,0,1,1,2,2,2,2,1,1,0,0,0,2,1,1,0,0,0
adapter256,2,P0DMF9,2,2,2,2,2,2,0,0,0,0,0,0,0,0,0,0,0,0
adapter256,2,P0DMZ2,1,1,1,1,1,1,0,0,0,0,0,0,0,0,0,0,0,0
adapter256,2,P0DMZ8,2,2,5,5,5,5,3,3,0,0,0,0,6,6,3,3,3,3
adapter256,2,P0DMZ9,4,4,5,5,5,5,1,1,0,0,0,0,2,2,1,1,1,1
adapter256,2,P0DN46,0,0,2,2,2,2,2,2,0,0,0,0,2,2,0,0,0,0
adapter256,2,P0DN47,0,2,2,2,2,2,2,0,0,0,0,0,2,0,0,0,0,0
adapter256,2,P0DOZ7,2,2,3,3,3,3,1,1,0,0,0,0,1,1,0,0,0,0
adapter256,2,P0DPE6,0,0,0,0,0,0,1,1,1,1,1,1,2,2,2,2,2,2
adapter256,2,P0DPL8,0,0,1,1,1,1,2,2,1,1,1,1,2,2,1,1,1,1
adapter256,2,P0DPL9,0,1,1,1,2,2,2,1,1,1,0,0,2,1,1,1,0,0
adapter256,2,P0DPM0,0,1,2,2,2,2,2,1,0,0,0,0,2,1,0,0,0,0
adapter256,2,P0DPM1,2,2,2,2,2,2,0,0,0,0,0,0,0,0,0,0,0,0
adapter256,2,P0DPT2,1,1,1,1,1,1,0,0,0,0,0,0,1,1,1,1,1,1
adapter256,2,P0DQJ4,1,1,1,1,1,1,0,0,0,0,0,0,1,1,1,1,1,1
adapter256,2,P0DQP3,0,0,0,0,0,0,1,1,1,1,1,1,1,1,1,1,1,1
adapter256,2,P0DQP4,0,1,1,1,1,1,1,0,0,0,0,0,1,0,0,0,0,0
adapter256,2,P0DQR6,1,1,1,1,1,1,0,0,0,0,0,0,1,1,1,1,1,1
adapter256,2,P0DRD0,1,2,2,2,2,2,1,0,0,0,0,0,1,0,0,0,0,0
adapter256,2,P0DRD1,1,2,2,2,2,2,1,0,0,0,0,0,1,0,0,0,0,0
adapter256,2,P0DRD2,2,2,2,2,2,2,0,0,0,0,0,0,0,0,0,0,0,0
adapter256,2,P0DRD4,0,2,2,2,2,2,2,0,0,0,0,0,2,0,0,0,0,0
adapter256,2,P0DRD5,1,1,2,2,2,2,1,1,0,0,0,0,1,1,0,0,0,0
adapter256,2,P0DRH5,1,1,1,2,2,2,1,1,1,0,0,0,1,1,1,0,0,0
adapter256,2,P0DRH6,1,1,1,2,2,2,1,1,1,0,0,0,1,1,1,0,0,0
adapter256,2,P0DRH7,1,1,2,2,2,2,1,1,0,0,0,0,1,1,0,0,0,0
adapter256,2,P0DRH9,1,1,1,1,1,1,1,1,1,1,1,1,2,2,2,2,2,2
adapter256,2,P0DRI0,0,0,0,1,1,1,2,2,2,1,1,1,3,3,3,2,2,2
adapter256,2,P0DRI1,0,0,0,1,1,1,2,2,2,1,1,1,3,3,3,2,2,2
adapter256,2,P0DRI3,0,0,1,1,1,1,1,1,0,0,0,0,1,1,0,0,0,0
adapter256,2,P0DSI4,2,2,2,2,2,2,0,0,0,0,0,0,0,0,0,0,0,0
adapter256,2,P0DSI5,2,2,2,2,2,2,0,0,0,0,0,0,0,0,0,0,0,0
adapter256,2,P0DSI6,0,0,0,0,0,0,2,2,2,2,2,2,1,1,1,1,1,1
adapter256,2,P0DSJ4,0,1,1,1,1,1,1,0,0,0,0,0,2,1,1,1,1,1
adapter256,2,P0DSJ5,1,1,1,1,1,1,0,0,0,0,0,0,1,1,1,1,1,1
adapter256,2,P0DSJ8,0,0,1,1,1,2,2,2,1,1,1,0,2,2,1,1,1,0
adapter256,2,P0DSJ9,0,0,1,1,1,2,2,2,1,1,1,0,2,2,1,1,1,0
adapter256,2,P0DSK1,0,0,1,1,1,1,2,2,1,1,1,1,2,2,1,1,1,1
adapter256,2,P0DSK4,0,0,0,0,1,1,1,1,1,1,0,0,2,2,2,2,1,1
adapter256,2,P0DUG2,0,0,1,1,1,1,1,1,0,0,0,0,1,1,0,0,0,0
adapter256,2,P0DUJ5,1,1,2,2,2,2,1,1,0,0,0,0,1,1,0,0,0,0
adapter256,2,P0DUQ4,2,3,3,3,3,3,1,0,0,0,0,0,1,0,0,0,0,0
adapter256,2,P0DUQ8,0,1,1,1,1,1,1,0,0,0,0,0,2,1,1,1,1,1
adapter256,2,P0DV71,1,1,1,1,1,1,0,0,0,0,0,0,0,0,0,0,0,0
adapter256,2,P0DW72,1,1,1,1,1,1,0,0,0,0,0,0,1,1,1,1,1,1
adapter256,2,P0DX20,0,0,0,0,0,0,1,1,1,1,1,1,2,2,2,2,2,2
adapter256,2,P0DX61,2,2,2,2,2,2,0,0,0,0,0,0,0,0,0,0,0,0
adapter256,2,P0DX64,2,2,2,2,2,2,0,0,0,0,0,0,0,0,0,0,0,0
adapter256,2,P0DXT1,2,2,2,2,2,2,0,0,0,0,0,0,0,0,0,0,0,0
adapter256,2,P0DXT2,2,2,2,2,2,2,0,0,0,0,0,0,0,0,0,0,0,0
adapter256,2,P0DXT3,1,1,1,1,1,1,0,0,0,0,0,0,1,1,1,1,1,1
adapter256,2,P0DXT4,2,2,2,2,2,2,0,0,0,0,0,0,0,0,0,0,0,0
adapter256,2,P0DXT5,2,2,2,2,2,2,0,0,0,0,0,0,0,0,0,0,0,0
adapter256,2,P0DXT7,2,2,2,2,2,2,0,0,0,0,0,0,0,0,0,0,0,0
adapter256,2,P0DXT8,2,2,2,2,2,2,0,0,0,0,0,0,0,0,0,0,0,0
adapter256,2,P0DXT9,1,2,2,2,2,2,1,0,0,0,0,0,1,0,0,0,0,0
adapter256,2,P0DXU0,1,2,2,2,2,2,1,0,0,0,0,0,1,0,0,0,0,0
adapter256,2,P0DXU1,1,1,2,2,2,2,1,1,0,0,0,0,1,1,0,0,0,0
adapter256,2,P0DXZ8,1,1,1,2,2,2,1,1,1,0,0,0,1,1,1,0,0,0
adapter256,2,P0DY01,1,1,1,2,2,2,1,1,1,0,0,0,1,1,1,0,0,0
adapter256,2,P0DY02,1,1,1,2,2,2,1,1,1,0,0,0,1,1,1,0,0,0
adapter256,2,P0DY17,1,1,1,2,2,2,1,1,1,0,0,0,1,1,1,0,0,0
adapter256,2,P0DY19,0,0,0,0,0,0,1,1,1,1,1,1,3,3,3,3,3,3
adapter256,2,P0DY25,0,0,0,0,1,1,2,2,2,2,1,1,1,1,1,1,0,0
adapter256,2,P0DY99,0,0,0,0,0,0,2,2,2,2,2,2,1,1,1,1,1,1
adapter256,2,P10347,1,1,1,1,1,1,0,0,0,0,0,0,0,0,0,0,0,0
adapter256,2,P10348,1,1,1,1,1,1,0,0,0,0,0,0,0,0,0,0,0,0
adapter256,2,P10673,2,2,2,2,2,2,0,0,0,0,0,0,1,1,1,1,1,1
adapter256,2,P10743,0,0,1,1,1,1,1,1,0,0,0,0,1,1,0,0,0,0
adapter256,2,P10763,0,0,0,0,0,0,1,1,1,1,1,1,1,1,1,1,1,1
adapter256,2,P10764,0,0,0,0,0,0,1,1,1,1,1,1,2,2,2,2,2,2
adapter256,2,P10863,1,1,1,1,1,1,0,0,0,0,0,0,0,0,0,0,0,0
adapter256,2,P10968,1,1,1,1,1,1,0,0,0,0,0,0,0,0,0,0,0,0
adapter256,2,P10969,1,1,1,1,1,1,0,0,0,0,0,0,0,0,0,0,0,0
adapter256,2,P11006,7,7,7,7,7,7,12,12,12,12,12,12,6,6,6,6,6,6
adapter256,2,P11214,1,1,1,1,1,1,0,0,0,0,0,0,0,0,0,0,0,0
adapter256,2,P11863,1,1,1,1,1,1,0,0,0,0,0,0,0,0,0,0,0,0
adapter256,2,P12163,0,0,0,0,0,0,1,1,1,1,1,1,0,0,0,0,0,0
adapter256,2,P12164,0,0,0,0,0,0,1,1,1,1,1,1,0,0,0,0,0,0
adapter256,2,P12729,1,1,1,1,1,1,0,0,0,0,0,0,0,0,0,0,0,0
adapter256,2,P12960,0,0,0,0,0,1,1,1,1,1,1,0,2,2,2,2,2,1
adapter256,2,P13208,0,2,2,2,3,23,25,23,23,23,22,2,23,21,21,21,20,0
adapter256,2,P13684,0,1,1,1,1,1,2,1,1,1,1,1,3,2,2,2,2,2
adapter256,2,P14089,1,1,1,1,1,1,0,0,0,0,0,0,0,0,0,0,0,0
adapter256,2,P14530,0,0,0,0,0,0,1,1,1,1,1,1,1,1,1,1,1,1
adapter256,2,P14749,1,1,1,1,1,1,0,0,0,0,0,0,0,0,0,0,0,0
adapter256,2,P14781,0,1,1,1,1,1,1,0,0,0,0,0,1,0,0,0,0,0
adapter256,2,P15167,0,0,0,0,0,0,1,1,1,1,1,1,1,1,1,1,1,1
adapter256,2,P15471,0,0,2,2,2,2,2,2,0,0,0,0,2,2,0,0,0,0
adapter256,2,P15490,0,0,0,0,0,0,1,1,1,1,1,1,0,0,0,0,0,0
adapter256,2,P15566,0,0,0,0,0,0,1,1,1,1,1,1,0,0,0,0,0,0
adapter256,2,P15819,1,1,1,1,1,1,0,0,0,0,0,0,0,0,0,0,0,0
adapter256,2,P16014,0,0,0,0,0,0,1,1,1,1,1,1,4,4,4,4,4,4
adapter256,2,P16094,0,0,0,0,0,0,1,1,1,1,1,1,1,1,1,1,1,1
adapter256,2,P16231,0,0,0,0,0,1,1,1,1,1,1,0,1,1,1,1,1,0
adapter256,2,P16291,1,1,1,1,1,1,1,1,1,1,1,1,1,1,1,1,1,1
adapter256,2,P16292,1,1,1,1,1,1,1,1,1,1,1,1,1,1,1,1,1,1
adapter256,2,P16293,0,0,0,1,1,1,1,1,1,0,0,0,1,1,1,0,0,0
adapter256,2,P16294,1,1,1,1,1,1,1,1,1,1,1,1,1,1,1,1,1,1
adapter256,2,P16296,1,1,1,1,1,1,1,1,1,1,1,1,1,1,1,1,1,1
adapter256,2,P16501,0,0,0,0,0,0,1,1,1,1,1,1,1,1,1,1,1,1
adapter256,2,P16545,0,0,0,0,0,0,1,1,1,1,1,1,1,1,1,1,1,1
adapter256,2,P17349,0,0,0,0,0,0,1,1,1,1,1,1,2,2,2,2,2,2
adapter256,2,P17647,0,0,0,0,0,0,1,1,1,1,1,1,1,1,1,1,1,1
adapter256,2,P17896,0,0,0,0,0,0,1,1,1,1,1,1,0,0,0,0,0,0
adapter256,2,P18254,0,0,0,0,0,0,1,1,1,1,1,1,1,1,1,1,1,1
adapter256,2,P18263,1,1,1,1,1,1,0,0,0,0,0,0,0,0,0,0,0,0
adapter256,2,P18619,0,0,0,0,0,0,1,1,1,1,1,1,1,1,1,1,1,1
adapter256,2,P19259,1,1,1,1,1,1,0,0,0,0,0,0,0,0,0,0,0,0
adapter256,2,P19540,1,1,1,1,1,1,1,1,1,1,1,1,0,0,0,0,0,0
adapter256,2,P19578,2,2,2,2,2,2,0,0,0,0,0,0,0,0,0,0,0,0
adapter256,2,P19637,1,1,1,1,1,1,0,0,0,0,0,0,0,0,0,0,0,0
adapter256,2,P20068,2,2,2,2,2,2,1,1,1,1,1,1,1,1,1,1,1,1
adapter256,2,P20076,0,1,1,1,1,1,1,0,0,0,0,0,1,0,0,0,0,0
adapter256,2,P20164,0,0,0,0,0,0,1,1,1,1,1,1,2,2,2,2,2,2
adapter256,2,P20465,0,0,0,0,0,0,5,5,5,5,5,5,0,0,0,0,0,0
adapter256,2,P20466,0,1,1,1,1,1,3,2,2,2,2,2,1,0,0,0,0,0
adapter256,2,P21786,1,2,2,2,2,2,1,0,0,0,0,0,5,4,4,4,4,4
adapter256,2,P21840,1,1,1,1,1,1,0,0,0,0,0,0,0,0,0,0,0,0
adapter256,2,P22063,0,1,1,1,1,1,1,0,0,0,0,0,1,0,0,0,0,0
adapter256,2,P22146,1,1,1,1,1,1,0,0,0,0,0,0,0,0,0,0,0,0
adapter256,2,P22282,0,0,1,1,1,1,1,1,0,0,0,0,1,1,0,0,0,0
adapter256,2,P22321,0,0,0,0,0,0,1,1,1,1,1,1,0,0,0,0,0,0
adapter256,2,P22322,0,0,0,0,0,0,1,1,1,1,1,1,0,0,0,0,0,0
adapter256,2,P22334,0,0,0,0,1,1,3,3,3,3,2,2,1,1,1,1,0,0
adapter256,2,P22457,0,1,1,1,1,1,1,0,0,0,0,0,1,0,0,0,0,0
adapter256,2,P22522,1,1,1,1,1,1,0,0,0,0,0,0,0,0,0,0,0,0
adapter256,2,P22891,0,1,1,1,1,1,1,0,0,0,0,0,1,0,0,0,0,0
adapter256,2,P23079,1,1,1,1,1,1,0,0,0,0,0,0,0,0,0,0,0,0
adapter256,2,P23317,1,1,1,1,1,1,0,0,0,0,0,0,0,0,0,0,0,0
adapter256,2,P23318,0,0,0,0,0,0,1,1,1,1,1,1,0,0,0,0,0,0
adapter256,2,P23389,1,1,1,1,1,1,2,2,2,2,2,2,3,3,3,3,3,3
adapter256,2,P23695,0,0,0,0,0,0,1,1,1,1,1,1,2,2,2,2,2,2
adapter256,2,P23699,0,0,0,0,1,1,1,1,1,1,0,0,2,2,2,2,1,1
adapter256,2,P24478,0,0,0,0,0,0,1,1,1,1,1,1,1,1,1,1,1,1
adapter256,2,P25380,1,1,1,1,1,1,0,0,0,0,0,0,0,0,0,0,0,0
adapter256,2,P25955,1,1,1,1,1,1,0,0,0,0,0,0,0,0,0,0,0,0
adapter256,2,P26350,1,1,1,1,1,1,0,0,0,0,0,0,0,0,0,0,0,0
adapter256,2,P27058,0,0,0,0,0,0,1,1,1,1,1,1,0,0,0,0,0,0
adapter256,2,P27654,1,1,1,1,1,1,0,0,0,0,0,0,0,0,0,0,0,0
adapter256,2,P28319,1,1,1,1,1,1,0,0,0,0,0,0,0,0,0,0,0,0
adapter256,2,P28642,0,0,0,0,0,0,1,1,1,1,1,1,0,0,0,0,0,0
adapter256,2,P28879,1,1,1,2,2,2,1,1,1,0,0,0,1,1,1,0,0,0
adapter256,2,P29827,1,1,1,1,1,1,0,0,0,0,0,0,1,1,1,1,1,1
adapter256,2,P30403,0,0,0,0,0,0,1,1,1,1,1,1,1,1,1,1,1,1
adapter256,2,P30990,2,3,3,3,3,3,1,0,0,0,0,0,1,0,0,0,0,0
adapter256,2,P31358,0,0,0,0,0,0,2,2,2,2,2,2,1,1,1,1,1,1
adapter256,2,P31394,0,0,0,1,1,1,2,2,2,1,1,1,2,2,2,1,1,1
adapter256,2,P31481,1,1,1,1,1,1,0,0,0,0,0,0,0,0,0,0,0,0
adapter256,2,P31736,0,0,0,0,0,1,1,1,1,1,1,0,1,1,1,1,1,0
adapter256,2,P31944,1,1,1,2,2,2,1,1,1,0,0,0,1,1,1,0,0,0
adapter256,2,P31956,0,0,0,0,0,0,1,1,1,1,1,1,0,0,0,0,0,0
adapter256,2,P31997,0,0,0,0,0,0,1,1,1,1,1,1,1,1,1,1,1,1
adapter256,2,P32763,1,1,1,1,1,1,1,1,1,1,1,1,0,0,0,0,0,0
adapter256,2,P33185,0,0,0,0,0,0,1,1,1,1,1,1,1,1,1,1,1,1
adapter256,2,P33186,0,0,0,0,0,0,2,2,2,2,2,2,1,1,1,1,1,1
adapter256,2,P33376,1,1,1,1,1,1,0,0,0,0,0,0,0,0,0,0,0,0
adapter256,2,P33378,0,0,1,1,1,1,1,1,0,0,0,0,1,1,0,0,0,0
adapter256,2,P33587,1,1,1,1,1,1,1,1,1,1,1,1,1,1,1,1,1,1
adapter256,2,P33712,0,0,0,0,0,0,1,1,1,1,1,1,1,1,1,1,1,1
adapter256,2,P33890,0,1,1,1,1,1,1,0,0,0,0,0,1,0,0,0,0,0
adapter256,2,P34068,0,0,0,0,0,0,2,2,2,2,2,2,0,0,0,0,0,0
adapter256,2,P34069,0,0,0,0,0,0,2,2,2,2,2,2,0,0,0,0,0,0
adapter256,2,P34182,0,0,0,0,0,0,1,1,1,1,1,1,2,2,2,2,2,2
adapter256,2,P35853,1,1,1,1,1,1,0,0,0,0,0,0,0,0,0,0,0,0
adapter256,2,P36217,1,1,1,1,1,1,0,0,0,0,0,0,0,0,0,0,0,0
adapter256,2,P36218,1,1,1,1,1,1,0,0,0,0,0,0,0,0,0,0,0,0
adapter256,2,P37302,0,0,0,0,0,0,1,1,1,1,1,1,0,0,0,0,0,0
adapter256,2,P38248,1,1,1,1,1,1,0,0,0,0,0,0,0,0,0,0,0,0
adapter256,2,P40199,1,1,1,1,1,1,0,0,0,0,0,0,0,0,0,0,0,0
adapter256,2,P40552,0,0,0,0,0,0,1,1,1,1,1,1,1,1,1,1,1,1
adapter256,2,P40849,0,0,0,0,0,0,2,2,2,2,2,2,0,0,0,0,0,0
adapter256,2,P41598,0,0,0,0,0,0,1,1,1,1,1,1,0,0,0,0,0,0
adapter256,2,P41694,0,0,0,0,0,0,1,1,1,1,1,1,2,2,2,2,2,2
adapter256,2,P42574,0,0,0,0,0,0,2,2,2,2,2,2,1,1,1,1,1,1
adapter256,2,P42575,0,0,0,0,0,0,1,1,1,1,1,1,2,2,2,2,2,2
adapter256,2,P43076,0,1,1,1,1,1,1,0,0,0,0,0,1,0,0,0,0,0
adapter256,2,P47178,1,1,1,1,1,1,0,0,0,0,0,0,0,0,0,0,0,0
adapter256,2,P48188,1,1,1,1,1,1,0,0,0,0,0,0,1,1,1,1,1,1
adapter256,2,P48678,0,0,0,0,0,0,1,1,1,1,1,1,0,0,0,0,0,0
adapter256,2,P48679,0,0,0,0,0,0,1,1,1,1,1,1,0,0,0,0,0,0
adapter256,2,P49513,1,1,1,1,1,1,0,0,0,0,0,0,0,0,0,0,0,0
adapter256,2,P50982,2,2,2,2,2,2,0,0,0,0,0,0,0,0,0,0,0,0
adapter256,2,P50985,2,2,2,2,2,2,0,0,0,0,0,0,0,0,0,0,0,0
adapter256,2,P51317,1,1,1,1,1,1,0,0,0,0,0,0,0,0,0,0,0,0
adapter256,2,P51457,0,0,0,0,0,0,1,1,1,1,1,1,1,1,1,1,1,1
adapter256,2,P51459,1,1,1,1,1,1,0,0,0,0,0,0,2,2,2,2,2,2
adapter256,2,P51462,0,0,0,0,0,0,1,1,1,1,1,1,2,2,2,2,2,2
adapter256,2,P54097,0,0,0,0,0,0,1,1,1,1,1,1,0,0,0,0,0,0
adapter256,2,P55210,0,1,1,1,2,2,2,1,1,1,0,0,2,1,1,1,0,0
adapter256,2,P55212,1,1,1,2,2,2,1,1,1,0,0,0,1,1,1,0,0,0
adapter256,2,P55213,0,0,0,0,0,0,2,2,2,2,2,2,1,1,1,1,1,1
adapter256,2,P55214,0,0,0,0,1,2,2,2,2,2,1,0,2,2,2,2,1,0
adapter256,2,P55215,0,0,0,0,0,0,1,1,1,1,1,1,2,2,2,2,2,2
adapter256,2,P55330,1,1,1,1,1,1,0,0,0,0,0,0,0,0,0,0,0,0
adapter256,2,P55790,0,0,0,0,0,0,1,1,1,1,1,1,0,0,0,0,0,0
adapter256,2,P55939,0,0,0,0,0,0,1,1,1,1,1,1,0,0,0,0,0,0
adapter256,2,P55963,2,2,2,2,2,2,0,0,0,0,0,0,0,0,0,0,0,0
adapter256,2,P56348,1,1,1,1,1,1,0,0,0,0,0,0,0,0,0,0,0,0
adapter256,2,P56626,0,0,0,0,0,0,1,1,1,1,1,1,0,0,0,0,0,0
adapter256,2,P56636,2,2,2,2,2,2,0,0,0,0,0,0,0,0,0,0,0,0
adapter256,2,P56638,2,2,2,2,2,2,0,0,0,0,0,0,0,0,0,0,0,0
adapter256,2,P56639,2,2,2,2,2,2,0,0,0,0,0,0,0,0,0,0,0,0
adapter256,2,P56640,2,2,2,2,2,2,0,0,0,0,0,0,0,0,0,0,0,0
adapter256,2,P56782,1,1,1,1,1,1,0,0,0,0,0,0,0,0,0,0,0,0
adapter256,2,P56973,2,2,2,2,2,2,0,0,0,0,0,0,0,0,0,0,0,0
adapter256,2,P58273,1,1,1,1,1,1,0,0,0,0,0,0,1,1,1,1,1,1
adapter256,2,P58560,1,1,1,1,1,1,0,0,0,0,0,0,0,0,0,0,0,0
adapter256,2,P58583,1,1,1,1,1,1,0,0,0,0,0,0,0,0,0,0,0,0
adapter256,2,P58808,2,2,2,2,2,2,0,0,0,0,0,0,0,0,0,0,0,0
adapter256,2,P58809,2,2,2,2,2,2,0,0,0,0,0,0,0,0,0,0,0,0
adapter256,2,P58811,2,2,2,2,2,2,0,0,0,0,0,0,0,0,0,0,0,0
adapter256,2,P59261,2,2,2,2,2,2,0,0,0,0,0,0,0,0,0,0,0,0
adapter256,2,P59262,2,2,2,2,2,2,0,0,0,0,0,0,0,0,0,0,0,0
adapter256,2,P59406,0,0,0,0,0,0,1,1,1,1,1,1,0,0,0,0,0,0
adapter256,2,P59906,2,2,2,2,2,2,0,0,0,0,0,0,0,0,0,0,0,0
adapter256,2,P59914,1,1,1,1,1,1,0,0,0,0,0,0,0,0,0,0,0,0
adapter256,2,P60274,0,0,2,2,2,2,2,2,0,0,0,0,2,2,0,0,0,0
adapter256,2,P68407,2,2,2,2,2,2,0,0,0,0,0,0,0,0,0,0,0,0
adapter256,2,P68408,2,2,2,2,2,2,0,0,0,0,0,0,0,0,0,0,0,0
adapter256,2,P68409,2,2,2,2,2,2,0,0,0,0,0,0,0,0,0,0,0,0
adapter256,2,P68500,1,1,1,1,1,1,0,0,0,0,0,0,1,1,1,1,1,1
adapter256,2,P68577,1,1,1,1,1,1,1,1,1,1,1,1,0,0,0,0,0,0
adapter256,2,P69498,0,0,0,0,1,1,1,1,1,1,0,0,2,2,2,2,1,1
adapter256,2,P69499,0,0,0,1,1,1,1,1,1,0,0,0,2,2,2,1,1,1
adapter256,2,P69500,0,0,0,0,1,1,1,1,1,1,0,0,2,2,2,2,1,1
adapter256,2,P69501,0,0,0,0,1,1,1,1,1,1,0,0,2,2,2,2,1,1
adapter256,2,P69657,2,2,2,2,2,2,0,0,0,0,0,0,0,0,0,0,0,0
adapter256,2,P69658,1,1,1,1,1,1,0,0,0,0,0,0,1,1,1,1,1,1
adapter256,2,P69693,1,1,1,1,1,1,0,0,0,0,0,0,1,1,1,1,1,1
adapter256,2,P69694,1,1,1,1,1,1,0,0,0,0,0,0,1,1,1,1,1,1
adapter256,2,P69764,1,2,2,2,2,2,1,0,0,0,0,0,1,0,0,0,0,0
adapter256,2,P69765,1,2,2,2,2,2,1,0,0,0,0,0,1,0,0,0,0,0
adapter256,2,P69766,1,1,2,2,2,2,1,1,0,0,0,0,1,1,0,0,0,0
adapter256,2,P69768,1,2,2,2,2,2,1,0,0,0,0,0,1,0,0,0,0,0
adapter256,2,P69770,0,0,0,0,0,0,1,1,1,1,1,1,2,2,2,2,2,2
adapter256,2,P69929,6,6,6,6,7,7,1,1,1,1,0,0,6,6,6,6,5,5
adapter256,2,P69939,0,0,0,0,0,0,1,1,1,1,1,1,0,0,0,0,0,0
adapter256,2,P69940,0,0,0,0,0,0,2,2,2,2,2,2,0,0,0,0,0,0
adapter256,2,P70375,1,1,1,1,1,1,0,0,0,0,0,0,0,0,0,0,0,0
adapter256,2,P70677,0,0,0,0,0,0,2,2,2,2,2,2,1,1,1,1,1,1
adapter256,2,P81323,1,1,1,1,1,1,0,0,0,0,0,0,0,0,0,0,0,0
adapter256,2,P81428,0,0,1,1,1,1,2,2,1,1,1,1,2,2,1,1,1,1
adapter256,2,P81755,0,1,2,2,2,2,2,1,0,0,0,0,2,1,0,0,0,0
adapter256,2,P81791,0,1,1,1,1,1,1,0,0,0,0,0,1,0,0,0,0,0
adapter256,2,P81941,0,0,0,0,0,0,2,2,2,2,2,2,2,2,2,2,2,2
adapter256,2,P82701,1,1,1,1,1,1,0,0,0,0,0,0,0,0,0,0,0,0
adapter256,2,P82807,0,0,1,1,1,1,2,2,1,1,1,1,2,2,1,1,1,1
adapter256,2,P83370,0,0,1,1,1,1,2,2,1,1,1,1,2,2,1,1,1,1
adapter256,2,P83403,1,1,1,1,1,1,0,0,0,0,0,0,0,0,0,0,0,0
adapter256,2,P83512,0,0,0,0,0,0,1,1,1,1,1,1,1,1,1,1,1,1
adapter256,2,P84845,1,1,1,1,1,1,1,1,1,1,1,1,1,1,1,1,1,1
adapter256,2,P85013,1,2,2,2,2,2,1,0,0,0,0,0,1,0,0,0,0,0
adapter256,2,P85079,1,1,1,1,1,1,0,0,0,0,0,0,0,0,0,0,0,0
adapter256,2,P85247,1,1,1,1,1,1,0,0,0,0,0,0,0,0,0,0,0,0
adapter256,2,P85253,1,1,1,1,1,1,0,0,0,0,0,0,0,0,0,0,0,0
adapter256,2,P85254,1,1,1,1,1,1,0,0,0,0,0,0,0,0,0,0,0,0
adapter256,2,P85255,1,1,1,1,1,1,0,0,0,0,0,0,0,0,0,0,0,0
adapter256,2,P85256,1,1,1,1,1,1,0,0,0,0,0,0,0,0,0,0,0,0
adapter256,2,P85257,1,1,1,1,1,1,0,0,0,0,0,0,0,0,0,0,0,0
adapter256,2,P85258,1,1,1,1,1,1,0,0,0,0,0,0,0,0,0,0,0,0
adapter256,2,P85259,1,1,1,1,1,1,0,0,0,0,0,0,0,0,0,0,0,0
adapter256,2,P85829,0,0,0,0,0,0,1,1,1,1,1,1,1,1,1,1,1,1
adapter256,2,P85831,0,0,0,0,0,0,1,1,1,1,1,1,1,1,1,1,1,1
adapter256,2,P85832,2,2,2,3,3,3,1,1,1,0,0,0,1,1,1,0,0,0
adapter256,2,P85886,0,2,2,2,2,2,2,0,0,0,0,0,2,0,0,0,0,0
adapter256,2,P85966,0,0,0,0,0,0,2,2,2,2,2,2,0,0,0,0,0,0
adapter256,2,P86013,1,2,2,2,2,2,1,0,0,0,0,0,1,0,0,0,0,0
adapter256,2,P86047,1,1,2,2,2,2,1,1,0,0,0,0,1,1,0,0,0,0
adapter256,2,P86521,0,0,0,0,0,0,1,1,1,1,1,1,0,0,0,0,0,0
adapter256,2,P89116,0,1,1,1,1,1,2,1,1,1,1,1,1,0,0,0,0,0
adapter256,2,P91797,2,2,2,2,2,2,0,0,0,0,0,0,1,1,1,1,1,1
adapter256,2,P97527,1,1,1,1,1,1,0,0,0,0,0,0,1,1,1,1,1,1
adapter256,2,P97528,1,1,1,1,1,1,0,0,0,0,0,0,0,0,0,0,0,0
adapter256,2,P97766,0,0,0,0,0,0,1,1,1,1,1,1,1,1,1,1,1,1
adapter256,2,P97864,0,0,0,0,1,2,2,2,2,2,1,0,2,2,2,2,1,0
adapter256,2,P98139,1,1,1,1,1,1,0,0,0,0,0,0,0,0,0,0,0,0
adapter256,2,Q00783,0,0,1,1,1,1,1,1,0,0,0,0,1,1,0,0,0,0
adapter256,2,Q00829,0,0,0,0,0,0,2,2,2,2,2,2,1,1,1,1,1,1
adapter256,2,Q01MB6,0,1,1,1,1,1,1,0,0,0,0,0,1,0,0,0,0,0
adapter256,2,Q02246,0,0,1,1,1,1,1,1,0,0,0,0,1,1,0,0,0,0
adapter256,2,Q03029,1,1,1,1,1,1,0,0,0,0,0,0,0,0,0,0,0,0
adapter256,2,Q03198,0,1,1,1,1,1,1,0,0,0,0,0,1,0,0,0,0,0
adapter256,2,Q03199,0,0,0,0,1,1,1,1,1,1,0,0,1,1,1,1,0,0
adapter256,2,Q03561,0,0,0,0,0,0,1,1,1,1,1,1,0,0,0,0,0,0
adapter256,2,Q03655,1,1,1,1,1,1,0,0,0,0,0,0,0,0,0,0,0,0
adapter256,2,Q04469,0,0,1,1,1,1,1,1,0,0,0,0,1,1,0,0,0,0
adapter256,2,Q06135,0,1,1,1,1,1,1,0,0,0,0,0,1,0,0,0,0,0
adapter256,2,Q06303,0,0,0,1,1,1,1,1,1,0,0,0,1,1,1,0,0,0
adapter256,2,Q06304,0,0,0,0,0,0,1,1,1,1,1,1,0,0,0,0,0,0
adapter256,2,Q06305,0,0,0,1,1,1,1,1,1,0,0,0,1,1,1,0,0,0
adapter256,2,Q06306,0,0,0,0,0,0,1,1,1,1,1,1,1,1,1,1,1,1
adapter256,2,Q06FX8,0,0,0,0,0,0,1,1,1,1,1,1,0,0,0,0,0,0
adapter256,2,Q06GS7,0,0,0,0,0,0,1,1,1,1,1,1,0,0,0,0,0,0
adapter256,2,Q06H14,0,0,0,0,0,0,1,1,1,1,1,1,0,0,0,0,0,0
adapter256,2,Q06J16,1,1,1,1,1,1,0,0,0,0,0,0,0,0,0,0,0,0
adapter256,2,Q06RE8,0,0,0,0,0,0,1,1,1,1,1,1,0,0,0,0,0,0
adapter256,2,Q06SD3,1,1,1,1,1,1,0,0,0,0,0,0,0,0,0,0,0,0
adapter256,2,Q072L5,0,0,0,0,0,0,1,1,1,1,1,1,1,1,1,1,1,1
adapter256,2,Q07409,0,0,1,1,1,1,1,1,0,0,0,0,1,1,0,0,0,0
adapter256,2,Q07488,1,1,1,1,1,1,0,0,0,0,0,0,0,0,0,0,0,0
adapter256,2,Q07932,1,1,1,1,1,1,1,1,1,1,1,1,1,1,1,1,1,1
adapter256,2,Q08193,1,1,1,1,1,1,0,0,0,0,0,0,0,0,0,0,0,0
adapter256,2,Q08271,1,1,1,1,1,1,0,0,0,0,0,0,0,0,0,0,0,0
adapter256,2,Q08279,0,0,0,0,0,0,1,1,1,1,1,1,1,1,1,1,1,1
adapter256,2,Q08676,0,0,0,0,0,0,1,1,1,1,1,1,0,0,0,0,0,0
adapter256,2,Q08DY9,0,0,0,0,0,0,2,2,2,2,2,2,1,1,1,1,1,1
adapter256,2,Q09MJ5,0,0,0,0,0,0,1,1,1,1,1,1,0,0,0,0,0,0
adapter256,2,Q09X34,0,0,0,0,0,0,1,1,1,1,1,1,1,1,1,1,1,1
adapter256,2,Q0G9N6,0,0,0,0,0,0,1,1,1,1,1,1,0,0,0,0,0,0
adapter256,2,Q0G9X9,0,0,0,0,0,0,1,1,1,1,1,1,0,0,0,0,0,0
adapter256,2,Q0GY44,0,0,0,0,0,0,1,1,1,1,1,1,0,0,0,0,0,0
adapter256,2,Q0GY46,0,0,0,0,0,0,1,1,1,1,1,1,0,0,0,0,0,0
adapter256,2,Q0IDF4,1,1,1,1,1,1,0,0,0,0,0,0,0,0,0,0,0,0
adapter256,2,Q0II73,0,1,1,1,1,1,1,0,0,0,0,0,2,1,1,1,1,1
adapter256,2,Q0JF21,0,1,1,1,1,1,1,0,0,0,0,0,1,0,0,0,0,0
adapter256,2,Q0NZX5,0,0,0,0,0,0,1,1,1,1,1,1,1,1,1,1,1,1
adapter256,2,Q0P3J6,1,1,1,1,1,1,0,0,0,0,0,0,0,0,0,0,0,0
adapter256,2,Q0SRD5,0,0,0,0,0,0,1,1,1,1,1,1,0,0,0,0,0,0
adapter256,2,Q0TNR9,0,0,0,0,0,0,1,1,1,1,1,1,0,0,0,0,0,0
adapter256,2,Q0ZJ37,0,0,0,0,0,0,1,1,1,1,1,1,1,1,1,1,1,1
adapter256,2,Q10XU6,1,1,1,1,1,1,0,0,0,0,0,0,0,0,0,0,0,0
adapter256,2,Q12039,1,1,1,1,1,1,0,0,0,0,0,0,0,0,0,0,0,0
adapter256,2,Q12120,0,0,0,0,0,0,1,1,1,1,1,1,0,0,0,0,0,0
adapter256,2,Q12173,1,1,1,1,1,1,0,0,0,0,0,0,0,0,0,0,0,0
adapter256,2,Q12218,1,1,1,1,1,1,0,0,0,0,0,0,0,0,0,0,0,0
adapter256,2,Q12355,1,1,1,1,1,1,0,0,0,0,0,0,0,0,0,0,0,0
adapter256,2,Q12737,0,0,0,1,1,1,1,1,1,0,0,0,1,1,1,0,0,0
adapter256,2,Q14002,0,1,1,1,1,1,1,0,0,0,0,0,1,0,0,0,0,0
adapter256,2,Q14FH4,0,0,0,0,0,0,1,1,1,1,1,1,1,1,1,1,1,1
adapter256,2,Q14FJ4,0,0,0,0,0,0,2,2,2,2,2,2,1,1,1,1,1,1
adapter256,2,Q16992,36,46,46,46,46,46,14,4,4,4,4,4,24,14,14,14,14,14
adapter256,2,Q18502,3,4,4,4,4,4,1,0,0,0,0,0,1,0,0,0,0,0
adapter256,2,Q1A3Q1,0,0,0,0,0,0,2,2,2,2,2,2,2,2,2,2,2,2
adapter256,2,Q1A3Q2,0,0,0,0,0,0,2,2,2,2,2,2,2,2,2,2,2,2
adapter256,2,Q1A3Q6,0,0,0,0,0,0,2,2,2,2,2,2,2,2,2,2,2,2
adapter256,2,Q1A3Q7,0,1,2,2,2,2,2,1,0,0,0,0,2,1,0,0,0,0
adapter256,2,Q1A3Q8,0,0,0,0,0,0,2,2,2,2,2,2,2,2,2,2,2,2
adapter256,2,Q1A3Q9,0,0,0,0,0,0,2,2,2,2,2,2,2,2,2,2,2,2
adapter256,2,Q1A3R0,2,2,2,2,2,2,0,0,0,0,0,0,0,0,0,0,0,0
adapter256,2,Q1ACL6,1,1,1,1,1,1,0,0,0,0,0,0,0,0,0,0,0,0
adapter256,2,Q1ELT9,1,1,2,2,2,2,1,1,0,0,0,0,1,1,0,0,0,0
adapter256,2,Q1ELU2,2,2,2,2,2,2,0,0,0,0,0,0,0,0,0,0,0,0
adapter256,2,Q1ELU3,2,2,2,2,2,2,0,0,0,0,0,0,0,0,0,0,0,0
adapter256,2,Q1ELV0,0,0,1,1,1,1,2,2,1,1,1,1,1,1,0,0,0,0
adapter256,2,Q1G3I0,1,1,1,1,1,1,0,0,0,0,0,0,0,0,0,0,0,0
adapter256,2,Q1I8U1,0,0,0,0,0,0,1,1,1,1,1,1,0,0,0,0,0,0
adapter256,2,Q1KVV2,1,1,1,1,1,1,0,0,0,0,0,0,0,0,0,0,0,0
adapter256,2,Q1KXX6,0,0,0,0,0,0,1,1,1,1,1,1,0,0,0,0,0,0
adapter256,2,Q1L658,0,0,1,1,1,1,2,2,1,1,1,1,2,2,1,1,1,1
adapter256,2,Q1L659,0,0,1,1,1,1,1,1,0,0,0,0,2,2,1,1,1,1
adapter256,2,Q1L777,1,1,1,1,1,1,0,0,0,0,0,0,1,1,1,1,1,1
adapter256,2,Q1PBD1,0,0,0,0,0,0,1,1,1,1,1,1,1,1,1,1,1,1
adapter256,2,Q1W694,1,1,1,1,1,1,0,0,0,0,0,0,0,0,0,0,0,0
adapter256,2,Q1W695,1,1,1,1,1,1,0,0,0,0,0,0,0,0,0,0,0,0
adapter256,2,Q1XDH0,1,1,1,1,1,1,0,0,0,0,0,0,0,0,0,0,0,0
adapter256,2,Q20EY3,1,1,1,1,1,1,0,0,0,0,0,0,0,0,0,0,0,0
adapter256,2,Q24049,0,0,0,0,0,0,3,3,3,3,3,3,0,0,0,0,0,0
adapter256,2,Q27441,1,1,1,1,1,1,1,1,1,1,1,1,1,1,1,1,1,1
adapter256,2,Q27J48,0,0,0,0,0,0,1,1,1,1,1,1,0,0,0,0,0,0
adapter256,2,Q27Q54,1,1,1,1,1,1,0,0,0,0,0,0,0,0,0,0,0,0
adapter256,2,Q28106,0,0,0,0,0,1,1,1,1,1,1,0,2,2,2,2,2,1
adapter256,2,Q28198,1,1,1,1,1,1,0,0,0,0,0,0,0,0,0,0,0,0
adapter256,2,Q28278,0,1,1,1,1,1,2,1,1,1,1,1,2,1,1,1,1,1
adapter256,2,Q28315,1,1,1,1,1,1,1,1,1,1,1,1,1,1,1,1,1,1
adapter256,2,Q28380,1,1,1,1,1,1,1,1,1,1,1,1,1,1,1,1,1,1
adapter256,2,Q28661,0,0,0,0,0,0,2,2,2,2,2,2,1,1,1,1,1,1
adapter256,2,Q28896,0,0,0,0,0,0,2,2,2,2,2,2,1,1,1,1,1,1
adapter256,2,Q2EI26,0,0,0,0,0,0,1,1,1,1,1,1,1,1,1,1,1,1
adapter256,2,Q2F9P2,1,1,1,1,1,1,0,0,0,0,0,0,0,0,0,0,0,0
adapter256,2,Q2F9P4,1,1,1,1,1,1,0,0,0,0,0,0,0,0,0,0,0,0
adapter256,2,Q2I2R6,0,0,0,0,2,2,2,2,2,2,0,0,2,2,2,2,0,0
adapter256,2,Q2I2R7,2,2,2,2,2,2,0,0,0,0,0,0,0,0,0,0,0,0
adapter256,2,Q2I2R8,1,1,2,2,2,2,1,1,0,0,0,0,1,1,0,0,0,0
adapter256,2,Q2L8Z0,0,0,0,0,0,0,1,1,1,1,1,1,0,0,0,0,0,0
adapter256,2,Q2MIB7,0,0,0,0,0,0,1,1,1,1,1,1,0,0,0,0,0,0
adapter256,2,Q2MIK4,0,0,0,0,0,0,1,1,1,1,1,1,0,0,0,0,0,0
adapter256,2,Q2PFV2,0,0,0,0,0,0,2,2,2,2,2,2,1,1,1,1,1,1
adapter256,2,Q2PMS6,0,0,0,0,0,0,1,1,1,1,1,1,0,0,0,0,0,0
adapter256,2,Q2RQ23,1,1,1,1,1,1,0,0,0,0,0,0,0,0,0,0,0,0
adapter256,2,Q2V2G5,0,0,0,0,0,0,2,2,2,2,2,2,1,1,1,1,1,1
adapter256,2,Q2VEJ3,0,0,0,0,0,0,1,1,1,1,1,1,0,0,0,0,0,0
adapter256,2,Q2XQ09,1,1,1,1,1,1,0,0,0,0,0,0,0,0,0,0,0,0
adapter256,2,Q31CR0,1,1,1,1,1,1,0,0,0,0,0,0,0,0,0,0,0,0
adapter256,2,Q32LD3,0,1,1,1,1,1,1,0,0,0,0,0,1,0,0,0,0,0
adapter256,2,Q32RP3,1,1,1,1,1,1,0,0,0,0,0,0,0,0,0,0,0,0
adapter256,2,Q32RW6,1,1,1,1,1,1,0,0,0,0,0,0,0,0,0,0,0,0
adapter256,2,Q33C56,0,0,0,0,0,0,1,1,1,1,1,1,0,0,0,0,0,0
adapter256,2,Q3BAQ9,0,0,0,0,0,0,1,1,1,1,1,1,0,0,0,0,0,0
adapter256,2,Q3C1G0,0,0,0,0,0,0,1,1,1,1,1,1,0,0,0,0,0,0
adapter256,2,Q3E880,1,1,1,1,1,1,0,0,0,0,0,0,0,0,0,0,0,0
adapter256,2,Q3ECM0,0,2,2,2,2,3,4,2,2,2,2,1,4,2,2,2,2,1
adapter256,2,Q3M4K0,1,1,1,1,1,1,0,0,0,0,0,0,0,0,0,0,0,0
adapter256,2,Q3T0P5,1,1,1,2,2,2,1,1,1,0,0,0,1,1,1,0,0,0
adapter256,2,Q3YEE9,1,1,2,2,2,2,1,1,0,0,0,0,1,1,0,0,0,0
adapter256,2,Q3YEG9,0,2,2,2,2,2,2,0,0,0,0,0,2,0,0,0,0,0
adapter256,2,Q3YEH0,0,1,2,2,2,2,2,1,0,0,0,0,2,1,0,0,0,0
adapter256,2,Q3YEH1,2,2,2,2,2,2,0,0,0,0,0,0,0,0,0,0,0,0
adapter256,2,Q3YEH2,1,2,2,2,2,2,1,0,0,0,0,0,1,0,0,0,0,0
adapter256,2,Q3YEH4,0,1,2,2,2,2,2,1,0,0,0,0,2,1,0,0,0,0
adapter256,2,Q3YEH5,0,0,0,0,0,0,2,2,2,2,2,2,2,2,2,2,2,2
adapter256,2,Q3YEH6,1,1,1,1,1,2,1,1,1,1,1,0,1,1,1,1,1,0
adapter256,2,Q3YEH7,2,2,2,2,2,2,0,0,0,0,0,0,0,0,0,0,0,0
adapter256,2,Q3ZD69,0,0,0,0,0,0,1,1,1,1,1,1,0,0,0,0,0,0
adapter256,2,Q3ZJ18,1,1,1,1,1,1,0,0,0,0,0,0,0,0,0,0,0,0
adapter256,2,Q41142,0,0,0,0,0,0,1,1,1,1,1,1,0,0,0,0,0,0
adapter256,2,Q43007,0,0,0,0,0,0,1,1,1,1,1,1,0,0,0,0,0,0
adapter256,2,Q46HA2,1,1,1,1,1,1,0,0,0,0,0,0,0,0,0,0,0,0
adapter256,2,Q49L15,0,0,0,0,0,0,1,1,1,1,1,1,0,0,0,0,0,0
adapter256,2,Q4G3C7,1,1,1,1,1,1,0,0,0,0,0,0,0,0,0,0,0,0
adapter256,2,Q4GWU5,0,1,1,1,1,2,2,1,1,1,1,0,2,1,1,1,1,0
adapter256,2,Q4QXT9,1,1,1,1,1,1,0,0,0,0,0,0,1,1,1,1,1,1
adapter256,2,Q4V3D2,1,1,1,1,1,1,0,0,0,0,0,0,1,1,1,1,1,1
adapter256,2,Q4VZQ0,0,0,0,0,0,0,1,1,1,1,1,1,0,0,0,0,0,0
adapter256,2,Q4ZFU1,0,1,1,1,1,1,1,0,0,0,0,0,1,0,0,0,0,0
adapter256,2,Q4ZFU2,0,1,1,1,1,1,1,0,0,0,0,0,1,0,0,0,0,0
adapter256,2,Q51822,1,1,1,1,1,1,0,0,0,0,0,0,0,0,0,0,0,0
adapter256,2,Q51825,1,1,1,1,1,1,0,0,0,0,0,0,0,0,0,0,0,0
adapter256,2,Q51826,1,1,1,1,1,1,0,0,0,0,0,0,0,0,0,0,0,0
adapter256,2,Q51827,1,1,1,1,1,1,0,0,0,0,0,0,0,0,0,0,0,0
adapter256,2,Q54LM2,0,1,1,1,1,1,1,0,0,0,0,0,2,1,1,1,1,1
adapter256,2,Q56P17,0,0,0,0,0,0,1,1,1,1,1,1,0,0,0,0,0,0
adapter256,2,Q56VR3,1,1,1,1,2,2,1,1,1,1,0,0,1,1,1,1,0,0
adapter256,2,Q589B1,0,0,0,0,0,0,1,1,1,1,1,1,0,0,0,0,0,0
adapter256,2,Q58L93,0,0,1,1,2,2,2,2,1,1,0,0,2,2,1,1,0,0
adapter256,2,Q58L94,0,0,1,1,1,1,2,2,1,1,1,1,2,2,1,1,1,1
adapter256,2,Q58L95,0,0,1,1,1,1,2,2,1,1,1,1,2,2,1,1,1,1
adapter256,2,Q58L96,0,0,1,1,1,1,2,2,1,1,1,1,2,2,1,1,1,1
adapter256,2,Q59L96,1,1,1,1,1,1,0,0,0,0,0,0,0,0,0,0,0,0
adapter256,2,Q59SG9,1,1,1,1,1,1,0,0,0,0,0,0,0,0,0,0,0,0
adapter256,2,Q59UP6,1,1,1,1,1,1,0,0,0,0,0,0,0,0,0,0,0,0
adapter256,2,Q59UT4,1,1,1,1,1,1,0,0,0,0,0,0,0,0,0,0,0,0
adapter256,2,Q59UT5,1,1,1,1,1,1,0,0,0,0,0,0,0,0,0,0,0,0
adapter256,2,Q59VW6,0,0,0,0,0,0,1,1,1,1,1,1,1,1,1,1,1,1
adapter256,2,Q5A1A9,0,1,1,1,1,1,1,0,0,0,0,0,1,0,0,0,0,0
adapter256,2,Q5AA33,0,0,0,0,0,0,1,1,1,1,1,1,1,1,1,1,1,1
adapter256,2,Q5ABW2,1,1,1,1,1,1,0,0,0,0,0,0,0,0,0,0,0,0
adapter256,2,Q5AFN8,1,1,1,1,1,1,0,0,0,0,0,0,0,0,0,0,0,0
adapter256,2,Q5AGC4,1,1,1,1,1,1,0,0,0,0,0,0,0,0,0,0,0,0
adapter256,2,Q5AHE8,0,0,1,1,1,1,1,1,0,0,0,0,1,1,0,0,0,0
adapter256,2,Q5AJY5,0,1,1,1,1,1,1,0,0,0,0,0,1,0,0,0,0,0
adapter256,2,Q5AK97,0,0,1,1,1,1,1,1,0,0,0,0,1,1,0,0,0,0
adapter256,2,Q5AMF7,0,0,1,1,1,1,1,1,0,0,0,0,1,1,0,0,0,0
adapter256,2,Q5CZK2,2,2,2,2,2,2,0,0,0,0,0,0,0,0,0,0,0,0
adapter256,2,Q5CZK5,1,1,1,1,1,1,1,1,1,1,1,1,2,2,2,2,2,2
adapter256,2,Q5DW47,1,1,1,1,1,1,2,2,2,2,2,2,0,0,0,0,0,0
adapter256,2,Q5F1N4,0,0,0,0,0,0,1,1,1,1,1,1,0,0,0,0,0,0
adapter256,2,Q5G8A6,0,0,0,0,0,0,1,1,1,1,1,1,0,0,0,0,0,0
adapter256,2,Q5I4E5,1,1,1,1,1,1,0,0,0,0,0,0,1,1,1,1,1,1
adapter256,2,Q5I4E6,0,0,0,0,0,0,2,2,2,2,2,2,1,1,1,1,1,1
adapter256,2,Q5IS54,0,0,0,0,0,0,2,2,2,2,2,2,1,1,1,1,1,1
adapter256,2,Q5IS99,0,0,0,0,0,0,2,2,2,2,2,2,1,1,1,1,1,1
adapter256,2,Q5R790,1,1,1,1,1,1,0,0,0,0,0,0,0,0,0,0,0,0
adapter256,2,Q5R8J0,1,1,1,1,1,1,0,0,0,0,0,0,0,0,0,0,0,0
adapter256,2,Q5SC59,1,1,1,1,1,1,0,0,0,0,0,0,1,1,1,1,1,1
adapter256,2,Q5SC60,1,1,1,1,1,1,0,0,0,0,0,0,1,1,1,1,1,1
adapter256,2,Q5SCX1,0,0,0,0,0,0,1,1,1,1,1,1,0,0,0,0,0,0
adapter256,2,Q5XUW8,0,0,0,0,0,0,1,1,1,1,1,1,1,1,1,1,1,1
adapter256,2,Q5Y4U4,0,0,1,1,1,1,1,1,0,0,0,0,1,1,0,0,0,0
adapter256,2,Q60136,0,0,0,0,0,0,1,1,1,1,1,1,0,0,0,0,0,0
adapter256,2,Q60431,0,0,0,0,0,0,2,2,2,2,2,2,1,1,1,1,1,1
adapter256,2,Q61330,1,1,1,1,1,1,0,0,0,0,0,0,0,0,0,0,0,0
adapter256,2,Q624D2,0,0,1,1,1,1,1,1,0,0,0,0,1,1,0,0,0,0
adapter256,2,Q62682,0,0,1,1,1,1,1,1,0,0,0,0,1,1,0,0,0,0
adapter256,2,Q62845,1,1,1,1,1,1,0,0,0,0,0,0,0,0,0,0,0,0
adapter256,2,Q63064,0,1,1,1,1,1,2,1,1,1,1,1,1,0,0,0,0,0
adapter256,2,Q63198,0,0,0,0,0,1,1,1,1,1,1,0,2,2,2,2,2,1
adapter256,2,Q63207,0,1,1,2,2,2,2,1,1,0,0,0,2,1,1,0,0,0
adapter256,2,Q634M0,0,0,0,0,0,0,1,1,1,1,1,1,0,0,0,0,0,0
adapter256,2,Q64389,1,1,1,1,1,1,1,1,1,1,1,1,0,0,0,0,0,0
adapter256,2,Q65H47,0,0,0,0,0,0,1,1,1,1,1,1,0,0,0,0,0,0
adapter256,2,Q68IP5,1,1,1,1,1,2,1,1,1,1,1,0,1,1,1,1,1,0
adapter256,2,Q68LC0,0,0,0,0,0,0,1,1,1,1,1,1,2,2,2,2,2,2
adapter256,2,Q68S23,0,0,0,0,0,0,1,1,1,1,1,1,0,0,0,0,0,0
adapter256,2,Q68Y22,1,1,1,1,1,2,1,1,1,1,1,0,1,1,1,1,1,0
adapter256,2,Q698K8,0,0,0,0,0,0,1,1,1,1,1,1,1,1,1,1,1,1
adapter256,2,Q69Z26,1,1,1,1,1,1,0,0,0,0,0,0,0,0,0,0,0,0
adapter256,2,Q6B8V0,1,1,1,1,1,1,0,0,0,0,0,0,0,0,0,0,0,0
adapter256,2,Q6ENJ4,1,1,1,1,1,1,0,0,0,0,0,0,0,0,0,0,0,0
adapter256,2,Q6ENY5,1,1,1,1,1,1,0,0,0,0,0,0,1,1,1,1,1,1
adapter256,2,Q6EW65,0,0,0,0,0,0,1,1,1,1,1,1,0,0,0,0,0,0
adapter256,2,Q6GUL6,0,0,0,0,0,0,1,1,1,1,1,1,2,2,2,2,2,2
adapter256,2,Q6HDK0,0,0,0,0,0,0,1,1,1,1,1,1,0,0,0,0,0,0
adapter256,2,Q6IVA5,0,0,0,0,0,0,1,1,1,1,1,1,2,2,2,2,2,2
adapter256,2,Q6IWB1,1,1,1,1,1,1,0,0,0,0,0,0,0,0,0,0,0,0
adapter256,2,Q6JLX1,0,0,0,0,0,0,1,1,1,1,1,1,2,2,2,2,2,2
adapter256,2,Q6JQN2,2,2,2,2,2,2,0,0,0,0,0,0,0,0,0,0,0,0
adapter256,2,Q6L3B3,1,1,1,1,1,1,0,0,0,0,0,0,1,1,1,1,1,1
adapter256,2,Q6M0N7,1,1,1,1,1,1,0,0,0,0,0,0,0,0,0,0,0,0
adapter256,2,Q6NKW9,1,1,1,1,1,1,0,0,0,0,0,0,0,0,0,0,0,0
adapter256,2,Q6PN80,0,0,0,0,0,0,2,2,2,2,2,2,2,2,2,2,2,2
adapter256,2,Q6PN81,0,1,2,2,2,2,2,1,0,0,0,0,2,1,0,0,0,0
adapter256,2,Q6PN82,1,1,2,2,2,2,1,1,0,0,0,0,1,1,0,0,0,0
adapter256,2,Q6PN83,1,1,1,2,2,2,1,1,1,0,0,0,1,1,1,0,0,0
adapter256,2,Q6PN84,1,1,1,2,2,2,1,1,1,0,0,0,1,1,1,0,0,0
adapter256,2,Q6PN85,0,0,1,2,2,2,2,2,1,0,0,0,2,2,1,0,0,0
adapter256,2,Q6PN86,0,1,1,2,2,2,2,1,1,0,0,0,2,1,1,0,0,0
adapter256,2,Q6PPB3,2,2,2,2,2,2,0,0,0,0,0,0,0,0,0,0,0,0
adapter256,2,Q6PTD1,2,2,2,2,2,2,0,0,0,0,0,0,0,0,0,0,0,0
adapter256,2,Q6PTD4,1,2,2,2,2,2,1,0,0,0,0,0,1,0,0,0,0,0
adapter256,2,Q6PTD5,1,2,2,2,2,2,1,0,0,0,0,0,1,0,0,0,0,0
adapter256,2,Q6PTD6,1,2,2,2,2,2,1,0,0,0,0,0,1,0,0,0,0,0
adapter256,2,Q6PTD7,2,2,2,2,2,2,0,0,0,0,0,0,0,0,0,0,0,0
adapter256,2,Q6RY98,0,0,0,1,2,2,15,15,15,14,13,13,15,15,15,14,13,13
adapter256,2,Q6SA95,0,0,0,2,2,2,2,2,2,0,0,0,2,2,2,0,0,0
adapter256,2,Q6T271,0,0,0,0,0,0,1,1,1,1,1,1,1,1,1,1,1,1
adapter256,2,Q6UWN0,0,1,1,1,1,1,1,0,0,0,0,0,1,0,0,0,0,0
adapter256,2,Q6YXN4,1,1,1,1,1,1,0,0,0,0,0,0,1,1,1,1,1,1
adapter256,2,Q70XC3,1,2,2,2,2,2,1,0,0,0,0,0,4,3,3,3,3,3
adapter256,2,Q70Y14,0,0,0,0,0,0,1,1,1,1,1,1,1,1,1,1,1,1
adapter256,2,Q730L4,0,0,0,0,0,0,1,1,1,1,1,1,0,0,0,0,0,0
adapter256,2,Q79AV1,1,1,1,1,1,1,0,0,0,0,0,0,0,0,0,0,0,0
adapter256,2,Q7M6Z0,0,0,1,1,1,1,1,1,0,0,0,0,1,1,0,0,0,0
adapter256,2,Q7SZD9,0,0,0,0,0,0,1,1,1,1,1,1,1,1,1,1,1,1
adapter256,2,Q7SZE0,0,0,0,0,0,0,1,1,1,1,1,1,2,2,2,2,2,2
adapter256,2,Q7U9L1,1,1,1,1,1,1,0,0,0,0,0,0,0,0,0,0,0,0
adapter256,2,Q7V323,1,1,1,1,1,1,0,0,0,0,0,0,0,0,0,0,0,0
adapter256,2,Q7V4T1,1,1,1,1,1,1,0,0,0,0,0,0,0,0,0,0,0,0
adapter256,2,Q7VDR4,1,1,1,1,1,1,0,0,0,0,0,0,0,0,0,0,0,0
adapter256,2,Q7YJY5,0,0,0,0,0,0,1,1,1,1,1,1,0,0,0,0,0,0
adapter256,2,Q7YZS9,0,0,0,0,1,1,1,1,1,1,0,0,2,2,2,2,1,1
adapter256,2,Q7Z090,0,0,1,1,1,1,1,1,0,0,0,0,2,2,1,1,1,1
adapter256,2,Q7Z1Y7,0,0,0,0,0,0,1,1,1,1,1,1,1,1,1,1,1,1
adapter256,2,Q7ZW34,0,0,0,0,0,1,1,1,1,1,1,0,2,2,2,2,2,1
adapter256,2,Q7ZZS9,0,0,0,0,0,0,1,1,1,1,1,1,2,2,2,2,2,2
adapter256,2,Q804X6,0,0,1,1,1,1,2,2,1,1,1,1,1,1,0,0,0,0
adapter256,2,Q805F4,0,0,0,0,0,0,1,1,1,1,1,1,2,2,2,2,2,2
adapter256,2,Q805F6,0,0,0,0,0,0,1,1,1,1,1,1,2,2,2,2,2,2
adapter256,2,Q80WD0,1,1,1,1,1,1,0,0,0,0,0,0,0,0,0,0,0,0
adapter256,2,Q80WD1,0,0,0,0,0,0,1,1,1,1,1,1,1,1,1,1,1,1
adapter256,2,Q812G9,2,2,2,2,2,2,0,0,0,0,0,0,0,0,0,0,0,0
adapter256,2,Q818E2,0,0,0,0,0,0,1,1,1,1,1,1,0,0,0,0,0,0
adapter256,2,Q81LR5,0,0,0,0,0,0,1,1,1,1,1,1,0,0,0,0,0,0
adapter256,2,Q85BB6,1,1,1,1,1,1,0,0,0,0,0,0,1,1,1,1,1,1
adapter256,2,Q85FN7,1,1,1,1,1,1,0,0,0,0,0,0,1,1,1,1,1,1
adapter256,2,Q85FY2,1,1,1,1,1,1,0,0,0,0,0,0,0,0,0,0,0,0
adapter256,2,Q85X72,1,1,1,1,1,1,0,0,0,0,0,0,0,0,0,0,0,0
adapter256,2,Q86N75,1,1,1,1,1,1,0,0,0,0,0,0,0,0,0,0,0,0
adapter256,2,Q86RB2,0,1,1,1,1,1,1,0,0,0,0,0,2,1,1,1,1,1
adapter256,2,Q86UN2,1,1,1,1,1,1,0,0,0,0,0,0,0,0,0,0,0,0
adapter256,2,Q86UN3,0,0,0,0,0,0,1,1,1,1,1,1,1,1,1,1,1,1
adapter256,2,Q877A8,1,1,1,1,1,1,0,0,0,0,0,0,0,0,0,0,0,0
adapter256,2,Q8AXZ4,1,1,1,1,1,1,0,0,0,0,0,0,0,0,0,0,0,0
adapter256,2,Q8BFS3,2,2,2,2,2,2,0,0,0,0,0,0,0,0,0,0,0,0
adapter256,2,Q8BG41,0,1,1,1,1,1,1,0,0,0,0,0,1,0,0,0,0,0
adapter256,2,Q8BVP6,0,1,1,1,1,1,1,0,0,0,0,0,1,0,0,0,0,0
adapter256,2,Q8CHK2,2,2,2,2,2,2,0,0,0,0,0,0,1,1,1,1,1,1
adapter256,2,Q8CJY7,0,0,1,1,1,1,1,1,0,0,0,0,1,1,0,0,0,0
adapter256,2,Q8CXC9,0,0,0,0,0,0,1,1,1,1,1,1,0,0,0,0,0,0
adapter256,2,Q8I912,1,1,1,1,1,1,0,0,0,0,0,0,0,0,0,0,0,0
adapter256,2,Q8I913,0,0,0,1,1,1,1,1,1,0,0,0,1,1,1,0,0,0
adapter256,2,Q8I914,0,0,0,1,1,1,1,1,1,0,0,0,1,1,1,0,0,0
adapter256,2,Q8IDN0,0,1,1,1,1,1,1,0,0,0,0,0,1,0,0,0,0,0
adapter256,2,Q8IS98,0,1,1,1,1,1,1,0,0,0,0,0,1,0,0,0,0,0
adapter256,2,Q8IVL8,1,1,1,1,1,1,0,0,0,0,0,0,1,1,1,1,1,1
adapter256,2,Q8IWV2,1,1,1,1,1,1,0,0,0,0,0,0,0,0,0,0,0,0
adapter256,2,Q8JIM3,3,3,3,3,3,3,3,3,3,3,3,3,2,2,2,2,2,2
adapter256,2,Q8JJ51,0,0,0,0,0,0,1,1,1,1,1,1,2,2,2,2,2,2
adapter256,2,Q8K0S5,1,1,1,1,1,1,0,0,0,0,0,0,0,0,0,0,0,0
adapter256,2,Q8K3U6,0,1,1,1,1,1,1,0,0,0,0,0,1,0,0,0,0,0
adapter256,2,Q8K4P1,1,1,1,1,1,1,0,0,0,0,0,0,0,0,0,0,0,0
adapter256,2,Q8K4P2,1,1,1,1,1,1,0,0,0,0,0,0,0,0,0,0,0,0
adapter256,2,Q8LW54,1,1,1,1,1,1,1,1,1,1,1,1,1,1,1,1,1,1
adapter256,2,Q8MA00,1,1,1,1,1,1,0,0,0,0,0,0,0,0,0,0,0,0
adapter256,2,Q8MJC3,0,0,0,0,0,0,2,2,2,2,2,2,2,2,2,2,2,2
adapter256,2,Q8MJU1,0,0,0,0,0,0,2,2,2,2,2,2,1,1,1,1,1,1
adapter256,2,Q8MJV4,1,1,1,1,1,1,0,0,0,0,0,0,0,0,0,0,0,0
adapter256,2,Q8MKI5,0,0,0,0,0,0,2,2,2,2,2,2,1,1,1,1,1,1
adapter256,2,Q8MMJ7,2,2,2,2,2,2,0,0,0,0,0,0,0,0,0,0,0,0
adapter256,2,Q8MTX2,2,2,2,2,2,2,0,0,0,0,0,0,0,0,0,0,0,0
adapter256,2,Q8N6Q3,1,1,1,1,1,1,0,0,0,0,0,0,0,0,0,0,0,0
adapter256,2,Q8NG41,0,1,1,1,1,1,1,0,0,0,0,0,1,0,0,0,0,0
adapter256,2,Q8QG89,0,0,0,0,0,0,1,1,1,1,1,1,1,1,1,1,1,1
adapter256,2,Q8RB77,0,0,0,0,0,0,1,1,1,1,1,1,0,0,0,0,0,0
adapter256,2,Q8S8Y4,0,0,0,0,0,0,1,1,1,1,1,1,0,0,0,0,0,0
adapter256,2,Q8SQ23,0,0,0,0,1,1,1,1,1,1,0,0,1,1,1,1,0,0
adapter256,2,Q8SWI4,0,0,1,1,1,1,1,1,0,0,0,0,1,1,0,0,0,0
adapter256,2,Q8T9R8,0,0,0,0,0,0,1,1,1,1,1,1,0,0,0,0,0,0
adapter256,2,Q8UUG0,2,2,2,2,2,2,0,0,0,0,0,0,0,0,0,0,0,0
adapter256,2,Q8UUG2,2,2,2,2,2,2,0,0,0,0,0,0,0,0,0,0,0,0
adapter256,2,Q8WI34,1,1,1,1,1,1,0,0,0,0,0,0,0,0,0,0,0,0
adapter256,2,Q8WPU1,0,1,1,1,1,1,1,0,0,0,0,0,1,0,0,0,0,0
adapter256,2,Q8WXF3,2,2,2,2,2,2,0,0,0,0,0,0,0,0,0,0,0,0
adapter256,2,Q8XIS3,0,0,0,0,0,0,1,1,1,1,1,1,0,0,0,0,0,0
adapter256,2,Q8YYG5,1,1,1,1,1,1,0,0,0,0,0,0,0,0,0,0,0,0
adapter256,2,Q90325,0,0,0,0,0,0,1,1,1,1,1,1,1,1,1,1,1,1
adapter256,2,Q90326,0,0,0,0,0,0,1,1,1,1,1,1,2,2,2,2,2,2
adapter256,2,Q90391,0,0,0,0,0,0,1,1,1,1,1,1,1,1,1,1,1,1
adapter256,2,Q90392,0,0,0,0,0,0,1,1,1,1,1,1,1,1,1,1,1,1
adapter256,2,Q90VW7,0,0,0,0,0,0,2,2,2,2,2,2,1,1,1,1,1,1
adapter256,2,Q90W79,1,1,1,1,1,1,0,0,0,0,0,0,0,0,0,0,0,0
adapter256,2,Q90WC0,0,0,0,0,0,0,1,1,1,1,1,1,1,1,1,1,1,1
adapter256,2,Q90YA6,0,0,0,0,0,0,1,1,1,1,1,1,1,1,1,1,1,1
adapter256,2,Q90ZX8,0,0,0,0,0,0,2,2,2,2,2,2,2,2,2,2,2,2
adapter256,2,Q90ZY0,0,0,0,0,0,0,2,2,2,2,2,2,2,2,2,2,2,2
adapter256,2,Q92405,1,1,1,1,1,1,0,0,0,0,0,0,0,0,0,0,0,0
adapter256,2,Q93R80,1,1,1,1,1,1,0,0,0,0,0,0,0,0,0,0,0,0
adapter256,2,Q93V72,1,1,1,1,1,1,0,0,0,0,0,0,0,0,0,0,0,0
adapter256,2,Q93Z08,0,1,1,1,1,1,1,0,0,0,0,0,1,0,0,0,0,0
adapter256,2,Q95222,0,0,0,0,0,0,1,1,1,1,1,1,0,0,0,0,0,0
adapter256,2,Q95ND5,0,0,0,0,0,0,2,2,2,2,2,2,1,1,1,1,1,1
adapter256,2,Q95ND7,1,1,1,1,1,1,1,1,1,1,1,1,0,0,0,0,0,0
adapter256,2,Q96316,1,1,1,1,1,1,0,0,0,0,0,0,0,0,0,0,0,0
adapter256,2,Q96PL2,0,0,0,0,0,1,1,1,1,1,1,0,1,1,1,1,1,0
adapter256,2,Q97JJ9,0,0,0,0,0,0,1,1,1,1,1,1,0,0,0,0,0,0
adapter256,2,Q98995,0,0,0,0,0,0,1,1,1,1,1,1,2,2,2,2,2,2
adapter256,2,Q98SP2,0,0,0,0,0,0,1,1,1,1,1,1,1,1,1,1,1,1
adapter256,2,Q99013,0,0,0,1,1,1,1,1,1,0,0,0,2,2,2,1,1,1
adapter256,2,Q99219,1,1,1,1,1,1,0,0,0,0,0,0,0,0,0,0,0,0
adapter256,2,Q99M75,1,1,1,1,1,1,0,0,0,0,0,0,0,0,0,0,0,0
adapter256,2,Q99PI8,1,1,1,1,1,1,0,0,0,0,0,0,0,0,0,0,0,0
adapter256,2,Q9AVB0,2,2,2,2,2,2,0,0,0,0,0,0,0,0,0,0,0,0
adapter256,2,Q9AYP9,1,1,2,2,2,2,1,1,0,0,0,0,1,1,0,0,0,0
adapter256,2,Q9BBS2,1,1,1,1,1,1,0,0,0,0,0,0,0,0,0,0,0,0
adapter256,2,Q9BDB7,0,0,0,0,0,0,1,1,1,1,1,1,0,0,0,0,0,0
adapter256,2,Q9BH21,1,2,2,2,2,2,1,0,0,0,0,0,1,0,0,0,0,0
adapter256,2,Q9BH75,1,2,2,2,2,2,1,0,0,0,0,0,1,0,0,0,0,0
adapter256,2,Q9BH79,0,0,0,0,0,0,2,2,2,2,2,2,2,2,2,2,2,2
adapter256,2,Q9BH81,2,2,2,2,2,2,0,0,0,0,0,0,0,0,0,0,0,0
adapter256,2,Q9BH86,1,2,2,2,2,2,1,0,0,0,0,0,1,0,0,0,0,0
adapter256,2,Q9BHA6,2,2,2,2,2,2,0,0,0,0,0,0,0,0,0,0,0,0
adapter256,2,Q9BMP8,1,1,1,1,1,1,0,0,0,0,0,0,0,0,0,0,0,0
adapter256,2,Q9BP43,1,1,1,1,1,1,0,0,0,0,0,0,1,1,1,1,1,1
adapter256,2,Q9BP46,0,0,0,0,0,0,2,2,2,2,2,2,1,1,1,1,1,1
adapter256,2,Q9BP47,1,1,1,1,1,1,0,0,0,0,0,0,0,0,0,0,0,0
adapter256,2,Q9BP51,2,2,2,2,2,2,0,0,0,0,0,0,0,0,0,0,0,0
adapter256,2,Q9BP53,1,1,2,2,2,2,1,1,0,0,0,0,1,1,0,0,0,0
adapter256,2,Q9BP56,2,2,2,2,2,2,0,0,0,0,0,0,0,0,0,0,0,0
adapter256,2,Q9BPD1,2,2,2,2,2,2,0,0,0,0,0,0,0,0,0,0,0,0
adapter256,2,Q9BPD2,0,0,0,0,0,0,2,2,2,2,2,2,2,2,2,2,2,2
adapter256,2,Q9BPD3,2,2,2,2,2,2,0,0,0,0,0,0,0,0,0,0,0,0
adapter256,2,Q9BPD4,1,1,2,2,2,2,1,1,0,0,0,0,1,1,0,0,0,0
adapter256,2,Q9BPD5,2,2,2,2,2,2,0,0,0,0,0,0,0,0,0,0,0,0
adapter256,2,Q9BPD6,1,1,2,2,2,2,1,1,0,0,0,0,1,1,0,0,0,0
adapter256,2,Q9BPD7,0,0,0,0,0,0,2,2,2,2,2,2,2,2,2,2,2,2
adapter256,2,Q9BPD9,0,0,0,0,0,0,2,2,2,2,2,2,2,2,2,2,2,2
adapter256,2,Q9BPE0,0,0,0,0,0,0,2,2,2,2,2,2,2,2,2,2,2,2
adapter256,2,Q9BPE1,0,0,0,0,0,0,2,2,2,2,2,2,2,2,2,2,2,2
adapter256,2,Q9BPE2,2,2,2,2,2,2,0,0,0,0,0,0,0,0,0,0,0,0
adapter256,2,Q9BPE3,1,1,1,1,1,1,1,1,1,1,1,1,0,0,0,0,0,0
adapter256,2,Q9BPE4,2,2,2,2,2,2,0,0,0,0,0,0,0,0,0,0,0,0
adapter256,2,Q9BPE5,2,2,2,2,2,2,0,0,0,0,0,0,0,0,0,0,0,0
adapter256,2,Q9BPE6,1,2,2,2,2,2,1,0,0,0,0,0,1,0,0,0,0,0
adapter256,2,Q9BPE7,0,1,1,2,2,2,2,1,1,0,0,0,2,1,1,0,0,0
adapter256,2,Q9BPE9,1,1,1,1,1,2,1,1,1,1,1,0,1,1,1,1,1,0
adapter256,2,Q9BPF1,0,1,2,2,2,2,2,1,0,0,0,0,2,1,0,0,0,0
adapter256,2,Q9BPF2,2,2,2,2,2,2,0,0,0,0,0,0,0,0,0,0,0,0
adapter256,2,Q9BPF3,2,2,2,2,2,2,0,0,0,0,0,0,0,0,0,0,0,0
adapter256,2,Q9BPF4,1,2,2,2,2,2,1,0,0,0,0,0,1,0,0,0,0,0
adapter256,2,Q9BPF5,0,0,2,2,2,2,2,2,0,0,0,0,2,2,0,0,0,0
adapter256,2,Q9BPF7,2,2,2,2,2,2,0,0,0,0,0,0,0,0,0,0,0,0
adapter256,2,Q9BPF9,1,2,2,2,2,2,1,0,0,0,0,0,1,0,0,0,0,0
adapter256,2,Q9BPG0,2,2,2,2,2,2,0,0,0,0,0,0,0,0,0,0,0,0
adapter256,2,Q9BPG1,1,2,2,2,2,2,1,0,0,0,0,0,1,0,0,0,0,0
adapter256,2,Q9BPG2,1,2,2,2,2,2,1,0,0,0,0,0,1,0,0,0,0,0
adapter256,2,Q9BPG5,2,2,2,2,2,2,0,0,0,0,0,0,0,0,0,0,0,0
adapter256,2,Q9BPG6,0,1,2,2,2,2,2,1,0,0,0,0,2,1,0,0,0,0
adapter256,2,Q9BPG7,1,1,2,2,2,2,1,1,0,0,0,0,1,1,0,0,0,0
adapter256,2,Q9BPG8,1,2,2,2,2,2,1,0,0,0,0,0,1,0,0,0,0,0
adapter256,2,Q9BPH0,1,1,2,2,2,2,1,1,0,0,0,0,1,1,0,0,0,0
adapter256,2,Q9BPH1,1,1,1,1,1,1,1,1,1,1,1,1,1,1,1,1,1,1
adapter256,2,Q9BPH2,1,1,2,2,2,2,1,1,0,0,0,0,1,1,0,0,0,0
adapter256,2,Q9BZR6,1,1,1,1,1,1,0,0,0,0,0,0,0,0,0,0,0,0
adapter256,2,Q9C169,0,1,1,1,1,1,1,0,0,0,0,0,1,0,0,0,0,0
adapter256,2,Q9C7F7,0,0,0,0,0,0,1,1,1,1,1,1,1,1,1,1,1,1
adapter256,2,Q9C9B1,1,1,1,1,1,1,0,0,0,0,0,0,0,0,0,0,0,0
adapter256,2,Q9CQW3,1,1,1,1,1,1,0,0,0,0,0,0,0,0,0,0,0,0
adapter256,2,Q9D3P9,2,2,2,2,2,2,1,1,1,1,1,1,1,1,1,1,1,1
adapter256,2,Q9F1K9,1,1,1,1,1,1,0,0,0,0,0,0,0,0,0,0,0,0
adapter256,2,Q9FGF6,0,2,2,2,2,2,2,0,0,0,0,0,2,0,0,0,0,0
adapter256,2,Q9FGH4,0,0,1,1,1,1,1,1,0,0,0,0,1,1,0,0,0,0
adapter256,2,Q9FNQ2,1,1,1,1,1,1,0,0,0,0,0,0,0,0,0,0,0,0
adapter256,2,Q9FZ86,1,1,1,1,1,1,0,0,0,0,0,0,0,0,0,0,0,0
adapter256,2,Q9FZD0,1,1,1,1,1,1,0,0,0,0,0,0,0,0,0,0,0,0
adapter256,2,Q9GJY2,1,1,1,1,1,1,0,0,0,0,0,0,1,1,1,1,1,1
adapter256,2,Q9GK16,1,1,1,1,1,1,0,0,0,0,0,0,1,1,1,1,1,1
adapter256,2,Q9GLG4,0,0,0,0,0,0,4,4,4,4,4,4,1,1,1,1,1,1
adapter256,2,Q9GLP2,1,1,1,1,1,1,1,1,1,1,1,1,0,0,0,0,0,0
adapter256,2,Q9GQW4,2,2,2,2,2,2,0,0,0,0,0,0,0,0,0,0,0,0
adapter256,2,Q9GSA4,1,1,1,1,1,1,0,0,0,0,0,0,0,0,0,0,0,0
adapter256,2,Q9IAB0,0,0,0,0,0,0,1,1,1,1,1,1,2,2,2,2,2,2
adapter256,2,Q9IAX6,0,0,0,0,0,0,1,1,1,1,1,1,0,0,0,0,0,0
adapter256,2,Q9IAY0,0,0,0,0,0,0,1,1,1,1,1,1,0,0,0,0,0,0
adapter256,2,Q9IAY1,0,0,0,0,0,0,1,1,1,1,1,1,0,0,0,0,0,0
adapter256,2,Q9IAY2,0,0,0,0,0,0,1,1,1,1,1,1,1,1,1,1,1,1
adapter256,2,Q9IAY3,0,0,0,0,0,0,1,1,1,1,1,1,0,0,0,0,0,0
adapter256,2,Q9JM53,0,0,0,0,0,0,1,1,1,1,1,1,0,0,0,0,0,0
adapter256,2,Q9JMB8,1,1,1,1,1,1,0,0,0,0,0,0,0,0,0,0,0,0
adapter256,2,Q9KD78,0,0,0,0,0,0,1,1,1,1,1,1,0,0,0,0,0,0
adapter256,2,Q9M088,0,0,1,1,1,1,1,1,0,0,0,0,1,1,0,0,0,0
adapter256,2,Q9M2G1,1,1,1,1,1,1,0,0,0,0,0,0,0,0,0,0,0,0
adapter256,2,Q9MS55,1,1,1,1,1,1,0,0,0,0,0,0,0,0,0,0,0,0
adapter256,2,Q9MS58,1,1,1,1,1,1,0,0,0,0,0,0,0,0,0,0,0,0
adapter256,2,Q9MS61,1,1,1,1,1,1,0,0,0,0,0,0,0,0,0,0,0,0
adapter256,2,Q9MS64,1,1,1,1,1,1,0,0,0,0,0,0,0,0,0,0,0,0
adapter256,2,Q9MS67,1,1,1,1,1,1,0,0,0,0,0,0,0,0,0,0,0,0
adapter256,2,Q9MS70,1,1,1,1,1,1,0,0,0,0,0,0,0,0,0,0,0,0
adapter256,2,Q9MS73,1,1,1,1,1,1,0,0,0,0,0,0,0,0,0,0,0,0
adapter256,2,Q9MS76,1,1,1,1,1,1,0,0,0,0,0,0,0,0,0,0,0,0
adapter256,2,Q9MS79,1,1,1,1,1,1,0,0,0,0,0,0,0,0,0,0,0,0
adapter256,2,Q9MTL6,1,1,1,1,1,1,0,0,0,0,0,0,0,0,0,0,0,0
adapter256,2,Q9MUS0,1,1,1,1,1,1,0,0,0,0,0,0,0,0,0,0,0,0
adapter256,2,Q9N0E3,1,1,1,1,1,1,0,0,0,0,0,0,0,0,0,0,0,0
adapter256,2,Q9N4D8,1,1,1,1,1,1,3,3,3,3,3,3,1,1,1,1,1,1
adapter256,2,Q9N661,0,0,0,0,0,0,1,1,1,1,1,1,0,0,0,0,0,0
adapter256,2,Q9NDE8,33,42,43,44,44,44,13,4,3,2,2,2,13,4,3,2,2,2
adapter256,2,Q9P232,0,0,1,1,1,1,1,1,0,0,0,0,1,1,0,0,0,0
adapter256,2,Q9P378,1,1,1,1,1,1,0,0,0,0,0,0,0,0,0,0,0,0
adapter256,2,Q9PVK9,0,0,0,0,0,0,1,1,1,1,1,1,2,2,2,2,2,2
adapter256,2,Q9PW35,0,0,0,0,0,0,1,1,1,1,1,1,1,1,1,1,1,1
adapter256,2,Q9PW36,0,0,0,0,0,0,1,1,1,1,1,1,1,1,1,1,1,1
adapter256,2,Q9PWJ0,0,0,0,0,0,0,1,1,1,1,1,1,1,1,1,1,1,1
adapter256,2,Q9QUG3,1,1,1,1,1,1,0,0,0,0,0,0,1,1,1,1,1,1
adapter256,2,Q9S0W8,0,0,0,0,0,0,1,1,1,1,1,1,1,1,1,1,1,1
adapter256,2,Q9S9K4,0,1,1,1,1,1,1,0,0,0,0,0,2,1,1,1,1,1
adapter256,2,Q9SD84,1,1,1,1,1,1,0,0,0,0,0,0,0,0,0,0,0,0
adapter256,2,Q9SKW7,4,5,5,5,5,5,2,1,1,1,1,1,1,0,0,0,0,0
adapter256,2,Q9SUV6,0,1,1,1,1,1,1,0,0,0,0,0,2,1,1,1,1,1
adapter256,2,Q9TKY7,1,1,1,1,1,1,0,0,0,0,0,0,0,0,0,0,0,0
adapter256,2,Q9TUX7,2,3,3,3,3,3,2,1,1,1,1,1,1,0,0,0,0,0
adapter256,2,Q9TY83,0,1,1,1,1,1,1,0,0,0,0,0,1,0,0,0,0,0
adapter256,2,Q9TY84,0,1,1,1,1,1,1,0,0,0,0,0,1,0,0,0,0,0
adapter256,2,Q9U619,1,1,1,2,2,2,1,1,1,0,0,0,1,1,1,0,0,0
adapter256,2,Q9U6Z5,0,0,0,2,2,2,2,2,2,0,0,0,2,2,2,0,0,0
adapter256,2,Q9U6Z9,1,1,2,2,2,2,1,1,0,0,0,0,1,1,0,0,0,0
adapter256,2,Q9U700,2,2,2,2,2,2,0,0,0,0,0,0,0,0,0,0,0,0
adapter256,2,Q9UKY0,1,1,1,1,1,1,0,0,0,0,0,0,1,1,1,1,1,1
adapter256,2,Q9UQ52,0,0,1,1,1,1,1,1,0,0,0,0,1,1,0,0,0,0
adapter256,2,Q9UV63,0,0,0,0,0,0,1,1,1,1,1,1,0,0,0,0,0,0
adapter256,2,Q9VLK4,2,2,2,2,2,2,1,1,1,1,1,1,0,0,0,0,0,0
adapter256,2,Q9VT50,0,0,0,1,1,1,3,3,3,2,2,2,3,3,3,2,2,2
adapter256,2,Q9VTM6,1,1,1,1,1,1,0,0,0,0,0,0,0,0,0,0,0,0
adapter256,2,Q9VU58,0,0,0,0,0,0,3,3,3,3,3,3,1,1,1,1,1,1
adapter256,2,Q9VVF7,6,6,6,6,6,6,1,1,1,1,1,1,0,0,0,0,0,0
adapter256,2,Q9W7S2,0,0,0,0,0,0,1,1,1,1,1,1,2,2,2,2,2,2
adapter256,2,Q9WUG6,0,1,1,1,1,1,1,0,0,0,0,0,2,1,1,1,1,1
adapter256,2,Q9WVA8,1,1,1,1,1,1,3,3,3,3,3,3,1,1,1,1,1,1
adapter256,2,Q9WVA9,2,2,2,2,2,2,2,2,2,2,2,2,1,1,1,1,1,1
adapter256,2,Q9XZK6,0,1,2,2,2,2,2,1,0,0,0,0,2,1,0,0,0,0
adapter256,2,Q9XZK7,0,1,2,2,2,2,2,1,0,0,0,0,2,1,0,0,0,0
adapter256,2,Q9Y5Q6,1,1,1,1,1,1,1,1,1,1,1,1,2,2,2,2,2,2
adapter256,2,Q9Y7Y7,1,1,1,1,1,1,0,0,0,0,0,0,0,0,0,0,0,0
adapter256,2,Q9YI19,0,0,0,0,0,0,1,1,1,1,1,1,1,1,1,1,1,1
adapter256,2,Q9Z0J1,1,1,1,1,1,1,0,0,0,0,0,0,0,0,0,0,0,0
adapter256,2,Q9Z0X1,0,0,0,0,0,0,1,1,1,1,1,1,0,0,0,0,0,0
adapter256,2,R4JJN6,2,2,2,2,2,2,0,0,0,0,0,0,0,0,0,0,0,0
adapter256,2,R4JNJ5,2,2,2,2,2,2,0,0,0,0,0,0,0,0,0,0,0,0
adapter256,2,R4JQZ0,2,2,2,2,2,2,0,0,0,0,0,0,0,0,0,0,0,0
adapter256,2,R4ZCU1,0,2,2,3,4,4,4,2,2,1,0,0,6,4,4,3,2,2
adapter256,2,S4UJW3,2,2,3,3,3,3,1,1,0,0,0,0,1,1,0,0,0,0
adapter256,2,U4N938,0,0,0,0,0,0,1,1,1,1,1,1,2,2,2,2,2,2
adapter256,2,U5KJC9,0,0,1,1,1,1,1,1,0,0,0,0,1,1,0,0,0,0
adapter256,2,U5KJJ1,0,0,1,1,1,1,1,1,0,0,0,0,1,1,0,0,0,0
adapter256,2,U5KJM4,0,0,1,1,1,1,1,1,0,0,0,0,1,1,0,0,0,0
adapter256,2,U5KJM6,0,0,1,1,1,1,1,1,0,0,0,0,1,1,0,0,0,0
adapter256,2,U5KJT7,0,0,1,1,1,1,1,1,0,0,0,0,1,1,0,0,0,0
adapter256,2,U5KJZ2,0,0,1,1,1,1,1,1,0,0,0,0,1,1,0,0,0,0
adapter256,2,W8GNV3,2,2,2,2,2,2,0,0,0,0,0,0,0,0,0,0,0,0
adapter256,2,X5I9Y2,1,1,2,2,2,2,1,1,0,0,0,0,1,1,0,0,0,0
adapter256,2,X5I9Z2,2,2,2,2,2,2,0,0,0,0,0,0,0,0,0,0,0,0
adapter256,2,X5IFZ1,0,0,0,0,0,0,2,2,2,2,2,2,2,2,2,2,2,2
adapter256,5,A0A024SH76,1,1,1,1,1,1,0,0,0,0,0,0,0,0,0,0,0,0
adapter256,5,A0A059J5P2,1,1,1,1,1,1,0,0,0,0,0,0,0,0,0,0,0,0
adapter256,5,A0A084G2W8,0,0,0,0,1,1,1,1,1,1,0,0,1,1,1,1,0,0
adapter256,5,A0A125S9E4,1,1,1,1,1,1,0,0,0,0,0,0,1,1,1,1,1,1
adapter256,5,A0A144LUY5,1,1,1,1,1,1,3,3,3,3,3,3,0,0,0,0,0,0
adapter256,5,A0A144LVL3,0,1,1,1,1,1,4,3,3,3,3,3,1,0,0,0,0,0
adapter256,5,A0A1B0GVD1,0,0,0,1,1,1,1,1,1,0,0,0,1,1,1,0,0,0
adapter256,5,A0A1D0BR67,0,0,1,1,1,1,1,1,0,0,0,0,1,1,0,0,0,0
adapter256,5,A0A1D0BZF5,1,1,1,1,1,1,0,0,0,0,0,0,0,0,0,0,0,0
adapter256,5,A0A1P8VFM2,0,0,0,0,0,0,1,1,1,1,1,1,0,0,0,0,0,0
adapter256,5,A0A384K116,0,1,1,1,1,1,1,0,0,0,0,0,1,0,0,0,0,0
adapter256,5,A0A5C1ZW08,0,0,1,1,1,1,1,1,0,0,0,0,1,1,0,0,0,0
adapter256,5,A0A5C1ZXT8,0,0,1,1,1,1,1,1,0,0,0,0,1,1,0,0,0,0
adapter256,5,A0A5C2A2T2,0,0,0,0,0,0,1,1,1,1,1,1,0,0,0,0,0,0
adapter256,5,A0A6B9L8Y4,0,0,0,0,2,2,2,2,2,2,0,0,2,2,2,2,0,0
adapter256,5,A0AIY9,1,1,1,1,1,1,0,0,0,0,0,0,1,1,1,1,1,1
adapter256,5,A0Q1T6,1,1,1,1,1,1,0,0,0,0,0,0,1,1,1,1,1,1
adapter256,5,A0RJ49,1,1,1,1,1,1,0,0,0,0,0,0,1,1,1,1,1,1
adapter256,5,A0RZB4,1,1,1,1,1,1,0,0,0,0,0,0,1,1,1,1,1,1
adapter256,5,A0ZT93,0,0,0,0,0,0,1,1,1,1,1,1,1,1,1,1,1,1
adapter256,5,A1EC31,1,1,1,1,1,1,0,0,0,0,0,0,0,0,0,0,0,0
adapter256,5,A1JKC3,0,0,0,0,0,0,1,1,1,1,1,1,1,1,1,1,1,1
adapter256,5,A2BDG0,0,0,0,0,0,0,1,1,1,1,1,1,2,2,2,2,2,2
adapter256,5,A2BDG5,1,1,1,1,1,1,0,0,0,0,0,0,1,1,1,1,1,1
adapter256,5,A2BDG9,0,0,1,1,1,1,1,1,0,0,0,0,2,2,1,1,1,1
adapter256,5,A2RLA2,1,1,1,1,1,1,0,0,0,0,0,0,0,0,0,0,0,0
adapter256,5,A2VE33,0,0,0,1,1,1,1,1,1,0,0,0,1,1,1,0,0,0
adapter256,5,A2XHZ9,1,1,1,1,1,1,0,0,0,0,0,0,1,1,1,1,1,1
adapter256,5,A2ZBG5,2,2,2,2,2,2,0,0,0,0,0,0,0,0,0,0,0,0
adapter256,5,A3DBS4,1,1,1,1,1,1,0,0,0,0,0,0,0,0,0,0,0,0
adapter256,5,A3F7X2,0,0,0,0,0,0,1,1,1,1,1,1,1,1,1,1,1,1
adapter256,5,A4TL44,1,1,1,1,1,1,0,0,0,0,0,0,0,0,0,0,0,0
adapter256,5,A4VUF9,0,1,1,1,1,1,1,0,0,0,0,0,1,0,0,0,0,0
adapter256,5,A4W0Q0,0,1,1,1,1,1,1,0,0,0,0,0,1,0,0,0,0,0
adapter256,5,A4XJS7,1,1,1,1,1,1,0,0,0,0,0,0,0,0,0,0,0,0
adapter256,5,A5A6J6,0,0,0,0,0,0,1,1,1,1,1,1,0,0,0,0,0,0
adapter256,5,A5A6P7,1,1,1,1,1,1,0,0,0,0,0,0,0,0,0,0,0,0
adapter256,5,A5A752,1,1,1,1,1,1,0,0,0,0,0,0,0,0,0,0,0,0
adapter256,5,A5I667,1,1,1,1,1,1,0,0,0,0,0,0,1,1,1,1,1,1
adapter256,5,A5ITG9,1,1,1,1,1,1,0,0,0,0,0,0,1,1,1,1,1,1
adapter256,5,A5LHG2,1,1,1,1,1,1,1,1,1,1,1,1,2,2,2,2,2,2
adapter256,5,A5N6K1,1,1,1,1,1,1,0,0,0,0,0,0,0,0,0,0,0,0
adapter256,5,A5VKS3,1,1,1,1,1,1,0,0,0,0,0,0,0,0,0,0,0,0
adapter256,5,A6BM07,0,0,0,0,0,0,1,1,1,1,1,1,0,0,0,0,0,0
adapter256,5,A6LQR8,1,1,1,1,1,1,0,0,0,0,0,0,1,1,1,1,1,1
adapter256,5,A6MFK9,0,0,0,0,0,0,1,1,1,1,1,1,0,0,0,0,0,0
adapter256,5,A6P3B2,18,18,18,18,18,18,0,0,0,0,0,0,2,2,2,2,2,2
adapter256,5,A6QHI7,1,1,1,1,1,1,0,0,0,0,0,0,1,1,1,1,1,1
adapter256,5,A6U2B3,1,1,1,1,1,1,0,0,0,0,0,0,1,1,1,1,1,1
adapter256,5,A6XN32,1,1,1,1,1,1,0,0,0,0,0,0,1,1,1,1,1,1
adapter256,5,A7FFL9,1,1,1,1,1,1,0,0,0,0,0,0,1,1,1,1,1,1
adapter256,5,A7FXU7,1,1,1,1,1,1,0,0,0,0,0,0,1,1,1,1,1,1
adapter256,5,A7GHK3,1,1,1,1,1,1,0,0,0,0,0,0,1,1,1,1,1,1
adapter256,5,A7GTC2,1,1,1,1,1,1,0,0,0,0,0,0,1,1,1,1,1,1
adapter256,5,A7RMN1,0,0,1,1,1,1,1,1,0,0,0,0,1,1,0,0,0,0
adapter256,5,A7X362,1,1,1,1,1,1,0,0,0,0,0,0,1,1,1,1,1,1
adapter256,5,A7Z783,1,1,1,1,1,1,0,0,0,0,0,0,1,1,1,1,1,1
adapter256,5,A8AWF9,1,1,1,1,1,1,0,0,0,0,0,0,0,0,0,0,0,0
adapter256,5,A8D888,1,1,1,1,1,1,0,0,0,0,0,0,0,0,0,0,0,0
adapter256,5,A8FFT0,1,1,1,1,1,1,0,0,0,0,0,0,1,1,1,1,1,1
adapter256,5,A8WU84,3,3,3,3,3,3,0,0,0,0,0,0,0,0,0,0,0,0
adapter256,5,A8Z2H3,1,1,1,1,1,1,0,0,0,0,0,0,1,1,1,1,1,1
adapter256,5,A9KMF6,1,1,1,1,1,1,0,0,0,0,0,0,1,1,1,1,1,1
adapter256,5,A9R3T6,1,1,1,1,1,1,0,0,0,0,0,0,0,0,0,0,0,0
adapter256,5,A9VIR7,1,1,1,1,1,1,0,0,0,0,0,0,1,1,1,1,1,1
adapter256,5,B0BND0,1,1,1,1,1,1,0,0,0,0,0,0,0,0,0,0,0,0
adapter256,5,B0K416,0,1,1,1,1,1,1,0,0,0,0,0,1,0,0,0,0,0
adapter256,5,B0KAC0,0,1,1,1,1,1,1,0,0,0,0,0,1,0,0,0,0,0
adapter256,5,B0TBW5,1,1,1,1,1,1,0,0,0,0,0,0,1,1,1,1,1,1
adapter256,5,B0XZV8,1,1,1,1,1,1,0,0,0,0,0,0,1,1,1,1,1,1
adapter256,5,B0Y665,1,1,1,1,1,1,0,0,0,0,0,0,1,1,1,1,1,1
adapter256,5,B1AIJ8,1,1,1,1,1,1,0,0,0,0,0,0,0,0,0,0,0,0
adapter256,5,B1B6T1,1,1,1,1,1,1,0,0,0,0,0,0,0,0,0,0,0,0
adapter256,5,B1IBP4,1,1,1,1,1,1,0,0,0,0,0,0,0,0,0,0,0,0
adapter256,5,B1ILY6,1,1,1,1,1,1,0,0,0,0,0,0,1,1,1,1,1,1
adapter256,5,B1IQZ3,0,0,0,0,0,0,1,1,1,1,1,1,1,1,1,1,1,1
adapter256,5,B1JR58,1,1,1,1,1,1,0,0,0,0,0,0,1,1,1,1,1,1
adapter256,5,B1KZR4,1,1,1,1,1,1,0,0,0,0,0,0,1,1,1,1,1,1
adapter256,5,B1P1A2,0,1,1,1,1,1,1,0,0,0,0,0,1,0,0,0,0,0
adapter256,5,B1P1A4,2,2,2,2,2,2,0,0,0,0,0,0,0,0,0,0,0,0
adapter256,5,B1P1B6,1,2,2,2,2,2,1,0,0,0,0,0,1,0,0,0,0,0
adapter256,5,B1P1B7,2,2,2,2,2,2,0,0,0,0,0,0,0,0,0,0,0,0
adapter256,5,B1P1B8,2,2,2,2,2,2,0,0,0,0,0,0,0,0,0,0,0,0
adapter256,5,B1P1B9,2,2,2,2,2,2,0,0,0,0,0,0,0,0,0,0,0,0
adapter256,5,B1P1C2,1,1,1,2,2,2,1,1,1,0,0,0,1,1,1,0,0,0
adapter256,5,B1P1C6,2,2,2,2,2,2,0,0,0,0,0,0,0,0,0,0,0,0
adapter256,5,B1P1C7,2,2,2,2,2,2,0,0,0,0,0,0,0,0,0,0,0,0
adapter256,5,B1P1C8,1,1,1,2,2,2,1,1,1,0,0,0,1,1,1,0,0,0
adapter256,5,B1P1D7,2,2,2,2,2,2,0,0,0,0,0,0,0,0,0,0,0,0
adapter256,5,B1P1D8,0,2,2,2,2,2,2,0,0,0,0,0,2,0,0,0,0,0
adapter256,5,B1P1D9,2,2,2,2,2,2,0,0,0,0,0,0,0,0,0,0,0,0
adapter256,5,B1P1E0,2,2,2,2,2,2,0,0,0,0,0,0,0,0,0,0,0,0
adapter256,5,B1P1E1,2,2,2,2,2,2,0,0,0,0,0,0,0,0,0,0,0,0
adapter256,5,B1P1E2,1,1,1,1,1,1,0,0,0,0,0,0,1,1,1,1,1,1
adapter256,5,B1P1E3,2,2,2,2,2,2,0,0,0,0,0,0,0,0,0,0,0,0
adapter256,5,B1P1E4,2,2,2,2,2,2,0,0,0,0,0,0,0,0,0,0,0,0
adapter256,5,B1P1E5,0,1,1,1,1,1,2,1,1,1,1,1,1,0,0,0,0,0
adapter256,5,B1P1E6,0,1,1,1,1,1,2,1,1,1,1,1,1,0,0,0,0,0
adapter256,5,B1P1E7,0,1,1,1,1,1,2,1,1,1,1,1,1,0,0,0,0,0
adapter256,5,B1P1E8,0,1,1,1,1,1,2,1,1,1,1,1,1,0,0,0,0,0
adapter256,5,B1P1F1,2,2,2,2,2,2,0,0,0,0,0,0,0,0,0,0,0,0
adapter256,5,B1P1F3,2,2,2,2,2,2,0,0,0,0,0,0,0,0,0,0,0,0
adapter256,5,B1P1F4,2,2,2,2,2,2,0,0,0,0,0,0,0,0,0,0,0,0
adapter256,5,B1P1F5,1,1,1,1,1,1,1,1,1,1,1,1,0,0,0,0,0,0
adapter256,5,B1P1F6,0,1,1,1,1,1,2,1,1,1,1,1,1,0,0,0,0,0
adapter256,5,B1P1F7,1,1,2,2,2,2,1,1,0,0,0,0,1,1,0,0,0,0
adapter256,5,B1P1F8,2,2,2,2,2,2,0,0,0,0,0,0,0,0,0,0,0,0
adapter256,5,B1P1F9,2,2,2,2,2,2,0,0,0,0,0,0,0,0,0,0,0,0
adapter256,5,B1P1G0,2,2,2,2,2,2,0,0,0,0,0,0,0,0,0,0,0,0
adapter256,5,B1P1G1,0,1,1,1,1,1,3,2,2,2,2,2,2,1,1,1,1,1
adapter256,5,B1P1G2,2,2,2,2,2,2,0,0,0,0,0,0,0,0,0,0,0,0
adapter256,5,B1P1G3,2,2,2,2,2,2,0,0,0,0,0,0,0,0,0,0,0,0
adapter256,5,B1P1G4,1,1,1,1,1,1,1,1,1,1,1,1,0,0,0,0,0,0
adapter256,5,B1P1G5,1,1,1,1,1,1,1,1,1,1,1,1,0,0,0,0,0,0
adapter256,5,B1P1G6,0,1,1,1,1,1,2,1,1,1,1,1,1,0,0,0,0,0
adapter256,5,B1P1H0,1,1,1,1,1,1,0,0,0,0,0,0,1,1,1,1,1,1
adapter256,5,B1P1H1,0,2,2,2,2,2,2,0,0,0,0,0,2,0,0,0,0,0
adapter256,5,B1P1H2,1,1,1,1,1,1,1,1,1,1,1,1,0,0,0,0,0,0
adapter256,5,B1P1H9,1,1,1,1,1,1,1,1,1,1,1,1,0,0,0,0,0,0
adapter256,5,B1P1I1,1,1,1,1,1,1,0,0,0,0,0,0,0,0,0,0,0,0
adapter256,5,B1P1I2,0,0,1,1,1,1,1,1,0,0,0,0,1,1,0,0,0,0
adapter256,5,B1P1I3,0,1,1,1,1,1,1,0,0,0,0,0,1,0,0,0,0,0
adapter256,5,B1P1I4,0,0,1,1,1,1,1,1,0,0,0,0,1,1,0,0,0,0
adapter256,5,B1P1I5,1,1,1,1,1,1,0,0,0,0,0,0,0,0,0,0,0,0
adapter256,5,B1P1I6,1,1,1,1,1,1,0,0,0,0,0,0,0,0,0,0,0,0
adapter256,5,B1VAF3,1,1,1,1,1,1,0,0,0,0,0,0,1,1,1,1,1,1
adapter256,5,B1XF62,0,0,0,0,0,0,1,1,1,1,1,1,1,1,1,1,1,1
adapter256,5,B1YJS1,1,1,1,1,1,1,0,0,0,0,0,0,1,1,1,1,1,1
adapter256,5,B2A6B5,1,1,1,1,1,1,0,0,0,0,0,0,0,0,0,0,0,0
adapter256,5,B2G856,1,1,1,1,1,1,0,0,0,0,0,0,0,0,0,0,0,0
adapter256,5,B2GD71,1,1,1,1,1,1,0,0,0,0,0,0,0,0,0,0,0,0
adapter256,5,B2IQ02,1,1,1,1,1,1,0,0,0,0,0,0,0,0,0,0,0,0
adapter256,5,B2KAB7,1,1,1,1,1,1,0,0,0,0,0,0,1,1,1,1,1,1
adapter256,5,B2MW54,0,0,1,1,1,1,1,1,0,0,0,0,1,1,0,0,0,0
adapter256,5,B2RH57,1,1,1,1,1,1,0,0,0,0,0,0,0,0,0,0,0,0
adapter256,5,B2TK69,1,1,1,1,1,1,0,0,0,0,0,0,1,1,1,1,1,1
adapter256,5,B2V0A7,1,1,1,1,1,1,0,0,0,0,0,0,1,1,1,1,1,1
adapter256,5,B2ZB95,2,2,2,2,2,2,3,3,3,3,3,3,0,0,0,0,0,0
adapter256,5,B2ZB96,1,1,1,1,1,1,4,4,4,4,4,4,2,2,2,2,2,2
adapter256,5,B2ZB98,1,1,1,1,1,1,4,4,4,4,4,4,2,2,2,2,2,2
adapter256,5,B2ZB99,1,1,1,1,1,1,4,4,4,4,4,4,2,2,2,2,2,2
adapter256,5,B2ZBA0,2,2,2,2,2,2,3,3,3,3,3,3,0,0,0,0,0,0
adapter256,5,B2ZBA1,2,2,2,2,2,2,3,3,3,3,3,3,0,0,0,0,0,0
adapter256,5,B3EWM3,0,0,0,1,1,1,1,1,1,0,0,0,1,1,1,0,0,0
adapter256,5,B3FIN4,0,0,1,1,1,1,1,1,0,0,0,0,1,1,0,0,0,0
adapter256,5,B3FIS2,1,1,1,1,1,1,0,0,0,0,0,0,1,1,1,1,1,1
adapter256,5,B3FIS3,1,1,1,1,1,1,0,0,0,0,0,0,1,1,1,1,1,1
adapter256,5,B3FIS4,1,1,1,1,1,1,0,0,0,0,0,0,1,1,1,1,1,1
adapter256,5,B3H587,0,0,1,1,1,1,1,1,0,0,0,0,1,1,0,0,0,0
adapter256,5,B3H5Q2,1,1,1,1,1,1,0,0,0,0,0,0,0,0,0,0,0,0
adapter256,5,B3QZT2,1,1,1,1,1,1,0,0,0,0,0,0,1,1,1,1,1,1
adapter256,5,B4THR7,0,0,0,0,0,0,1,1,1,1,1,1,1,1,1,1,1,1
adapter256,5,B5E4L9,1,1,1,1,1,1,0,0,0,0,0,0,0,0,0,0,0,0
adapter256,5,B5ZB18,1,1,1,1,1,1,0,0,0,0,0,0,0,0,0,0,0,0
adapter256,5,B6DD59,0,0,1,1,1,1,1,1,0,0,0,0,1,1,0,0,0,0
adapter256,5,B6IB31,0,0,0,0,0,0,1,1,1,1,1,1,1,1,1,1,1,1
adapter256,5,B7GIR0,1,1,1,1,1,1,0,0,0,0,0,0,1,1,1,1,1,1
adapter256,5,B7HE75,1,1,1,1,1,1,0,0,0,0,0,0,1,1,1,1,1,1
adapter256,5,B7HQK0,1,1,1,1,1,1,0,0,0,0,0,0,1,1,1,1,1,1
adapter256,5,B7IIV4,1,1,1,1,1,1,0,0,0,0,0,0,1,1,1,1,1,1
adapter256,5,B7JQ28,1,1,1,1,1,1,0,0,0,0,0,0,1,1,1,1,1,1
adapter256,5,B7L5E9,0,0,0,0,0,0,1,1,1,1,1,1,1,1,1,1,1,1
adapter256,5,B7LZY9,0,0,0,0,0,0,1,1,1,1,1,1,1,1,1,1,1,1
adapter256,5,B7M9V0,0,0,0,0,0,0,1,1,1,1,1,1,1,1,1,1,1,1
adapter256,5,B7MV44,0,0,0,0,0,0,1,1,1,1,1,1,1,1,1,1,1,1
adapter256,5,B7NB47,0,0,0,0,0,0,1,1,1,1,1,1,1,1,1,1,1,1
adapter256,5,B7NUP2,0,0,0,0,0,0,1,1,1,1,1,1,1,1,1,1,1,1
adapter256,5,B7URT6,0,0,0,0,0,0,1,1,1,1,1,1,1,1,1,1,1,1
adapter256,5,B8DHK8,1,1,1,1,1,1,0,0,0,0,0,0,1,1,1,1,1,1
adapter256,5,B8FUS1,1,1,1,1,1,1,0,0,0,0,0,0,0,0,0,0,0,0
adapter256,5,B8I178,1,1,1,1,1,1,0,0,0,0,0,0,1,1,1,1,1,1
adapter256,5,B8K1V9,0,0,0,0,0,0,3,3,3,3,3,3,2,2,2,2,2,2
adapter256,5,B8ZPV1,1,1,1,1,1,1,0,0,0,0,0,0,0,0,0,0,0,0
adapter256,5,B9DNE8,1,1,1,1,1,1,0,0,0,0,0,0,1,1,1,1,1,1
adapter256,5,B9DU56,1,1,1,1,1,1,0,0,0,0,0,0,0,0,0,0,0,0
adapter256,5,B9E020,1,1,1,1,1,1,0,0,0,0,0,0,0,0,0,0,0,0
adapter256,5,B9ENM6,1,1,1,1,1,1,0,0,0,0,0,0,0,0,0,0,0,0
adapter256,5,B9IZ18,1,1,1,1,1,1,0,0,0,0,0,0,1,1,1,1,1,1
adapter256,5,B9MRB7,1,1,1,1,1,1,0,0,0,0,0,0,0,0,0,0,0,0
adapter256,5,B9TQX1,1,1,1,1,1,1,0,0,0,0,0,0,0,0,0,0,0,0
adapter256,5,B9TQX2,0,0,1,1,1,1,1,1,0,0,0,0,1,1,0,0,0,0
adapter256,5,B9TQX3,0,0,1,1,1,1,1,1,0,0,0,0,1,1,0,0,0,0
adapter256,5,B9TQX4,0,0,1,1,1,1,1,1,0,0,0,0,2,2,1,1,1,1
adapter256,5,C0HJK2,0,0,0,0,1,1,1,1,1,1,0,0,1,1,1,1,0,0
adapter256,5,C0HJK4,0,0,0,1,1,1,1,1,1,0,0,0,1,1,1,0,0,0
adapter256,5,C0HK27,0,0,0,0,0,0,2,2,2,2,2,2,0,0,0,0,0,0
adapter256,5,C0HKS3,0,0,0,0,0,0,3,3,3,3,3,3,3,3,3,3,3,3
adapter256,5,C0HKS5,0,0,0,0,0,0,3,3,3,3,3,3,3,3,3,3,3,3
adapter256,5,C0HKU2,1,1,1,1,1,1,0,0,0,0,0,0,0,0,0,0,0,0
adapter256,5,C0HL17,5,5,5,5,5,5,2,2,2,2,2,2,4,4,4,4,4,4
adapter256,5,C0M7I0,1,1,1,1,1,1,0,0,0,0,0,0,0,0,0,0,0,0
adapter256,5,C0ME76,1,1,1,1,1,1,0,0,0,0,0,0,0,0,0,0,0,0
adapter256,5,C1BJ98,1,1,1,1,1,1,0,0,0,0,0,0,0,0,0,0,0,0
adapter256,5,C1C7A1,1,1,1,1,1,1,0,0,0,0,0,0,0,0,0,0,0,0
adapter256,5,C1CE94,1,1,1,1,1,1,0,0,0,0,0,0,0,0,0,0,0,0
adapter256,5,C1CKH0,1,1,1,1,1,1,0,0,0,0,0,0,0,0,0,0,0,0
adapter256,5,C1CRK7,1,1,1,1,1,1,0,0,0,0,0,0,0,0,0,0,0,0
adapter256,5,C1ETN9,1,1,1,1,1,1,0,0,0,0,0,0,1,1,1,1,1,1
adapter256,5,C1FVW6,1,1,1,1,1,1,0,0,0,0,0,0,1,1,1,1,1,1
adapter256,5,C1KVI7,1,1,1,1,1,1,0,0,0,0,0,0,1,1,1,1,1,1
adapter256,5,C3L3J4,1,1,1,1,1,1,0,0,0,0,0,0,1,1,1,1,1,1
adapter256,5,C3L6X4,1,1,1,1,1,1,0,0,0,0,0,0,1,1,1,1,1,1
adapter256,5,C3P9C8,1,1,1,1,1,1,0,0,0,0,0,0,1,1,1,1,1,1
adapter256,5,C4L4N3,1,1,1,1,1,1,0,0,0,0,0,0,1,1,1,1,1,1
adapter256,5,C4YMJ3,1,1,1,1,1,1,0,0,0,0,0,0,0,0,0,0,0,0
adapter256,5,C4YNQ5,1,1,1,1,1,1,0,0,0,0,0,0,0,0,0,0,0,0
adapter256,5,C4YSF6,1,1,1,1,1,1,0,0,0,0,0,0,0,0,0,0,0,0
adapter256,5,C4Z9Z8,1,1,1,1,1,1,0,0,0,0,0,0,1,1,1,1,1,1
adapter256,5,C4ZY59,0,0,0,0,0,0,1,1,1,1,1,1,1,1,1,1,1,1
adapter256,5,C5D5G7,1,1,1,1,1,1,0,0,0,0,0,0,1,1,1,1,1,1
adapter256,5,C6EVG7,1,1,1,1,1,1,9,9,9,9,9,9,4,4,4,4,4,4
adapter256,5,C6Y4B5,0,0,0,0,0,0,1,1,1,1,1,1,0,0,0,0,0,0
adapter256,5,D0PX84,0,0,1,1,1,1,1,1,0,0,0,0,2,2,1,1,1,1
adapter256,5,D0PX85,0,0,1,1,1,1,1,1,0,0,0,0,2,2,1,1,1,1
adapter256,5,D2Y1X9,2,2,2,2,2,2,0,0,0,0,0,0,0,0,0,0,0,0
adapter256,5,D2Y1Y0,2,2,2,2,2,2,0,0,0,0,0,0,0,0,0,0,0,0
adapter256,5,D2Y1Y1,2,2,2,2,2,2,0,0,0,0,0,0,0,0,0,0,0,0
adapter256,5,D2Y1Y2,2,2,2,2,2,2,0,0,0,0,0,0,0,0,0,0,0,0
adapter256,5,D2Y1Y3,2,2,2,2,2,2,0,0,0,0,0,0,0,0,0,0,0,0
adapter256,5,D2Y1Y4,2,2,2,2,2,2,0,0,0,0,0,0,0,0,0,0,0,0
adapter256,5,D2Y1Y5,2,2,2,2,2,2,0,0,0,0,0,0,0,0,0,0,0,0
adapter256,5,D2Y1Y6,2,2,2,2,2,2,0,0,0,0,0,0,0,0,0,0,0,0
adapter256,5,D2Y1Y7,2,2,2,2,2,2,0,0,0,0,0,0,0,0,0,0,0,0
adapter256,5,D2Y1Y8,2,2,2,2,2,2,0,0,0,0,0,0,0,0,0,0,0,0
adapter256,5,D2Y1Y9,2,2,2,2,2,2,0,0,0,0,0,0,0,0,0,0,0,0
adapter256,5,D2Y1Z0,2,2,2,2,2,2,0,0,0,0,0,0,0,0,0,0,0,0
adapter256,5,D2Y1Z2,2,2,2,2,2,2,0,0,0,0,0,0,0,0,0,0,0,0
adapter256,5,D2Y1Z4,2,2,2,2,2,2,0,0,0,0,0,0,0,0,0,0,0,0
adapter256,5,D2Y1Z5,2,2,2,2,2,2,0,0,0,0,0,0,0,0,0,0,0,0
adapter256,5,D2Y1Z6,2,2,2,2,2,2,0,0,0,0,0,0,0,0,0,0,0,0
adapter256,5,D2Y1Z7,2,2,2,2,2,2,0,0,0,0,0,0,0,0,0,0,0,0
adapter256,5,D2Y1Z8,2,2,2,2,2,2,0,0,0,0,0,0,0,0,0,0,0,0
adapter256,5,D2Y1Z9,2,2,2,2,2,2,0,0,0,0,0,0,0,0,0,0,0,0
adapter256,5,D2Y200,2,2,2,2,2,2,0,0,0,0,0,0,0,0,0,0,0,0
adapter256,5,D2Y201,2,2,2,2,2,2,0,0,0,0,0,0,0,0,0,0,0,0
adapter256,5,D2Y202,2,2,2,2,2,2,0,0,0,0,0,0,0,0,0,0,0,0
adapter256,5,D2Y203,2,2,2,2,2,2,0,0,0,0,0,0,0,0,0,0,0,0
adapter256,5,D2Y232,2,2,2,2,2,2,0,0,0,0,0,0,0,0,0,0,0,0
adapter256,5,D2Y233,2,2,2,2,2,2,0,0,0,0,0,0,0,0,0,0,0,0
adapter256,5,D2Y236,2,2,2,2,2,2,0,0,0,0,0,0,0,0,0,0,0,0
adapter256,5,D2Y237,2,2,2,2,2,2,0,0,0,0,0,0,0,0,0,0,0,0
adapter256,5,D2Y238,2,2,2,2,2,2,0,0,0,0,0,0,0,0,0,0,0,0
adapter256,5,D2Y239,2,2,2,2,2,2,0,0,0,0,0,0,0,0,0,0,0,0
adapter256,5,D2Y240,1,1,2,2,2,2,1,1,0,0,0,0,1,1,0,0,0,0
adapter256,5,D2Y241,1,1,2,2,2,2,1,1,0,0,0,0,1,1,0,0,0,0
adapter256,5,D2Y242,1,1,2,2,2,2,1,1,0,0,0,0,1,1,0,0,0,0
adapter256,5,D2Y243,1,1,2,2,2,2,1,1,0,0,0,0,1,1,0,0,0,0
adapter256,5,D2Y244,1,1,2,2,2,2,1,1,0,0,0,0,1,1,0,0,0,0
adapter256,5,D2Y245,1,1,2,2,2,2,1,1,0,0,0,0,1,1,0,0,0,0
adapter256,5,D2Y246,1,1,2,2,2,2,1,1,0,0,0,0,1,1,0,0,0,0
adapter256,5,D2Y247,1,1,2,2,2,2,1,1,0,0,0,0,1,1,0,0,0,0
adapter256,5,D2Y248,2,2,2,2,2,2,0,0,0,0,0,0,0,0,0,0,0,0
adapter256,5,D2Y249,1,1,2,2,2,2,1,1,0,0,0,0,1,1,0,0,0,0
adapter256,5,D2Y250,1,1,2,2,2,2,1,1,0,0,0,0,1,1,0,0,0,0
adapter256,5,D2Y251,0,1,1,1,1,1,1,0,0,0,0,0,1,0,0,0,0,0
adapter256,5,D2Y252,0,1,1,1,1,1,1,0,0,0,0,0,1,0,0,0,0,0
adapter256,5,D2Y2A0,0,0,1,1,1,1,2,2,1,1,1,1,1,1,0,0,0,0
adapter256,5,D2Y2A1,0,0,1,1,1,1,2,2,1,1,1,1,1,1,0,0,0,0
adapter256,5,D2Y2A2,0,0,0,0,0,1,2,2,2,2,2,1,1,1,1,1,1,0
adapter256,5,D2Y2A3,0,0,1,1,1,1,2,2,1,1,1,1,1,1,0,0,0,0
adapter256,5,D2Y2A4,0,0,1,1,1,1,2,2,1,1,1,1,1,1,0,0,0,0
adapter256,5,D2Y2A5,0,0,1,1,1,1,2,2,1,1,1,1,1,1,0,0,0,0
adapter256,5,D2Y2A6,0,0,1,1,1,1,2,2,1,1,1,1,1,1,0,0,0,0
adapter256,5,D2Y2A7,0,0,1,1,1,1,2,2,1,1,1,1,1,1,0,0,0,0
adapter256,5,D2Y2A8,0,0,1,1,1,1,2,2,1,1,1,1,1,1,0,0,0,0
adapter256,5,D2Y2A9,0,0,1,1,1,1,2,2,1,1,1,1,1,1,0,0,0,0
adapter256,5,D2Y2B0,0,0,1,1,1,1,2,2,1,1,1,1,1,1,0,0,0,0
adapter256,5,D2Y2B1,0,0,1,1,1,1,2,2,1,1,1,1,1,1,0,0,0,0
adapter256,5,D2Y2B2,0,0,1,1,1,1,2,2,1,1,1,1,1,1,0,0,0,0
adapter256,5,D2Y2B3,0,0,1,1,1,1,2,2,1,1,1,1,1,1,0,0,0,0
adapter256,5,D2Y2B4,0,0,1,1,1,1,2,2,1,1,1,1,1,1,0,0,0,0
adapter256,5,D2Y2B5,0,0,1,1,1,1,2,2,1,1,1,1,1,1,0,0,0,0
adapter256,5,D2Y2B6,0,0,1,1,1,1,1,1,0,0,0,0,1,1,0,0,0,0
adapter256,5,D2Y2B7,0,0,1,1,1,1,1,1,0,0,0,0,1,1,0,0,0,0
adapter256,5,D2Y2B8,0,0,1,1,1,1,1,1,0,0,0,0,1,1,0,0,0,0
adapter256,5,D2Y2B9,0,0,1,1,1,1,1,1,0,0,0,0,1,1,0,0,0,0
adapter256,5,D2Y2C1,1,1,2,2,2,2,1,1,0,0,0,0,1,1,0,0,0,0
adapter256,5,D2Y2D2,2,2,2,2,2,2,0,0,0,0,0,0,0,0,0,0,0,0
adapter256,5,D2Y2D7,2,2,2,2,2,2,0,0,0,0,0,0,0,0,0,0,0,0
adapter256,5,D2Y2D8,0,0,1,1,1,1,1,1,0,0,0,0,1,1,0,0,0,0
adapter256,5,D2Y2D9,0,0,1,1,1,1,1,1,0,0,0,0,1,1,0,0,0,0
adapter256,5,D2Y2E8,2,2,2,2,2,2,0,0,0,0,0,0,0,0,0,0,0,0
adapter256,5,D2Y2E9,2,2,2,2,2,2,0,0,0,0,0,0,0,0,0,0,0,0
adapter256,5,D2Y2F0,2,2,2,2,2,2,0,0,0,0,0,0,0,0,0,0,0,0
adapter256,5,D2Y2F1,2,2,2,2,2,2,0,0,0,0,0,0,0,0,0,0,0,0
adapter256,5,D2Y2G3,1,1,2,2,2,2,1,1,0,0,0,0,1,1,0,0,0,0
adapter256,5,D2Y2G4,1,1,2,2,2,2,1,1,0,0,0,0,1,1,0,0,0,0
adapter256,5,D2Y2G5,1,1,2,2,2,2,1,1,0,0,0,0,1,1,0,0,0,0
adapter256,5,D2Y2G6,1,1,2,2,2,2,1,1,0,0,0,0,1,1,0,0,0,0
adapter256,5,D2Y2G7,1,1,2,2,2,2,1,1,0,0,0,0,1,1,0,0,0,0
adapter256,5,D2Y2G8,1,1,2,2,2,2,1,1,0,0,0,0,1,1,0,0,0,0
adapter256,5,D2Y2G9,1,1,2,2,2,2,1,1,0,0,0,0,1,1,0,0,0,0
adapter256,5,D2Y2H1,0,1,1,1,1,1,1,0,0,0,0,0,1,0,0,0,0,0
adapter256,5,D2Y2H2,0,1,1,1,1,1,1,0,0,0,0,0,1,0,0,0,0,0
adapter256,5,D2Y2H3,0,0,1,1,1,1,2,2,1,1,1,1,1,1,0,0,0,0
adapter256,5,D2Y2H4,0,0,1,1,1,1,2,2,1,1,1,1,1,1,0,0,0,0
adapter256,5,D2Y2H5,0,0,1,1,1,1,2,2,1,1,1,1,1,1,0,0,0,0
adapter256,5,D2Y2H6,1,1,2,2,2,2,1,1,0,0,0,0,1,1,0,0,0,0
adapter256,5,D2Y2H7,1,1,2,2,2,2,1,1,0,0,0,0,1,1,0,0,0,0
adapter256,5,D2Y2H8,1,1,2,2,2,2,1,1,0,0,0,0,1,1,0,0,0,0
adapter256,5,D2Y2I3,1,1,2,2,2,2,1,1,0,0,0,0,1,1,0,0,0,0
adapter256,5,D2Y2I5,1,1,2,2,2,2,1,1,0,0,0,0,1,1,0,0,0,0
adapter256,5,D2Y2I6,2,2,2,2,2,2,0,0,0,0,0,0,0,0,0,0,0,0
adapter256,5,D2Y2L5,2,2,2,2,2,2,0,0,0,0,0,0,0,0,0,0,0,0
adapter256,5,D2Y2M0,1,1,2,2,2,2,1,1,0,0,0,0,1,1,0,0,0,0
adapter256,5,D2Y2M1,1,1,2,2,2,2,1,1,0,0,0,0,1,1,0,0,0,0
adapter256,5,D2Y2M2,1,1,2,2,2,2,1,1,0,0,0,0,1,1,0,0,0,0
adapter256,5,D2Y2M3,1,1,2,2,2,2,1,1,0,0,0,0,1,1,0,0,0,0
adapter256,5,D2Y2M4,1,1,2,2,2,2,1,1,0,0,0,0,1,1,0,0,0,0
adapter256,5,D2Y2M5,2,2,2,2,2,2,0,0,0,0,0,0,0,0,0,0,0,0
adapter256,5,D2Y2M6,1,1,2,2,2,2,1,1,0,0,0,0,1,1,0,0,0,0
adapter256,5,D2Y2M8,1,1,2,2,2,2,1,1,0,0,0,0,1,1,0,0,0,0
adapter256,5,D2Y2M9,1,1,2,2,2,2,1,1,0,0,0,0,1,1,0,0,0,0
adapter256,5,D2Y2N0,1,1,2,2,2,2,1,1,0,0,0,0,1,1,0,0,0,0
adapter256,5,D2Y2N1,1,1,2,2,2,2,1,1,0,0,0,0,1,1,0,0,0,0
adapter256,5,D2Y2N2,1,1,2,2,2,2,1,1,0,0,0,0,1,1,0,0,0,0
adapter256,5,D2Y2N3,1,1,2,2,2,2,1,1,0,0,0,0,1,1,0,0,0,0
adapter256,5,D2Y2N4,1,1,2,2,2,2,1,1,0,0,0,0,1,1,0,0,0,0
adapter256,5,D2Y2N5,1,1,2,2,2,2,1,1,0,0,0,0,1,1,0,0,0,0
adapter256,5,D2Y2N6,1,1,2,2,2,2,1,1,0,0,0,0,1,1,0,0,0,0
adapter256,5,D2Y2N7,1,1,2,2,2,2,1,1,0,0,0,0,1,1,0,0,0,0
adapter256,5,D2Y2N9,0,1,1,1,1,1,1,0,0,0,0,0,1,0,0,0,0,0
adapter256,5,D2Y2P0,0,1,1,1,1,1,1,0,0,0,0,0,1,0,0,0,0,0
adapter256,5,D2Y2P1,0,1,1,1,1,1,1,0,0,0,0,0,1,0,0,0,0,0
adapter256,5,D2Y2P2,0,1,1,1,1,1,1,0,0,0,0,0,1,0,0,0,0,0
adapter256,5,D3ZTT2,1,1,1,1,1,1,0,0,0,0,0,0,0,0,0,0,0,0
adapter256,5,D4B388,1,1,1,1,1,1,0,0,0,0,0,0,0,0,0,0,0,0
adapter256,5,D5J9S0,0,0,0,0,0,0,2,2,2,2,2,2,2,2,2,2,2,2
adapter256,5,D5KXH3,0,1,1,1,1,1,1,0,0,0,0,0,1,0,0,0,0,0
adapter256,5,D9IX97,0,0,0,0,0,0,1,1,1,1,1,1,3,3,3,3,3,3
adapter256,5,E2A3M7,1,1,1,1,1,1,0,0,0,0,0,0,0,0,0,0,0,0
adapter256,5,E2E4L2,1,1,1,1,1,1,0,0,0,0,0,0,1,1,1,1,1,1
adapter256,5,E2S064,1,1,2,2,2,2,1,1,0,0,0,0,1,1,0,0,0,0
adapter256,5,E5KIB6,2,2,2,2,2,2,0,0,0,0,0,0,0,0,0,0,0,0
adapter256,5,F1N5C8,1,1,1,1,1,1,0,0,0,0,0,0,0,0,0,0,0,0
adapter256,5,F1R4U0,0,0,1,1,1,1,1,1,0,0,0,0,1,1,0,0,0,0
adapter256,5,F4IVN9,1,1,1,1,1,1,0,0,0,0,0,0,0,0,0,0,0,0
adapter256,5,F4JL85,1,1,1,1,1,1,0,0,0,0,0,0,0,0,0,0,0,0
adapter256,5,F4K6R7,0,0,0,0,0,0,1,1,1,1,1,1,1,1,1,1,1,1
adapter256,5,F4KB79,2,2,2,2,2,2,1,1,1,1,1,1,0,0,0,0,0,0
adapter256,5,F5CPE8,0,0,0,0,0,0,2,2,2,2,2,2,2,2,2,2,2,2
adapter256,5,F6KSI8,0,0,0,0,0,0,1,1,1,1,1,1,1,1,1,1,1,1
adapter256,5,G1UBC2,1,1,1,1,1,1,0,0,0,0,0,0,0,0,0,0,0,0
adapter256,5,G3MU46,2,2,2,2,2,3,4,4,4,4,4,3,3,3,3,3,3,2
adapter256,5,H3BJG9,0,0,0,0,0,1,1,1,1,1,1,0,1,1,1,1,1,0
adapter256,5,I1S2N3,0,0,0,0,0,0,1,1,1,1,1,1,1,1,1,1,1,1
adapter256,5,K7LFJ0,0,0,0,0,0,0,1,1,1,1,1,1,2,2,2,2,2,2
adapter256,5,K7LSB9,0,0,0,0,0,0,1,1,1,1,1,1,2,2,2,2,2,2
adapter256,5,L0GCJ6,0,0,0,0,0,0,2,2,2,2,2,2,1,1,1,1,1,1
adapter256,5,M1E1F0,0,0,0,0,1,1,2,2,2,2,1,1,1,1,1,1,0,0
adapter256,5,M1E1F1,0,0,0,0,0,2,2,2,2,2,2,0,2,2,2,2,2,0
adapter256,5,O00451,0,0,0,1,1,1,1,1,1,0,0,0,1,1,1,0,0,0
adapter256,5,O04500,0,1,1,1,1,1,1,0,0,0,0,0,1,0,0,0,0,0
adapter256,5,O08619,0,1,1,1,1,1,1,0,0,0,0,0,1,0,0,0,0,0
adapter256,5,O08842,0,0,1,1,1,1,1,1,0,0,0,0,1,1,0,0,0,0
adapter256,5,O09164,0,0,0,0,0,0,1,1,1,1,1,1,0,0,0,0,0,0
adapter256,5,O09209,1,1,1,1,1,1,2,2,2,2,2,2,3,3,3,3,3,3
adapter256,5,O13035,0,0,2,2,2,2,5,5,3,3,3,3,3,3,1,1,1,1
adapter256,5,O13156,0,0,0,0,0,0,1,1,1,1,1,1,1,1,1,1,1,1
adapter256,5,O13157,0,0,0,1,1,1,1,1,1,0,0,0,1,1,1,0,0,0
adapter256,5,O13351,1,1,1,1,1,1,0,0,0,0,0,0,0,0,0,0,0,0
adapter256,5,O14669,0,0,0,0,0,0,1,1,1,1,1,1,1,1,1,1,1,1
adapter256,5,O18492,0,0,1,1,1,1,3,3,2,2,2,2,1,1,0,0,0,0
adapter256,5,O18493,0,0,1,1,1,1,3,3,2,2,2,2,1,1,0,0,0,0
adapter256,5,O18641,5,5,5,5,5,5,2,2,2,2,2,2,4,4,4,4,4,4
adapter256,5,O18794,0,0,0,0,0,0,2,2,2,2,2,2,0,0,0,0,0,0
adapter256,5,O18811,1,1,1,1,1,1,0,0,0,0,0,0,0,0,0,0,0,0
adapter256,5,O18815,0,0,0,1,1,1,1,1,1,0,0,0,1,1,1,0,0,0
adapter256,5,O18845,1,1,1,1,1,1,0,0,0,0,0,0,0,0,0,0,0,0
adapter256,5,O23006,0,1,1,1,1,1,1,0,0,0,0,0,1,0,0,0,0,0
adapter256,5,O31422,0,1,1,1,1,1,2,1,1,1,1,1,3,2,2,2,2,2
adapter256,5,O32388,1,1,1,1,1,1,0,0,0,0,0,0,0,0,0,0,0,0
adapter256,5,O35118,1,1,1,1,1,1,0,0,0,0,0,0,0,0,0,0,0,0
adapter256,5,O44662,0,0,0,0,0,0,6,6,6,6,6,6,1,1,1,1,1,1
adapter256,5,O44663,0,0,0,0,0,0,5,5,5,5,5,5,1,1,1,1,1,1
adapter256,5,O44664,0,0,0,0,0,0,6,6,6,6,6,6,1,1,1,1,1,1
adapter256,5,O44665,0,0,0,0,0,0,5,5,5,5,5,5,1,1,1,1,1,1
adapter256,5,O45027,5,5,5,5,5,5,1,1,1,1,1,1,3,3,3,3,3,3
adapter256,5,O46617,0,0,0,0,0,0,1,1,1,1,1,1,1,1,1,1,1,1
adapter256,5,O60609,1,1,1,1,1,1,0,0,0,0,0,0,0,0,0,0,0,0
adapter256,5,O61016,1,1,1,1,1,1,0,0,0,0,0,0,1,1,1,1,1,1
adapter256,5,O61271,3,3,3,3,3,3,0,0,0,0,0,0,0,0,0,0,0,0
adapter256,5,O62697,0,1,1,1,1,1,1,0,0,0,0,0,1,0,0,0,0,0
adapter256,5,O62820,1,1,1,1,1,1,0,0,0,0,0,0,0,0,0,0,0,0
adapter256,5,O70176,2,2,2,2,2,2,0,0,0,0,0,0,1,1,1,1,1,1
adapter256,5,O75326,0,0,0,0,0,0,1,1,1,1,1,1,1,1,1,1,1,1
adapter256,5,O76198,0,1,1,1,1,1,1,0,0,0,0,0,1,0,0,0,0,0
adapter256,5,O76818,3,3,3,3,3,3,6,6,6,6,6,6,6,6,6,6,6,6
adapter256,5,O81003,2,2,2,2,2,2,0,0,0,0,0,0,0,0,0,0,0,0
adapter256,5,O81277,1,1,1,1,1,1,1,1,1,1,1,1,0,0,0,0,0,0
adapter256,5,O82227,1,1,1,1,1,1,0,0,0,0,0,0,0,0,0,0,0,0
adapter256,5,O89117,0,0,0,0,0,0,2,2,2,2,2,2,1,1,1,1,1,1
adapter256,5,O93512,0,0,1,1,1,1,1,1,0,0,0,0,1,1,0,0,0,0
adapter256,5,O94549,0,0,0,0,0,1,1,1,1,1,1,0,1,1,1,1,1,0
adapter256,5,O95399,1,1,1,1,1,1,0,0,0,0,0,0,0,0,0,0,0,0
adapter256,5,O97395,1,1,1,1,1,1,2,2,2,2,2,2,2,2,2,2,2,2
adapter256,5,O97946,0,0,0,0,1,1,2,2,2,2,1,1,1,1,1,1,0,0
adapter256,5,O97980,0,0,0,0,0,0,1,1,1,1,1,1,1,1,1,1,1,1
adapter256,5,P00273,0,0,0,0,0,0,1,1,1,1,1,1,0,0,0,0,0,0
adapter256,5,P00488,0,1,1,1,1,1,1,0,0,0,0,0,1,0,0,0,0,0
adapter256,5,P01165,0,0,0,0,0,0,1,1,1,1,1,1,0,0,0,0,0,0
adapter256,5,P01203,1,1,1,1,1,1,0,0,0,0,0,0,0,0,0,0,0,0
adapter256,5,P01205,1,1,1,1,1,1,0,0,0,0,0,0,1,1,1,1,1,1
adapter256,5,P01282,1,3,3,3,3,3,2,0,0,0,0,0,3,1,1,1,1,1
adapter256,5,P01283,1,3,3,3,3,3,2,0,0,0,0,0,3,1,1,1,1,1
adapter256,5,P01284,1,2,2,2,2,2,1,0,0,0,0,0,1,0,0,0,0,0
adapter256,5,P01298,1,1,1,1,1,1,2,2,2,2,2,2,1,1,1,1,1,1
adapter256,5,P01299,1,1,1,1,1,1,2,2,2,2,2,2,1,1,1,1,1,1
adapter256,5,P01300,1,1,1,1,1,1,1,1,1,1,1,1,1,1,1,1,1,1
adapter256,5,P01301,1,1,1,1,1,1,1,1,1,1,1,1,1,1,1,1,1,1
adapter256,5,P01302,3,3,3,3,3,3,0,0,0,0,0,0,0,0,0,0,0,0
adapter256,5,P01303,2,2,2,2,2,2,0,0,0,0,0,0,0,0,0,0,0,0
adapter256,5,P01304,1,1,1,1,1,1,0,0,0,0,0,0,1,1,1,1,1,1
adapter256,5,P01307,1,1,1,1,1,1,0,0,0,0,0,0,0,0,0,0,0,0
adapter256,5,P01347,1,1,1,1,1,2,1,1,1,1,1,0,1,1,1,1,1,0
adapter256,5,P01348,0,0,1,1,1,2,2,2,1,1,1,0,2,2,1,1,1,0
adapter256,5,P01349,0,0,0,0,0,0,2,2,2,2,2,2,1,1,1,1,1,1
adapter256,5,P01364,0,0,0,0,0,0,3,3,3,3,3,3,2,2,2,2,2,2
adapter256,5,P02814,0,0,0,0,0,0,1,1,1,1,1,1,1,1,1,1,1,1
adapter256,5,P02866,0,0,0,0,0,0,2,2,2,2,2,2,0,0,0,0,0,0
adapter256,5,P02870,0,0,0,0,0,0,2,2,2,2,2,2,0,0,0,0,0,0
adapter256,5,P02873,0,0,0,0,0,0,1,1,1,1,1,1,0,0,0,0,0,0
adapter256,5,P02896,1,1,1,1,1,1,0,0,0,0,0,0,0,0,0,0,0,0
adapter256,5,P04058,1,1,1,1,1,1,0,0,0,0,0,0,0,0,0,0,0,0
adapter256,5,P04090,1,2,2,2,2,2,1,0,0,0,0,0,1,0,0,0,0,0
adapter256,5,P04279,0,0,0,0,0,0,1,1,1,1,1,1,0,0,0,0,0,0
adapter256,5,P04566,2,2,2,2,2,2,0,0,0,0,0,0,0,0,0,0,0,0
adapter256,5,P04808,0,1,1,2,2,2,2,1,1,0,0,0,3,2,2,1,1,1
adapter256,5,P05140,0,0,1,1,1,1,1,1,0,0,0,0,1,1,0,0,0,0
adapter256,5,P05161,0,1,1,1,1,1,1,0,0,0,0,0,1,0,0,0,0,0
adapter256,5,P05186,1,1,1,1,1,1,0,0,0,0,0,0,0,0,0,0,0,0
adapter256,5,P05187,1,1,1,1,1,1,0,0,0,0,0,0,0,0,0,0,0,0
adapter256,5,P05408,0,0,0,0,0,0,1,1,1,1,1,1,0,0,0,0,0,0
adapter256,5,P05657,1,1,1,1,1,1,0,0,0,0,0,0,1,1,1,1,1,1
adapter256,5,P05834,0,0,0,0,0,0,1,1,1,1,1,1,2,2,2,2,2,2
adapter256,5,P06303,1,1,1,1,1,1,1,1,1,1,1,1,1,1,1,1,1,1
adapter256,5,P06884,1,1,1,1,1,1,1,1,1,1,1,1,1,1,1,1,1,1
adapter256,5,P07140,1,1,1,1,1,1,0,0,0,0,0,0,0,0,0,0,0,0
adapter256,5,P07224,1,1,1,1,1,1,0,0,0,0,0,0,0,0,0,0,0,0
adapter256,5,P07225,1,1,1,1,1,1,0,0,0,0,0,0,0,0,0,0,0,0
adapter256,5,P07602,0,1,2,2,2,2,4,3,2,2,2,2,4,3,2,2,2,2
adapter256,5,P07662,0,0,0,0,0,0,1,1,1,1,1,1,1,1,1,1,1,1
adapter256,5,P07692,1,1,1,1,1,1,0,0,0,0,0,0,0,0,0,0,0,0
adapter256,5,P07808,2,2,2,2,2,2,0,0,0,0,0,0,0,0,0,0,0,0
adapter256,5,P07987,1,1,1,1,1,1,0,0,0,0,0,0,0,0,0,0,0,0
adapter256,5,P08289,1,1,1,1,1,1,0,0,0,0,0,0,0,0,0,0,0,0
adapter256,5,P08697,0,0,0,0,0,0,1,1,1,1,1,1,0,0,0,0,0,0
adapter256,5,P08947,1,1,1,1,1,3,2,2,2,2,2,0,2,2,2,2,2,0
adapter256,5,P08948,1,3,3,3,3,3,2,0,0,0,0,0,2,0,0,0,0,0
adapter256,5,P08950,1,1,2,2,2,2,2,2,1,1,1,1,2,2,1,1,1,1
adapter256,5,P09040,1,1,1,1,1,1,4,4,4,4,4,4,2,2,2,2,2,2
adapter256,5,P09242,0,1,1,1,1,1,1,0,0,0,0,0,1,0,0,0,0,0
adapter256,5,P09475,1,1,1,1,1,1,1,1,1,1,1,1,1,1,1,1,1,1
adapter256,5,P09487,0,0,0,1,1,1,1,1,1,0,0,0,1,1,1,0,0,0
adapter256,5,P09681,0,1,1,1,1,1,2,1,1,1,1,1,3,2,2,2,2,2
adapter256,5,P09805,0,1,1,1,1,1,1,0,0,0,0,0,1,0,0,0,0,0
adapter256,5,P09923,1,1,1,1,1,1,0,0,0,0,0,0,0,0,0,0,0,0
adapter256,5,P09971,5,5,5,5,5,5,2,2,2,2,2,2,4,4,4,4,4,4
adapter256,5,P0A312,1,1,1,1,1,1,0,0,0,0,0,0,0,0,0,0,0,0
adapter256,5,P0A313,1,1,1,1,1,1,0,0,0,0,0,0,0,0,0,0,0,0
adapter256,5,P0C1T5,0,0,1,1,1,1,1,1,0,0,0,0,1,1,0,0,0,0
adapter256,5,P0C249,0,1,1,1,1,1,1,0,0,0,0,0,1,0,0,0,0,0
adapter256,5,P0C2S8,0,1,1,1,1,1,1,0,0,0,0,0,1,0,0,0,0,0
adapter256,5,P0C2X7,2,2,2,2,2,2,0,0,0,0,0,0,0,0,0,0,0,0
adapter256,5,P0C5X7,2,2,2,2,2,2,0,0,0,0,0,0,0,0,0,0,0,0
adapter256,5,P0C8S6,1,1,1,1,1,1,0,0,0,0,0,0,0,0,0,0,0,0
adapter256,5,P0C957,1,1,1,1,1,1,0,0,0,0,0,0,1,1,1,1,1,1
adapter256,5,P0C958,1,1,1,1,1,1,0,0,0,0,0,0,1,1,1,1,1,1
adapter256,5,P0CG54,1,1,1,1,1,1,0,0,0,0,0,0,0,0,0,0,0,0
adapter256,5,P0CH28,1,1,1,1,1,1,0,0,0,0,0,0,0,0,0,0,0,0
adapter256,5,P0CH56,2,2,2,2,2,2,0,0,0,0,0,0,0,0,0,0,0,0
adapter256,5,P0CH70,1,1,1,1,1,1,0,0,0,0,0,0,0,0,0,0,0,0
adapter256,5,P0CI88,0,0,0,0,0,0,1,1,1,1,1,1,0,0,0,0,0,0
adapter256,5,P0CS83,1,1,1,1,1,1,0,0,0,0,0,0,0,0,0,0,0,0
adapter256,5,P0CS93,0,0,0,0,0,0,1,1,1,1,1,1,1,1,1,1,1,1
adapter256,5,P0CW02,0,0,0,0,0,0,1,1,1,1,1,1,1,1,1,1,1,1
adapter256,5,P0CW03,0,0,0,0,0,0,1,1,1,1,1,1,1,1,1,1,1,1
adapter256,5,P0CY26,1,1,1,1,1,1,0,0,0,0,0,0,0,0,0,0,0,0
adapter256,5,P0CY27,1,1,1,1,1,1,0,0,0,0,0,0,0,0,0,0,0,0
adapter256,5,P0CY28,1,1,1,1,1,1,0,0,0,0,0,0,0,0,0,0,0,0
adapter256,5,P0CY29,1,1,1,1,1,1,0,0,0,0,0,0,0,0,0,0,0,0
adapter256,5,P0DE28,1,1,1,1,1,1,0,0,0,0,0,0,1,1,1,1,1,1
adapter256,5,P0DE29,1,1,1,1,1,1,0,0,0,0,0,0,1,1,1,1,1,1
adapter256,5,P0DJ06,1,1,1,1,1,1,0,0,0,0,0,0,0,0,0,0,0,0
adapter256,5,P0DJ95,1,1,1,1,1,1,0,0,0,0,0,0,0,0,0,0,0,0
adapter256,5,P0DJI8,0,0,0,0,0,0,1,1,1,1,1,1,0,0,0,0,0,0
adapter256,5,P0DKL3,0,0,0,0,0,0,1,1,1,1,1,1,1,1,1,1,1,1
adapter256,5,P0DKM3,0,0,0,0,0,0,1,1,1,1,1,1,1,1,1,1,1,1
adapter256,5,P0DKN1,0,0,0,0,0,0,1,1,1,1,1,1,0,0,0,0,0,0
adapter256,5,P0DL57,0,1,1,1,1,1,1,0,0,0,0,0,2,1,1,1,1,1
adapter256,5,P0DL58,0,1,1,1,1,1,2,1,1,1,1,1,2,1,1,1,1,1
adapter256,5,P0DM55,0,0,0,0,0,0,1,1,1,1,1,1,0,0,0,0,0,0
adapter256,5,P0DM67,1,1,1,1,1,1,0,0,0,0,0,0,1,1,1,1,1,1
adapter256,5,P0DM68,2,2,2,2,2,2,0,0,0,0,0,0,0,0,0,0,0,0
adapter256,5,P0DMD7,1,1,1,1,1,1,1,1,1,1,1,1,0,0,0,0,0,0
adapter256,5,P0DMG0,1,1,1,1,1,1,1,1,1,1,1,1,1,1,1,1,1,1
adapter256,5,P0DN01,1,1,1,1,1,1,0,0,0,0,0,0,1,1,1,1,1,1
adapter256,5,P0DN03,1,1,1,1,1,1,0,0,0,0,0,0,0,0,0,0,0,0
adapter256,5,P0DN04,0,0,1,1,1,1,1,1,0,0,0,0,1,1,0,0,0,0
adapter256,5,P0DN98,1,1,1,1,1,1,0,0,0,0,0,0,1,1,1,1,1,1
adapter256,5,P0DP14,0,1,1,1,1,1,1,0,0,0,0,0,1,0,0,0,0,0
adapter256,5,P0DP55,1,1,1,1,1,1,1,1,1,1,1,1,1,1,1,1,1,1
adapter256,5,P0DPU4,0,0,0,0,0,0,1,1,1,1,1,1,0,0,0,0,0,0
adapter256,5,P0DQA3,0,0,0,0,0,0,1,1,1,1,1,1,0,0,0,0,0,0
adapter256,5,P0DQA4,0,0,0,0,0,0,1,1,1,1,1,1,0,0,0,0,0,0
adapter256,5,P0DQA5,0,0,0,1,1,1,1,1,1,0,0,0,1,1,1,0,0,0
adapter256,5,P0DRB9,0,0,1,1,1,1,1,1,0,0,0,0,1,1,0,0,0,0
adapter256,5,P0DRC4,0,0,0,0,0,0,1,1,1,1,1,1,1,1,1,1,1,1
adapter256,5,P0DRI2,0,0,0,0,0,1,2,2,2,2,2,1,3,3,3,3,3,2
adapter256,5,P0DRJ4,8,8,14,14,14,14,6,6,0,0,0,0,6,6,0,0,0,0
adapter256,5,P0DTJ9,2,2,2,2,2,2,0,0,0,0,0,0,0,0,0,0,0,0
adapter256,5,P0DUT2,3,3,4,4,4,6,3,3,2,2,2,0,3,3,2,2,2,0
adapter256,5,P0DUT6,1,2,2,3,3,3,4,3,3,2,2,2,2,1,1,0,0,0
adapter256,5,P0DY21,0,1,1,1,1,1,1,0,0,0,0,0,2,1,1,1,1,1
adapter256,5,P10082,2,2,2,2,2,2,0,0,0,0,0,0,0,0,0,0,0,0
adapter256,5,P10419,0,3,3,3,3,3,3,0,0,0,0,0,41,38,38,38,38,38
adapter256,5,P10552,13,14,15,16,16,16,3,2,1,0,0,0,3,2,1,0,0,0
adapter256,5,P10601,2,2,2,2,2,2,0,0,0,0,0,0,0,0,0,0,0,0
adapter256,5,P10631,1,1,1,1,1,1,1,1,1,1,1,1,1,1,1,1,1,1
adapter256,5,P10674,0,1,1,1,1,1,1,0,0,0,0,0,1,0,0,0,0,0
adapter256,5,P10675,0,0,0,1,1,1,1,1,1,0,0,0,1,1,1,0,0,0
adapter256,5,P10696,1,1,1,1,1,1,0,0,0,0,0,0,0,0,0,0,0,0
adapter256,5,P10960,1,1,2,2,2,2,2,2,1,1,1,1,1,1,0,0,0,0
adapter256,5,P11159,5,5,5,5,5,5,2,2,2,2,2,2,4,4,4,4,4,4
adapter256,5,P11184,1,1,1,2,2,2,1,1,1,0,0,0,1,1,1,0,0,0
adapter256,5,P11185,0,0,0,0,0,0,2,2,2,2,2,2,1,1,1,1,1,1
adapter256,5,P11952,0,0,0,0,0,0,2,2,2,2,2,2,2,2,2,2,2,2
adapter256,5,P11953,0,0,0,0,0,0,2,2,2,2,2,2,1,1,1,1,1,1
adapter256,5,P12661,0,0,0,0,0,0,1,1,1,1,1,1,0,0,0,0,0,0
adapter256,5,P12872,1,1,1,1,1,1,0,0,0,0,0,0,1,1,1,1,1,1
adapter256,5,P12961,0,0,0,0,0,0,1,1,1,1,1,1,0,0,0,0,0,0
adapter256,5,P13083,1,1,1,1,1,1,0,0,0,0,0,0,0,0,0,0,0,0
adapter256,5,P13589,2,2,2,2,2,2,0,0,0,0,0,0,1,1,1,1,1,1
adapter256,5,P14138,1,1,1,1,1,1,0,0,0,0,0,0,0,0,0,0,0,0
adapter256,5,P14608,0,0,0,0,0,0,1,1,1,1,1,1,0,0,0,0,0,0
adapter256,5,P14765,2,2,2,2,2,2,0,0,0,0,0,0,0,0,0,0,0,0
adapter256,5,P14894,0,0,0,0,0,0,2,2,2,2,2,2,0,0,0,0,0,0
adapter256,5,P14904,0,0,0,0,0,0,1,1,1,1,1,1,0,0,0,0,0,0
adapter256,5,P15369,0,1,1,1,1,1,1,0,0,0,0,0,1,0,0,0,0,0
adapter256,5,P15411,2,3,3,3,3,3,1,0,0,0,0,0,1,0,0,0,0,0
adapter256,5,P15513,18,18,18,19,19,19,1,1,1,0,0,0,2,2,2,1,1,1
adapter256,5,P15693,1,1,1,1,1,1,0,0,0,0,0,0,0,0,0,0,0,0
adapter256,5,P15797,0,0,0,0,0,0,1,1,1,1,1,1,1,1,1,1,1,1
adapter256,5,P16404,0,0,0,0,0,0,1,1,1,1,1,1,0,0,0,0,0,0
adapter256,5,P16613,2,2,2,2,2,2,0,0,0,0,0,0,1,1,1,1,1,1
adapter256,5,P17118,0,0,0,0,0,0,1,1,1,1,1,1,0,0,0,0,0,0
adapter256,5,P17681,0,0,0,0,0,0,3,3,3,3,3,3,3,3,3,3,3,3
adapter256,5,P18509,1,1,1,1,1,1,1,1,1,1,1,1,1,1,1,1,1,1
adapter256,5,P18844,0,0,0,0,0,0,1,1,1,1,1,1,0,0,0,0,0,0
adapter256,5,P19111,1,1,1,1,1,1,0,0,0,0,0,0,0,0,0,0,0,0
adapter256,5,P19260,0,1,1,1,1,1,1,0,0,0,0,0,1,0,0,0,0,0
adapter256,5,P19425,0,0,0,0,0,0,1,1,1,1,1,1,0,0,0,0,0,0
adapter256,5,P19599,0,0,0,0,1,1,1,1,1,1,0,0,1,1,1,1,0,0
adapter256,5,P19660,0,1,1,1,1,1,1,0,0,0,0,0,1,0,0,0,0,0
adapter256,5,P19707,0,0,0,0,0,0,1,1,1,1,1,1,0,0,0,0,0,0
adapter256,5,P19708,0,0,0,0,0,0,1,1,1,1,1,1,0,0,0,0,0,0
adapter256,5,P19884,1,2,2,2,2,2,1,0,0,0,0,0,1,0,0,0,0,0
adapter256,5,P19971,0,0,0,0,0,0,1,1,1,1,1,1,0,0,0,0,0,0
adapter256,5,P19998,0,0,0,0,0,1,1,1,1,1,1,0,2,2,2,2,2,1
adapter256,5,P20481,26,29,29,29,29,29,7,4,4,4,4,4,6,3,3,3,3,3
adapter256,5,P20948,1,1,1,1,1,1,0,0,0,0,0,0,0,0,0,0,0,0
adapter256,5,P21591,0,0,0,2,2,2,2,2,2,0,0,0,3,3,3,1,1,1
adapter256,5,P22226,0,0,0,0,0,0,1,1,1,1,1,1,1,1,1,1,1,1
adapter256,5,P22287,0,0,1,1,1,1,2,2,1,1,1,1,1,1,0,0,0,0
adapter256,5,P22304,1,1,1,1,1,1,0,0,0,0,0,0,0,0,0,0,0,0
adapter256,5,P22969,0,1,2,2,2,2,2,1,0,0,0,0,3,2,1,1,1,1
adapter256,5,P23431,0,0,0,0,0,0,1,1,1,1,1,1,0,0,0,0,0,0
adapter256,5,P23535,0,1,1,1,1,1,1,0,0,0,0,0,1,0,0,0,0,0
adapter256,5,P23546,0,0,0,0,0,0,1,1,1,1,1,1,1,1,1,1,1,1
adapter256,5,P24665,1,1,1,1,2,2,1,1,1,1,0,0,1,1,1,1,0,0
adapter256,5,P24822,1,1,1,1,1,1,0,0,0,0,0,0,0,0,0,0,0,0
adapter256,5,P24823,0,1,1,1,1,1,1,0,0,0,0,0,1,0,0,0,0,0
adapter256,5,P26329,1,1,1,1,1,1,0,0,0,0,0,0,0,0,0,0,0,0
adapter256,5,P26334,1,1,1,1,1,1,0,0,0,0,0,0,0,0,0,0,0,0
adapter256,5,P26335,0,0,0,0,0,0,1,1,1,1,1,1,1,1,1,1,1,1
adapter256,5,P26727,2,2,2,2,2,2,1,1,1,1,1,1,1,1,1,1,1,1
adapter256,5,P26731,2,2,2,2,2,2,1,1,1,1,1,1,1,1,1,1,1,1
adapter256,5,P26733,2,2,3,3,3,3,1,1,0,0,0,0,1,1,0,0,0,0
adapter256,5,P26734,2,2,3,3,3,3,1,1,0,0,0,0,1,1,0,0,0,0
adapter256,5,P26735,3,3,3,3,3,3,0,0,0,0,0,0,0,0,0,0,0,0
adapter256,5,P26736,2,3,3,3,3,3,1,0,0,0,0,0,1,0,0,0,0,0
adapter256,5,P26737,2,2,3,3,3,3,1,1,0,0,0,0,1,1,0,0,0,0
adapter256,5,P26738,2,2,3,3,3,3,1,1,0,0,0,0,1,1,0,0,0,0
adapter256,5,P26739,0,0,2,2,2,2,3,3,1,1,1,1,3,3,1,1,1,1
adapter256,5,P26740,2,2,3,3,3,3,1,1,0,0,0,0,1,1,0,0,0,0
adapter256,5,P26741,2,2,3,3,3,3,1,1,0,0,0,0,1,1,0,0,0,0
adapter256,5,P26742,2,2,3,3,3,3,1,1,0,0,0,0,1,1,0,0,0,0
adapter256,5,P26743,1,1,2,2,2,2,2,2,1,1,1,1,2,2,1,1,1,1
adapter256,5,P26779,1,2,3,3,3,3,3,2,1,1,1,1,2,1,0,0,0,0
adapter256,5,P27114,1,1,1,1,1,1,0,0,0,0,0,0,0,0,0,0,0,0
adapter256,5,P27666,0,0,0,0,0,0,1,1,1,1,1,1,1,1,1,1,1,1
adapter256,5,P27682,0,0,0,0,0,0,1,1,1,1,1,1,0,0,0,0,0,0
adapter256,5,P28672,1,1,1,1,1,1,1,1,1,1,1,1,1,1,1,1,1,1
adapter256,5,P28673,2,2,2,2,2,2,0,0,0,0,0,0,0,0,0,0,0,0
adapter256,5,P28674,1,1,1,1,1,1,1,1,1,1,1,1,1,1,1,1,1,1
adapter256,5,P28800,0,0,0,0,0,0,1,1,1,1,1,1,0,0,0,0,0,0
adapter256,5,P28825,1,1,1,1,1,1,0,0,0,0,0,0,0,0,0,0,0,0
adapter256,5,P28826,0,0,1,1,1,1,1,1,0,0,0,0,1,1,0,0,0,0
adapter256,5,P29425,0,1,1,1,1,1,1,0,0,0,0,0,1,0,0,0,0,0
adapter256,5,P29519,2,2,3,3,3,3,1,1,0,0,0,0,1,1,0,0,0,0
adapter256,5,P29523,1,1,1,1,1,1,0,0,0,0,0,0,0,0,0,0,0,0
adapter256,5,P32089,0,0,0,0,1,1,1,1,1,1,0,0,1,1,1,1,0,0
adapter256,5,P32194,0,0,0,1,1,1,1,1,1,0,0,0,1,1,1,0,0,0
adapter256,5,P32195,0,0,0,0,1,1,1,1,1,1,0,0,1,1,1,1,0,0
adapter256,5,P32196,0,1,1,1,1,1,1,0,0,0,0,0,1,0,0,0,0,0
adapter256,5,P32329,1,1,1,1,1,1,1,1,1,1,1,1,0,0,0,0,0,0
adapter256,5,P32623,1,1,1,1,1,1,0,0,0,0,0,0,0,0,0,0,0,0
adapter256,5,P32648,1,3,3,3,3,3,2,0,0,0,0,0,3,1,1,1,1,1
adapter256,5,P32649,2,2,2,2,2,2,0,0,0,0,0,0,0,0,0,0,0,0
adapter256,5,P32950,0,0,1,1,1,1,1,1,0,0,0,0,1,1,0,0,0,0
adapter256,5,P32951,0,0,1,1,1,1,1,1,0,0,0,0,1,1,0,0,0,0
adapter256,5,P33046,1,1,1,1,1,1,0,0,0,0,0,0,0,0,0,0,0,0
adapter256,5,P33689,2,2,2,2,2,2,0,0,0,0,0,0,0,0,0,0,0,0
adapter256,5,P33715,1,1,1,1,1,1,0,0,0,0,0,0,0,0,0,0,0,0
adapter256,5,P33718,3,3,3,3,3,3,0,0,0,0,0,0,0,0,0,0,0,0
adapter256,5,P33719,2,3,3,3,3,3,1,0,0,0,0,0,1,0,0,0,0,0
adapter256,5,P33720,3,3,3,3,3,3,0,0,0,0,0,0,0,0,0,0,0,0
adapter256,5,P33721,3,3,3,3,3,3,0,0,0,0,0,0,0,0,0,0,0,0
adapter256,5,P33722,3,3,3,3,3,3,0,0,0,0,0,0,0,0,0,0,0,0
adapter256,5,P34026,1,1,1,1,1,1,0,0,0,0,0,0,0,0,0,0,0,0
adapter256,5,P34806,0,0,0,0,0,0,1,1,1,1,1,1,2,2,2,2,2,2
adapter256,5,P34962,0,0,0,0,0,0,1,1,1,1,1,1,1,1,1,1,1,1
adapter256,5,P34963,0,0,0,0,0,0,1,1,1,1,1,1,1,1,1,1,1,1
adapter256,5,P34964,0,0,0,0,0,0,1,1,1,1,1,1,1,1,1,1,1,1
adapter256,5,P35460,0,0,0,0,0,0,1,1,1,1,1,1,1,1,1,1,1,1
adapter256,5,P35461,1,1,1,1,1,1,0,0,0,0,0,0,0,0,0,0,0,0
adapter256,5,P35518,1,1,1,1,1,1,0,0,0,0,0,0,0,0,0,0,0,0
adapter256,5,P36193,0,0,1,1,1,1,2,2,1,1,1,1,2,2,1,1,1,1
adapter256,5,P36560,0,0,0,0,0,0,1,1,1,1,1,1,1,1,1,1,1,1
adapter256,5,P39105,1,1,1,1,1,1,0,0,0,0,0,0,0,0,0,0,0,0
adapter256,5,P40765,0,0,0,0,0,0,1,1,1,1,1,1,0,0,0,0,0,0
adapter256,5,P41365,0,1,1,1,1,1,1,0,0,0,0,0,1,0,0,0,0,0
adapter256,5,P41534,1,1,1,1,1,1,1,1,1,1,1,1,2,2,2,2,2,2
adapter256,5,P41535,2,2,2,2,2,2,0,0,0,0,0,0,1,1,1,1,1,1
adapter256,5,P41585,1,1,1,1,1,1,1,1,1,1,1,1,2,2,2,2,2,2
adapter256,5,P41876,9,11,11,11,11,11,3,1,1,1,1,1,4,2,2,2,2,2
adapter256,5,P41964,0,0,0,0,0,0,1,1,1,1,1,1,1,1,1,1,1,1
adapter256,5,P42723,0,0,0,0,0,0,2,2,2,2,2,2,1,1,1,1,1,1
adapter256,5,P42785,0,0,0,0,0,0,1,1,1,1,1,1,1,1,1,1,1,1
adapter256,5,P43030,0,0,0,0,0,0,1,1,1,1,1,1,1,1,1,1,1,1
adapter256,5,P43443,1,1,2,2,2,2,1,1,0,0,0,0,1,1,0,0,0,0
adapter256,5,P45644,4,4,4,4,4,4,0,0,0,0,0,0,0,0,0,0,0,0
adapter256,5,P46157,0,0,0,0,0,1,2,2,2,2,2,1,1,1,1,1,1,0
adapter256,5,P46158,0,0,0,0,0,0,2,2,2,2,2,2,1,1,1,1,1,1
adapter256,5,P46161,0,0,1,1,1,1,1,1,0,0,0,0,1,1,0,0,0,0
adapter256,5,P46167,0,0,1,1,1,1,1,1,0,0,0,0,1,1,0,0,0,0
adapter256,5,P46591,1,1,1,1,1,1,0,0,0,0,0,0,0,0,0,0,0,0
adapter256,5,P47476,1,1,1,1,1,1,0,0,0,0,0,0,0,0,0,0,0,0
adapter256,5,P47932,1,1,1,1,1,2,1,1,1,1,1,0,1,1,1,1,1,0
adapter256,5,P48097,2,2,2,2,2,2,0,0,0,0,0,0,0,0,0,0,0,0
adapter256,5,P48098,1,1,2,2,2,2,1,1,0,0,0,0,1,1,0,0,0,0
adapter256,5,P48143,3,3,3,3,3,3,1,1,1,1,1,1,1,1,1,1,1,1
adapter256,5,P48144,1,1,1,2,2,2,2,2,2,1,1,1,2,2,2,1,1,1
adapter256,5,P48299,1,1,1,1,1,1,0,0,0,0,0,0,0,0,0,0,0,0
adapter256,5,P48503,0,0,0,0,0,0,1,1,1,1,1,1,0,0,0,0,0,0
adapter256,5,P48756,0,1,1,1,1,1,2,1,1,1,1,1,2,1,1,1,1,1
adapter256,5,P49126,0,0,0,0,0,0,1,1,1,1,1,1,1,1,1,1,1,1
adapter256,5,P49913,1,1,1,1,1,1,0,0,0,0,0,0,0,0,0,0,0,0
adapter256,5,P49928,0,1,1,1,1,1,1,0,0,0,0,0,1,0,0,0,0,0
adapter256,5,P49929,0,1,1,1,1,1,1,0,0,0,0,0,1,0,0,0,0,0
adapter256,5,P49930,0,0,0,0,0,0,1,1,1,1,1,1,1,1,1,1,1,1
adapter256,5,P49931,0,1,1,1,1,1,1,0,0,0,0,0,1,0,0,0,0,0
adapter256,5,P49932,1,1,1,1,1,1,0,0,0,0,0,0,0,0,0,0,0,0
adapter256,5,P49933,0,0,1,1,1,1,1,1,0,0,0,0,1,1,0,0,0,0
adapter256,5,P49934,0,1,1,1,1,1,1,0,0,0,0,0,1,0,0,0,0,0
adapter256,5,P50496,0,1,1,1,1,1,1,0,0,0,0,0,1,0,0,0,0,0
adapter256,5,P50497,0,0,0,0,0,0,1,1,1,1,1,1,1,1,1,1,1,1
adapter256,5,P50498,0,1,1,1,1,1,1,0,0,0,0,0,1,0,0,0,0,0
adapter256,5,P50499,0,1,1,1,1,1,1,0,0,0,0,0,1,0,0,0,0,0
adapter256,5,P51437,0,0,0,0,0,0,1,1,1,1,1,1,0,0,0,0,0,0
adapter256,5,P51453,1,1,1,1,1,1,0,0,0,0,0,0,1,1,1,1,1,1
adapter256,5,P51454,1,2,2,2,2,2,1,0,0,0,0,0,2,1,1,1,1,1
adapter256,5,P51455,1,1,2,2,2,2,1,1,0,0,0,0,2,2,1,1,1,1
adapter256,5,P51456,1,2,2,2,2,2,1,0,0,0,0,0,1,0,0,0,0,0
adapter256,5,P51524,0,0,0,0,0,0,1,1,1,1,1,1,2,2,2,2,2,2
adapter256,5,P51654,1,1,1,1,1,1,0,0,0,0,0,0,0,0,0,0,0,0
adapter256,5,P51694,2,2,2,2,2,2,0,0,0,0,0,0,0,0,0,0,0,0
adapter256,5,P51740,1,1,1,1,1,1,0,0,0,0,0,0,0,0,0,0,0,0
adapter256,5,P52400,0,0,0,0,0,0,1,1,1,1,1,1,0,0,0,0,0,0
adapter256,5,P52401,0,0,0,0,0,0,1,1,1,1,1,1,1,1,1,1,1,1
adapter256,5,P52402,0,0,0,0,0,0,1,1,1,1,1,1,0,0,0,0,0,0
adapter256,5,P52407,0,0,0,0,1,1,1,1,1,1,0,0,1,1,1,1,0,0
adapter256,5,P52700,0,0,0,0,0,0,1,1,1,1,1,1,0,0,0,0,0,0
adapter256,5,P52718,0,0,0,1,1,1,1,1,1,0,0,0,1,1,1,0,0,0
adapter256,5,P52719,0,0,0,0,0,0,1,1,1,1,1,1,1,1,1,1,1,1
adapter256,5,P53007,0,0,0,0,1,1,1,1,1,1,0,0,1,1,1,1,0,0
adapter256,5,P53140,0,0,0,0,0,0,1,1,1,1,1,1,1,1,1,1,1,1
adapter256,5,P53379,1,1,1,1,1,1,1,1,1,1,1,1,0,0,0,0,0,0
adapter256,5,P53621,0,0,0,0,0,0,1,1,1,1,1,1,0,0,0,0,0,0
adapter256,5,P53813,1,1,1,1,1,1,0,0,0,0,0,0,0,0,0,0,0,0
adapter256,5,P54228,0,0,0,0,0,1,1,1,1,1,1,0,1,1,1,1,1,0
adapter256,5,P54229,0,1,1,1,1,1,1,0,0,0,0,0,1,0,0,0,0,0
adapter256,5,P54230,0,0,0,0,0,0,1,1,1,1,1,1,1,1,1,1,1,1
adapter256,5,P54422,0,0,0,0,0,0,1,1,1,1,1,1,0,0,0,0,0,0
adapter256,5,P55854,1,1,1,1,1,1,0,0,0,0,0,0,0,0,0,0,0,0
adapter256,5,P56159,0,0,0,0,0,0,1,1,1,1,1,1,1,1,1,1,1,1
adapter256,5,P56161,0,0,0,0,0,0,1,1,1,1,1,1,0,0,0,0,0,0
adapter256,5,P56386,0,0,0,1,1,1,2,2,2,1,1,1,1,1,1,0,0,0
adapter256,5,P56425,0,1,1,1,1,1,1,0,0,0,0,0,1,0,0,0,0,0
adapter256,5,P56568,0,0,0,0,0,0,1,1,1,1,1,1,0,0,0,0,0,0
adapter256,5,P57774,2,2,2,2,2,2,0,0,0,0,0,0,0,0,0,0,0,0
adapter256,5,P58906,0,0,0,0,0,0,1,1,1,1,1,1,0,0,0,0,0,0
adapter256,5,P59082,0,0,0,0,0,0,1,1,1,1,1,1,1,1,1,1,1,1
adapter256,5,P59097,0,0,0,0,0,0,1,1,1,1,1,1,1,1,1,1,1,1
adapter256,5,P60022,0,0,0,0,0,0,2,2,2,2,2,2,0,0,0,0,0,0
adapter256,5,P60023,0,0,0,0,0,0,2,2,2,2,2,2,0,0,0,0,0,0
adapter256,5,P60590,0,0,0,1,1,1,2,2,2,1,1,1,1,1,1,0,0,0
adapter256,5,P60980,2,2,2,2,2,2,0,0,0,0,0,0,0,0,0,0,0,0
adapter256,5,P61103,1,1,1,1,1,1,0,0,0,0,0,0,1,1,1,1,1,1
adapter256,5,P61104,0,1,1,1,1,1,1,0,0,0,0,0,2,1,1,1,1,1
adapter256,5,P61261,0,0,0,0,0,0,2,2,2,2,2,2,0,0,0,0,0,0
adapter256,5,P61262,0,0,0,0,0,0,2,2,2,2,2,2,0,0,0,0,0,0
adapter256,5,P61263,0,0,0,0,0,0,2,2,2,2,2,2,0,0,0,0,0,0
adapter256,5,P61409,2,2,2,2,2,2,0,0,0,0,0,0,0,0,0,0,0,0
adapter256,5,P61849,1,1,1,1,1,1,0,0,0,0,0,0,0,0,0,0,0,0
adapter256,5,P62530,1,1,1,1,1,1,0,0,0,0,0,0,0,0,0,0,0,0
adapter256,5,P62531,1,1,1,1,1,1,0,0,0,0,0,0,0,0,0,0,0,0
adapter256,5,P63186,0,0,0,0,0,0,1,1,1,1,1,1,0,0,0,0,0,0
adapter256,5,P66125,1,1,1,1,1,1,0,0,0,0,0,0,1,1,1,1,1,1
adapter256,5,P66126,1,1,1,1,1,1,0,0,0,0,0,0,1,1,1,1,1,1
adapter256,5,P66133,1,1,1,1,1,1,0,0,0,0,0,0,1,1,1,1,1,1
adapter256,5,P66134,1,1,1,1,1,1,0,0,0,0,0,0,1,1,1,1,1,1
adapter256,5,P66135,1,1,1,1,1,1,0,0,0,0,0,0,1,1,1,1,1,1
adapter256,5,P66136,1,1,1,1,1,1,0,0,0,0,0,0,1,1,1,1,1,1
adapter256,5,P66137,1,1,1,1,1,1,0,0,0,0,0,0,0,0,0,0,0,0
adapter256,5,P66139,1,1,1,1,1,1,0,0,0,0,0,0,0,0,0,0,0,0
adapter256,5,P68004,0,0,0,0,0,0,1,1,1,1,1,1,0,0,0,0,0,0
adapter256,5,P68005,0,0,0,0,0,0,1,1,1,1,1,1,0,0,0,0,0,0
adapter256,5,P68248,0,0,0,0,0,0,1,1,1,1,1,1,2,2,2,2,2,2
adapter256,5,P68426,1,1,1,1,1,1,0,0,0,0,0,0,1,1,1,1,1,1
adapter256,5,P68827,0,0,0,0,0,0,1,1,1,1,1,1,1,1,1,1,1,1
adapter256,5,P75458,1,1,1,1,1,1,0,0,0,0,0,0,0,0,0,0,0,0
adapter256,5,P79076,0,0,0,0,0,0,1,1,1,1,1,1,1,1,1,1,1,1
adapter256,5,P79110,0,0,0,1,1,1,1,1,1,0,0,0,1,1,1,0,0,0
adapter256,5,P79362,0,1,1,1,1,1,1,0,0,0,0,0,1,0,0,0,0,0
adapter256,5,P79799,0,0,0,0,0,0,2,2,2,2,2,2,2,2,2,2,2,2
adapter256,5,P80710,0,0,1,1,1,1,3,3,2,2,2,2,1,1,0,0,0,0
adapter256,5,P80713,0,0,1,1,1,1,3,3,2,2,2,2,1,1,0,0,0,0
adapter256,5,P80734,1,1,1,1,1,1,0,0,0,0,0,0,0,0,0,0,0,0
adapter256,5,P80735,1,1,1,1,1,1,0,0,0,0,0,0,0,0,0,0,0,0
adapter256,5,P80957,0,0,1,1,1,1,1,1,0,0,0,0,1,1,0,0,0,0
adapter256,5,P81191,0,0,1,1,1,1,1,1,0,0,0,0,2,2,1,1,1,1
adapter256,5,P81401,1,3,3,3,3,3,3,1,1,1,1,1,3,1,1,1,1,1
adapter256,5,P81592,1,1,1,1,1,1,1,1,1,1,1,1,4,4,4,4,4,4
adapter256,5,P82018,0,1,1,1,1,1,1,0,0,0,0,0,1,0,0,0,0,0
adapter256,5,P83211,0,0,0,0,0,0,1,1,1,1,1,1,1,1,1,1,1,1
adapter256,5,P83303,1,1,1,1,1,1,0,0,0,0,0,0,1,1,1,1,1,1
adapter256,5,P83412,0,1,1,1,1,1,1,0,0,0,0,0,1,0,0,0,0,0
adapter256,5,P83974,1,1,1,1,1,1,0,0,0,0,0,0,1,1,1,1,1,1
adapter256,5,P84213,0,0,0,2,2,2,2,2,2,0,0,0,4,4,4,2,2,2
adapter256,5,P84408,0,0,0,0,0,0,1,1,1,1,1,1,1,1,1,1,1,1
adapter256,5,P84808,0,0,0,0,0,0,1,1,1,1,1,1,0,0,0,0,0,0
adapter256,5,P85527,1,1,1,1,1,1,0,0,0,0,0,0,0,0,0,0,0,0
adapter256,5,P86442,1,1,1,1,1,1,2,2,2,2,2,2,1,1,1,1,1,1
adapter256,5,P86828,0,1,1,1,1,1,1,0,0,0,0,0,1,0,0,0,0,0
adapter256,5,P91896,1,1,1,1,2,2,2,2,2,2,1,1,2,2,2,2,1,1
adapter256,5,P93248,0,0,0,0,0,0,1,1,1,1,1,1,1,1,1,1,1,1
adapter256,5,P93328,0,1,1,1,1,1,1,0,0,0,0,0,1,0,0,0,0,0
adapter256,5,P97785,0,0,0,0,0,0,1,1,1,1,1,1,1,1,1,1,1,1
adapter256,5,Q00663,1,1,1,1,1,1,0,0,0,0,0,0,0,0,0,0,0,0
adapter256,5,Q00676,0,0,0,0,0,0,1,1,1,1,1,1,2,2,2,2,2,2
adapter256,5,Q01133,0,0,0,0,0,0,4,4,4,4,4,4,27,27,27,27,27,27
adapter256,5,Q01413,0,0,0,0,0,0,1,1,1,1,1,1,0,0,0,0,0,0
adapter256,5,Q01416,0,1,1,1,1,1,1,0,0,0,0,0,1,0,0,0,0,0
adapter256,5,Q01758,0,1,1,1,1,1,1,0,0,0,0,0,1,0,0,0,0,0
adapter256,5,Q02ZA6,1,1,1,1,1,1,0,0,0,0,0,0,0,0,0,0,0,0
adapter256,5,Q03467,1,1,1,1,1,1,0,0,0,0,0,0,0,0,0,0,0,0
adapter256,5,Q03643,0,1,1,1,1,1,1,0,0,0,0,0,1,0,0,0,0,0
adapter256,5,Q03644,0,1,1,1,1,1,1,0,0,0,0,0,1,0,0,0,0,0
adapter256,5,Q03645,0,1,1,1,1,1,1,0,0,0,0,0,1,0,0,0,0,0
adapter256,5,Q03646,0,1,1,1,1,1,1,0,0,0,0,0,1,0,0,0,0,0
adapter256,5,Q03674,1,1,1,1,1,1,0,0,0,0,0,0,0,0,0,0,0,0
adapter256,5,Q03994,0,1,1,1,1,1,1,0,0,0,0,0,1,0,0,0,0,0
adapter256,5,Q03FZ9,1,1,1,1,1,1,0,0,0,0,0,0,0,0,0,0,0,0
adapter256,5,Q03M32,1,1,1,1,1,1,0,0,0,0,0,0,0,0,0,0,0,0
adapter256,5,Q04KI2,1,1,1,1,1,1,0,0,0,0,0,0,0,0,0,0,0,0
adapter256,5,Q058G9,2,2,2,2,2,2,0,0,0,0,0,0,1,1,1,1,1,1
adapter256,5,Q06145,0,1,1,1,1,1,2,1,1,1,1,1,2,1,1,1,1,1
adapter256,5,Q07053,0,1,1,1,1,1,1,0,0,0,0,0,1,0,0,0,0,0
adapter256,5,Q07988,1,1,1,1,1,1,0,0,0,0,0,0,0,0,0,0,0,0
adapter256,5,Q08108,1,1,1,1,1,1,0,0,0,0,0,0,0,0,0,0,0,0
adapter256,5,Q08761,1,1,1,1,1,1,0,0,0,0,0,0,0,0,0,0,0,0
adapter256,5,Q08890,0,0,0,0,0,0,1,1,1,1,1,1,0,0,0,0,0,0
adapter256,5,Q08906,0,1,1,1,1,1,1,0,0,0,0,0,1,0,0,0,0,0
adapter256,5,Q08907,1,1,1,1,1,1,0,0,0,0,0,0,0,0,0,0,0,0
adapter256,5,Q09169,2,2,2,2,2,2,0,0,0,0,0,0,1,1,1,1,1,1
adapter256,5,Q09175,0,0,0,0,0,0,1,1,1,1,1,1,0,0,0,0,0,0
adapter256,5,Q09982,1,1,1,1,1,1,3,3,3,3,3,3,1,1,1,1,1,1
adapter256,5,Q09JK2,1,1,1,1,1,1,0,0,0,0,0,0,0,0,0,0,0,0
adapter256,5,Q0AWJ2,1,1,1,1,1,1,0,0,0,0,0,0,1,1,1,1,1,1
adapter256,5,Q0EAE5,1,1,2,2,2,2,1,1,0,0,0,0,1,1,0,0,0,0
adapter256,5,Q0H293,0,0,0,0,1,1,1,1,1,1,0,0,1,1,1,1,0,0
adapter256,5,Q0IUL4,2,2,2,2,2,2,0,0,0,0,0,0,0,0,0,0,0,0
adapter256,5,Q0MWV8,1,1,1,1,1,1,1,1,1,1,1,1,0,0,0,0,0,0
adapter256,5,Q0SR53,1,1,1,1,1,1,0,0,0,0,0,0,1,1,1,1,1,1
adapter256,5,Q0THN1,0,0,0,0,0,0,1,1,1,1,1,1,1,1,1,1,1,1
adapter256,5,Q0TNI4,1,1,1,1,1,1,0,0,0,0,0,0,1,1,1,1,1,1
adapter256,5,Q10416,1,1,1,1,1,1,0,0,0,0,0,0,0,0,0,0,0,0
adapter256,5,Q10JL1,1,1,1,1,1,1,0,0,0,0,0,0,1,1,1,1,1,1
adapter256,5,Q12303,2,2,2,2,2,2,0,0,0,0,0,0,0,0,0,0,0,0
adapter256,5,Q14641,1,1,1,1,1,1,1,1,1,1,1,1,1,1,1,1,1,1
adapter256,5,Q14BU0,0,0,1,1,1,1,1,1,0,0,0,0,1,1,0,0,0,0
adapter256,5,Q15726,0,0,1,1,1,1,1,1,0,0,0,0,2,2,1,1,1,1
adapter256,5,Q16819,1,1,1,1,1,1,0,0,0,0,0,0,1,1,1,1,1,1
adapter256,5,Q16820,1,1,1,1,1,1,0,0,0,0,0,0,0,0,0,0,0,0
adapter256,5,Q16994,0,3,3,3,3,3,5,2,2,2,2,2,40,37,37,37,37,37
adapter256,5,Q16RI5,1,1,1,1,1,1,0,0,0,0,0,0,0,0,0,0,0,0
adapter256,5,Q17192,2,2,2,2,2,2,1,1,1,1,1,1,1,1,1,1,1,1
adapter256,5,Q17194,3,3,3,3,3,3,0,0,0,0,0,0,0,0,0,0,0,0
adapter256,5,Q17196,2,2,2,2,2,2,1,1,1,1,1,1,1,1,1,1,1,1
adapter256,5,Q17QV3,1,1,1,1,1,1,0,0,0,0,0,0,0,0,0,0,0,0
adapter256,5,Q18184,3,3,3,3,3,3,0,0,0,0,0,0,0,0,0,0,0,0
adapter256,5,Q18234,1,1,1,1,1,1,0,0,0,0,0,0,1,1,1,1,1,1
adapter256,5,Q18B22,1,1,1,1,1,1,0,0,0,0,0,0,1,1,1,1,1,1
adapter256,5,Q1C5C7,1,1,1,1,1,1,0,0,0,0,0,0,0,0,0,0,0,0
adapter256,5,Q1CKL2,1,1,1,1,1,1,0,0,0,0,0,0,0,0,0,0,0,0
adapter256,5,Q1ELU4,5,9,10,10,10,10,5,1,0,0,0,0,5,1,0,0,0,0
adapter256,5,Q1ELU5,7,11,12,12,12,12,5,1,0,0,0,0,5,1,0,0,0,0
adapter256,5,Q1ELU7,1,1,1,1,1,1,2,2,2,2,2,2,2,2,2,2,2,2
adapter256,5,Q1ELU8,1,1,1,1,1,1,2,2,2,2,2,2,3,3,3,3,3,3
adapter256,5,Q1JPW9,0,0,1,1,1,1,1,1,0,0,0,0,2,2,1,1,1,1
adapter256,5,Q1KLX1,1,1,1,1,1,1,0,0,0,0,0,0,0,0,0,0,0,0
adapter256,5,Q1KLX2,1,1,1,1,1,1,0,0,0,0,0,0,0,0,0,0,0,0
adapter256,5,Q1KLX3,1,1,1,1,1,1,0,0,0,0,0,0,0,0,0,0,0,0
adapter256,5,Q1KLX4,1,1,1,1,1,1,0,0,0,0,0,0,0,0,0,0,0,0
adapter256,5,Q1KLX5,0,0,0,0,0,0,1,1,1,1,1,1,0,0,0,0,0,0
adapter256,5,Q1KLX6,0,1,1,1,1,1,1,0,0,0,0,0,1,0,0,0,0,0
adapter256,5,Q1KLX7,0,1,1,1,1,1,1,0,0,0,0,0,1,0,0,0,0,0
adapter256,5,Q1KLX8,1,1,1,1,1,1,0,0,0,0,0,0,0,0,0,0,0,0
adapter256,5,Q1KLY0,1,1,1,1,1,1,0,0,0,0,0,0,0,0,0,0,0,0
adapter256,5,Q1KLY2,1,1,1,1,1,1,0,0,0,0,0,0,0,0,0,0,0,0
adapter256,5,Q1KLY3,1,1,1,1,1,1,0,0,0,0,0,0,0,0,0,0,0,0
adapter256,5,Q1KLY4,0,0,0,0,0,0,1,1,1,1,1,1,0,0,0,0,0,0
adapter256,5,Q1KLY5,0,1,1,1,1,1,1,0,0,0,0,0,1,0,0,0,0,0
adapter256,5,Q1KLY6,1,1,1,1,1,1,0,0,0,0,0,0,0,0,0,0,0,0
adapter256,5,Q1KLY7,1,1,1,1,1,1,0,0,0,0,0,0,0,0,0,0,0,0
adapter256,5,Q1KLY8,1,1,1,1,1,1,0,0,0,0,0,0,0,0,0,0,0,0
adapter256,5,Q1PFD8,1,1,1,1,1,1,0,0,0,0,0,0,0,0,0,0,0,0
adapter256,5,Q24238,1,1,1,1,1,1,0,0,0,0,0,0,1,1,1,1,1,1
adapter256,5,Q25413,17,18,18,18,18,18,1,0,0,0,0,0,1,0,0,0,0,0
adapter256,5,Q27173,1,1,1,1,1,1,0,0,0,0,0,0,1,1,1,1,1,1
adapter256,5,Q27174,0,0,0,1,1,1,1,1,1,0,0,0,2,2,2,1,1,1
adapter256,5,Q27181,0,0,0,1,1,1,1,1,1,0,0,0,2,2,2,1,1,1
adapter256,5,Q27677,1,1,1,1,1,1,0,0,0,0,0,0,0,0,0,0,0,0
adapter256,5,Q27954,0,0,0,0,0,0,1,1,1,1,1,1,0,0,0,0,0,0
adapter256,5,Q28HK1,0,1,1,1,1,1,1,0,0,0,0,0,1,0,0,0,0,0
adapter256,5,Q29486,0,0,1,1,1,1,1,1,0,0,0,0,1,1,0,0,0,0
adapter256,5,Q295C6,2,2,2,2,2,2,3,3,3,3,3,3,0,0,0,0,0,0
adapter256,5,Q29B55,1,1,1,1,1,1,1,1,1,1,1,1,1,1,1,1,1,1
adapter256,5,Q29W19,1,1,1,1,1,1,1,1,1,1,1,1,1,1,1,1,1,1
adapter256,5,Q2FG82,1,1,1,1,1,1,0,0,0,0,0,0,1,1,1,1,1,1
adapter256,5,Q2FUW9,1,1,1,1,1,1,0,0,0,0,0,0,0,0,0,0,0,0
adapter256,5,Q2FXT0,1,1,1,1,1,1,0,0,0,0,0,0,1,1,1,1,1,1
adapter256,5,Q2HYY9,1,1,1,1,1,1,0,0,0,0,0,0,0,0,0,0,0,0
adapter256,5,Q2IAL6,0,0,0,0,1,1,1,1,1,1,0,0,1,1,1,1,0,0
adapter256,5,Q2IAL7,0,0,0,0,1,1,1,1,1,1,0,0,2,2,2,2,1,1
adapter256,5,Q2KJI7,0,0,0,0,0,0,1,1,1,1,1,1,0,0,0,0,0,0
adapter256,5,Q2NIJ9,1,1,1,1,1,1,0,0,0,0,0,0,1,1,1,1,1,1
adapter256,5,Q2SS74,1,1,1,1,1,1,0,0,0,0,0,0,1,1,1,1,1,1
adapter256,5,Q2TA14,0,0,0,0,0,0,1,1,1,1,1,1,1,1,1,1,1,1
adapter256,5,Q2YT85,1,1,1,1,1,1,0,0,0,0,0,0,1,1,1,1,1,1
adapter256,5,Q32ZI4,1,1,1,1,1,1,0,0,0,0,0,0,0,0,0,0,0,0
adapter256,5,Q39131,0,0,1,1,1,1,1,1,0,0,0,0,1,1,0,0,0,0
adapter256,5,Q39962,0,0,0,0,0,0,1,1,1,1,1,1,0,0,0,0,0,0
adapter256,5,Q3C255,1,1,1,1,1,1,0,0,0,0,0,0,0,0,0,0,0,0
adapter256,5,Q3C256,1,1,1,1,1,1,0,0,0,0,0,0,0,0,0,0,0,0
adapter256,5,Q3SB03,0,0,0,0,0,0,1,1,1,1,1,1,0,0,0,0,0,0
adapter256,5,Q3SB04,0,0,0,0,0,0,1,1,1,1,1,1,0,0,0,0,0,0
adapter256,5,Q3SB05,0,0,0,0,0,0,1,1,1,1,1,1,0,0,0,0,0,0
adapter256,5,Q3SB06,0,0,0,0,0,0,1,1,1,1,1,1,0,0,0,0,0,0
adapter256,5,Q3SB07,0,0,0,0,0,0,1,1,1,1,1,1,0,0,0,0,0,0
adapter256,5,Q40987,0,0,0,0,0,0,1,1,1,1,1,1,1,1,1,1,1,1
adapter256,5,Q41114,0,0,0,0,0,0,1,1,1,1,1,1,0,0,0,0,0,0
adapter256,5,Q42460,0,0,0,0,0,0,1,1,1,1,1,1,0,0,0,0,0,0
adapter256,5,Q48501,2,2,2,2,2,2,0,0,0,0,0,0,0,0,0,0,0,0
adapter256,5,Q49Y83,1,1,1,1,1,1,0,0,0,0,0,0,0,0,0,0,0,0
adapter256,5,Q4L6Z1,1,1,1,1,1,1,0,0,0,0,0,0,1,1,1,1,1,1
adapter256,5,Q4PSZ8,0,0,0,0,0,1,1,1,1,1,1,0,1,1,1,1,1,0
adapter256,5,Q4WFV6,1,1,1,1,1,1,0,0,0,0,0,0,0,0,0,0,0,0
adapter256,5,Q4WI46,1,1,1,1,1,1,0,0,0,0,0,0,0,0,0,0,0,0
adapter256,5,Q53I06,1,1,1,1,1,1,0,0,0,0,0,0,0,0,0,0,0,0
adapter256,5,Q54EQ7,1,1,1,1,1,1,0,0,0,0,0,0,0,0,0,0,0,0
adapter256,5,Q58D68,1,1,1,1,1,1,0,0,0,0,0,0,0,0,0,0,0,0
adapter256,5,Q59PF9,1,1,1,1,1,1,0,0,0,0,0,0,0,0,0,0,0,0
adapter256,5,Q59SU1,1,1,1,1,1,1,0,0,0,0,0,0,1,1,1,1,1,1
adapter256,5,Q59XA7,1,1,1,1,1,1,0,0,0,0,0,0,0,0,0,0,0,0
adapter256,5,Q59XB0,1,1,1,1,1,1,0,0,0,0,0,0,0,0,0,0,0,0
adapter256,5,Q59XL0,1,1,1,1,1,1,0,0,0,0,0,0,0,0,0,0,0,0
adapter256,5,Q5A029,1,1,1,1,1,1,0,0,0,0,0,0,0,0,0,0,0,0
adapter256,5,Q5A1E0,1,1,1,1,1,1,0,0,0,0,0,0,0,0,0,0,0,0
adapter256,5,Q5A210,1,1,1,1,1,1,0,0,0,0,0,0,0,0,0,0,0,0
adapter256,5,Q5A5M7,1,1,1,1,1,1,0,0,0,0,0,0,0,0,0,0,0,0
adapter256,5,Q5A651,1,1,1,1,1,1,0,0,0,0,0,0,1,1,1,1,1,1
adapter256,5,Q5A6M2,1,1,1,1,1,1,0,0,0,0,0,0,0,0,0,0,0,0
adapter256,5,Q5A6U1,1,1,1,1,1,1,0,0,0,0,0,0,0,0,0,0,0,0
adapter256,5,Q5A849,0,0,0,0,0,0,1,1,1,1,1,1,1,1,1,1,1,1
adapter256,5,Q5AAL9,1,1,1,1,1,1,0,0,0,0,0,0,0,0,0,0,0,0
adapter256,5,Q5ACP5,0,0,0,0,0,0,1,1,1,1,1,1,0,0,0,0,0,0
adapter256,5,Q5AD34,0,1,1,1,1,1,1,0,0,0,0,0,1,0,0,0,0,0
adapter256,5,Q5AJC0,1,1,1,1,1,1,0,0,0,0,0,0,0,0,0,0,0,0
adapter256,5,Q5AL03,1,1,1,1,1,1,0,0,0,0,0,0,0,0,0,0,0,0
adapter256,5,Q5BIV7,0,1,1,1,1,1,1,0,0,0,0,0,2,1,1,1,1,1
adapter256,5,Q5BIV9,0,1,1,1,1,1,1,0,0,0,0,0,2,1,1,1,1,1
adapter256,5,Q5BKW7,1,1,1,1,1,1,0,0,0,0,0,0,0,0,0,0,0,0
adapter256,5,Q5CZK6,1,1,1,1,1,1,1,1,1,1,1,1,1,1,1,1,1,1
adapter256,5,Q5E9X0,1,1,1,1,1,1,0,0,0,0,0,0,0,0,0,0,0,0
adapter256,5,Q5G234,0,0,0,0,0,0,1,1,1,1,1,1,0,0,0,0,0,0
adapter256,5,Q5HFB8,1,1,1,1,1,1,0,0,0,0,0,0,1,1,1,1,1,1
adapter256,5,Q5HNQ6,1,1,1,1,1,1,0,0,0,0,0,0,1,1,1,1,1,1
adapter256,5,Q5JNJ5,0,0,0,0,0,0,1,1,1,1,1,1,1,1,1,1,1,1
adapter256,5,Q5KWP3,1,1,1,1,1,1,0,0,0,0,0,0,1,1,1,1,1,1
adapter256,5,Q5M158,1,1,1,1,1,1,0,0,0,0,0,0,0,0,0,0,0,0
adapter256,5,Q5PU89,1,1,1,1,1,1,0,0,0,0,0,0,0,0,0,0,0,0
adapter256,5,Q5RAD6,0,0,0,1,1,1,1,1,1,0,0,0,1,1,1,0,0,0
adapter256,5,Q5RB45,0,0,1,1,1,1,1,1,0,0,0,0,1,1,0,0,0,0
adapter256,5,Q5RBU7,0,0,0,0,0,0,1,1,1,1,1,1,1,1,1,1,1,1
adapter256,5,Q5WES5,1,1,1,1,1,1,0,0,0,0,0,0,1,1,1,1,1,1
adapter256,5,Q5XCS5,1,1,1,1,1,1,0,0,0,0,0,0,1,1,1,1,1,1
adapter256,5,Q5XIF4,1,1,1,1,1,1,0,0,0,0,0,0,0,0,0,0,0,0
adapter256,5,Q5Z9C8,1,1,1,1,1,1,0,0,0,0,0,0,0,0,0,0,0,0
adapter256,5,Q60E70,1,1,1,1,1,1,0,0,0,0,0,0,0,0,0,0,0,0
adapter256,5,Q61207,1,1,2,2,2,2,2,2,1,1,1,1,2,2,1,1,1,1
adapter256,5,Q61247,0,0,0,0,0,0,1,1,1,1,1,1,1,1,1,1,1,1
adapter256,5,Q61847,0,0,1,1,1,1,1,1,0,0,0,0,1,1,0,0,0,0
adapter256,5,Q62997,0,0,0,0,0,0,1,1,1,1,1,1,1,1,1,1,1,1
adapter256,5,Q634A1,1,1,1,1,1,1,0,0,0,0,0,0,1,1,1,1,1,1
adapter256,5,Q64171,1,1,1,1,1,1,1,1,1,1,1,1,1,1,1,1,1,1
adapter256,5,Q64230,1,1,1,1,1,1,0,0,0,0,0,0,0,0,0,0,0,0
adapter256,5,Q64339,0,1,1,1,1,1,1,0,0,0,0,0,1,0,0,0,0,0
adapter256,5,Q65DC2,1,1,1,1,1,1,0,0,0,0,0,0,0,0,0,0,0,0
adapter256,5,Q65GM5,1,1,1,1,1,1,0,0,0,0,0,0,1,1,1,1,1,1
adapter256,5,Q667N8,1,1,1,1,1,1,0,0,0,0,0,0,1,1,1,1,1,1
adapter256,5,Q66IA6,0,0,1,1,1,1,1,1,0,0,0,0,1,1,0,0,0,0
adapter256,5,Q67SC7,1,1,1,1,1,1,0,0,0,0,0,0,1,1,1,1,1,1
adapter256,5,Q6DDP3,1,1,1,1,1,1,0,0,0,0,0,0,0,0,0,0,0,0
adapter256,5,Q6E3K9,0,0,0,1,1,1,1,1,1,0,0,0,1,1,1,0,0,0
adapter256,5,Q6ECK6,1,1,2,2,2,2,3,3,2,2,2,2,2,2,1,1,1,1
adapter256,5,Q6F125,1,1,1,1,1,1,0,0,0,0,0,0,1,1,1,1,1,1
adapter256,5,Q6G8S4,1,1,1,1,1,1,0,0,0,0,0,0,1,1,1,1,1,1
adapter256,5,Q6GG59,1,1,1,1,1,1,0,0,0,0,0,0,1,1,1,1,1,1
adapter256,5,Q6HD83,1,1,1,1,1,1,0,0,0,0,0,0,1,1,1,1,1,1
adapter256,5,Q6IV23,0,0,0,0,0,0,1,1,1,1,1,1,1,1,1,1,1,1
adapter256,5,Q6IV26,0,0,0,0,0,0,1,1,1,1,1,1,1,1,1,1,1,1
adapter256,5,Q6LZM3,1,1,1,1,1,1,0,0,0,0,0,0,0,0,0,0,0,0
adapter256,5,Q6MT50,1,1,1,1,1,1,0,0,0,0,0,0,1,1,1,1,1,1
adapter256,5,Q6NLD7,0,1,1,1,1,1,1,0,0,0,0,0,1,0,0,0,0,0
adapter256,5,Q6NLF7,0,1,1,1,1,1,1,0,0,0,0,0,1,0,0,0,0,0
adapter256,5,Q6NNL3,1,1,1,1,1,1,0,0,0,0,0,0,0,0,0,0,0,0
adapter256,5,Q6NUJ1,0,0,1,1,1,1,5,5,4,4,4,4,1,1,0,0,0,0
adapter256,5,Q6NWB6,0,0,1,1,1,1,1,1,0,0,0,0,1,1,0,0,0,0
adapter256,5,Q6QLQ5,0,0,0,0,1,1,1,1,1,1,0,0,1,1,1,1,0,0
adapter256,5,Q6QLR1,0,0,0,0,0,0,1,1,1,1,1,1,1,1,1,1,1,1
adapter256,5,Q6QWR1,0,0,0,0,0,0,1,1,1,1,1,1,0,0,0,0,0,0
adapter256,5,Q6RUW3,2,2,2,2,2,2,0,0,0,0,0,0,0,0,0,0,0,0
adapter256,5,Q6UG02,0,0,0,0,0,0,1,1,1,1,1,1,1,1,1,1,1,1
adapter256,5,Q6UQ28,0,0,0,0,0,0,1,1,1,1,1,1,1,1,1,1,1,1
adapter256,5,Q6UWR7,1,1,1,1,1,1,0,0,0,0,0,0,0,0,0,0,0,0
adapter256,5,Q6UX82,0,0,1,1,1,1,1,1,0,0,0,0,1,1,0,0,0,0
adapter256,5,Q6XMH8,0,0,1,1,1,1,2,2,1,1,1,1,2,2,1,1,1,1
adapter256,5,Q6Y4S4,0,0,0,0,0,0,1,1,1,1,1,1,3,3,3,3,3,3
adapter256,5,Q6YRC7,1,1,1,1,1,1,0,0,0,0,0,0,1,1,1,1,1,1
adapter256,5,Q6Z4G7,1,1,1,1,1,1,0,0,0,0,0,0,0,0,0,0,0,0
adapter256,5,Q6Z4G8,0,1,1,1,1,1,1,0,0,0,0,0,1,0,0,0,0,0
adapter256,5,Q71ZD0,1,1,1,1,1,1,0,0,0,0,0,0,1,1,1,1,1,1
adapter256,5,Q72ZY3,1,1,1,1,1,1,0,0,0,0,0,0,1,1,1,1,1,1
adapter256,5,Q74IL5,1,1,1,1,1,1,0,0,0,0,0,0,0,0,0,0,0,0
adapter256,5,Q75UG5,1,1,1,1,1,1,1,1,1,1,1,1,2,2,2,2,2,2
adapter256,5,Q75WG7,1,1,1,1,1,1,0,0,0,0,0,0,0,0,0,0,0,0
adapter256,5,Q75WH2,1,1,2,2,2,2,1,1,0,0,0,0,1,1,0,0,0,0
adapter256,5,Q75WH4,1,1,1,1,1,1,0,0,0,0,0,0,1,1,1,1,1,1
adapter256,5,Q75WH5,1,1,1,1,1,1,0,0,0,0,0,0,1,1,1,1,1,1
adapter256,5,Q75WH6,1,1,1,1,1,1,0,0,0,0,0,0,1,1,1,1,1,1
adapter256,5,Q765Z4,1,1,1,1,1,1,0,0,0,0,0,0,0,0,0,0,0,0
adapter256,5,Q769J6,1,1,1,1,1,1,0,0,0,0,0,0,0,0,0,0,0,0
adapter256,5,Q76CL2,1,1,1,1,1,1,1,1,1,1,1,1,1,1,1,1,1,1
adapter256,5,Q76LX8,0,0,0,0,0,0,1,1,1,1,1,1,0,0,0,0,0,0
adapter256,5,Q7JGL8,0,0,0,0,0,0,2,2,2,2,2,2,1,1,1,1,1,1
adapter256,5,Q7JGL9,0,0,0,0,0,0,2,2,2,2,2,2,1,1,1,1,1,1
adapter256,5,Q7JGM0,0,0,0,0,0,0,2,2,2,2,2,2,1,1,1,1,1,1
adapter256,5,Q7JGM1,0,0,0,0,0,0,2,2,2,2,2,2,0,0,0,0,0,0
adapter256,5,Q7JGM2,0,0,0,0,0,0,2,2,2,2,2,2,0,0,0,0,0,0
adapter256,5,Q7KUD5,1,1,1,2,2,3,2,2,2,1,1,0,2,2,2,1,1,0
adapter256,5,Q7M3V5,2,2,2,2,2,2,0,0,0,0,0,0,0,0,0,0,0,0
adapter256,5,Q7NBB0,1,1,1,1,1,1,0,0,0,0,0,0,0,0,0,0,0,0
adapter256,5,Q7Q7R8,1,1,1,1,1,1,0,0,0,0,0,0,1,1,1,1,1,1
adapter256,5,Q7RTW8,0,0,1,1,1,1,1,1,0,0,0,0,1,1,0,0,0,0
adapter256,5,Q7TMR0,0,0,0,0,0,0,1,1,1,1,1,1,0,0,0,0,0,0
adapter256,5,Q7TQN2,0,1,1,1,1,1,1,0,0,0,0,0,1,0,0,0,0,0
adapter256,5,Q7TSB7,0,0,0,0,0,0,1,1,1,1,1,1,3,3,3,3,3,3
adapter256,5,Q7XR91,1,1,1,1,1,1,0,0,0,0,0,0,0,0,0,0,0,0
adapter256,5,Q7YXK5,1,1,1,1,1,1,0,0,0,0,0,0,0,0,0,0,0,0
adapter256,5,Q803Y4,1,1,1,1,1,1,0,0,0,0,0,0,0,0,0,0,0,0
adapter256,5,Q817U4,1,1,1,1,1,1,0,0,0,0,0,0,1,1,1,1,1,1
adapter256,5,Q81LE8,1,1,1,1,1,1,0,0,0,0,0,0,1,1,1,1,1,1
adapter256,5,Q836X4,1,1,1,1,1,1,0,0,0,0,0,0,1,1,1,1,1,1
adapter256,5,Q83RD2,0,0,0,0,0,0,1,1,1,1,1,1,1,1,1,1,1,1
adapter256,5,Q84JV2,0,0,0,0,0,1,1,1,1,1,1,0,1,1,1,1,1,0
adapter256,5,Q84W98,1,1,1,1,1,1,0,0,0,0,0,0,0,0,0,0,0,0
adapter256,5,Q86C51,1,1,1,1,1,1,0,0,0,0,0,0,1,1,1,1,1,1
adapter256,5,Q86MA7,64,65,65,65,65,65,1,0,0,0,0,0,1,0,0,0,0,0
adapter256,5,Q86QN6,0,1,1,1,1,1,1,0,0,0,0,0,1,0,0,0,0,0
adapter256,5,Q86UU9,1,2,2,2,2,2,3,2,2,2,2,2,3,2,2,2,2,2
adapter256,5,Q86Y78,1,1,1,1,1,1,0,0,0,0,0,0,0,0,0,0,0,0
adapter256,5,Q88WN3,1,1,1,1,1,1,0,0,0,0,0,0,0,0,0,0,0,0
adapter256,5,Q892N6,1,1,1,1,1,1,0,0,0,0,0,0,0,0,0,0,0,0
adapter256,5,Q8AVA3,0,0,0,0,0,0,1,1,1,1,1,1,0,0,0,0,0,0
adapter256,5,Q8AVA4,0,0,0,0,0,0,1,1,1,1,1,1,0,0,0,0,0,0
adapter256,5,Q8BGN3,1,1,1,1,1,1,0,0,0,0,0,0,0,0,0,0,0,0
adapter256,5,Q8BGN6,0,0,1,1,1,1,1,1,0,0,0,0,1,1,0,0,0,0
adapter256,5,Q8BH61,0,1,1,1,1,1,1,0,0,0,0,0,1,0,0,0,0,0
adapter256,5,Q8BJ48,0,0,0,0,1,1,1,1,1,1,0,0,1,1,1,1,0,0
adapter256,5,Q8BPP5,1,1,1,1,1,1,0,0,0,0,0,0,0,0,0,0,0,0
adapter256,5,Q8BWU1,0,1,1,1,1,1,1,0,0,0,0,0,2,1,1,1,1,1
adapter256,5,Q8C1C1,0,0,0,0,0,0,5,5,5,5,5,5,0,0,0,0,0,0
adapter256,5,Q8CFZ4,1,1,1,1,1,1,0,0,0,0,0,0,0,0,0,0,0,0
adapter256,5,Q8CH01,2,2,2,2,2,2,0,0,0,0,0,0,0,0,0,0,0,0
adapter256,5,Q8CIE6,0,0,0,0,0,0,1,1,1,1,1,1,0,0,0,0,0,0
adapter256,5,Q8CS89,1,1,1,1,1,1,0,0,0,0,0,0,1,1,1,1,1,1
adapter256,5,Q8CW15,0,0,0,0,0,0,1,1,1,1,1,1,1,1,1,1,1,1
adapter256,5,Q8DQN5,0,0,0,0,0,0,1,1,1,1,1,1,1,1,1,1,1,1
adapter256,5,Q8DUQ4,1,1,1,1,1,1,0,0,0,0,0,0,1,1,1,1,1,1
adapter256,5,Q8DYV5,1,1,1,1,1,1,0,0,0,0,0,0,1,1,1,1,1,1
adapter256,5,Q8E4G3,1,1,1,1,1,1,0,0,0,0,0,0,0,0,0,0,0,0
adapter256,5,Q8EPP8,1,1,1,1,1,1,0,0,0,0,0,0,0,0,0,0,0,0
adapter256,5,Q8EVW5,1,1,1,1,1,1,0,0,0,0,0,0,0,0,0,0,0,0
adapter256,5,Q8GCB2,1,1,1,1,1,1,0,0,0,0,0,0,0,0,0,0,0,0
adapter256,5,Q8GTM0,0,0,1,1,1,1,1,1,0,0,0,0,1,1,0,0,0,0
adapter256,5,Q8H6Q0,0,0,1,1,1,1,1,1,0,0,0,0,1,1,0,0,0,0
adapter256,5,Q8H6Q1,0,0,1,1,1,1,1,1,0,0,0,0,1,1,0,0,0,0
adapter256,5,Q8HYC2,1,1,1,1,1,1,0,0,0,0,0,0,0,0,0,0,0,0
adapter256,5,Q8I423,0,0,0,0,0,0,1,1,1,1,1,1,1,1,1,1,1,1
adapter256,5,Q8ILP3,1,1,1,1,1,1,0,0,0,0,0,0,0,0,0,0,0,0
adapter256,5,Q8IV16,0,0,1,1,1,1,1,1,0,0,0,0,1,1,0,0,0,0
adapter256,5,Q8J136,0,0,0,0,0,0,1,1,1,1,1,1,1,1,1,1,1,1
adapter256,5,Q8J2V8,0,0,0,0,0,0,1,1,1,1,1,1,0,0,0,0,0,0
adapter256,5,Q8JZQ2,0,0,0,0,0,0,1,1,1,1,1,1,0,0,0,0,0,0
adapter256,5,Q8JZU2,0,0,0,0,1,1,1,1,1,1,0,0,1,1,1,1,0,0
adapter256,5,Q8K561,0,1,1,1,1,1,1,0,0,0,0,0,1,0,0,0,0,0
adapter256,5,Q8L6Z5,1,1,1,1,1,1,0,0,0,0,0,0,0,0,0,0,0,0
adapter256,5,Q8L8Q7,1,1,1,1,1,1,0,0,0,0,0,0,0,0,0,0,0,0
adapter256,5,Q8LA14,1,1,1,1,1,1,0,0,0,0,0,0,0,0,0,0,0,0
adapter256,5,Q8LC95,0,0,1,1,1,1,1,1,0,0,0,0,1,1,0,0,0,0
adapter256,5,Q8LD63,1,1,1,1,1,1,0,0,0,0,0,0,0,0,0,0,0,0
adapter256,5,Q8LEE9,0,0,1,1,1,1,1,1,0,0,0,0,1,1,0,0,0,0
adapter256,5,Q8LEJ6,1,1,1,1,1,1,0,0,0,0,0,0,0,0,0,0,0,0
adapter256,5,Q8MP00,1,1,1,1,1,1,0,0,0,0,0,0,1,1,1,1,1,1
adapter256,5,Q8NI32,0,0,1,1,1,1,1,1,0,0,0,0,1,1,0,0,0,0
adapter256,5,Q8QGP7,0,0,0,1,1,1,2,2,2,1,1,1,1,1,1,0,0,0
adapter256,5,Q8R182,1,1,1,1,1,1,0,0,0,0,0,0,0,0,0,0,0,0
adapter256,5,Q8RBA7,0,1,1,1,1,1,1,0,0,0,0,0,1,0,0,0,0,0
adapter256,5,Q8REI3,1,1,1,1,1,1,0,0,0,0,0,0,0,0,0,0,0,0
adapter256,5,Q8T112,2,2,2,2,2,2,0,0,0,0,0,0,0,0,0,0,0,0
adapter256,5,Q8T1G4,0,0,0,0,0,0,1,1,1,1,1,1,0,0,0,0,0,0
adapter256,5,Q8T1G5,0,0,0,0,0,0,1,1,1,1,1,1,0,0,0,0,0,0
adapter256,5,Q8T1G6,0,0,0,0,0,0,1,1,1,1,1,1,0,0,0,0,0,0
adapter256,5,Q8VXF2,0,0,0,0,0,0,2,2,2,2,2,2,0,0,0,0,0,0
adapter256,5,Q8WVF2,0,0,1,1,1,1,1,1,0,0,0,0,2,2,1,1,1,1
adapter256,5,Q8X783,0,0,0,0,0,0,1,1,1,1,1,1,1,1,1,1,1,1
adapter256,5,Q8XIJ1,1,1,1,1,1,1,0,0,0,0,0,0,1,1,1,1,1,1
adapter256,5,Q8ZDC4,1,1,1,1,1,1,0,0,0,0,0,0,0,0,0,0,0,0
adapter256,5,Q8ZPK9,0,0,0,0,0,0,1,1,1,1,1,1,1,1,1,1,1,1
adapter256,5,Q90WF4,2,2,2,2,2,2,0,0,0,0,0,0,0,0,0,0,0,0
adapter256,5,Q91V70,0,0,0,0,0,0,1,1,1,1,1,1,1,1,1,1,1,1
adapter256,5,Q91V82,0,0,0,1,1,1,1,1,1,0,0,0,1,1,1,0,0,0
adapter256,5,Q92058,0,1,1,1,1,1,1,0,0,0,0,0,1,0,0,0,0,0
adapter256,5,Q924B5,1,1,1,1,1,1,0,0,0,0,0,0,0,0,0,0,0,0
adapter256,5,Q931Q3,1,1,1,1,1,1,0,0,0,0,0,0,1,1,1,1,1,1
adapter256,5,Q93MH4,0,0,0,0,0,0,1,1,1,1,1,1,1,1,1,1,1,1
adapter256,5,Q93MH6,0,0,0,0,0,0,1,1,1,1,1,1,0,0,0,0,0,0
adapter256,5,Q93WH6,0,0,0,0,0,0,2,2,2,2,2,2,0,0,0,0,0,0
adapter256,5,Q93X49,0,0,0,0,0,0,2,2,2,2,2,2,0,0,0,0,0,0
adapter256,5,Q93XK2,0,0,0,0,0,0,1,1,1,1,1,1,0,0,0,0,0,0
adapter256,5,Q941C5,1,1,1,1,1,1,0,0,0,0,0,0,0,0,0,0,0,0
adapter256,5,Q94BT2,1,1,1,1,1,1,0,0,0,0,0,0,0,0,0,0,0,0
adapter256,5,Q94DM8,1,1,1,1,1,1,0,0,0,0,0,0,1,1,1,1,1,1
adapter256,5,Q94EY2,1,1,1,1,1,1,0,0,0,0,0,0,0,0,0,0,0,0
adapter256,5,Q94F08,1,1,1,1,1,1,0,0,0,0,0,0,0,0,0,0,0,0
adapter256,5,Q94KT8,1,1,1,1,1,1,0,0,0,0,0,0,0,0,0,0,0,0
adapter256,5,Q95J18,0,0,0,0,0,0,2,2,2,2,2,2,1,1,1,1,1,1
adapter256,5,Q95J22,0,0,0,0,0,0,2,2,2,2,2,2,0,0,0,0,0,0
adapter256,5,Q95J24,0,0,0,0,0,0,2,2,2,2,2,2,1,1,1,1,1,1
adapter256,5,Q95J46,1,1,1,1,1,1,0,0,0,0,0,0,0,0,0,0,0,0
adapter256,5,Q95M66,0,0,0,0,0,0,2,2,2,2,2,2,0,0,0,0,0,0
adapter256,5,Q95P48,5,5,5,5,5,5,2,2,2,2,2,2,4,4,4,4,4,4
adapter256,5,Q97JL5,1,1,1,1,1,1,0,0,0,0,0,0,0,0,0,0,0,0
adapter256,5,Q99317,0,1,1,1,1,1,1,0,0,0,0,0,1,0,0,0,0,0
adapter256,5,Q99319,0,1,1,1,1,1,1,0,0,0,0,0,2,1,1,1,1,1
adapter256,5,Q99320,0,0,0,0,0,0,1,1,1,1,1,1,1,1,1,1,1,1
adapter256,5,Q99MP5,1,1,1,1,1,1,0,0,0,0,0,0,0,0,0,0,0,0
adapter256,5,Q99N14,1,2,2,2,2,2,1,0,0,0,0,0,1,0,0,0,0,0
adapter256,5,Q9AR88,1,1,1,1,1,1,1,1,1,1,1,1,0,0,0,0,0,0
adapter256,5,Q9BY14,1,1,1,1,1,1,0,0,0,0,0,0,0,0,0,0,0,0
adapter256,5,Q9BZD6,0,0,1,1,1,1,1,1,0,0,0,0,1,1,0,0,0,0
adapter256,5,Q9CA23,1,1,1,1,1,1,0,0,0,0,0,0,0,0,0,0,0,0
adapter256,5,Q9CGL5,1,1,1,1,1,1,0,0,0,0,0,0,0,0,0,0,0,0
adapter256,5,Q9D1N2,0,1,1,1,1,1,1,0,0,0,0,0,1,0,0,0,0,0
adapter256,5,Q9D7F2,0,1,1,1,1,1,1,0,0,0,0,0,1,0,0,0,0,0
adapter256,5,Q9D7S0,1,1,1,1,1,1,0,0,0,0,0,0,0,0,0,0,0,0
adapter256,5,Q9DGK7,1,1,1,1,1,1,1,1,1,1,1,1,1,1,1,1,1,1
adapter256,5,Q9EPI2,0,0,0,0,0,0,1,1,1,1,1,1,1,1,1,1,1,1
adapter256,5,Q9EPS2,1,1,1,1,1,1,1,1,1,1,1,1,1,1,1,1,1,1
adapter256,5,Q9FEB4,1,1,1,1,1,1,1,1,1,1,1,1,0,0,0,0,0,0
adapter256,5,Q9FFH6,0,1,1,1,1,1,1,0,0,0,0,0,1,0,0,0,0,0
adapter256,5,Q9FHQ6,0,1,1,1,1,1,1,0,0,0,0,0,2,1,1,1,1,1
adapter256,5,Q9FIW0,0,0,0,0,0,0,2,2,2,2,2,2,3,3,3,3,3,3
adapter256,5,Q9FIW1,0,0,0,0,0,0,2,2,2,2,2,2,2,2,2,2,2,2
adapter256,5,Q9FRF9,1,1,1,1,1,1,1,1,1,1,1,1,0,0,0,0,0,0
adapter256,5,Q9FS10,1,1,1,1,1,1,1,1,1,1,1,1,0,0,0,0,0,0
adapter256,5,Q9GLV5,0,1,1,1,1,1,1,0,0,0,0,0,1,0,0,0,0,0
adapter256,5,Q9GQV7,2,2,3,3,5,5,4,4,3,3,1,1,6,6,5,5,3,3
adapter256,5,Q9GZZ7,0,0,1,1,1,1,1,1,0,0,0,0,1,1,0,0,0,0
adapter256,5,Q9I8P2,2,2,2,2,2,2,0,0,0,0,0,0,0,0,0,0,0,0
adapter256,5,Q9I8P3,1,1,1,1,1,1,1,1,1,1,1,1,1,1,1,1,1,1
adapter256,5,Q9I9D3,1,1,1,1,1,1,1,1,1,1,1,1,1,1,1,1,1,1
adapter256,5,Q9JJT2,0,1,1,1,1,1,1,0,0,0,0,0,1,0,0,0,0,0
adapter256,5,Q9JMI7,1,1,1,1,1,1,0,0,0,0,0,0,0,0,0,0,0,0
adapter256,5,Q9K8J7,1,1,1,1,1,1,0,0,0,0,0,0,1,1,1,1,1,1
adapter256,5,Q9L5D6,0,0,0,0,0,0,1,1,1,1,1,1,0,0,0,0,0,0
adapter256,5,Q9L7Q2,0,0,0,0,0,0,1,1,1,1,1,1,1,1,1,1,1,1
adapter256,5,Q9LE56,1,1,1,1,1,1,0,0,0,0,0,0,0,0,0,0,0,0
adapter256,5,Q9LFW3,0,0,0,0,0,1,1,1,1,1,1,0,1,1,1,1,1,0
adapter256,5,Q9LII0,0,0,0,0,0,0,1,1,1,1,1,1,1,1,1,1,1,1
adapter256,5,Q9LJU1,1,1,1,1,1,1,0,0,0,0,0,0,0,0,0,0,0,0
adapter256,5,Q9LMY9,2,2,2,2,2,2,0,0,0,0,0,0,0,0,0,0,0,0
adapter256,5,Q9LUA1,1,1,1,1,1,1,0,0,0,0,0,0,0,0,0,0,0,0
adapter256,5,Q9M0A1,1,1,1,1,1,1,0,0,0,0,0,0,0,0,0,0,0,0
adapter256,5,Q9M2Y0,1,1,1,1,1,1,1,1,1,1,1,1,0,0,0,0,0,0
adapter256,5,Q9MAC1,1,1,1,1,1,1,0,0,0,0,0,0,0,0,0,0,0,0
adapter256,5,Q9MYK8,1,2,2,2,2,2,1,0,0,0,0,0,2,1,1,1,1,1
adapter256,5,Q9N5R0,1,1,1,1,1,1,0,0,0,0,0,0,0,0,0,0,0,0
adapter256,5,Q9NL82,15,15,15,15,15,15,1,1,1,1,1,1,1,1,1,1,1,1
adapter256,5,Q9NL83,14,14,14,14,14,14,1,1,1,1,1,1,1,1,1,1,1,1
adapter256,5,Q9P3E4,0,0,0,0,0,0,1,1,1,1,1,1,0,0,0,0,0,0
adapter256,5,Q9PQT2,1,1,1,1,1,1,0,0,0,0,0,0,0,0,0,0,0,0
adapter256,5,Q9PT98,2,2,2,2,2,2,0,0,0,0,0,0,0,0,0,0,0,0
adapter256,5,Q9PT99,1,1,2,2,2,2,1,1,0,0,0,0,1,1,0,0,0,0
adapter256,5,Q9PTA0,2,2,2,2,2,2,0,0,0,0,0,0,0,0,0,0,0,0
adapter256,5,Q9PW68,2,2,2,2,2,2,0,0,0,0,0,0,0,0,0,0,0,0
adapter256,5,Q9QUR8,0,0,0,0,0,0,1,1,1,1,1,1,1,1,1,1,1,1
adapter256,5,Q9QZQ3,0,0,0,1,1,1,1,1,1,0,0,0,1,1,1,0,0,0
adapter256,5,Q9QZQ4,0,0,0,1,1,1,1,1,1,0,0,0,1,1,1,0,0,0
adapter256,5,Q9SIL7,0,0,1,1,1,1,1,1,0,0,0,0,1,1,0,0,0,0
adapter256,5,Q9SJ81,1,1,1,1,1,1,0,0,0,0,0,0,0,0,0,0,0,0
adapter256,5,Q9SK27,1,1,1,1,1,1,0,0,0,0,0,0,0,0,0,0,0,0
adapter256,5,Q9SQN9,0,0,0,0,0,0,1,1,1,1,1,1,1,1,1,1,1,1
adapter256,5,Q9SRT7,0,0,0,0,0,0,1,1,1,1,1,1,1,1,1,1,1,1
adapter256,5,Q9SSG3,0,0,0,0,0,0,1,1,1,1,1,1,1,1,1,1,1,1
adapter256,5,Q9STH5,1,1,1,1,1,1,0,0,0,0,0,0,0,0,0,0,0,0
adapter256,5,Q9SZ51,1,1,1,1,1,1,0,0,0,0,0,0,0,0,0,0,0,0
adapter256,5,Q9SZG4,0,0,0,0,0,1,2,2,2,2,2,1,1,1,1,1,1,0
adapter256,5,Q9TR93,0,0,0,0,0,0,1,1,1,1,1,1,0,0,0,0,0,0
adapter256,5,Q9TRM8,1,1,1,1,1,1,1,1,1,1,1,1,2,2,2,2,2,2
adapter256,5,Q9UK23,0,0,0,0,0,0,1,1,1,1,1,1,1,1,1,1,1,1
adapter256,5,Q9VET0,1,1,1,1,1,1,2,2,2,2,2,2,1,1,1,1,1,1
adapter256,5,Q9VPR7,1,1,1,1,1,1,0,0,0,0,0,0,0,0,0,0,0,0
adapter256,5,Q9VT52,0,0,1,1,1,1,3,3,2,2,2,2,3,3,2,2,2,2
adapter256,5,Q9WTL0,1,1,1,1,1,1,0,0,0,0,0,0,0,0,0,0,0,0
adapter256,5,Q9XSE2,1,1,1,1,1,1,0,0,0,0,0,0,0,0,0,0,0,0
adapter256,5,Q9XSW6,2,2,2,2,2,2,0,0,0,0,0,0,0,0,0,0,0,0
adapter256,5,Q9Y4W6,0,0,0,0,0,0,1,1,1,1,1,1,0,0,0,0,0,0
adapter256,5,Q9Z172,1,1,1,1,1,1,0,0,0,0,0,0,0,0,0,0,0,0
adapter256,5,Q9ZQG9,1,1,1,1,1,1,0,0,0,0,0,0,0,0,0,0,0,0
adapter256,5,Q9ZWA8,0,1,1,1,1,1,1,0,0,0,0,0,1,0,0,0,0,0
adapter256,5,W4VRV4,1,1,1,1,1,1,0,0,0,0,0,0,1,1,1,1,1,1
adapter256,5,W4VS49,1,1,1,1,1,1,0,0,0,0,0,0,1,1,1,1,1,1
adapter256,5,W4VSC0,1,1,1,1,1,1,0,0,0,0,0,0,1,1,1,1,1,1
adapter256,5,W4VSG7,2,2,2,2,2,2,1,1,1,1,1,1,1,1,1,1,1,1
adapter256,5,W4VSI9,1,1,1,1,1,1,0,0,0,0,0,0,1,1,1,1,1,1
esmc6b_3di_gated_boundary,2,A0A059UI30,0,0,0,0,0,0,1,1,1,1,1,1,0,0,0,0,0,0
esmc6b_3di_gated_boundary,2,A0A068B0Z6,0,0,0,0,0,0,1,1,1,1,1,1,1,1,1,1,1,1
esmc6b_3di_gated_boundary,2,A0A068B409,0,0,0,1,1,1,1,1,1,0,0,0,2,2,2,1,1,1
esmc6b_3di_gated_boundary,2,A0A068B6Q6,0,0,0,0,0,0,1,1,1,1,1,1,1,1,1,1,1,1
esmc6b_3di_gated_boundary,2,A0A077DF94,0,0,0,1,1,1,3,3,3,2,2,2,2,2,2,1,1,1
esmc6b_3di_gated_boundary,2,A0A0C4G4L1,2,2,2,2,2,2,0,0,0,0,0,0,0,0,0,0,0,0
esmc6b_3di_gated_boundary,2,A0A0D4WTV1,0,0,0,0,0,0,1,1,1,1,1,1,0,0,0,0,0,0
esmc6b_3di_gated_boundary,2,A0A0P0UTI6,9,9,9,9,9,9,0,0,0,0,0,0,0,0,0,0,0,0
esmc6b_3di_gated_boundary,2,A0A0P0UTQ7,2,2,2,2,3,3,1,1,1,1,0,0,1,1,1,1,0,0
esmc6b_3di_gated_boundary,2,A0A0R4IKU3,0,1,1,1,1,1,1,0,0,0,0,0,1,0,0,0,0,0
esmc6b_3di_gated_boundary,2,A0A125S9E1,0,0,0,0,0,0,2,2,2,2,2,2,0,0,0,0,0,0
esmc6b_3di_gated_boundary,2,A0A125S9G2,0,0,0,0,0,0,2,2,2,2,2,2,1,1,1,1,1,1
esmc6b_3di_gated_boundary,2,A0A139GI49,1,3,7,7,7,7,6,4,0,0,0,0,6,4,0,0,0,0
esmc6b_3di_gated_boundary,2,A0A144LVM3,1,1,1,1,1,1,0,0,0,0,0,0,0,0,0,0,0,0
esmc6b_3di_gated_boundary,2,A0A1D5PPP7,1,1,1,2,2,2,1,1,1,0,0,0,1,1,1,0,0,0
esmc6b_3di_gated_boundary,2,A0A1D5PUP4,0,0,0,0,0,0,1,1,1,1,1,1,1,1,1,1,1,1
esmc6b_3di_gated_boundary,2,A0A1S6EK91,1,1,1,1,1,1,1,1,1,1,1,1,0,0,0,0,0,0
esmc6b_3di_gated_boundary,2,A0A2I8B352,0,0,0,0,0,0,1,1,1,1,1,1,1,1,1,1,1,1
esmc6b_3di_gated_boundary,2,A0A318,0,0,0,0,0,0,1,1,1,1,1,1,0,0,0,0,0,0
esmc6b_3di_gated_boundary,2,A0A348G5V8,1,2,2,2,2,2,1,0,0,0,0,0,1,0,0,0,0,0
esmc6b_3di_gated_boundary,2,A0A348G5V9,2,2,2,2,2,2,0,0,0,0,0,0,0,0,0,0,0,0
esmc6b_3di_gated_boundary,2,A0A348G5W0,2,2,2,2,2,2,0,0,0,0,0,0,0,0,0,0,0,0
esmc6b_3di_gated_boundary,2,A0A348G5W2,2,2,2,2,2,2,0,0,0,0,0,0,0,0,0,0,0,0
esmc6b_3di_gated_boundary,2,A0A348G6I7,2,2,2,2,2,2,0,0,0,0,0,0,0,0,0,0,0,0
esmc6b_3di_gated_boundary,2,A0A348G6I9,2,2,2,2,2,2,0,0,0,0,0,0,0,0,0,0,0,0
esmc6b_3di_gated_boundary,2,A0A348G6J1,0,0,1,1,1,1,2,2,1,1,1,1,1,1,0,0,0,0
esmc6b_3di_gated_boundary,2,A0A3G3C7R5,1,1,2,2,2,2,1,1,0,0,0,0,1,1,0,0,0,0
esmc6b_3di_gated_boundary,2,A0A3G3C7S0,0,0,2,2,2,2,2,2,0,0,0,0,2,2,0,0,0,0
esmc6b_3di_gated_boundary,2,A0A3G3C7S2,1,1,1,2,2,2,1,1,1,0,0,0,1,1,1,0,0,0
esmc6b_3di_gated_boundary,2,A0A3G3C7S9,2,2,2,2,2,2,0,0,0,0,0,0,0,0,0,0,0,0
esmc6b_3di_gated_boundary,2,A0A3G3C7U4,2,2,2,2,2,2,0,0,0,0,0,0,0,0,0,0,0,0
esmc6b_3di_gated_boundary,2,A0A3G3C7V0,2,2,2,2,2,2,0,0,0,0,0,0,0,0,0,0,0,0
esmc6b_3di_gated_boundary,2,A0A3G6IHA6,1,1,1,1,1,1,0,0,0,0,0,0,0,0,0,0,0,0
esmc6b_3di_gated_boundary,2,A0A6G9KHD1,2,2,2,2,2,2,0,0,0,0,0,0,0,0,0,0,0,0
esmc6b_3di_gated_boundary,2,A0A6G9KHD6,2,2,2,2,2,2,0,0,0,0,0,0,0,0,0,0,0,0
esmc6b_3di_gated_boundary,2,A0A6G9KHE4,1,1,1,1,1,1,0,0,0,0,0,0,1,1,1,1,1,1
esmc6b_3di_gated_boundary,2,A0A6G9KIR5,0,0,0,0,0,0,2,2,2,2,2,2,1,1,1,1,1,1
esmc6b_3di_gated_boundary,2,A0A6G9KJK9,2,2,2,2,2,2,0,0,0,0,0,0,0,0,0,0,0,0
esmc6b_3di_gated_boundary,2,A0A6G9KJV6,2,2,2,2,2,2,0,0,0,0,0,0,0,0,0,0,0,0
esmc6b_3di_gated_boundary,2,A0A6M3Z4D9,1,1,1,1,1,1,1,1,1,1,1,1,1,1,1,1,1,1
esmc6b_3di_gated_boundary,2,A0A6M3Z4R1,2,2,2,2,2,2,0,0,0,0,0,0,0,0,0,0,0,0
esmc6b_3di_gated_boundary,2,A0A6M3Z4R4,1,1,1,2,2,2,1,1,1,0,0,0,1,1,1,0,0,0
esmc6b_3di_gated_boundary,2,A0A8U0LTF0,2,2,2,2,2,2,0,0,0,0,0,0,0,0,0,0,0,0
esmc6b_3di_gated_boundary,2,A0A8U0LTY4,2,2,2,2,2,2,0,0,0,0,0,0,0,0,0,0,0,0
esmc6b_3di_gated_boundary,2,A0A976XKR0,0,0,1,1,1,1,1,1,0,0,0,0,1,1,0,0,0,0
esmc6b_3di_gated_boundary,2,A0SE59,2,2,2,2,2,2,0,0,0,0,0,0,0,0,0,0,0,0
esmc6b_3di_gated_boundary,2,A0SE60,2,2,2,2,2,2,0,0,0,0,0,0,0,0,0,0,0,0
esmc6b_3di_gated_boundary,2,A0T099,1,1,1,1,1,1,0,0,0,0,0,0,0,0,0,0,0,0
esmc6b_3di_gated_boundary,2,A0T0S8,1,1,1,1,1,1,0,0,0,0,0,0,0,0,0,0,0,0
esmc6b_3di_gated_boundary,2,A0ZZ18,0,0,0,0,0,0,1,1,1,1,1,1,0,0,0,0,0,0
esmc6b_3di_gated_boundary,2,A1E9Q7,0,0,0,0,0,0,1,1,1,1,1,1,0,0,0,0,0,0
esmc6b_3di_gated_boundary,2,A1E9Z1,0,0,0,0,0,0,1,1,1,1,1,1,0,0,0,0,0,0
esmc6b_3di_gated_boundary,2,A1R6Q7,1,1,1,1,1,1,0,0,0,0,0,0,0,0,0,0,0,0
esmc6b_3di_gated_boundary,2,A1SK13,1,1,1,1,1,1,0,0,0,0,0,0,0,0,0,0,0,0
esmc6b_3di_gated_boundary,2,A1X8B8,2,2,2,2,2,2,0,0,0,0,0,0,0,0,0,0,0,0
esmc6b_3di_gated_boundary,2,A1X8B9,1,1,2,2,2,2,1,1,0,0,0,0,1,1,0,0,0,0
esmc6b_3di_gated_boundary,2,A1X8C2,1,2,2,2,2,2,1,0,0,0,0,0,1,0,0,0,0,0
esmc6b_3di_gated_boundary,2,A1X8C3,2,2,2,2,2,2,0,0,0,0,0,0,0,0,0,0,0,0
esmc6b_3di_gated_boundary,2,A1X8C6,0,1,1,1,1,1,1,0,0,0,0,0,3,2,2,2,2,2
esmc6b_3di_gated_boundary,2,A1X8D0,0,0,0,0,0,0,1,1,1,1,1,1,1,1,1,1,1,1
esmc6b_3di_gated_boundary,2,A1X8D8,0,0,1,1,1,1,1,1,0,0,0,0,2,2,1,1,1,1
esmc6b_3di_gated_boundary,2,A1X8D9,0,0,0,0,0,0,1,1,1,1,1,1,2,2,2,2,2,2
esmc6b_3di_gated_boundary,2,A2BP71,1,1,1,1,1,1,0,0,0,0,0,0,0,0,0,0,0,0
esmc6b_3di_gated_boundary,2,A2BUQ3,1,1,1,1,1,1,0,0,0,0,0,0,0,0,0,0,0,0
esmc6b_3di_gated_boundary,2,A2C0A5,1,1,1,1,1,1,0,0,0,0,0,0,0,0,0,0,0,0
esmc6b_3di_gated_boundary,2,A2CCL2,1,1,1,1,1,1,0,0,0,0,0,0,0,0,0,0,0,0
esmc6b_3di_gated_boundary,2,A3DT44,1,1,1,1,1,1,0,0,0,0,0,0,1,1,1,1,1,1
esmc6b_3di_gated_boundary,2,A3PAZ3,1,1,1,1,1,1,0,0,0,0,0,0,0,0,0,0,0,0
esmc6b_3di_gated_boundary,2,A4USB4,0,1,1,1,1,1,1,0,0,0,0,0,1,0,0,0,0,0
esmc6b_3di_gated_boundary,2,A4X3P0,1,1,1,1,1,1,0,0,0,0,0,0,0,0,0,0,0,0
esmc6b_3di_gated_boundary,2,A5GIE8,1,1,1,1,1,1,0,0,0,0,0,0,0,0,0,0,0,0
esmc6b_3di_gated_boundary,2,A5GWF4,1,1,1,1,1,1,0,0,0,0,0,0,0,0,0,0,0,0
esmc6b_3di_gated_boundary,2,A5LHX3,1,1,1,1,1,1,0,0,0,0,0,0,0,0,0,0,0,0
esmc6b_3di_gated_boundary,2,A6LHQ9,0,0,0,0,1,1,1,1,1,1,0,0,1,1,1,1,0,0
esmc6b_3di_gated_boundary,2,A6M934,2,2,2,2,2,2,0,0,0,0,0,0,0,0,0,0,0,0
esmc6b_3di_gated_boundary,2,A6M938,1,1,1,1,1,1,0,0,0,0,0,0,2,2,2,2,2,2
esmc6b_3di_gated_boundary,2,A6MFK7,0,1,2,2,2,2,2,1,0,0,0,0,2,1,0,0,0,0
esmc6b_3di_gated_boundary,2,A6MFK8,0,1,2,2,2,2,2,1,0,0,0,0,2,1,0,0,0,0
esmc6b_3di_gated_boundary,2,A6P331,0,0,0,0,0,0,1,1,1,1,1,1,2,2,2,2,2,2
esmc6b_3di_gated_boundary,2,A6YRN9,0,0,0,0,0,0,1,1,1,1,1,1,0,0,0,0,0,0
esmc6b_3di_gated_boundary,2,A6ZL22,1,1,1,1,1,1,0,0,0,0,0,0,0,0,0,0,0,0
esmc6b_3di_gated_boundary,2,A6ZY20,1,1,1,1,1,1,0,0,0,0,0,0,0,0,0,0,0,0
esmc6b_3di_gated_boundary,2,A7GT16,0,0,0,0,0,0,1,1,1,1,1,1,0,0,0,0,0,0
esmc6b_3di_gated_boundary,2,A7SRR3,0,0,1,1,1,1,1,1,0,0,0,0,2,2,1,1,1,1
esmc6b_3di_gated_boundary,2,A7Z6W8,0,0,0,0,0,0,1,1,1,1,1,1,0,0,0,0,0,0
esmc6b_3di_gated_boundary,2,A8FFD9,0,0,0,0,0,0,1,1,1,1,1,1,0,0,0,0,0,0
esmc6b_3di_gated_boundary,2,A8G2T2,1,1,1,1,1,1,0,0,0,0,0,0,0,0,0,0,0,0
esmc6b_3di_gated_boundary,2,A9VHU8,0,0,0,0,0,0,1,1,1,1,1,1,0,0,0,0,0,0
esmc6b_3di_gated_boundary,2,A9XDG0,1,1,1,1,1,1,0,0,0,0,0,0,0,0,0,0,0,0
esmc6b_3di_gated_boundary,2,A9XDG1,1,1,1,1,1,1,0,0,0,0,0,0,0,0,0,0,0,0
esmc6b_3di_gated_boundary,2,A9XDG2,1,1,1,1,1,1,0,0,0,0,0,0,0,0,0,0,0,0
esmc6b_3di_gated_boundary,2,A9XDG3,1,1,1,1,1,1,0,0,0,0,0,0,0,0,0,0,0,0
esmc6b_3di_gated_boundary,2,B0BK71,0,0,0,0,0,0,1,1,1,1,1,1,1,1,1,1,1,1
esmc6b_3di_gated_boundary,2,B0BK72,0,0,0,0,0,0,1,1,1,1,1,1,1,1,1,1,1,1
esmc6b_3di_gated_boundary,2,B0JSW8,1,1,1,1,1,1,0,0,0,0,0,0,0,0,0,0,0,0
esmc6b_3di_gated_boundary,2,B0XT09,0,0,0,1,1,1,1,1,1,0,0,0,1,1,1,0,0,0
esmc6b_3di_gated_boundary,2,B0XT72,0,1,1,1,1,1,1,0,0,0,0,0,2,1,1,1,1,1
esmc6b_3di_gated_boundary,2,B0XVI5,0,0,0,0,0,0,1,1,1,1,1,1,1,1,1,1,1,1
esmc6b_3di_gated_boundary,2,B0Y8H9,1,1,1,1,1,1,0,0,0,0,0,0,0,0,0,0,0,0
esmc6b_3di_gated_boundary,2,B1P1H5,2,2,2,2,2,2,0,0,0,0,0,0,0,0,0,0,0,0
esmc6b_3di_gated_boundary,2,B1WUL2,1,1,1,1,1,1,0,0,0,0,0,0,0,0,0,0,0,0
esmc6b_3di_gated_boundary,2,B1XMN4,1,1,1,1,1,1,0,0,0,0,0,0,0,0,0,0,0,0
esmc6b_3di_gated_boundary,2,B2CJ57,1,5,8,8,8,8,7,3,0,0,0,0,7,3,0,0,0,0
esmc6b_3di_gated_boundary,2,B2J4T9,1,1,1,1,1,1,0,0,0,0,0,0,0,0,0,0,0,0
esmc6b_3di_gated_boundary,2,B2KKV6,1,1,1,1,1,1,0,0,0,0,0,0,0,0,0,0,0,0
esmc6b_3di_gated_boundary,2,B2KKV7,1,1,1,1,1,1,0,0,0,0,0,0,0,0,0,0,0,0
esmc6b_3di_gated_boundary,2,B2KKV8,1,1,1,1,1,1,0,0,0,0,0,0,0,0,0,0,0,0
esmc6b_3di_gated_boundary,2,B2KKW0,1,1,1,1,1,1,0,0,0,0,0,0,0,0,0,0,0,0
esmc6b_3di_gated_boundary,2,B2RH54,1,1,1,1,1,1,0,0,0,0,0,0,0,0,0,0,0,0
esmc6b_3di_gated_boundary,2,B2RH58,1,1,1,1,1,1,0,0,0,0,0,0,0,0,0,0,0,0
esmc6b_3di_gated_boundary,2,B2Y1W5,1,1,1,1,1,1,0,0,0,0,0,0,0,0,0,0,0,0
esmc6b_3di_gated_boundary,2,B3EWS9,0,1,1,1,2,2,2,1,1,1,0,0,2,1,1,1,0,0
esmc6b_3di_gated_boundary,2,B3H5A9,5,5,5,5,5,5,0,0,0,0,0,0,0,0,0,0,0,0
esmc6b_3di_gated_boundary,2,B5G6G5,0,1,2,2,2,2,2,1,0,0,0,0,2,1,0,0,0,0
esmc6b_3di_gated_boundary,2,B5VE42,1,1,1,1,1,1,0,0,0,0,0,0,0,0,0,0,0,0
esmc6b_3di_gated_boundary,2,B6D434,0,0,1,1,1,1,1,1,0,0,0,0,1,1,0,0,0,0
esmc6b_3di_gated_boundary,2,B6DT16,3,3,3,3,3,3,2,2,2,2,2,2,1,1,1,1,1,1
esmc6b_3di_gated_boundary,2,B6K9M7,0,0,0,0,0,0,1,1,1,1,1,1,0,0,0,0,0,0
esmc6b_3di_gated_boundary,2,B6KAM0,0,0,0,0,0,0,1,1,1,1,1,1,1,1,1,1,1,1
esmc6b_3di_gated_boundary,2,B6S2X0,0,0,1,1,1,1,1,1,0,0,0,0,1,1,0,0,0,0
esmc6b_3di_gated_boundary,2,B6S2X2,0,0,0,0,0,0,1,1,1,1,1,1,1,1,1,1,1,1
esmc6b_3di_gated_boundary,2,B7HCU7,0,0,0,0,0,0,1,1,1,1,1,1,0,0,0,0,0,0
esmc6b_3di_gated_boundary,2,B7HPM0,0,0,0,0,0,0,1,1,1,1,1,1,0,0,0,0,0,0
esmc6b_3di_gated_boundary,2,B7IYH4,0,0,0,0,0,0,1,1,1,1,1,1,0,0,0,0,0,0
esmc6b_3di_gated_boundary,2,B7JNV3,0,0,0,0,0,0,1,1,1,1,1,1,0,0,0,0,0,0
esmc6b_3di_gated_boundary,2,B7JVQ3,1,1,1,1,1,1,0,0,0,0,0,0,0,0,0,0,0,0
esmc6b_3di_gated_boundary,2,B7K989,1,1,1,1,1,1,0,0,0,0,0,0,0,0,0,0,0,0
esmc6b_3di_gated_boundary,2,B8H8L6,1,1,1,1,1,1,0,0,0,0,0,0,0,0,0,0,0,0
esmc6b_3di_gated_boundary,2,B8HTR1,1,1,1,1,1,1,0,0,0,0,0,0,0,0,0,0,0,0
esmc6b_3di_gated_boundary,2,B8JLQ9,1,1,1,1,1,1,0,0,0,0,0,0,0,0,0,0,0,0
esmc6b_3di_gated_boundary,2,B8XH40,0,0,0,0,0,0,1,1,1,1,1,1,0,0,0,0,0,0
esmc6b_3di_gated_boundary,2,B8XH50,1,1,1,2,2,2,1,1,1,0,0,0,1,1,1,0,0,0
esmc6b_3di_gated_boundary,2,B9IY88,0,0,0,0,0,0,1,1,1,1,1,1,0,0,0,0,0,0
esmc6b_3di_gated_boundary,2,C0HJV6,0,1,1,1,1,1,1,0,0,0,0,0,1,0,0,0,0,0
esmc6b_3di_gated_boundary,2,C0HJV7,1,1,1,1,1,1,0,0,0,0,0,0,0,0,0,0,0,0
esmc6b_3di_gated_boundary,2,C0HJV8,1,1,1,1,1,1,0,0,0,0,0,0,0,0,0,0,0,0
esmc6b_3di_gated_boundary,2,C0HKF6,1,1,2,2,2,2,1,1,0,0,0,0,1,1,0,0,0,0
esmc6b_3di_gated_boundary,2,C0HKS1,1,1,1,1,1,1,1,1,1,1,1,1,1,1,1,1,1,1
esmc6b_3di_gated_boundary,2,C0HKT2,1,1,1,1,1,1,0,0,0,0,0,0,0,0,0,0,0,0
esmc6b_3di_gated_boundary,2,C0HKT3,2,2,2,2,2,2,1,1,1,1,1,1,0,0,0,0,0,0
esmc6b_3di_gated_boundary,2,C0HKY1,5,5,5,5,5,5,2,2,2,2,2,2,8,8,8,8,8,8
esmc6b_3di_gated_boundary,2,C0KYC3,1,1,1,2,2,2,1,1,1,0,0,0,1,1,1,0,0,0
esmc6b_3di_gated_boundary,2,C0KYC4,2,2,2,2,2,2,0,0,0,0,0,0,0,0,0,0,0,0
esmc6b_3di_gated_boundary,2,C0KYC5,1,1,1,2,2,2,1,1,1,0,0,0,1,1,1,0,0,0
esmc6b_3di_gated_boundary,2,C0KYC6,1,1,1,2,2,2,1,1,1,0,0,0,1,1,1,0,0,0
esmc6b_3di_gated_boundary,2,C0L2T8,0,0,0,0,0,0,2,2,2,2,2,2,0,0,0,0,0,0
esmc6b_3di_gated_boundary,2,C1ESL5,0,0,0,0,0,0,1,1,1,1,1,1,0,0,0,0,0,0
esmc6b_3di_gated_boundary,2,C3L5S4,0,0,0,0,0,0,1,1,1,1,1,1,0,0,0,0,0,0
esmc6b_3di_gated_boundary,2,C3P8M7,0,0,0,0,0,0,1,1,1,1,1,1,0,0,0,0,0,0
esmc6b_3di_gated_boundary,2,C5BVA2,1,1,1,1,1,1,0,0,0,0,0,0,0,0,0,0,0,0
esmc6b_3di_gated_boundary,2,C5D4U8,0,0,0,0,0,0,1,1,1,1,1,1,0,0,0,0,0,0
esmc6b_3di_gated_boundary,2,C5J886,1,1,2,2,2,2,1,1,0,0,0,0,1,1,0,0,0,0
esmc6b_3di_gated_boundary,2,C5J887,2,2,2,2,2,2,0,0,0,0,0,0,0,0,0,0,0,0
esmc6b_3di_gated_boundary,2,C6FX52,0,0,1,1,1,1,1,1,0,0,0,0,2,2,1,1,1,1
esmc6b_3di_gated_boundary,2,C6KSX0,1,1,1,1,1,1,0,0,0,0,0,0,0,0,0,0,0,0
esmc6b_3di_gated_boundary,2,C6ZJQ2,2,2,2,2,2,2,0,0,0,0,0,0,0,0,0,0,0,0
esmc6b_3di_gated_boundary,2,C7DQB9,0,0,1,1,1,1,2,2,1,1,1,1,1,1,0,0,0,0
esmc6b_3di_gated_boundary,2,C7DQC0,1,1,1,2,2,2,1,1,1,0,0,0,1,1,1,0,0,0
esmc6b_3di_gated_boundary,2,C7DQC1,0,0,0,0,0,0,2,2,2,2,2,2,0,0,0,0,0,0
esmc6b_3di_gated_boundary,2,C7DQC2,2,2,2,2,2,2,0,0,0,0,0,0,0,0,0,0,0,0
esmc6b_3di_gated_boundary,2,C7DQX6,1,1,1,2,2,2,1,1,1,0,0,0,1,1,1,0,0,0
esmc6b_3di_gated_boundary,2,C7DQX8,2,2,2,2,2,2,0,0,0,0,0,0,0,0,0,0,0,0
esmc6b_3di_gated_boundary,2,C7DQX9,0,1,1,2,2,2,2,1,1,0,0,0,2,1,1,0,0,0
esmc6b_3di_gated_boundary,2,C7DQY0,0,0,0,0,0,0,2,2,2,2,2,2,0,0,0,0,0,0
esmc6b_3di_gated_boundary,2,C7GQJ1,1,1,1,1,1,1,0,0,0,0,0,0,0,0,0,0,0,0
esmc6b_3di_gated_boundary,2,C7LYP7,0,0,0,0,0,0,1,1,1,1,1,1,1,1,1,1,1,1
esmc6b_3di_gated_boundary,2,C7R403,1,1,1,1,1,1,0,0,0,0,0,0,0,0,0,0,0,0
esmc6b_3di_gated_boundary,2,C9E1R9,0,0,0,0,0,0,1,1,1,1,1,1,0,0,0,0,0,0
esmc6b_3di_gated_boundary,2,C9E1S1,0,0,0,0,0,0,1,1,1,1,1,1,0,0,0,0,0,0
esmc6b_3di_gated_boundary,2,D1BHT9,0,0,0,0,0,0,1,1,1,1,1,1,0,0,0,0,0,0
esmc6b_3di_gated_boundary,2,D2DGD3,2,2,2,2,2,2,0,0,0,0,0,0,0,0,0,0,0,0
esmc6b_3di_gated_boundary,2,D2DGD8,0,0,0,0,0,0,2,2,2,2,2,2,2,2,2,2,2,2
esmc6b_3di_gated_boundary,2,D2DGD9,0,0,0,0,0,0,2,2,2,2,2,2,1,1,1,1,1,1
esmc6b_3di_gated_boundary,2,D2Y2C5,1,1,1,1,1,1,1,1,1,1,1,1,0,0,0,0,0,0
esmc6b_3di_gated_boundary,2,D2Y2C6,1,1,1,1,1,1,1,1,1,1,1,1,0,0,0,0,0,0
esmc6b_3di_gated_boundary,2,D2Y2C7,1,1,1,1,1,1,1,1,1,1,1,1,0,0,0,0,0,0
esmc6b_3di_gated_boundary,2,D2Y2C8,1,1,1,1,1,1,1,1,1,1,1,1,0,0,0,0,0,0
esmc6b_3di_gated_boundary,2,D2Y498,1,1,1,1,1,1,0,0,0,0,0,0,1,1,1,1,1,1
esmc6b_3di_gated_boundary,2,D2Y4A0,1,1,1,1,1,1,0,0,0,0,0,0,1,1,1,1,1,1
esmc6b_3di_gated_boundary,2,D2Y4A1,1,1,1,1,1,1,0,0,0,0,0,0,1,1,1,1,1,1
esmc6b_3di_gated_boundary,2,D2Y4A2,0,1,1,1,1,1,1,0,0,0,0,0,2,1,1,1,1,1
esmc6b_3di_gated_boundary,2,D3JWK3,0,0,0,0,0,0,1,1,1,1,1,1,0,0,0,0,0,0
esmc6b_3di_gated_boundary,2,D3JWK4,0,0,0,0,0,0,1,1,1,1,1,1,0,0,0,0,0,0
esmc6b_3di_gated_boundary,2,D3JWK5,0,0,0,0,0,0,1,1,1,1,1,1,0,0,0,0,0,0
esmc6b_3di_gated_boundary,2,D3JWK6,0,0,0,0,0,0,1,1,1,1,1,1,0,0,0,0,0,0
esmc6b_3di_gated_boundary,2,D4ATC3,0,1,1,1,1,1,1,0,0,0,0,0,1,0,0,0,0,0
esmc6b_3di_gated_boundary,2,D4HRK4,2,2,2,2,2,2,0,0,0,0,0,0,0,0,0,0,0,0
esmc6b_3di_gated_boundary,2,D4HRK7,0,0,0,0,0,0,1,1,1,1,1,1,3,3,3,3,3,3
esmc6b_3di_gated_boundary,2,D5KXG5,0,0,0,0,0,0,2,2,2,2,2,2,2,2,2,2,2,2
esmc6b_3di_gated_boundary,2,D5LGE0,0,0,0,0,0,0,5,5,5,5,5,5,0,0,0,0,0,0
esmc6b_3di_gated_boundary,2,D6C4H5,0,0,0,0,0,1,2,2,2,2,2,1,2,2,2,2,2,1
esmc6b_3di_gated_boundary,2,D6C4J4,0,0,0,0,0,0,2,2,2,2,2,2,1,1,1,1,1,1
esmc6b_3di_gated_boundary,2,D6C4J8,1,1,1,1,1,1,2,2,2,2,2,2,1,1,1,1,1,1
esmc6b_3di_gated_boundary,2,D6C4K5,1,1,1,1,1,1,1,1,1,1,1,1,0,0,0,0,0,0
esmc6b_3di_gated_boundary,2,D9IWN6,2,2,2,2,2,2,0,0,0,0,0,0,0,0,0,0,0,0
esmc6b_3di_gated_boundary,2,D9IWN7,2,2,2,2,2,2,0,0,0,0,0,0,0,0,0,0,0,0
esmc6b_3di_gated_boundary,2,D9U2A7,0,0,0,0,0,0,1,1,1,1,1,1,0,0,0,0,0,0
esmc6b_3di_gated_boundary,2,E1ZVK3,1,1,2,2,2,2,4,4,3,3,3,3,3,3,2,2,2,2
esmc6b_3di_gated_boundary,2,E2A6P1,0,0,0,0,0,0,1,1,1,1,1,1,3,3,3,3,3,3
esmc6b_3di_gated_boundary,2,E2AJ76,1,1,1,2,2,2,1,1,1,0,0,0,2,2,2,1,1,1
esmc6b_3di_gated_boundary,2,E2ARW3,1,1,1,1,1,1,0,0,0,0,0,0,1,1,1,1,1,1
esmc6b_3di_gated_boundary,2,E2AX35,0,0,0,0,0,0,1,1,1,1,1,1,1,1,1,1,1,1
esmc6b_3di_gated_boundary,2,E2AZE8,2,3,3,3,3,3,1,0,0,0,0,0,1,0,0,0,0,0
esmc6b_3di_gated_boundary,2,E2DIH5,1,1,1,2,2,2,1,1,1,0,0,0,1,1,1,0,0,0
esmc6b_3di_gated_boundary,2,E2DIH6,1,2,2,2,2,2,1,0,0,0,0,0,1,0,0,0,0,0
esmc6b_3di_gated_boundary,2,E4VP07,2,2,2,2,2,2,0,0,0,0,0,0,0,0,0,0,0,0
esmc6b_3di_gated_boundary,2,E5D3Z8,0,0,0,1,1,1,1,1,1,0,0,0,1,1,1,0,0,0
esmc6b_3di_gated_boundary,2,E9NW26,0,0,0,0,0,0,1,1,1,1,1,1,0,0,0,0,0,0
esmc6b_3di_gated_boundary,2,E9NW27,0,0,0,0,0,0,1,1,1,1,1,1,0,0,0,0,0,0
esmc6b_3di_gated_boundary,2,F1CJ89,1,1,1,1,1,1,0,0,0,0,0,0,1,1,1,1,1,1
esmc6b_3di_gated_boundary,2,F1DFM9,0,0,0,1,1,1,1,1,1,0,0,0,1,1,1,0,0,0
esmc6b_3di_gated_boundary,2,F1NV61,1,2,2,2,2,2,1,0,0,0,0,0,1,0,0,0,0,0
esmc6b_3di_gated_boundary,2,F4I082,1,1,1,1,1,1,0,0,0,0,0,0,0,0,0,0,0,0
esmc6b_3di_gated_boundary,2,F4JIG1,0,1,1,1,1,1,1,0,0,0,0,0,1,0,0,0,0,0
esmc6b_3di_gated_boundary,2,F8S122,0,0,0,0,0,0,1,1,1,1,1,1,0,0,0,0,0,0
esmc6b_3di_gated_boundary,2,G0R947,1,1,1,1,1,1,0,0,0,0,0,0,0,0,0,0,0,0
esmc6b_3di_gated_boundary,2,G0RUP7,1,1,1,1,1,1,0,0,0,0,0,0,0,0,0,0,0,0
esmc6b_3di_gated_boundary,2,H2CYR5,2,2,2,2,2,2,0,0,0,0,0,0,0,0,0,0,0,0
esmc6b_3di_gated_boundary,2,H7C8I3,2,2,2,2,2,2,0,0,0,0,0,0,0,0,0,0,0,0
esmc6b_3di_gated_boundary,2,I0DEB3,2,2,2,2,2,2,0,0,0,0,0,0,0,0,0,0,0,0
esmc6b_3di_gated_boundary,2,I0DEB4,2,2,2,2,2,2,0,0,0,0,0,0,0,0,0,0,0,0
esmc6b_3di_gated_boundary,2,I0DEB5,2,2,2,2,2,2,0,0,0,0,0,0,0,0,0,0,0,0
esmc6b_3di_gated_boundary,2,I0DEB6,2,2,2,2,2,2,0,0,0,0,0,0,0,0,0,0,0,0
esmc6b_3di_gated_boundary,2,I2DBY1,0,0,0,0,0,0,1,1,1,1,1,1,1,1,1,1,1,1
esmc6b_3di_gated_boundary,2,I2DBY2,0,0,0,0,0,0,1,1,1,1,1,1,1,1,1,1,1,1
esmc6b_3di_gated_boundary,2,I2DBY3,0,0,0,0,0,0,1,1,1,1,1,1,0,0,0,0,0,0
esmc6b_3di_gated_boundary,2,I6R1R5,0,0,0,0,0,0,1,1,1,1,1,1,1,1,1,1,1,1
esmc6b_3di_gated_boundary,2,K1XVG1,0,1,1,1,1,1,1,0,0,0,0,0,1,0,0,0,0,0
esmc6b_3di_gated_boundary,2,K8DWB5,1,1,1,1,1,1,0,0,0,0,0,0,2,2,2,2,2,2
esmc6b_3di_gated_boundary,2,K9USW8,0,0,0,0,0,0,1,1,1,1,1,1,0,0,0,0,0,0
esmc6b_3di_gated_boundary,2,L0GAZ8,2,2,2,2,2,2,0,0,0,0,0,0,0,0,0,0,0,0
esmc6b_3di_gated_boundary,2,L0GCV8,1,1,1,2,2,2,1,1,1,0,0,0,1,1,1,0,0,0
esmc6b_3di_gated_boundary,2,O01382,1,1,1,1,1,2,1,1,1,1,1,0,1,1,1,1,1,0
esmc6b_3di_gated_boundary,2,O02002,0,1,1,1,1,1,2,1,1,1,1,1,3,2,2,2,2,2
esmc6b_3di_gated_boundary,2,O08524,0,0,0,0,0,0,1,1,1,1,1,1,0,0,0,0,0,0
esmc6b_3di_gated_boundary,2,O08738,1,1,1,2,2,2,1,1,1,0,0,0,1,1,1,0,0,0
esmc6b_3di_gated_boundary,2,O13318,1,1,1,1,1,1,0,0,0,0,0,0,0,0,0,0,0,0
esmc6b_3di_gated_boundary,2,O13547,1,1,1,1,1,1,0,0,0,0,0,0,0,0,0,0,0,0
esmc6b_3di_gated_boundary,2,O13692,1,1,1,1,1,1,0,0,0,0,0,0,0,0,0,0,0,0
esmc6b_3di_gated_boundary,2,O15130,1,1,2,2,2,2,3,3,2,2,2,2,2,2,1,1,1,1
esmc6b_3di_gated_boundary,2,O18494,0,1,1,1,1,1,2,1,1,1,1,1,1,0,0,0,0,0
esmc6b_3di_gated_boundary,2,O18495,0,0,0,0,1,1,2,2,2,2,1,1,1,1,1,1,0,0
esmc6b_3di_gated_boundary,2,O18496,0,0,0,0,1,1,2,2,2,2,1,1,1,1,1,1,0,0
esmc6b_3di_gated_boundary,2,O24565,1,1,1,1,1,1,0,0,0,0,0,0,1,1,1,1,1,1
esmc6b_3di_gated_boundary,2,O24567,1,1,1,1,1,1,0,0,0,0,0,0,0,0,0,0,0,0
esmc6b_3di_gated_boundary,2,O24572,1,1,1,1,1,1,0,0,0,0,0,0,0,0,0,0,0,0
esmc6b_3di_gated_boundary,2,O24602,1,1,1,1,1,1,0,0,0,0,0,0,1,1,1,1,1,1
esmc6b_3di_gated_boundary,2,O24618,1,1,1,1,1,1,0,0,0,0,0,0,1,1,1,1,1,1
esmc6b_3di_gated_boundary,2,O31840,1,2,2,2,2,2,1,0,0,0,0,0,1,0,0,0,0,0
esmc6b_3di_gated_boundary,2,O32025,0,0,0,0,0,0,3,3,3,3,3,3,2,2,2,2,2,2
esmc6b_3di_gated_boundary,2,O32295,2,2,2,2,2,2,0,0,0,0,0,0,0,0,0,0,0,0
esmc6b_3di_gated_boundary,2,O32389,1,1,1,1,1,1,0,0,0,0,0,0,0,0,0,0,0,0
esmc6b_3di_gated_boundary,2,O35314,0,0,0,0,0,0,1,1,1,1,1,1,3,3,3,3,3,3
esmc6b_3di_gated_boundary,2,O35397,1,1,1,2,2,2,1,1,1,0,0,0,1,1,1,0,0,0
esmc6b_3di_gated_boundary,2,O44185,9,9,9,9,9,9,1,1,1,1,1,1,1,1,1,1,1,1
esmc6b_3di_gated_boundary,2,O44516,0,1,1,1,1,1,1,0,0,0,0,0,1,0,0,0,0,0
esmc6b_3di_gated_boundary,2,O48915,0,1,1,1,1,1,1,0,0,0,0,0,1,0,0,0,0,0
esmc6b_3di_gated_boundary,2,O49644,1,1,1,1,1,1,0,0,0,0,0,0,0,0,0,0,0,0
esmc6b_3di_gated_boundary,2,O49645,0,0,1,1,1,1,1,1,0,0,0,0,1,1,0,0,0,0
esmc6b_3di_gated_boundary,2,O57413,0,0,0,0,0,0,1,1,1,1,1,1,0,0,0,0,0,0
esmc6b_3di_gated_boundary,2,O60087,0,0,0,1,1,1,1,1,1,0,0,0,1,1,1,0,0,0
esmc6b_3di_gated_boundary,2,O64864,1,1,1,1,1,1,0,0,0,0,0,0,0,0,0,0,0,0
esmc6b_3di_gated_boundary,2,O64865,1,1,1,1,1,1,0,0,0,0,0,0,0,0,0,0,0,0
esmc6b_3di_gated_boundary,2,O73795,0,0,0,0,0,0,1,1,1,1,1,1,0,0,0,0,0,0
esmc6b_3di_gated_boundary,2,O75003,0,0,0,0,0,0,1,1,1,1,1,1,0,0,0,0,0,0
esmc6b_3di_gated_boundary,2,O77256,1,2,2,2,2,2,1,0,0,0,0,0,1,0,0,0,0,0
esmc6b_3di_gated_boundary,2,O78504,1,1,1,1,1,1,0,0,0,0,0,0,0,0,0,0,0,0
esmc6b_3di_gated_boundary,2,O82081,0,0,1,1,1,1,1,1,0,0,0,0,1,1,0,0,0,0
esmc6b_3di_gated_boundary,2,O82549,0,0,0,0,0,0,1,1,1,1,1,1,0,0,0,0,0,0
esmc6b_3di_gated_boundary,2,O88947,0,0,0,1,1,1,2,2,2,1,1,1,2,2,2,1,1,1
esmc6b_3di_gated_boundary,2,O89094,0,0,0,0,0,0,1,1,1,1,1,1,1,1,1,1,1,1
esmc6b_3di_gated_boundary,2,O95831,0,0,0,0,0,0,1,1,1,1,1,1,0,0,0,0,0,0
esmc6b_3di_gated_boundary,2,O95980,1,1,1,1,1,1,0,0,0,0,0,0,0,0,0,0,0,0
esmc6b_3di_gated_boundary,2,O96447,0,0,0,0,0,0,1,1,1,1,1,1,1,1,1,1,1,1
esmc6b_3di_gated_boundary,2,O96812,1,1,1,1,1,1,0,0,0,0,0,0,0,0,0,0,0,0
esmc6b_3di_gated_boundary,2,P00740,1,1,1,1,1,1,1,1,1,1,1,1,0,0,0,0,0,0
esmc6b_3di_gated_boundary,2,P00741,1,1,1,1,1,1,1,1,1,1,1,1,1,1,1,1,1,1
esmc6b_3di_gated_boundary,2,P00742,0,0,0,0,0,0,1,1,1,1,1,1,2,2,2,2,2,2
esmc6b_3di_gated_boundary,2,P00745,0,0,0,1,1,1,2,2,2,1,1,1,2,2,2,1,1,1
esmc6b_3di_gated_boundary,2,P00750,1,1,1,1,1,1,0,0,0,0,0,0,0,0,0,0,0,0
esmc6b_3di_gated_boundary,2,P01068,0,0,0,0,0,0,12,12,12,12,12,12,3,3,3,3,3,3
esmc6b_3di_gated_boundary,2,P01156,1,2,2,2,2,2,2,1,1,1,1,1,2,1,1,1,1,1
esmc6b_3di_gated_boundary,2,P01252,0,0,0,0,0,0,1,1,1,1,1,1,0,0,0,0,0,0
esmc6b_3di_gated_boundary,2,P01344,0,0,0,0,0,0,1,1,1,1,1,1,2,2,2,2,2,2
esmc6b_3di_gated_boundary,2,P01346,0,0,0,0,0,0,1,1,1,1,1,1,2,2,2,2,2,2
esmc6b_3di_gated_boundary,2,P01357,1,4,4,5,5,5,5,2,2,1,1,1,14,11,11,10,10,10
esmc6b_3di_gated_boundary,2,P01358,0,1,1,1,1,1,1,0,0,0,0,0,1,0,0,0,0,0
esmc6b_3di_gated_boundary,2,P01501,2,2,2,2,2,2,0,0,0,0,0,0,0,0,0,0,0,0
esmc6b_3di_gated_boundary,2,P01579,0,0,0,0,0,0,1,1,1,1,1,1,1,1,1,1,1,1
esmc6b_3di_gated_boundary,2,P02545,0,0,0,0,0,0,1,1,1,1,1,1,1,1,1,1,1,1
esmc6b_3di_gated_boundary,2,P02681,0,0,0,0,0,0,1,1,1,1,1,1,0,0,0,0,0,0
esmc6b_3di_gated_boundary,2,P02876,1,1,1,1,1,1,0,0,0,0,0,0,0,0,0,0,0,0
esmc6b_3di_gated_boundary,2,P03997,0,0,0,0,0,0,1,1,1,1,1,1,0,0,0,0,0,0
esmc6b_3di_gated_boundary,2,P03998,0,0,0,0,0,0,1,1,1,1,1,1,0,0,0,0,0,0
esmc6b_3di_gated_boundary,2,P04002,0,0,0,0,0,0,1,1,1,1,1,1,2,2,2,2,2,2
esmc6b_3di_gated_boundary,2,P04070,1,1,1,1,1,1,1,1,1,1,1,1,1,1,1,1,1,1
esmc6b_3di_gated_boundary,2,P04124,1,1,1,1,1,1,0,0,0,0,0,0,0,0,0,0,0,0
esmc6b_3di_gated_boundary,2,P05017,0,1,1,1,1,1,1,0,0,0,0,0,3,2,2,2,2,2
esmc6b_3di_gated_boundary,2,P05019,0,0,0,0,0,0,1,1,1,1,1,1,0,0,0,0,0,0
esmc6b_3di_gated_boundary,2,P05060,0,0,0,0,0,0,1,1,1,1,1,1,4,4,4,4,4,4
esmc6b_3di_gated_boundary,2,P05118,0,0,0,0,0,1,1,1,1,1,1,0,1,1,1,1,1,0
esmc6b_3di_gated_boundary,2,P05222,1,1,1,1,2,2,1,1,1,1,0,0,8,8,8,8,7,7
esmc6b_3di_gated_boundary,2,P05224,1,3,3,4,4,4,4,2,2,1,1,1,10,8,8,7,7,7
esmc6b_3di_gated_boundary,2,P05225,0,3,3,3,3,3,5,2,2,2,2,2,13,10,10,10,10,10
esmc6b_3di_gated_boundary,2,P05226,1,3,3,4,4,4,5,3,3,2,2,2,13,11,11,10,10,10
esmc6b_3di_gated_boundary,2,P06302,0,0,0,0,0,0,1,1,1,1,1,1,0,0,0,0,0,0
esmc6b_3di_gated_boundary,2,P06454,0,0,0,0,0,0,1,1,1,1,1,1,0,0,0,0,0,0
esmc6b_3di_gated_boundary,2,P06731,0,0,0,0,0,0,1,1,1,1,1,1,0,0,0,0,0,0
esmc6b_3di_gated_boundary,2,P07095,0,0,0,0,0,0,1,1,1,1,1,1,0,0,0,0,0,0
esmc6b_3di_gated_boundary,2,P07455,0,1,1,1,1,1,1,0,0,0,0,0,2,1,1,1,1,1
esmc6b_3di_gated_boundary,2,P07456,0,0,0,0,0,0,1,1,1,1,1,1,2,2,2,2,2,2
esmc6b_3di_gated_boundary,2,P07835,0,0,0,0,1,1,1,1,1,1,0,0,2,2,2,2,1,1
esmc6b_3di_gated_boundary,2,P07907,0,0,0,0,0,0,4,4,4,4,4,4,1,1,1,1,1,1
esmc6b_3di_gated_boundary,2,P08025,0,1,1,1,1,1,1,0,0,0,0,0,3,2,2,2,2,2
esmc6b_3di_gated_boundary,2,P08454,0,0,0,1,1,1,1,1,1,0,0,0,1,1,1,0,0,0
esmc6b_3di_gated_boundary,2,P08459,1,1,1,1,1,1,0,0,0,0,0,0,0,0,0,0,0,0
esmc6b_3di_gated_boundary,2,P08709,1,1,1,1,1,1,0,0,0,0,0,0,0,0,0,0,0,0
esmc6b_3di_gated_boundary,2,P09031,0,0,0,0,0,0,1,1,1,1,1,1,2,2,2,2,2,2
esmc6b_3di_gated_boundary,2,P09166,0,0,0,0,0,0,1,1,1,1,1,1,0,0,0,0,0,0
esmc6b_3di_gated_boundary,2,P09167,0,0,0,0,0,0,1,1,1,1,1,1,1,1,1,1,1,1
esmc6b_3di_gated_boundary,2,P09535,0,0,0,0,0,0,1,1,1,1,1,1,2,2,2,2,2,2
esmc6b_3di_gated_boundary,2,P09598,1,1,1,1,1,1,0,0,0,0,0,0,0,0,0,0,0,0
esmc6b_3di_gated_boundary,2,P09989,0,0,0,0,0,0,1,1,1,1,1,1,0,0,0,0,0,0
esmc6b_3di_gated_boundary,2,P0C0P5,0,0,0,0,0,0,2,2,2,2,2,2,3,3,3,3,3,3
esmc6b_3di_gated_boundary,2,P0C0P6,0,0,0,0,0,0,2,2,2,2,2,2,3,3,3,3,3,3
esmc6b_3di_gated_boundary,2,P0C0P7,0,0,0,0,0,0,2,2,2,2,2,2,2,2,2,2,2,2
esmc6b_3di_gated_boundary,2,P0C0P8,0,0,1,1,1,1,2,2,1,1,1,1,2,2,1,1,1,1
esmc6b_3di_gated_boundary,2,P0C1V9,2,2,2,2,2,2,0,0,0,0,0,0,0,0,0,0,0,0
esmc6b_3di_gated_boundary,2,P0C1W0,1,1,1,1,2,2,1,1,1,1,0,0,1,1,1,1,0,0
esmc6b_3di_gated_boundary,2,P0C1X1,0,1,1,1,1,1,3,2,2,2,2,2,3,2,2,2,2,2
esmc6b_3di_gated_boundary,2,P0C1Y2,1,1,1,2,2,2,1,1,1,0,0,0,1,1,1,0,0,0
esmc6b_3di_gated_boundary,2,P0C252,1,1,1,1,1,1,0,0,0,0,0,0,1,1,1,1,1,1
esmc6b_3di_gated_boundary,2,P0C254,0,0,0,1,1,1,1,1,1,0,0,0,2,2,2,1,1,1
esmc6b_3di_gated_boundary,2,P0C255,0,0,0,0,1,1,1,1,1,1,0,0,2,2,2,2,1,1
esmc6b_3di_gated_boundary,2,P0C2B0,2,2,2,2,2,2,0,0,0,0,0,0,0,0,0,0,0,0
esmc6b_3di_gated_boundary,2,P0C2B1,1,1,1,2,2,2,1,1,1,0,0,0,1,1,1,0,0,0
esmc6b_3di_gated_boundary,2,P0C2F3,0,0,0,0,0,0,1,1,1,1,1,1,1,1,1,1,1,1
esmc6b_3di_gated_boundary,2,P0C2S9,0,1,1,1,1,1,1,0,0,0,0,0,2,1,1,1,1,1
esmc6b_3di_gated_boundary,2,P0C408,0,0,0,0,0,0,1,1,1,1,1,1,0,0,0,0,0,0
esmc6b_3di_gated_boundary,2,P0C409,0,0,0,0,0,0,1,1,1,1,1,1,0,0,0,0,0,0
esmc6b_3di_gated_boundary,2,P0C410,0,0,0,0,0,0,1,1,1,1,1,1,0,0,0,0,0,0
esmc6b_3di_gated_boundary,2,P0C636,2,2,2,2,2,2,0,0,0,0,0,0,0,0,0,0,0,0
esmc6b_3di_gated_boundary,2,P0C637,2,2,2,2,2,2,0,0,0,0,0,0,0,0,0,0,0,0
esmc6b_3di_gated_boundary,2,P0C638,2,2,2,2,2,2,0,0,0,0,0,0,0,0,0,0,0,0
esmc6b_3di_gated_boundary,2,P0C639,1,1,1,2,2,2,1,1,1,0,0,0,1,1,1,0,0,0
esmc6b_3di_gated_boundary,2,P0C640,1,1,1,2,2,2,1,1,1,0,0,0,1,1,1,0,0,0
esmc6b_3di_gated_boundary,2,P0C666,0,0,0,0,0,0,2,2,2,2,2,2,2,2,2,2,2,2
esmc6b_3di_gated_boundary,2,P0C667,1,1,2,2,2,2,1,1,0,0,0,0,1,1,0,0,0,0
esmc6b_3di_gated_boundary,2,P0C668,1,1,1,2,2,2,1,1,1,0,0,0,1,1,1,0,0,0
esmc6b_3di_gated_boundary,2,P0C670,0,0,1,2,2,2,2,2,1,0,0,0,2,2,1,0,0,0
esmc6b_3di_gated_boundary,2,P0C6E4,0,0,0,0,0,0,1,1,1,1,1,1,0,0,0,0,0,0
esmc6b_3di_gated_boundary,2,P0C6E8,0,0,0,0,0,0,1,1,1,1,1,1,0,0,0,0,0,0
esmc6b_3di_gated_boundary,2,P0C7S9,0,1,1,1,1,1,1,0,0,0,0,0,2,1,1,1,1,1
esmc6b_3di_gated_boundary,2,P0C828,1,2,2,2,2,2,1,0,0,0,0,0,1,0,0,0,0,0
esmc6b_3di_gated_boundary,2,P0C829,0,0,0,1,1,1,3,3,3,2,2,2,1,1,1,0,0,0
esmc6b_3di_gated_boundary,2,P0C8P8,0,0,1,1,1,1,1,1,0,0,0,0,2,2,1,1,1,1
esmc6b_3di_gated_boundary,2,P0C8P9,1,2,2,2,2,2,1,0,0,0,0,0,1,0,0,0,0,0
esmc6b_3di_gated_boundary,2,P0C8R2,0,1,1,1,1,1,1,0,0,0,0,0,2,1,1,1,1,1
esmc6b_3di_gated_boundary,2,P0C8U4,2,2,2,2,2,2,0,0,0,0,0,0,0,0,0,0,0,0
esmc6b_3di_gated_boundary,2,P0C8U6,1,2,2,2,2,2,1,0,0,0,0,0,1,0,0,0,0,0
esmc6b_3di_gated_boundary,2,P0C8U7,1,2,2,2,2,2,1,0,0,0,0,0,1,0,0,0,0,0
esmc6b_3di_gated_boundary,2,P0C8U8,0,0,0,0,0,0,2,2,2,2,2,2,1,1,1,1,1,1
esmc6b_3di_gated_boundary,2,P0C8U9,0,0,0,1,2,2,2,2,2,1,0,0,2,2,2,1,0,0
esmc6b_3di_gated_boundary,2,P0C8V0,2,2,2,2,2,2,0,0,0,0,0,0,0,0,0,0,0,0
esmc6b_3di_gated_boundary,2,P0C8W1,2,2,2,2,2,2,0,0,0,0,0,0,0,0,0,0,0,0
esmc6b_3di_gated_boundary,2,P0C8W2,2,2,2,2,2,2,0,0,0,0,0,0,0,0,0,0,0,0
esmc6b_3di_gated_boundary,2,P0C901,0,0,0,0,0,0,2,2,2,2,2,2,1,1,1,1,1,1
esmc6b_3di_gated_boundary,2,P0C940,1,1,1,1,1,1,0,0,0,0,0,0,0,0,0,0,0,0
esmc6b_3di_gated_boundary,2,P0C954,1,1,1,1,1,1,0,0,0,0,0,0,0,0,0,0,0,0
esmc6b_3di_gated_boundary,2,P0C955,0,0,0,1,1,1,1,1,1,0,0,0,1,1,1,0,0,0
esmc6b_3di_gated_boundary,2,P0C956,0,0,0,0,0,0,1,1,1,1,1,1,1,1,1,1,1,1
esmc6b_3di_gated_boundary,2,P0CAQ2,1,1,1,1,1,1,1,1,1,1,1,1,1,1,1,1,1,1
esmc6b_3di_gated_boundary,2,P0CAQ3,1,1,1,1,1,1,1,1,1,1,1,1,1,1,1,1,1,1
esmc6b_3di_gated_boundary,2,P0CAQ5,2,2,2,2,2,2,0,0,0,0,0,0,0,0,0,0,0,0
esmc6b_3di_gated_boundary,2,P0CAQ6,2,2,2,2,2,2,0,0,0,0,0,0,0,0,0,0,0,0
esmc6b_3di_gated_boundary,2,P0CAQ7,0,1,1,1,1,1,1,0,0,0,0,0,3,2,2,2,2,2
esmc6b_3di_gated_boundary,2,P0CAQ8,0,0,1,1,1,1,1,1,0,0,0,0,2,2,1,1,1,1
esmc6b_3di_gated_boundary,2,P0CAQ9,0,0,1,1,1,1,1,1,0,0,0,0,2,2,1,1,1,1
esmc6b_3di_gated_boundary,2,P0CAZ2,1,1,1,1,1,1,0,0,0,0,0,0,0,0,0,0,0,0
esmc6b_3di_gated_boundary,2,P0CAZ3,1,1,1,1,1,1,0,0,0,0,0,0,0,0,0,0,0,0
esmc6b_3di_gated_boundary,2,P0CAZ4,1,1,1,1,1,1,0,0,0,0,0,0,0,0,0,0,0,0
esmc6b_3di_gated_boundary,2,P0CAZ5,1,1,1,1,1,1,0,0,0,0,0,0,0,0,0,0,0,0
esmc6b_3di_gated_boundary,2,P0CAZ6,1,1,1,1,1,1,0,0,0,0,0,0,0,0,0,0,0,0
esmc6b_3di_gated_boundary,2,P0CAZ7,1,1,1,1,1,1,0,0,0,0,0,0,0,0,0,0,0,0
esmc6b_3di_gated_boundary,2,P0CAZ8,0,0,0,0,0,0,1,1,1,1,1,1,1,1,1,1,1,1
esmc6b_3di_gated_boundary,2,P0CAZ9,1,1,1,1,1,1,0,0,0,0,0,0,1,1,1,1,1,1
esmc6b_3di_gated_boundary,2,P0CB07,1,1,2,2,2,2,1,1,0,0,0,0,1,1,0,0,0,0
esmc6b_3di_gated_boundary,2,P0CB08,0,2,2,2,2,2,2,0,0,0,0,0,2,0,0,0,0,0
esmc6b_3di_gated_boundary,2,P0CB12,1,1,2,2,2,2,1,1,0,0,0,0,1,1,0,0,0,0
esmc6b_3di_gated_boundary,2,P0CB14,0,0,0,0,0,0,1,1,1,1,1,1,1,1,1,1,1,1
esmc6b_3di_gated_boundary,2,P0CE73,2,2,2,2,2,2,0,0,0,0,0,0,0,0,0,0,0,0
esmc6b_3di_gated_boundary,2,P0CE75,1,1,1,1,1,2,2,2,2,2,2,1,1,1,1,1,1,0
esmc6b_3di_gated_boundary,2,P0CE76,1,1,1,1,1,2,2,2,2,2,2,1,1,1,1,1,1,0
esmc6b_3di_gated_boundary,2,P0CE79,1,1,1,1,1,1,0,0,0,0,0,0,0,0,0,0,0,0
esmc6b_3di_gated_boundary,2,P0CE80,1,1,1,1,1,1,0,0,0,0,0,0,0,0,0,0,0,0
esmc6b_3di_gated_boundary,2,P0CE81,1,1,1,1,1,1,0,0,0,0,0,0,0,0,0,0,0,0
esmc6b_3di_gated_boundary,2,P0CE82,1,1,1,1,1,1,0,0,0,0,0,0,0,0,0,0,0,0
esmc6b_3di_gated_boundary,2,P0CE83,1,1,1,1,1,1,0,0,0,0,0,0,0,0,0,0,0,0
esmc6b_3di_gated_boundary,2,P0CH50,0,1,1,1,1,1,1,0,0,0,0,0,1,0,0,0,0,0
esmc6b_3di_gated_boundary,2,P0CI13,0,0,1,1,1,1,1,1,0,0,0,0,2,2,1,1,1,1
esmc6b_3di_gated_boundary,2,P0CI49,0,0,0,0,0,0,1,1,1,1,1,1,0,0,0,0,0,0
esmc6b_3di_gated_boundary,2,P0CY75,2,2,2,2,2,2,0,0,0,0,0,0,0,0,0,0,0,0
esmc6b_3di_gated_boundary,2,P0CY76,0,0,0,0,0,0,1,1,1,1,1,1,1,1,1,1,1,1
esmc6b_3di_gated_boundary,2,P0CY77,1,1,1,1,1,1,0,0,0,0,0,0,1,1,1,1,1,1
esmc6b_3di_gated_boundary,2,P0CY78,0,0,0,0,0,0,2,2,2,2,2,2,2,2,2,2,2,2
esmc6b_3di_gated_boundary,2,P0CY80,1,1,1,1,1,1,1,1,1,1,1,1,0,0,0,0,0,0
esmc6b_3di_gated_boundary,2,P0CY81,2,2,2,2,2,2,0,0,0,0,0,0,0,0,0,0,0,0
esmc6b_3di_gated_boundary,2,P0CY82,0,0,0,0,0,0,2,2,2,2,2,2,2,2,2,2,2,2
esmc6b_3di_gated_boundary,2,P0CY86,2,2,2,2,2,2,0,0,0,0,0,0,0,0,0,0,0,0
esmc6b_3di_gated_boundary,2,P0DJ02,2,2,2,2,2,2,0,0,0,0,0,0,0,0,0,0,0,0
esmc6b_3di_gated_boundary,2,P0DJ03,2,2,2,2,2,2,0,0,0,0,0,0,0,0,0,0,0,0
esmc6b_3di_gated_boundary,2,P0DJO3,2,2,2,2,2,2,0,0,0,0,0,0,0,0,0,0,0,0
esmc6b_3di_gated_boundary,2,P0DJO4,2,2,2,2,2,2,0,0,0,0,0,0,0,0,0,0,0,0
esmc6b_3di_gated_boundary,2,P0DKM1,1,1,1,1,1,1,0,0,0,0,0,0,1,1,1,1,1,1
esmc6b_3di_gated_boundary,2,P0DKN0,0,0,0,1,1,1,1,1,1,0,0,0,1,1,1,0,0,0
esmc6b_3di_gated_boundary,2,P0DKP4,1,1,1,1,1,1,3,3,3,3,3,3,3,3,3,3,3,3
esmc6b_3di_gated_boundary,2,P0DKP6,0,0,1,2,2,2,2,2,1,0,0,0,2,2,1,0,0,0
esmc6b_3di_gated_boundary,2,P0DKP8,0,0,1,2,2,2,2,2,1,0,0,0,2,2,1,0,0,0
esmc6b_3di_gated_boundary,2,P0DM21,2,2,2,2,2,2,0,0,0,0,0,0,0,0,0,0,0,0
esmc6b_3di_gated_boundary,2,P0DM23,2,2,2,2,2,2,0,0,0,0,0,0,0,0,0,0,0,0
esmc6b_3di_gated_boundary,2,P0DM26,0,0,0,0,0,0,3,3,3,3,3,3,3,3,3,3,3,3
esmc6b_3di_gated_boundary,2,P0DME6,2,2,2,2,2,2,0,0,0,0,0,0,0,0,0,0,0,0
esmc6b_3di_gated_boundary,2,P0DME7,2,2,2,2,2,2,0,0,0,0,0,0,0,0,0,0,0,0
esmc6b_3di_gated_boundary,2,P0DME8,2,2,2,2,2,2,0,0,0,0,0,0,0,0,0,0,0,0
esmc6b_3di_gated_boundary,2,P0DME9,2,2,2,2,2,2,0,0,0,0,0,0,0,0,0,0,0,0
esmc6b_3di_gated_boundary,2,P0DMF1,1,1,1,1,1,1,0,0,0,0,0,0,3,3,3,3,3,3
esmc6b_3di_gated_boundary,2,P0DMF4,2,2,2,2,2,2,0,0,0,0,0,0,0,0,0,0,0,0
esmc6b_3di_gated_boundary,2,P0DMF5,1,2,2,2,2,2,1,0,0,0,0,0,1,0,0,0,0,0
esmc6b_3di_gated_boundary,2,P0DMF6,2,2,2,2,2,2,0,0,0,0,0,0,0,0,0,0,0,0
esmc6b_3di_gated_boundary,2,P0DMF7,0,1,1,2,2,2,2,1,1,0,0,0,2,1,1,0,0,0
esmc6b_3di_gated_boundary,2,P0DMF9,2,2,2,2,2,2,0,0,0,0,0,0,0,0,0,0,0,0
esmc6b_3di_gated_boundary,2,P0DMZ2,0,0,0,0,0,0,1,1,1,1,1,1,0,0,0,0,0,0
esmc6b_3di_gated_boundary,2,P0DMZ8,3,5,5,5,5,5,2,0,0,0,0,0,4,2,2,2,2,2
esmc6b_3di_gated_boundary,2,P0DMZ9,3,5,5,5,5,5,2,0,0,0,0,0,4,2,2,2,2,2
esmc6b_3di_gated_boundary,2,P0DN46,0,0,2,2,2,2,2,2,0,0,0,0,2,2,0,0,0,0
esmc6b_3di_gated_boundary,2,P0DN47,0,2,2,2,2,2,2,0,0,0,0,0,2,0,0,0,0,0
esmc6b_3di_gated_boundary,2,P0DOZ7,1,1,1,1,1,1,2,2,2,2,2,2,1,1,1,1,1,1
esmc6b_3di_gated_boundary,2,P0DPE6,0,0,0,0,0,0,1,1,1,1,1,1,1,1,1,1,1,1
esmc6b_3di_gated_boundary,2,P0DPL8,0,0,0,2,2,2,2,2,2,0,0,0,2,2,2,0,0,0
esmc6b_3di_gated_boundary,2,P0DPL9,0,0,1,1,2,2,2,2,1,1,0,0,2,2,1,1,0,0
esmc6b_3di_gated_boundary,2,P0DPM0,2,2,2,2,2,2,0,0,0,0,0,0,0,0,0,0,0,0
esmc6b_3di_gated_boundary,2,P0DPM1,2,2,2,2,2,2,0,0,0,0,0,0,0,0,0,0,0,0
esmc6b_3di_gated_boundary,2,P0DPT2,0,1,1,1,1,1,1,0,0,0,0,0,2,1,1,1,1,1
esmc6b_3di_gated_boundary,2,P0DQJ4,1,1,1,1,1,1,0,0,0,0,0,0,0,0,0,0,0,0
esmc6b_3di_gated_boundary,2,P0DQP3,0,1,1,1,1,1,1,0,0,0,0,0,1,0,0,0,0,0
esmc6b_3di_gated_boundary,2,P0DQP4,0,1,1,1,1,1,1,0,0,0,0,0,1,0,0,0,0,0
esmc6b_3di_gated_boundary,2,P0DQR6,1,1,1,1,1,1,0,0,0,0,0,0,0,0,0,0,0,0
esmc6b_3di_gated_boundary,2,P0DRD0,1,2,2,2,2,2,1,0,0,0,0,0,1,0,0,0,0,0
esmc6b_3di_gated_boundary,2,P0DRD1,1,2,2,2,2,2,1,0,0,0,0,0,1,0,0,0,0,0
esmc6b_3di_gated_boundary,2,P0DRD2,2,2,2,2,2,2,0,0,0,0,0,0,0,0,0,0,0,0
esmc6b_3di_gated_boundary,2,P0DRD4,0,0,2,2,2,2,2,2,0,0,0,0,2,2,0,0,0,0
esmc6b_3di_gated_boundary,2,P0DRD5,1,1,2,2,2,2,1,1,0,0,0,0,1,1,0,0,0,0
esmc6b_3di_gated_boundary,2,P0DRH5,1,1,1,2,2,2,1,1,1,0,0,0,1,1,1,0,0,0
esmc6b_3di_gated_boundary,2,P0DRH6,2,2,2,2,2,2,0,0,0,0,0,0,0,0,0,0,0,0
esmc6b_3di_gated_boundary,2,P0DRH7,1,1,2,2,2,2,1,1,0,0,0,0,1,1,0,0,0,0
esmc6b_3di_gated_boundary,2,P0DRH9,0,0,0,0,0,0,2,2,2,2,2,2,2,2,2,2,2,2
esmc6b_3di_gated_boundary,2,P0DRI0,0,0,1,1,1,1,2,2,1,1,1,1,2,2,1,1,1,1
esmc6b_3di_gated_boundary,2,P0DRI1,0,1,1,1,1,1,2,1,1,1,1,1,3,2,2,2,2,2
esmc6b_3di_gated_boundary,2,P0DRI3,1,1,1,1,1,1,0,0,0,0,0,0,1,1,1,1,1,1
esmc6b_3di_gated_boundary,2,P0DSI4,2,2,2,2,2,2,0,0,0,0,0,0,0,0,0,0,0,0
esmc6b_3di_gated_boundary,2,P0DSI5,2,2,2,2,2,2,0,0,0,0,0,0,0,0,0,0,0,0
esmc6b_3di_gated_boundary,2,P0DSI6,0,2,2,2,2,2,2,0,0,0,0,0,2,0,0,0,0,0
esmc6b_3di_gated_boundary,2,P0DSJ4,1,1,1,1,1,1,0,0,0,0,0,0,1,1,1,1,1,1
esmc6b_3di_gated_boundary,2,P0DSJ5,1,1,1,1,1,1,0,0,0,0,0,0,1,1,1,1,1,1
esmc6b_3di_gated_boundary,2,P0DSJ8,0,0,1,1,1,2,2,2,1,1,1,0,2,2,1,1,1,0
esmc6b_3di_gated_boundary,2,P0DSJ9,0,0,1,1,1,2,2,2,1,1,1,0,2,2,1,1,1,0
esmc6b_3di_gated_boundary,2,P0DSK1,1,1,1,1,1,1,1,1,1,1,1,1,1,1,1,1,1,1
esmc6b_3di_gated_boundary,2,P0DSK4,0,0,0,0,0,0,1,1,1,1,1,1,1,1,1,1,1,1
esmc6b_3di_gated_boundary,2,P0DUG2,1,1,1,1,1,1,0,0,0,0,0,0,0,0,0,0,0,0
esmc6b_3di_gated_boundary,2,P0DUJ5,2,2,2,2,2,2,0,0,0,0,0,0,0,0,0,0,0,0
esmc6b_3di_gated_boundary,2,P0DUQ4,1,1,2,2,2,2,2,2,1,1,1,1,1,1,0,0,0,0
esmc6b_3di_gated_boundary,2,P0DUQ8,0,1,1,1,1,1,1,0,0,0,0,0,3,2,2,2,2,2
esmc6b_3di_gated_boundary,2,P0DV71,1,1,1,1,1,1,0,0,0,0,0,0,0,0,0,0,0,0
esmc6b_3di_gated_boundary,2,P0DW72,1,1,1,1,1,1,0,0,0,0,0,0,0,0,0,0,0,0
esmc6b_3di_gated_boundary,2,P0DX20,0,0,0,0,0,0,1,1,1,1,1,1,1,1,1,1,1,1
esmc6b_3di_gated_boundary,2,P0DX61,2,2,2,2,2,2,0,0,0,0,0,0,0,0,0,0,0,0
esmc6b_3di_gated_boundary,2,P0DX64,2,2,2,2,2,2,0,0,0,0,0,0,0,0,0,0,0,0
esmc6b_3di_gated_boundary,2,P0DXT1,2,2,2,2,2,2,0,0,0,0,0,0,0,0,0,0,0,0
esmc6b_3di_gated_boundary,2,P0DXT2,2,2,2,2,2,2,0,0,0,0,0,0,0,0,0,0,0,0
esmc6b_3di_gated_boundary,2,P0DXT3,1,1,1,1,1,1,0,0,0,0,0,0,1,1,1,1,1,1
esmc6b_3di_gated_boundary,2,P0DXT4,2,2,2,2,2,2,0,0,0,0,0,0,0,0,0,0,0,0
esmc6b_3di_gated_boundary,2,P0DXT5,2,2,2,2,2,2,0,0,0,0,0,0,0,0,0,0,0,0
esmc6b_3di_gated_boundary,2,P0DXT7,2,2,2,2,2,2,0,0,0,0,0,0,0,0,0,0,0,0
esmc6b_3di_gated_boundary,2,P0DXT8,0,0,2,2,2,2,2,2,0,0,0,0,2,2,0,0,0,0
esmc6b_3di_gated_boundary,2,P0DXT9,0,0,2,2,2,2,2,2,0,0,0,0,2,2,0,0,0,0
esmc6b_3di_gated_boundary,2,P0DXU0,0,0,2,2,2,2,2,2,0,0,0,0,2,2,0,0,0,0
esmc6b_3di_gated_boundary,2,P0DXU1,1,1,2,2,2,2,1,1,0,0,0,0,1,1,0,0,0,0
esmc6b_3di_gated_boundary,2,P0DXZ8,1,1,1,2,2,2,1,1,1,0,0,0,1,1,1,0,0,0
esmc6b_3di_gated_boundary,2,P0DY01,1,1,1,2,2,2,1,1,1,0,0,0,1,1,1,0,0,0
esmc6b_3di_gated_boundary,2,P0DY02,1,1,1,2,2,2,1,1,1,0,0,0,1,1,1,0,0,0
esmc6b_3di_gated_boundary,2,P0DY17,1,1,1,2,2,2,1,1,1,0,0,0,1,1,1,0,0,0
esmc6b_3di_gated_boundary,2,P0DY19,0,0,0,0,0,0,1,1,1,1,1,1,3,3,3,3,3,3
esmc6b_3di_gated_boundary,2,P0DY25,0,0,0,1,1,1,2,2,2,1,1,1,1,1,1,0,0,0
esmc6b_3di_gated_boundary,2,P0DY99,0,0,1,1,1,1,2,2,1,1,1,1,3,3,2,2,2,2
esmc6b_3di_gated_boundary,2,P10347,0,0,0,0,0,0,1,1,1,1,1,1,0,0,0,0,0,0
esmc6b_3di_gated_boundary,2,P10348,1,1,1,1,1,1,0,0,0,0,0,0,0,0,0,0,0,0
esmc6b_3di_gated_boundary,2,P10673,1,2,2,2,2,2,1,0,0,0,0,0,2,1,1,1,1,1
esmc6b_3di_gated_boundary,2,P10743,0,0,0,0,0,0,1,1,1,1,1,1,0,0,0,0,0,0
esmc6b_3di_gated_boundary,2,P10763,0,1,1,1,1,1,1,0,0,0,0,0,2,1,1,1,1,1
esmc6b_3di_gated_boundary,2,P10764,0,0,0,0,0,0,1,1,1,1,1,1,2,2,2,2,2,2
esmc6b_3di_gated_boundary,2,P10863,1,1,1,1,1,1,0,0,0,0,0,0,0,0,0,0,0,0
esmc6b_3di_gated_boundary,2,P10968,1,1,1,1,1,1,0,0,0,0,0,0,0,0,0,0,0,0
esmc6b_3di_gated_boundary,2,P10969,1,1,1,1,1,1,0,0,0,0,0,0,0,0,0,0,0,0
esmc6b_3di_gated_boundary,2,P11006,7,7,7,7,7,7,12,12,12,12,12,12,6,6,6,6,6,6
esmc6b_3di_gated_boundary,2,P11214,1,1,1,1,1,1,0,0,0,0,0,0,0,0,0,0,0,0
esmc6b_3di_gated_boundary,2,P11863,1,1,1,1,1,1,0,0,0,0,0,0,0,0,0,0,0,0
esmc6b_3di_gated_boundary,2,P12163,0,0,0,0,0,0,1,1,1,1,1,1,0,0,0,0,0,0
esmc6b_3di_gated_boundary,2,P12164,0,0,0,0,0,0,1,1,1,1,1,1,0,0,0,0,0,0
esmc6b_3di_gated_boundary,2,P12729,1,1,1,1,1,1,0,0,0,0,0,0,0,0,0,0,0,0
esmc6b_3di_gated_boundary,2,P12960,0,0,0,0,0,0,1,1,1,1,1,1,2,2,2,2,2,2
esmc6b_3di_gated_boundary,2,P13208,0,2,2,2,2,9,25,23,23,23,23,16,22,20,20,20,20,13
esmc6b_3di_gated_boundary,2,P13684,0,1,1,1,1,1,2,1,1,1,1,1,3,2,2,2,2,2
esmc6b_3di_gated_boundary,2,P14089,1,1,1,1,1,1,0,0,0,0,0,0,0,0,0,0,0,0
esmc6b_3di_gated_boundary,2,P14530,0,0,0,0,0,0,1,1,1,1,1,1,0,0,0,0,0,0
esmc6b_3di_gated_boundary,2,P14749,1,1,1,1,1,1,0,0,0,0,0,0,0,0,0,0,0,0
esmc6b_3di_gated_boundary,2,P14781,1,1,1,1,1,1,0,0,0,0,0,0,0,0,0,0,0,0
esmc6b_3di_gated_boundary,2,P15167,0,0,0,0,0,0,1,1,1,1,1,1,0,0,0,0,0,0
esmc6b_3di_gated_boundary,2,P15471,0,0,2,2,2,2,2,2,0,0,0,0,2,2,0,0,0,0
esmc6b_3di_gated_boundary,2,P15490,0,0,0,0,0,0,1,1,1,1,1,1,0,0,0,0,0,0
esmc6b_3di_gated_boundary,2,P15566,0,0,0,0,0,0,1,1,1,1,1,1,0,0,0,0,0,0
esmc6b_3di_gated_boundary,2,P15819,1,1,1,1,1,1,0,0,0,0,0,0,0,0,0,0,0,0
esmc6b_3di_gated_boundary,2,P16014,0,0,0,0,0,0,1,1,1,1,1,1,4,4,4,4,4,4
esmc6b_3di_gated_boundary,2,P16094,0,0,0,0,0,0,1,1,1,1,1,1,1,1,1,1,1,1
esmc6b_3di_gated_boundary,2,P16231,0,0,0,0,0,0,1,1,1,1,1,1,1,1,1,1,1,1
esmc6b_3di_gated_boundary,2,P16291,1,1,1,1,1,1,1,1,1,1,1,1,1,1,1,1,1,1
esmc6b_3di_gated_boundary,2,P16292,1,1,1,1,1,1,1,1,1,1,1,1,1,1,1,1,1,1
esmc6b_3di_gated_boundary,2,P16293,0,0,0,0,0,0,1,1,1,1,1,1,1,1,1,1,1,1
esmc6b_3di_gated_boundary,2,P16294,1,1,1,1,1,1,1,1,1,1,1,1,1,1,1,1,1,1
esmc6b_3di_gated_boundary,2,P16296,1,1,1,1,1,1,1,1,1,1,1,1,0,0,0,0,0,0
esmc6b_3di_gated_boundary,2,P16501,0,0,0,0,0,0,1,1,1,1,1,1,2,2,2,2,2,2
esmc6b_3di_gated_boundary,2,P16545,0,1,1,1,1,1,1,0,0,0,0,0,2,1,1,1,1,1
esmc6b_3di_gated_boundary,2,P17349,0,0,0,0,0,0,1,1,1,1,1,1,0,0,0,0,0,0
esmc6b_3di_gated_boundary,2,P17647,0,1,1,1,1,1,1,0,0,0,0,0,2,1,1,1,1,1
esmc6b_3di_gated_boundary,2,P17896,0,0,0,0,0,0,1,1,1,1,1,1,0,0,0,0,0,0
esmc6b_3di_gated_boundary,2,P18254,0,1,1,1,1,1,1,0,0,0,0,0,2,1,1,1,1,1
esmc6b_3di_gated_boundary,2,P18263,1,1,1,1,1,1,0,0,0,0,0,0,0,0,0,0,0,0
esmc6b_3di_gated_boundary,2,P18619,0,0,0,0,0,0,1,1,1,1,1,1,0,0,0,0,0,0
esmc6b_3di_gated_boundary,2,P19259,1,1,1,1,1,1,0,0,0,0,0,0,0,0,0,0,0,0
esmc6b_3di_gated_boundary,2,P19540,1,1,1,1,1,1,1,1,1,1,1,1,0,0,0,0,0,0
esmc6b_3di_gated_boundary,2,P19578,2,2,2,2,2,2,0,0,0,0,0,0,0,0,0,0,0,0
esmc6b_3di_gated_boundary,2,P19637,0,0,0,1,1,1,1,1,1,0,0,0,1,1,1,0,0,0
esmc6b_3di_gated_boundary,2,P20068,1,2,2,2,2,2,2,1,1,1,1,1,2,1,1,1,1,1
esmc6b_3di_gated_boundary,2,P20076,0,0,0,0,1,1,1,1,1,1,0,0,1,1,1,1,0,0
esmc6b_3di_gated_boundary,2,P20164,0,0,0,0,0,0,1,1,1,1,1,1,0,0,0,0,0,0
esmc6b_3di_gated_boundary,2,P20465,0,0,0,0,0,0,5,5,5,5,5,5,1,1,1,1,1,1
esmc6b_3di_gated_boundary,2,P20466,0,0,0,0,2,2,3,3,3,3,1,1,3,3,3,3,1,1
esmc6b_3di_gated_boundary,2,P21786,1,2,2,2,2,2,1,0,0,0,0,0,6,5,5,5,5,5
esmc6b_3di_gated_boundary,2,P21840,1,1,1,1,1,1,0,0,0,0,0,0,0,0,0,0,0,0
esmc6b_3di_gated_boundary,2,P22146,1,1,1,1,1,1,0,0,0,0,0,0,0,0,0,0,0,0
esmc6b_3di_gated_boundary,2,P22282,0,0,0,0,0,0,1,1,1,1,1,1,0,0,0,0,0,0
esmc6b_3di_gated_boundary,2,P22321,0,0,0,0,0,0,1,1,1,1,1,1,0,0,0,0,0,0
esmc6b_3di_gated_boundary,2,P22322,0,0,0,0,0,0,1,1,1,1,1,1,0,0,0,0,0,0
esmc6b_3di_gated_boundary,2,P22334,0,0,1,1,2,2,3,3,2,2,1,1,2,2,1,1,0,0
esmc6b_3di_gated_boundary,2,P22457,0,1,1,1,1,1,1,0,0,0,0,0,1,0,0,0,0,0
esmc6b_3di_gated_boundary,2,P22522,1,1,1,1,1,1,0,0,0,0,0,0,0,0,0,0,0,0
esmc6b_3di_gated_boundary,2,P22891,0,1,1,1,1,1,1,0,0,0,0,0,1,0,0,0,0,0
esmc6b_3di_gated_boundary,2,P23079,1,1,1,1,1,1,0,0,0,0,0,0,0,0,0,0,0,0
esmc6b_3di_gated_boundary,2,P23317,1,1,1,1,1,1,0,0,0,0,0,0,0,0,0,0,0,0
esmc6b_3di_gated_boundary,2,P23318,0,0,0,0,0,0,1,1,1,1,1,1,0,0,0,0,0,0
esmc6b_3di_gated_boundary,2,P23389,1,1,1,1,1,1,2,2,2,2,2,2,3,3,3,3,3,3
esmc6b_3di_gated_boundary,2,P23695,0,0,0,0,0,0,1,1,1,1,1,1,2,2,2,2,2,2
esmc6b_3di_gated_boundary,2,P23699,0,0,0,0,1,1,1,1,1,1,0,0,2,2,2,2,1,1
esmc6b_3di_gated_boundary,2,P24478,0,0,0,0,0,0,1,1,1,1,1,1,1,1,1,1,1,1
esmc6b_3di_gated_boundary,2,P25380,1,1,1,1,1,1,0,0,0,0,0,0,0,0,0,0,0,0
esmc6b_3di_gated_boundary,2,P25955,1,1,1,1,1,1,0,0,0,0,0,0,0,0,0,0,0,0
esmc6b_3di_gated_boundary,2,P26350,0,0,0,0,0,0,1,1,1,1,1,1,0,0,0,0,0,0
esmc6b_3di_gated_boundary,2,P27058,0,0,0,0,0,0,1,1,1,1,1,1,0,0,0,0,0,0
esmc6b_3di_gated_boundary,2,P27654,1,1,1,1,1,1,0,0,0,0,0,0,0,0,0,0,0,0
esmc6b_3di_gated_boundary,2,P28319,1,1,1,1,1,1,0,0,0,0,0,0,0,0,0,0,0,0
esmc6b_3di_gated_boundary,2,P28642,0,0,0,0,0,0,1,1,1,1,1,1,0,0,0,0,0,0
esmc6b_3di_gated_boundary,2,P28879,1,1,1,2,2,2,1,1,1,0,0,0,1,1,1,0,0,0
esmc6b_3di_gated_boundary,2,P29827,1,1,1,1,1,1,0,0,0,0,0,0,1,1,1,1,1,1
esmc6b_3di_gated_boundary,2,P30403,0,0,0,0,0,0,1,1,1,1,1,1,0,0,0,0,0,0
esmc6b_3di_gated_boundary,2,P30990,2,2,2,2,2,2,1,1,1,1,1,1,1,1,1,1,1,1
esmc6b_3di_gated_boundary,2,P31358,0,0,1,1,1,1,2,2,1,1,1,1,1,1,0,0,0,0
esmc6b_3di_gated_boundary,2,P31394,0,0,0,1,1,1,2,2,2,1,1,1,2,2,2,1,1,1
esmc6b_3di_gated_boundary,2,P31481,1,1,1,1,1,1,0,0,0,0,0,0,0,0,0,0,0,0
esmc6b_3di_gated_boundary,2,P31736,0,0,0,0,0,1,1,1,1,1,1,0,1,1,1,1,1,0
esmc6b_3di_gated_boundary,2,P31944,0,0,2,2,2,2,2,2,0,0,0,0,2,2,0,0,0,0
esmc6b_3di_gated_boundary,2,P31956,1,1,1,1,1,1,0,0,0,0,0,0,0,0,0,0,0,0
esmc6b_3di_gated_boundary,2,P31997,0,0,0,0,0,0,1,1,1,1,1,1,1,1,1,1,1,1
esmc6b_3di_gated_boundary,2,P32763,1,1,1,1,1,1,1,1,1,1,1,1,0,0,0,0,0,0
esmc6b_3di_gated_boundary,2,P33185,0,0,0,0,0,0,1,1,1,1,1,1,1,1,1,1,1,1
esmc6b_3di_gated_boundary,2,P33186,0,0,0,0,0,0,2,2,2,2,2,2,1,1,1,1,1,1
esmc6b_3di_gated_boundary,2,P33376,1,1,1,1,1,1,0,0,0,0,0,0,0,0,0,0,0,0
esmc6b_3di_gated_boundary,2,P33378,0,0,1,1,1,1,1,1,0,0,0,0,1,1,0,0,0,0
esmc6b_3di_gated_boundary,2,P33587,1,1,1,1,1,1,1,1,1,1,1,1,1,1,1,1,1,1
esmc6b_3di_gated_boundary,2,P33712,0,1,1,1,1,1,1,0,0,0,0,0,2,1,1,1,1,1
esmc6b_3di_gated_boundary,2,P33890,0,1,1,1,1,1,1,0,0,0,0,0,1,0,0,0,0,0
esmc6b_3di_gated_boundary,2,P34068,0,0,0,0,0,0,2,2,2,2,2,2,0,0,0,0,0,0
esmc6b_3di_gated_boundary,2,P34069,0,0,0,0,0,0,2,2,2,2,2,2,0,0,0,0,0,0
esmc6b_3di_gated_boundary,2,P34182,0,0,0,0,0,0,1,1,1,1,1,1,0,0,0,0,0,0
esmc6b_3di_gated_boundary,2,P35853,1,1,1,1,1,1,0,0,0,0,0,0,0,0,0,0,0,0
esmc6b_3di_gated_boundary,2,P36217,1,1,1,1,1,1,0,0,0,0,0,0,0,0,0,0,0,0
esmc6b_3di_gated_boundary,2,P36218,1,1,1,1,1,1,0,0,0,0,0,0,0,0,0,0,0,0
esmc6b_3di_gated_boundary,2,P37302,0,1,1,1,1,1,1,0,0,0,0,0,1,0,0,0,0,0
esmc6b_3di_gated_boundary,2,P38248,1,1,1,1,1,1,0,0,0,0,0,0,0,0,0,0,0,0
esmc6b_3di_gated_boundary,2,P40199,0,0,0,0,0,0,1,1,1,1,1,1,1,1,1,1,1,1
esmc6b_3di_gated_boundary,2,P40552,0,0,1,1,1,1,1,1,0,0,0,0,1,1,0,0,0,0
esmc6b_3di_gated_boundary,2,P40849,0,0,0,0,0,0,2,2,2,2,2,2,0,0,0,0,0,0
esmc6b_3di_gated_boundary,2,P41598,0,0,0,0,0,0,1,1,1,1,1,1,0,0,0,0,0,0
esmc6b_3di_gated_boundary,2,P41694,0,0,0,0,0,0,1,1,1,1,1,1,2,2,2,2,2,2
esmc6b_3di_gated_boundary,2,P42574,0,0,0,0,0,0,2,2,2,2,2,2,1,1,1,1,1,1
esmc6b_3di_gated_boundary,2,P42575,0,0,0,0,0,0,1,1,1,1,1,1,2,2,2,2,2,2
esmc6b_3di_gated_boundary,2,P43076,0,1,1,1,1,1,1,0,0,0,0,0,1,0,0,0,0,0
esmc6b_3di_gated_boundary,2,P47178,1,1,1,1,1,1,0,0,0,0,0,0,0,0,0,0,0,0
esmc6b_3di_gated_boundary,2,P48188,0,0,0,0,0,0,1,1,1,1,1,1,0,0,0,0,0,0
esmc6b_3di_gated_boundary,2,P48678,0,0,0,0,0,0,1,1,1,1,1,1,0,0,0,0,0,0
esmc6b_3di_gated_boundary,2,P48679,0,0,0,0,0,0,1,1,1,1,1,1,0,0,0,0,0,0
esmc6b_3di_gated_boundary,2,P49513,1,1,1,1,1,1,0,0,0,0,0,0,0,0,0,0,0,0
esmc6b_3di_gated_boundary,2,P50982,2,2,2,2,2,2,0,0,0,0,0,0,0,0,0,0,0,0
esmc6b_3di_gated_boundary,2,P50985,2,2,2,2,2,2,0,0,0,0,0,0,0,0,0,0,0,0
esmc6b_3di_gated_boundary,2,P51317,1,1,1,1,1,1,0,0,0,0,0,0,0,0,0,0,0,0
esmc6b_3di_gated_boundary,2,P51457,0,1,1,1,1,1,1,0,0,0,0,0,2,1,1,1,1,1
esmc6b_3di_gated_boundary,2,P51459,0,0,0,0,0,0,1,1,1,1,1,1,3,3,3,3,3,3
esmc6b_3di_gated_boundary,2,P51462,0,1,1,1,1,1,1,0,0,0,0,0,3,2,2,2,2,2
esmc6b_3di_gated_boundary,2,P54097,0,0,0,0,0,0,1,1,1,1,1,1,0,0,0,0,0,0
esmc6b_3di_gated_boundary,2,P55210,0,1,1,1,1,1,2,1,1,1,1,1,2,1,1,1,1,1
esmc6b_3di_gated_boundary,2,P55212,1,1,1,2,2,2,1,1,1,0,0,0,1,1,1,0,0,0
esmc6b_3di_gated_boundary,2,P55213,0,1,1,1,1,1,2,1,1,1,1,1,2,1,1,1,1,1
esmc6b_3di_gated_boundary,2,P55214,0,1,1,1,1,1,2,1,1,1,1,1,1,0,0,0,0,0
esmc6b_3di_gated_boundary,2,P55215,0,0,0,0,0,0,1,1,1,1,1,1,2,2,2,2,2,2
esmc6b_3di_gated_boundary,2,P55330,1,1,1,1,1,1,0,0,0,0,0,0,0,0,0,0,0,0
esmc6b_3di_gated_boundary,2,P55790,0,0,0,0,0,0,1,1,1,1,1,1,0,0,0,0,0,0
esmc6b_3di_gated_boundary,2,P55939,0,0,0,0,0,0,1,1,1,1,1,1,0,0,0,0,0,0
esmc6b_3di_gated_boundary,2,P55963,2,2,2,2,2,2,0,0,0,0,0,0,0,0,0,0,0,0
esmc6b_3di_gated_boundary,2,P56348,1,1,1,1,1,1,0,0,0,0,0,0,0,0,0,0,0,0
esmc6b_3di_gated_boundary,2,P56626,0,0,0,0,0,0,1,1,1,1,1,1,0,0,0,0,0,0
esmc6b_3di_gated_boundary,2,P56636,2,2,2,2,2,2,0,0,0,0,0,0,0,0,0,0,0,0
esmc6b_3di_gated_boundary,2,P56638,2,2,2,2,2,2,0,0,0,0,0,0,0,0,0,0,0,0
esmc6b_3di_gated_boundary,2,P56639,2,2,2,2,2,2,0,0,0,0,0,0,0,0,0,0,0,0
esmc6b_3di_gated_boundary,2,P56640,2,2,2,2,2,2,0,0,0,0,0,0,0,0,0,0,0,0
esmc6b_3di_gated_boundary,2,P56782,0,0,0,0,0,0,1,1,1,1,1,1,0,0,0,0,0,0
esmc6b_3di_gated_boundary,2,P56973,2,2,2,2,2,2,0,0,0,0,0,0,0,0,0,0,0,0
esmc6b_3di_gated_boundary,2,P58273,0,0,0,0,0,0,1,1,1,1,1,1,0,0,0,0,0,0
esmc6b_3di_gated_boundary,2,P58560,1,1,1,1,1,1,0,0,0,0,0,0,0,0,0,0,0,0
esmc6b_3di_gated_boundary,2,P58583,1,1,1,1,1,1,0,0,0,0,0,0,0,0,0,0,0,0
esmc6b_3di_gated_boundary,2,P58808,2,2,2,2,2,2,0,0,0,0,0,0,0,0,0,0,0,0
esmc6b_3di_gated_boundary,2,P58809,0,2,2,2,2,2,2,0,0,0,0,0,2,0,0,0,0,0
esmc6b_3di_gated_boundary,2,P58811,2,2,2,2,2,2,0,0,0,0,0,0,0,0,0,0,0,0
esmc6b_3di_gated_boundary,2,P59261,2,2,2,2,2,2,0,0,0,0,0,0,0,0,0,0,0,0
esmc6b_3di_gated_boundary,2,P59262,2,2,2,2,2,2,0,0,0,0,0,0,0,0,0,0,0,0
esmc6b_3di_gated_boundary,2,P59406,0,0,0,0,0,0,1,1,1,1,1,1,0,0,0,0,0,0
esmc6b_3di_gated_boundary,2,P59906,1,1,1,1,1,1,1,1,1,1,1,1,0,0,0,0,0,0
esmc6b_3di_gated_boundary,2,P59914,1,1,1,1,1,1,0,0,0,0,0,0,0,0,0,0,0,0
esmc6b_3di_gated_boundary,2,P60274,0,0,2,2,2,2,2,2,0,0,0,0,2,2,0,0,0,0
esmc6b_3di_gated_boundary,2,P68407,2,2,2,2,2,2,0,0,0,0,0,0,0,0,0,0,0,0
esmc6b_3di_gated_boundary,2,P68408,2,2,2,2,2,2,0,0,0,0,0,0,0,0,0,0,0,0
esmc6b_3di_gated_boundary,2,P68409,2,2,2,2,2,2,0,0,0,0,0,0,0,0,0,0,0,0
esmc6b_3di_gated_boundary,2,P68577,1,1,1,1,1,1,1,1,1,1,1,1,0,0,0,0,0,0
esmc6b_3di_gated_boundary,2,P69498,0,0,0,0,1,1,1,1,1,1,0,0,2,2,2,2,1,1
esmc6b_3di_gated_boundary,2,P69499,1,1,1,1,1,1,0,0,0,0,0,0,1,1,1,1,1,1
esmc6b_3di_gated_boundary,2,P69500,1,1,1,1,1,1,0,0,0,0,0,0,1,1,1,1,1,1
esmc6b_3di_gated_boundary,2,P69501,1,1,1,1,1,1,0,0,0,0,0,0,1,1,1,1,1,1
esmc6b_3di_gated_boundary,2,P69657,2,2,2,2,2,2,0,0,0,0,0,0,0,0,0,0,0,0
esmc6b_3di_gated_boundary,2,P69658,1,1,1,1,1,1,0,0,0,0,0,0,1,1,1,1,1,1
esmc6b_3di_gated_boundary,2,P69693,1,1,1,1,1,1,0,0,0,0,0,0,0,0,0,0,0,0
esmc6b_3di_gated_boundary,2,P69694,1,1,1,1,1,1,0,0,0,0,0,0,0,0,0,0,0,0
esmc6b_3di_gated_boundary,2,P69764,1,2,2,2,2,2,1,0,0,0,0,0,1,0,0,0,0,0
esmc6b_3di_gated_boundary,2,P69765,1,2,2,2,2,2,1,0,0,0,0,0,1,0,0,0,0,0
esmc6b_3di_gated_boundary,2,P69766,1,1,2,2,2,2,1,1,0,0,0,0,1,1,0,0,0,0
esmc6b_3di_gated_boundary,2,P69768,1,1,1,2,2,2,1,1,1,0,0,0,1,1,1,0,0,0
esmc6b_3di_gated_boundary,2,P69770,0,0,0,1,1,1,1,1,1,0,0,0,1,1,1,0,0,0
esmc6b_3di_gated_boundary,2,P69929,6,6,6,6,7,7,1,1,1,1,0,0,6,6,6,6,5,5
esmc6b_3di_gated_boundary,2,P69939,0,0,0,0,0,0,1,1,1,1,1,1,0,0,0,0,0,0
esmc6b_3di_gated_boundary,2,P69940,0,0,0,0,0,0,2,2,2,2,2,2,0,0,0,0,0,0
esmc6b_3di_gated_boundary,2,P70375,0,0,1,1,1,1,1,1,0,0,0,0,1,1,0,0,0,0
esmc6b_3di_gated_boundary,2,P70677,0,0,0,0,0,0,2,2,2,2,2,2,1,1,1,1,1,1
esmc6b_3di_gated_boundary,2,P81323,1,1,1,1,1,1,0,0,0,0,0,0,0,0,0,0,0,0
esmc6b_3di_gated_boundary,2,P81428,0,1,2,2,2,2,2,1,0,0,0,0,2,1,0,0,0,0
esmc6b_3di_gated_boundary,2,P81755,0,0,1,2,2,2,2,2,1,0,0,0,2,2,1,0,0,0
esmc6b_3di_gated_boundary,2,P81791,0,1,1,1,1,1,1,0,0,0,0,0,1,0,0,0,0,0
esmc6b_3di_gated_boundary,2,P81941,0,0,0,0,0,0,2,2,2,2,2,2,2,2,2,2,2,2
esmc6b_3di_gated_boundary,2,P82701,0,1,1,1,1,1,1,0,0,0,0,0,1,0,0,0,0,0
esmc6b_3di_gated_boundary,2,P82807,0,1,2,2,2,2,2,1,0,0,0,0,2,1,0,0,0,0
esmc6b_3di_gated_boundary,2,P83370,0,1,2,2,2,2,2,1,0,0,0,0,2,1,0,0,0,0
esmc6b_3di_gated_boundary,2,P83403,0,0,0,0,0,0,1,1,1,1,1,1,0,0,0,0,0,0
esmc6b_3di_gated_boundary,2,P83512,0,0,0,0,1,1,1,1,1,1,0,0,1,1,1,1,0,0
esmc6b_3di_gated_boundary,2,P84845,1,1,1,2,2,2,1,1,1,0,0,0,1,1,1,0,0,0
esmc6b_3di_gated_boundary,2,P85013,1,2,2,2,2,2,1,0,0,0,0,0,1,0,0,0,0,0
esmc6b_3di_gated_boundary,2,P85079,1,1,1,1,1,1,0,0,0,0,0,0,0,0,0,0,0,0
esmc6b_3di_gated_boundary,2,P85247,1,1,1,1,1,1,0,0,0,0,0,0,0,0,0,0,0,0
esmc6b_3di_gated_boundary,2,P85253,1,1,1,1,1,1,0,0,0,0,0,0,0,0,0,0,0,0
esmc6b_3di_gated_boundary,2,P85254,1,1,1,1,1,1,0,0,0,0,0,0,0,0,0,0,0,0
esmc6b_3di_gated_boundary,2,P85255,1,1,1,1,1,1,0,0,0,0,0,0,0,0,0,0,0,0
esmc6b_3di_gated_boundary,2,P85256,1,1,1,1,1,1,0,0,0,0,0,0,0,0,0,0,0,0
esmc6b_3di_gated_boundary,2,P85257,1,1,1,1,1,1,0,0,0,0,0,0,0,0,0,0,0,0
esmc6b_3di_gated_boundary,2,P85258,1,1,1,1,1,1,0,0,0,0,0,0,0,0,0,0,0,0
esmc6b_3di_gated_boundary,2,P85259,1,1,1,1,1,1,0,0,0,0,0,0,0,0,0,0,0,0
esmc6b_3di_gated_boundary,2,P85829,0,1,1,1,1,1,1,0,0,0,0,0,2,1,0,0,0,0
esmc6b_3di_gated_boundary,2,P85831,0,0,0,0,0,0,1,1,1,1,1,1,1,1,1,1,1,1
esmc6b_3di_gated_boundary,2,P85832,2,2,2,3,3,3,1,1,1,0,0,0,1,1,1,0,0,0
esmc6b_3di_gated_boundary,2,P85886,0,2,2,2,2,2,2,0,0,0,0,0,2,0,0,0,0,0
esmc6b_3di_gated_boundary,2,P85966,0,1,1,1,1,1,2,1,1,1,1,1,1,0,0,0,0,0
esmc6b_3di_gated_boundary,2,P86013,1,2,2,2,2,2,1,0,0,0,0,0,1,0,0,0,0,0
esmc6b_3di_gated_boundary,2,P86047,1,1,1,1,1,1,1,1,1,1,1,1,0,0,0,0,0,0
esmc6b_3di_gated_boundary,2,P86521,0,0,0,0,0,0,1,1,1,1,1,1,0,0,0,0,0,0
esmc6b_3di_gated_boundary,2,P89116,1,1,1,1,1,2,1,1,1,1,1,0,1,1,1,1,1,0
esmc6b_3di_gated_boundary,2,P91797,1,2,2,2,2,2,1,0,0,0,0,0,2,1,1,1,1,1
esmc6b_3di_gated_boundary,2,P97766,0,0,0,0,0,0,1,1,1,1,1,1,1,1,1,1,1,1
esmc6b_3di_gated_boundary,2,P97864,1,1,1,1,1,1,1,1,1,1,1,1,0,0,0,0,0,0
esmc6b_3di_gated_boundary,2,P98139,1,1,1,1,1,1,0,0,0,0,0,0,0,0,0,0,0,0
esmc6b_3di_gated_boundary,2,Q00783,0,1,1,1,1,1,1,0,0,0,0,0,1,0,0,0,0,0
esmc6b_3di_gated_boundary,2,Q00829,0,0,0,0,0,0,2,2,2,2,2,2,1,1,1,1,1,1
esmc6b_3di_gated_boundary,2,Q01MB6,0,1,1,1,1,1,1,0,0,0,0,0,1,0,0,0,0,0
esmc6b_3di_gated_boundary,2,Q03029,1,1,1,1,1,1,0,0,0,0,0,0,0,0,0,0,0,0
esmc6b_3di_gated_boundary,2,Q03198,1,1,1,1,1,1,0,0,0,0,0,0,0,0,0,0,0,0
esmc6b_3di_gated_boundary,2,Q03199,0,0,0,1,1,1,1,1,1,0,0,0,1,1,1,0,0,0
esmc6b_3di_gated_boundary,2,Q03561,0,0,0,0,0,0,1,1,1,1,1,1,0,0,0,0,0,0
esmc6b_3di_gated_boundary,2,Q03655,1,1,1,1,1,1,0,0,0,0,0,0,0,0,0,0,0,0
esmc6b_3di_gated_boundary,2,Q04469,0,0,1,1,1,1,1,1,0,0,0,0,1,1,0,0,0,0
esmc6b_3di_gated_boundary,2,Q06135,0,1,1,1,1,1,1,0,0,0,0,0,1,0,0,0,0,0
esmc6b_3di_gated_boundary,2,Q06303,0,1,1,1,1,1,1,0,0,0,0,0,1,0,0,0,0,0
esmc6b_3di_gated_boundary,2,Q06304,0,0,0,0,0,0,1,1,1,1,1,1,0,0,0,0,0,0
esmc6b_3di_gated_boundary,2,Q06305,0,1,1,1,1,1,1,0,0,0,0,0,1,0,0,0,0,0
esmc6b_3di_gated_boundary,2,Q06306,0,0,0,0,0,0,1,1,1,1,1,1,0,0,0,0,0,0
esmc6b_3di_gated_boundary,2,Q06FX8,0,0,0,0,0,0,1,1,1,1,1,1,0,0,0,0,0,0
esmc6b_3di_gated_boundary,2,Q06GS7,0,0,0,0,0,0,1,1,1,1,1,1,0,0,0,0,0,0
esmc6b_3di_gated_boundary,2,Q06H14,0,0,0,0,0,0,1,1,1,1,1,1,0,0,0,0,0,0
esmc6b_3di_gated_boundary,2,Q06J16,1,1,1,1,1,1,0,0,0,0,0,0,0,0,0,0,0,0
esmc6b_3di_gated_boundary,2,Q06RE8,0,0,0,0,0,0,1,1,1,1,1,1,0,0,0,0,0,0
esmc6b_3di_gated_boundary,2,Q06SD3,1,1,1,1,1,1,0,0,0,0,0,0,0,0,0,0,0,0
esmc6b_3di_gated_boundary,2,Q072L5,0,0,0,0,0,0,1,1,1,1,1,1,0,0,0,0,0,0
esmc6b_3di_gated_boundary,2,Q07488,1,1,1,1,1,1,0,0,0,0,0,0,0,0,0,0,0,0
esmc6b_3di_gated_boundary,2,Q07932,1,1,1,1,1,1,1,1,1,1,1,1,1,1,1,1,1,1
esmc6b_3di_gated_boundary,2,Q08193,1,1,1,1,1,1,0,0,0,0,0,0,0,0,0,0,0,0
esmc6b_3di_gated_boundary,2,Q08271,1,1,1,1,1,1,0,0,0,0,0,0,0,0,0,0,0,0
esmc6b_3di_gated_boundary,2,Q08279,0,0,0,0,0,0,1,1,1,1,1,1,2,2,2,2,2,2
esmc6b_3di_gated_boundary,2,Q08676,0,0,0,0,0,0,1,1,1,1,1,1,0,0,0,0,0,0
esmc6b_3di_gated_boundary,2,Q08DY9,0,0,0,0,0,0,2,2,2,2,2,2,1,1,1,1,1,1
esmc6b_3di_gated_boundary,2,Q09MJ5,0,0,0,0,0,0,1,1,1,1,1,1,0,0,0,0,0,0
esmc6b_3di_gated_boundary,2,Q09X34,0,0,0,0,0,0,1,1,1,1,1,1,0,0,0,0,0,0
esmc6b_3di_gated_boundary,2,Q0G9N6,0,0,0,0,0,0,1,1,1,1,1,1,0,0,0,0,0,0
esmc6b_3di_gated_boundary,2,Q0G9X9,0,0,0,0,0,0,1,1,1,1,1,1,0,0,0,0,0,0
esmc6b_3di_gated_boundary,2,Q0GY44,0,0,0,0,0,0,1,1,1,1,1,1,0,0,0,0,0,0
esmc6b_3di_gated_boundary,2,Q0GY46,0,0,0,0,0,0,1,1,1,1,1,1,0,0,0,0,0,0
esmc6b_3di_gated_boundary,2,Q0IDF4,1,1,1,1,1,1,0,0,0,0,0,0,0,0,0,0,0,0
esmc6b_3di_gated_boundary,2,Q0II73,0,1,1,1,1,1,1,0,0,0,0,0,1,0,0,0,0,0
esmc6b_3di_gated_boundary,2,Q0JF21,0,1,1,1,1,1,1,0,0,0,0,0,1,0,0,0,0,0
esmc6b_3di_gated_boundary,2,Q0NZX5,0,0,0,0,0,0,1,1,1,1,1,1,0,0,0,0,0,0
esmc6b_3di_gated_boundary,2,Q0P3J6,1,1,1,1,1,1,0,0,0,0,0,0,0,0,0,0,0,0
esmc6b_3di_gated_boundary,2,Q0SRD5,0,0,0,0,0,0,1,1,1,1,1,1,0,0,0,0,0,0
esmc6b_3di_gated_boundary,2,Q0TNR9,0,0,0,0,0,0,1,1,1,1,1,1,0,0,0,0,0,0
esmc6b_3di_gated_boundary,2,Q0ZJ37,0,0,0,0,0,0,1,1,1,1,1,1,0,0,0,0,0,0
esmc6b_3di_gated_boundary,2,Q10XU6,1,1,1,1,1,1,0,0,0,0,0,0,0,0,0,0,0,0
esmc6b_3di_gated_boundary,2,Q12039,1,1,1,1,1,1,0,0,0,0,0,0,0,0,0,0,0,0
esmc6b_3di_gated_boundary,2,Q12120,0,0,0,0,0,0,1,1,1,1,1,1,0,0,0,0,0,0
esmc6b_3di_gated_boundary,2,Q12173,0,0,0,0,0,0,1,1,1,1,1,1,0,0,0,0,0,0
esmc6b_3di_gated_boundary,2,Q12218,1,1,1,1,1,1,0,0,0,0,0,0,0,0,0,0,0,0
esmc6b_3di_gated_boundary,2,Q12355,1,1,1,1,1,1,0,0,0,0,0,0,0,0,0,0,0,0
esmc6b_3di_gated_boundary,2,Q12737,0,0,0,1,1,1,1,1,1,0,0,0,1,1,1,0,0,0
esmc6b_3di_gated_boundary,2,Q14002,1,1,1,1,1,1,0,0,0,0,0,0,0,0,0,0,0,0
esmc6b_3di_gated_boundary,2,Q14FH4,0,0,0,0,0,0,1,1,1,1,1,1,0,0,0,0,0,0
esmc6b_3di_gated_boundary,2,Q14FJ4,0,0,0,0,0,0,2,2,2,2,2,2,1,1,1,1,1,1
esmc6b_3di_gated_boundary,2,Q16992,36,46,46,46,46,46,14,4,4,4,4,4,24,14,14,14,14,14
esmc6b_3di_gated_boundary,2,Q18502,3,4,4,4,4,4,1,0,0,0,0,0,1,0,0,0,0,0
esmc6b_3di_gated_boundary,2,Q1A3Q1,0,0,0,0,0,0,2,2,2,2,2,2,2,2,2,2,2,2
esmc6b_3di_gated_boundary,2,Q1A3Q2,0,0,0,0,0,0,2,2,2,2,2,2,2,2,2,2,2,2
esmc6b_3di_gated_boundary,2,Q1A3Q6,0,0,0,0,0,0,2,2,2,2,2,2,2,2,2,2,2,2
esmc6b_3di_gated_boundary,2,Q1A3Q7,0,0,1,1,2,2,2,2,1,1,0,0,2,2,1,1,0,0
esmc6b_3di_gated_boundary,2,Q1A3Q8,0,0,0,0,0,0,2,2,2,2,2,2,2,2,2,2,2,2
esmc6b_3di_gated_boundary,2,Q1A3Q9,0,0,0,0,0,0,2,2,2,2,2,2,2,2,2,2,2,2
esmc6b_3di_gated_boundary,2,Q1A3R0,2,2,2,2,2,2,0,0,0,0,0,0,0,0,0,0,0,0
esmc6b_3di_gated_boundary,2,Q1ACL6,1,1,1,1,1,1,0,0,0,0,0,0,0,0,0,0,0,0
esmc6b_3di_gated_boundary,2,Q1ELT9,1,1,2,2,2,2,1,1,0,0,0,0,1,1,0,0,0,0
esmc6b_3di_gated_boundary,2,Q1ELU2,2,2,2,2,2,2,0,0,0,0,0,0,0,0,0,0,0,0
esmc6b_3di_gated_boundary,2,Q1ELU3,2,2,2,2,2,2,0,0,0,0,0,0,0,0,0,0,0,0
esmc6b_3di_gated_boundary,2,Q1ELV0,0,0,1,1,1,1,2,2,1,1,1,1,1,1,0,0,0,0
esmc6b_3di_gated_boundary,2,Q1G3I0,1,1,1,1,1,1,0,0,0,0,0,0,0,0,0,0,0,0
esmc6b_3di_gated_boundary,2,Q1I8U1,0,0,0,0,0,0,1,1,1,1,1,1,0,0,0,0,0,0
esmc6b_3di_gated_boundary,2,Q1KVV2,1,1,1,1,1,1,0,0,0,0,0,0,0,0,0,0,0,0
esmc6b_3di_gated_boundary,2,Q1KXX6,0,0,0,0,0,0,1,1,1,1,1,1,0,0,0,0,0,0
esmc6b_3di_gated_boundary,2,Q1L658,1,1,2,2,2,2,1,1,0,0,0,0,1,1,0,0,0,0
esmc6b_3di_gated_boundary,2,Q1L659,0,0,1,1,1,1,1,1,0,0,0,0,2,2,1,1,1,1
esmc6b_3di_gated_boundary,2,Q1L777,1,1,1,1,1,1,0,0,0,0,0,0,1,1,1,1,1,1
esmc6b_3di_gated_boundary,2,Q1PBD1,0,0,0,0,0,0,1,1,1,1,1,1,0,0,0,0,0,0
esmc6b_3di_gated_boundary,2,Q1W694,1,1,1,1,1,1,0,0,0,0,0,0,0,0,0,0,0,0
esmc6b_3di_gated_boundary,2,Q1W695,1,1,1,1,1,1,0,0,0,0,0,0,0,0,0,0,0,0
esmc6b_3di_gated_boundary,2,Q1XDH0,1,1,1,1,1,1,0,0,0,0,0,0,0,0,0,0,0,0
esmc6b_3di_gated_boundary,2,Q20EY3,1,1,1,1,1,1,0,0,0,0,0,0,0,0,0,0,0,0
esmc6b_3di_gated_boundary,2,Q24049,0,0,0,0,0,0,3,3,3,3,3,3,0,0,0,0,0,0
esmc6b_3di_gated_boundary,2,Q27441,1,1,1,1,1,1,1,1,1,1,1,1,1,1,1,1,1,1
esmc6b_3di_gated_boundary,2,Q27J48,0,0,0,0,0,0,1,1,1,1,1,1,0,0,0,0,0,0
esmc6b_3di_gated_boundary,2,Q27Q54,1,1,1,1,1,1,0,0,0,0,0,0,0,0,0,0,0,0
esmc6b_3di_gated_boundary,2,Q28106,0,0,0,0,0,1,1,1,1,1,1,0,2,2,2,2,2,1
esmc6b_3di_gated_boundary,2,Q28198,0,0,0,1,1,1,1,1,1,0,0,0,1,1,1,0,0,0
esmc6b_3di_gated_boundary,2,Q28278,1,1,1,1,1,1,1,1,1,1,1,1,1,1,1,1,1,1
esmc6b_3di_gated_boundary,2,Q28315,1,1,1,1,1,1,1,1,1,1,1,1,1,1,1,1,1,1
esmc6b_3di_gated_boundary,2,Q28380,1,1,1,1,1,1,1,1,1,1,1,1,1,1,1,1,1,1
esmc6b_3di_gated_boundary,2,Q28661,0,0,0,0,0,0,2,2,2,2,2,2,1,1,1,1,1,1
esmc6b_3di_gated_boundary,2,Q28896,0,0,0,0,0,0,2,2,2,2,2,2,1,1,1,1,1,1
esmc6b_3di_gated_boundary,2,Q2EI26,0,0,0,0,0,0,1,1,1,1,1,1,0,0,0,0,0,0
esmc6b_3di_gated_boundary,2,Q2F9P2,1,1,1,1,1,1,0,0,0,0,0,0,0,0,0,0,0,0
esmc6b_3di_gated_boundary,2,Q2F9P4,1,1,1,1,1,1,0,0,0,0,0,0,0,0,0,0,0,0
esmc6b_3di_gated_boundary,2,Q2I2R6,0,0,0,0,2,2,2,2,2,2,0,0,2,2,2,2,0,0
esmc6b_3di_gated_boundary,2,Q2I2R7,2,2,2,2,2,2,0,0,0,0,0,0,0,0,0,0,0,0
esmc6b_3di_gated_boundary,2,Q2I2R8,1,1,2,2,2,2,1,1,0,0,0,0,1,1,0,0,0,0
esmc6b_3di_gated_boundary,2,Q2L8Z0,0,0,0,0,0,0,1,1,1,1,1,1,0,0,0,0,0,0
esmc6b_3di_gated_boundary,2,Q2MIB7,0,0,0,0,0,0,1,1,1,1,1,1,0,0,0,0,0,0
esmc6b_3di_gated_boundary,2,Q2MIK4,0,0,0,0,0,0,1,1,1,1,1,1,0,0,0,0,0,0
esmc6b_3di_gated_boundary,2,Q2PFV2,0,0,0,0,0,0,2,2,2,2,2,2,1,1,1,1,1,1
esmc6b_3di_gated_boundary,2,Q2PMS6,0,0,0,0,0,0,1,1,1,1,1,1,0,0,0,0,0,0
esmc6b_3di_gated_boundary,2,Q2RQ23,1,1,1,1,1,1,0,0,0,0,0,0,0,0,0,0,0,0
esmc6b_3di_gated_boundary,2,Q2V2G5,0,0,0,0,0,0,2,2,2,2,2,2,1,1,1,1,1,1
esmc6b_3di_gated_boundary,2,Q2VEJ3,0,0,0,0,0,0,1,1,1,1,1,1,0,0,0,0,0,0
esmc6b_3di_gated_boundary,2,Q2XQ09,1,1,1,1,1,1,0,0,0,0,0,0,0,0,0,0,0,0
esmc6b_3di_gated_boundary,2,Q31CR0,1,1,1,1,1,1,0,0,0,0,0,0,0,0,0,0,0,0
esmc6b_3di_gated_boundary,2,Q32LD3,0,1,1,1,1,1,1,0,0,0,0,0,1,0,0,0,0,0
esmc6b_3di_gated_boundary,2,Q32RP3,0,0,0,0,0,0,1,1,1,1,1,1,0,0,0,0,0,0
esmc6b_3di_gated_boundary,2,Q32RW6,1,1,1,1,1,1,0,0,0,0,0,0,0,0,0,0,0,0
esmc6b_3di_gated_boundary,2,Q33C56,0,0,0,0,0,0,1,1,1,1,1,1,0,0,0,0,0,0
esmc6b_3di_gated_boundary,2,Q3BAQ9,0,0,0,0,0,0,1,1,1,1,1,1,0,0,0,0,0,0
esmc6b_3di_gated_boundary,2,Q3C1G0,0,0,0,0,0,0,1,1,1,1,1,1,0,0,0,0,0,0
esmc6b_3di_gated_boundary,2,Q3E880,1,1,1,1,1,1,0,0,0,0,0,0,0,0,0,0,0,0
esmc6b_3di_gated_boundary,2,Q3ECM0,0,2,4,4,4,4,4,2,0,0,0,0,5,3,1,1,1,1
esmc6b_3di_gated_boundary,2,Q3M4K0,1,1,1,1,1,1,0,0,0,0,0,0,0,0,0,0,0,0
esmc6b_3di_gated_boundary,2,Q3T0P5,1,1,1,2,2,2,1,1,1,0,0,0,1,1,1,0,0,0
esmc6b_3di_gated_boundary,2,Q3YEE9,2,2,2,2,2,2,0,0,0,0,0,0,0,0,0,0,0,0
esmc6b_3di_gated_boundary,2,Q3YEG9,1,2,2,2,2,2,1,0,0,0,0,0,1,0,0,0,0,0
esmc6b_3di_gated_boundary,2,Q3YEH0,0,1,2,2,2,2,2,1,0,0,0,0,2,1,0,0,0,0
esmc6b_3di_gated_boundary,2,Q3YEH1,1,1,1,2,2,2,1,1,1,0,0,0,1,1,1,0,0,0
esmc6b_3di_gated_boundary,2,Q3YEH2,1,2,2,2,2,2,1,0,0,0,0,0,1,0,0,0,0,0
esmc6b_3di_gated_boundary,2,Q3YEH4,0,1,2,2,2,2,2,1,0,0,0,0,2,1,0,0,0,0
esmc6b_3di_gated_boundary,2,Q3YEH5,1,2,2,2,2,2,1,0,0,0,0,0,1,0,0,0,0,0
esmc6b_3di_gated_boundary,2,Q3YEH6,2,2,2,2,2,2,0,0,0,0,0,0,0,0,0,0,0,0
esmc6b_3di_gated_boundary,2,Q3YEH7,2,2,2,2,2,2,0,0,0,0,0,0,0,0,0,0,0,0
esmc6b_3di_gated_boundary,2,Q3ZD69,0,0,0,0,0,0,1,1,1,1,1,1,1,1,1,1,1,1
esmc6b_3di_gated_boundary,2,Q3ZJ18,1,1,1,1,1,1,0,0,0,0,0,0,0,0,0,0,0,0
esmc6b_3di_gated_boundary,2,Q41142,0,0,0,0,0,0,1,1,1,1,1,1,0,0,0,0,0,0
esmc6b_3di_gated_boundary,2,Q43007,0,0,0,0,0,0,1,1,1,1,1,1,0,0,0,0,0,0
esmc6b_3di_gated_boundary,2,Q46HA2,1,1,1,1,1,1,0,0,0,0,0,0,0,0,0,0,0,0
esmc6b_3di_gated_boundary,2,Q49L15,0,0,0,0,0,0,1,1,1,1,1,1,0,0,0,0,0,0
esmc6b_3di_gated_boundary,2,Q4G3C7,1,1,1,1,1,1,0,0,0,0,0,0,0,0,0,0,0,0
esmc6b_3di_gated_boundary,2,Q4GWU5,0,0,2,2,2,2,2,2,0,0,0,0,2,2,0,0,0,0
esmc6b_3di_gated_boundary,2,Q4QXT9,1,1,1,1,1,1,0,0,0,0,0,0,1,1,1,1,1,1
esmc6b_3di_gated_boundary,2,Q4V3D2,1,1,1,1,1,1,0,0,0,0,0,0,1,1,1,1,1,1
esmc6b_3di_gated_boundary,2,Q4VZQ0,0,0,0,0,0,0,1,1,1,1,1,1,0,0,0,0,0,0
esmc6b_3di_gated_boundary,2,Q4ZFU1,0,1,1,1,1,1,1,0,0,0,0,0,1,0,0,0,0,0
esmc6b_3di_gated_boundary,2,Q4ZFU2,0,1,1,1,1,1,1,0,0,0,0,0,1,0,0,0,0,0
esmc6b_3di_gated_boundary,2,Q51822,1,1,1,1,1,1,0,0,0,0,0,0,0,0,0,0,0,0
esmc6b_3di_gated_boundary,2,Q51825,1,1,1,1,1,1,0,0,0,0,0,0,0,0,0,0,0,0
esmc6b_3di_gated_boundary,2,Q51826,1,1,1,1,1,1,0,0,0,0,0,0,0,0,0,0,0,0
esmc6b_3di_gated_boundary,2,Q51827,1,1,1,1,1,1,0,0,0,0,0,0,0,0,0,0,0,0
esmc6b_3di_gated_boundary,2,Q54LM2,0,1,1,1,1,1,1,0,0,0,0,0,1,0,0,0,0,0
esmc6b_3di_gated_boundary,2,Q56P17,0,0,0,0,0,0,1,1,1,1,1,1,0,0,0,0,0,0
esmc6b_3di_gated_boundary,2,Q56VR3,1,2,2,2,2,2,1,0,0,0,0,0,1,0,0,0,0,0
esmc6b_3di_gated_boundary,2,Q589B1,0,0,0,0,0,0,1,1,1,1,1,1,0,0,0,0,0,0
esmc6b_3di_gated_boundary,2,Q58L93,0,1,2,2,2,2,2,1,0,0,0,0,2,1,0,0,0,0
esmc6b_3di_gated_boundary,2,Q58L94,0,1,2,2,2,2,2,1,0,0,0,0,2,1,0,0,0,0
esmc6b_3di_gated_boundary,2,Q58L95,0,1,2,2,2,2,2,1,0,0,0,0,2,1,0,0,0,0
esmc6b_3di_gated_boundary,2,Q58L96,0,1,2,2,2,2,2,1,0,0,0,0,2,1,0,0,0,0
esmc6b_3di_gated_boundary,2,Q59L96,1,1,1,1,1,1,0,0,0,0,0,0,0,0,0,0,0,0
esmc6b_3di_gated_boundary,2,Q59UP6,1,1,1,1,1,1,0,0,0,0,0,0,0,0,0,0,0,0
esmc6b_3di_gated_boundary,2,Q59UT4,1,1,1,1,1,1,0,0,0,0,0,0,0,0,0,0,0,0
esmc6b_3di_gated_boundary,2,Q59UT5,1,1,1,1,1,1,0,0,0,0,0,0,0,0,0,0,0,0
esmc6b_3di_gated_boundary,2,Q59VW6,0,0,0,0,0,0,1,1,1,1,1,1,1,1,1,1,1,1
esmc6b_3di_gated_boundary,2,Q5A1A9,0,1,1,1,1,1,1,0,0,0,0,0,1,0,0,0,0,0
esmc6b_3di_gated_boundary,2,Q5AA33,0,0,0,0,0,0,1,1,1,1,1,1,1,1,1,1,1,1
esmc6b_3di_gated_boundary,2,Q5ABW2,1,1,1,1,1,1,0,0,0,0,0,0,0,0,0,0,0,0
esmc6b_3di_gated_boundary,2,Q5AFN8,1,1,1,1,1,1,0,0,0,0,0,0,0,0,0,0,0,0
esmc6b_3di_gated_boundary,2,Q5AGC4,1,1,1,1,1,1,0,0,0,0,0,0,0,0,0,0,0,0
esmc6b_3di_gated_boundary,2,Q5AHE8,0,0,1,1,1,1,1,1,0,0,0,0,1,1,0,0,0,0
esmc6b_3di_gated_boundary,2,Q5AJY5,0,1,1,1,1,1,1,0,0,0,0,0,1,0,0,0,0,0
esmc6b_3di_gated_boundary,2,Q5AK97,0,0,1,1,1,1,1,1,0,0,0,0,1,1,0,0,0,0
esmc6b_3di_gated_boundary,2,Q5AMF7,0,0,1,1,1,1,1,1,0,0,0,0,1,1,0,0,0,0
esmc6b_3di_gated_boundary,2,Q5CZK2,2,2,2,2,2,2,0,0,0,0,0,0,0,0,0,0,0,0
esmc6b_3di_gated_boundary,2,Q5CZK5,2,2,2,2,2,2,0,0,0,0,0,0,0,0,0,0,0,0
esmc6b_3di_gated_boundary,2,Q5DW47,1,1,1,1,1,1,2,2,2,2,2,2,1,1,1,1,1,1
esmc6b_3di_gated_boundary,2,Q5F1N4,0,0,0,0,0,0,1,1,1,1,1,1,0,0,0,0,0,0
esmc6b_3di_gated_boundary,2,Q5G8A6,0,0,0,0,0,0,1,1,1,1,1,1,0,0,0,0,0,0
esmc6b_3di_gated_boundary,2,Q5I4E5,1,1,1,1,1,1,0,0,0,0,0,0,1,1,1,1,1,1
esmc6b_3di_gated_boundary,2,Q5I4E6,1,1,1,1,1,1,1,1,1,1,1,1,0,0,0,0,0,0
esmc6b_3di_gated_boundary,2,Q5IS54,0,0,0,0,0,0,2,2,2,2,2,2,1,1,1,1,1,1
esmc6b_3di_gated_boundary,2,Q5IS99,0,0,0,0,0,0,2,2,2,2,2,2,1,1,1,1,1,1
esmc6b_3di_gated_boundary,2,Q5R790,0,0,0,0,0,0,1,1,1,1,1,1,0,0,0,0,0,0
esmc6b_3di_gated_boundary,2,Q5R8J0,1,1,1,1,1,1,0,0,0,0,0,0,0,0,0,0,0,0
esmc6b_3di_gated_boundary,2,Q5SC59,1,1,1,1,1,1,0,0,0,0,0,0,2,2,2,2,2,2
esmc6b_3di_gated_boundary,2,Q5SC60,1,1,1,1,1,1,0,0,0,0,0,0,2,2,2,2,2,2
esmc6b_3di_gated_boundary,2,Q5SCX1,0,0,0,0,0,0,1,1,1,1,1,1,0,0,0,0,0,0
esmc6b_3di_gated_boundary,2,Q5XUW8,0,0,0,0,0,0,1,1,1,1,1,1,0,0,0,0,0,0
esmc6b_3di_gated_boundary,2,Q5Y4U4,0,1,1,1,1,1,1,0,0,0,0,0,1,0,0,0,0,0
esmc6b_3di_gated_boundary,2,Q60136,1,1,1,1,1,1,0,0,0,0,0,0,0,0,0,0,0,0
esmc6b_3di_gated_boundary,2,Q60431,0,1,1,1,1,1,2,1,1,1,1,1,1,0,0,0,0,0
esmc6b_3di_gated_boundary,2,Q624D2,0,0,0,1,1,1,1,1,1,0,0,0,1,1,1,0,0,0
esmc6b_3di_gated_boundary,2,Q63064,0,1,1,1,1,1,2,1,1,1,1,1,1,0,0,0,0,0
esmc6b_3di_gated_boundary,2,Q63198,0,0,0,0,0,0,1,1,1,1,1,1,2,2,2,2,2,2
esmc6b_3di_gated_boundary,2,Q63207,0,1,1,2,2,2,2,1,1,0,0,0,2,1,1,0,0,0
esmc6b_3di_gated_boundary,2,Q634M0,0,0,0,0,0,0,1,1,1,1,1,1,0,0,0,0,0,0
esmc6b_3di_gated_boundary,2,Q64389,1,1,1,1,1,1,1,1,1,1,1,1,0,0,0,0,0,0
esmc6b_3di_gated_boundary,2,Q65H47,0,0,0,0,0,0,1,1,1,1,1,1,0,0,0,0,0,0
esmc6b_3di_gated_boundary,2,Q68IP5,1,1,1,2,2,2,1,1,1,0,0,0,1,1,1,0,0,0
esmc6b_3di_gated_boundary,2,Q68LC0,0,1,1,1,1,1,1,0,0,0,0,0,2,1,1,1,1,1
esmc6b_3di_gated_boundary,2,Q68S23,0,0,0,0,0,0,1,1,1,1,1,1,0,0,0,0,0,0
esmc6b_3di_gated_boundary,2,Q68Y22,1,1,1,1,1,2,1,1,1,1,1,0,1,1,1,1,1,0
esmc6b_3di_gated_boundary,2,Q698K8,0,0,0,0,0,0,1,1,1,1,1,1,1,1,1,1,1,1
esmc6b_3di_gated_boundary,2,Q6B8V0,1,1,1,1,1,1,0,0,0,0,0,0,0,0,0,0,0,0
esmc6b_3di_gated_boundary,2,Q6ENJ4,0,0,0,0,0,0,1,1,1,1,1,1,0,0,0,0,0,0
esmc6b_3di_gated_boundary,2,Q6ENY5,0,0,0,0,0,0,1,1,1,1,1,1,0,0,0,0,0,0
esmc6b_3di_gated_boundary,2,Q6EW65,0,0,0,0,0,0,1,1,1,1,1,1,0,0,0,0,0,0
esmc6b_3di_gated_boundary,2,Q6GUL6,0,1,1,1,1,1,1,0,0,0,0,0,2,1,1,1,1,1
esmc6b_3di_gated_boundary,2,Q6HDK0,0,0,0,0,0,0,1,1,1,1,1,1,0,0,0,0,0,0
esmc6b_3di_gated_boundary,2,Q6IVA5,0,1,1,1,1,1,1,0,0,0,0,0,2,1,1,1,1,1
esmc6b_3di_gated_boundary,2,Q6IWB1,1,1,1,1,1,1,0,0,0,0,0,0,0,0,0,0,0,0
esmc6b_3di_gated_boundary,2,Q6JLX1,0,1,1,1,1,1,1,0,0,0,0,0,2,1,1,1,1,1
esmc6b_3di_gated_boundary,2,Q6JQN2,2,2,2,2,2,2,0,0,0,0,0,0,0,0,0,0,0,0
esmc6b_3di_gated_boundary,2,Q6L3B3,0,0,0,0,0,0,1,1,1,1,1,1,0,0,0,0,0,0
esmc6b_3di_gated_boundary,2,Q6M0N7,1,1,1,1,1,1,0,0,0,0,0,0,0,0,0,0,0,0
esmc6b_3di_gated_boundary,2,Q6NKW9,1,1,1,1,1,1,0,0,0,0,0,0,0,0,0,0,0,0
esmc6b_3di_gated_boundary,2,Q6PN80,0,0,0,0,0,0,2,2,2,2,2,2,2,2,2,2,2,2
esmc6b_3di_gated_boundary,2,Q6PN81,0,1,1,2,2,2,2,1,1,0,0,0,2,1,1,0,0,0
esmc6b_3di_gated_boundary,2,Q6PN82,1,1,2,2,2,2,1,1,0,0,0,0,1,1,0,0,0,0
esmc6b_3di_gated_boundary,2,Q6PN83,1,1,2,2,2,2,1,1,0,0,0,0,1,1,0,0,0,0
esmc6b_3di_gated_boundary,2,Q6PN84,1,1,1,2,2,2,1,1,1,0,0,0,1,1,1,0,0,0
esmc6b_3di_gated_boundary,2,Q6PN85,0,0,1,2,2,2,2,2,1,0,0,0,2,2,1,0,0,0
esmc6b_3di_gated_boundary,2,Q6PN86,1,1,1,2,2,2,1,1,1,0,0,0,1,1,1,0,0,0
esmc6b_3di_gated_boundary,2,Q6PPB3,2,2,2,2,2,2,0,0,0,0,0,0,0,0,0,0,0,0
esmc6b_3di_gated_boundary,2,Q6PTD1,2,2,2,2,2,2,0,0,0,0,0,0,0,0,0,0,0,0
esmc6b_3di_gated_boundary,2,Q6PTD4,1,2,2,2,2,2,1,0,0,0,0,0,1,0,0,0,0,0
esmc6b_3di_gated_boundary,2,Q6PTD5,1,2,2,2,2,2,1,0,0,0,0,0,1,0,0,0,0,0
esmc6b_3di_gated_boundary,2,Q6PTD6,1,2,2,2,2,2,1,0,0,0,0,0,1,0,0,0,0,0
esmc6b_3di_gated_boundary,2,Q6PTD7,2,2,2,2,2,2,0,0,0,0,0,0,0,0,0,0,0,0
esmc6b_3di_gated_boundary,2,Q6RY98,0,0,0,0,0,0,15,15,15,15,15,15,13,13,13,13,13,13
esmc6b_3di_gated_boundary,2,Q6SA95,0,0,0,1,1,1,2,2,2,1,1,1,1,1,1,0,0,0
esmc6b_3di_gated_boundary,2,Q6T271,0,0,0,0,0,0,1,1,1,1,1,1,1,1,1,1,1,1
esmc6b_3di_gated_boundary,2,Q6UWN0,0,1,1,1,1,1,1,0,0,0,0,0,1,0,0,0,0,0
esmc6b_3di_gated_boundary,2,Q6YXN4,1,1,1,1,1,1,0,0,0,0,0,0,0,0,0,0,0,0
esmc6b_3di_gated_boundary,2,Q70XC3,1,2,2,2,2,2,1,0,0,0,0,0,4,3,3,3,3,3
esmc6b_3di_gated_boundary,2,Q70Y14,0,0,0,0,0,0,1,1,1,1,1,1,0,0,0,0,0,0
esmc6b_3di_gated_boundary,2,Q730L4,0,0,0,0,0,0,1,1,1,1,1,1,0,0,0,0,0,0
esmc6b_3di_gated_boundary,2,Q79AV1,1,1,1,1,1,1,0,0,0,0,0,0,0,0,0,0,0,0
esmc6b_3di_gated_boundary,2,Q7M6Z0,0,0,1,1,1,1,1,1,0,0,0,0,1,1,0,0,0,0
esmc6b_3di_gated_boundary,2,Q7SZD9,0,0,0,0,0,0,1,1,1,1,1,1,0,0,0,0,0,0
esmc6b_3di_gated_boundary,2,Q7SZE0,0,0,0,0,0,0,1,1,1,1,1,1,0,0,0,0,0,0
esmc6b_3di_gated_boundary,2,Q7U9L1,1,1,1,1,1,1,0,0,0,0,0,0,0,0,0,0,0,0
esmc6b_3di_gated_boundary,2,Q7V323,1,1,1,1,1,1,0,0,0,0,0,0,0,0,0,0,0,0
esmc6b_3di_gated_boundary,2,Q7V4T1,1,1,1,1,1,1,0,0,0,0,0,0,0,0,0,0,0,0
esmc6b_3di_gated_boundary,2,Q7VDR4,1,1,1,1,1,1,0,0,0,0,0,0,0,0,0,0,0,0
esmc6b_3di_gated_boundary,2,Q7YJY5,0,0,0,0,0,0,1,1,1,1,1,1,0,0,0,0,0,0
esmc6b_3di_gated_boundary,2,Q7YZS9,1,1,1,1,1,1,0,0,0,0,0,0,1,1,1,1,1,1
esmc6b_3di_gated_boundary,2,Q7Z090,0,0,1,1,1,1,1,1,0,0,0,0,1,1,0,0,0,0
esmc6b_3di_gated_boundary,2,Q7Z1Y7,0,0,0,0,0,0,1,1,1,1,1,1,1,1,1,1,1,1
esmc6b_3di_gated_boundary,2,Q7ZZS9,0,0,0,0,0,0,1,1,1,1,1,1,0,0,0,0,0,0
esmc6b_3di_gated_boundary,2,Q804X6,0,0,1,1,1,1,2,2,1,1,1,1,1,1,0,0,0,0
esmc6b_3di_gated_boundary,2,Q805F4,0,0,0,0,0,0,1,1,1,1,1,1,0,0,0,0,0,0
esmc6b_3di_gated_boundary,2,Q805F6,0,0,0,0,0,0,1,1,1,1,1,1,0,0,0,0,0,0
esmc6b_3di_gated_boundary,2,Q80WD0,1,1,1,1,1,1,0,0,0,0,0,0,0,0,0,0,0,0
esmc6b_3di_gated_boundary,2,Q80WD1,0,0,0,0,0,0,1,1,1,1,1,1,1,1,1,1,1,1
esmc6b_3di_gated_boundary,2,Q812G9,2,2,2,2,2,2,0,0,0,0,0,0,0,0,0,0,0,0
esmc6b_3di_gated_boundary,2,Q818E2,0,0,0,0,0,0,1,1,1,1,1,1,0,0,0,0,0,0
esmc6b_3di_gated_boundary,2,Q81LR5,0,0,0,0,0,0,1,1,1,1,1,1,0,0,0,0,0,0
esmc6b_3di_gated_boundary,2,Q85BB6,0,0,0,0,0,0,1,1,1,1,1,1,0,0,0,0,0,0
esmc6b_3di_gated_boundary,2,Q85FN7,1,1,1,1,1,1,0,0,0,0,0,0,0,0,0,0,0,0
esmc6b_3di_gated_boundary,2,Q85FY2,1,1,1,1,1,1,0,0,0,0,0,0,0,0,0,0,0,0
esmc6b_3di_gated_boundary,2,Q85X72,0,0,0,0,0,0,1,1,1,1,1,1,0,0,0,0,0,0
esmc6b_3di_gated_boundary,2,Q86N75,1,1,1,1,1,1,0,0,0,0,0,0,0,0,0,0,0,0
esmc6b_3di_gated_boundary,2,Q86RB2,0,0,1,1,1,1,1,1,0,0,0,0,2,2,1,1,1,1
esmc6b_3di_gated_boundary,2,Q86UN2,1,1,1,1,1,1,0,0,0,0,0,0,0,0,0,0,0,0
esmc6b_3di_gated_boundary,2,Q86UN3,0,0,0,0,0,0,1,1,1,1,1,1,1,1,1,1,1,1
esmc6b_3di_gated_boundary,2,Q877A8,1,1,1,1,1,1,0,0,0,0,0,0,0,0,0,0,0,0
esmc6b_3di_gated_boundary,2,Q8BFS3,2,2,2,2,2,2,0,0,0,0,0,0,0,0,0,0,0,0
esmc6b_3di_gated_boundary,2,Q8BG41,1,1,1,1,1,1,0,0,0,0,0,0,0,0,0,0,0,0
esmc6b_3di_gated_boundary,2,Q8BVP6,0,1,1,1,1,1,1,0,0,0,0,0,1,0,0,0,0,0
esmc6b_3di_gated_boundary,2,Q8CHK2,2,2,2,2,2,2,0,0,0,0,0,0,0,0,0,0,0,0
esmc6b_3di_gated_boundary,2,Q8CJY7,0,0,1,1,1,1,1,1,0,0,0,0,1,1,0,0,0,0
esmc6b_3di_gated_boundary,2,Q8CXC9,0,0,0,0,0,0,1,1,1,1,1,1,0,0,0,0,0,0
esmc6b_3di_gated_boundary,2,Q8I912,1,1,1,1,1,1,0,0,0,0,0,0,0,0,0,0,0,0
esmc6b_3di_gated_boundary,2,Q8I913,1,1,1,1,1,1,0,0,0,0,0,0,0,0,0,0,0,0
esmc6b_3di_gated_boundary,2,Q8I914,0,0,0,1,1,1,1,1,1,0,0,0,1,1,1,0,0,0
esmc6b_3di_gated_boundary,2,Q8IDN0,0,1,1,1,1,1,1,0,0,0,0,0,1,0,0,0,0,0
esmc6b_3di_gated_boundary,2,Q8IS98,0,1,1,1,1,1,1,0,0,0,0,0,1,0,0,0,0,0
esmc6b_3di_gated_boundary,2,Q8IVL8,1,1,1,1,1,1,0,0,0,0,0,0,0,0,0,0,0,0
esmc6b_3di_gated_boundary,2,Q8JIM3,5,5,5,5,6,6,1,1,1,1,0,0,1,1,1,1,0,0
esmc6b_3di_gated_boundary,2,Q8JJ51,0,0,0,0,0,0,1,1,1,1,1,1,0,0,0,0,0,0
esmc6b_3di_gated_boundary,2,Q8K0S5,1,1,1,1,1,1,0,0,0,0,0,0,0,0,0,0,0,0
esmc6b_3di_gated_boundary,2,Q8K3U6,0,0,1,1,1,1,1,1,0,0,0,0,1,1,0,0,0,0
esmc6b_3di_gated_boundary,2,Q8K4P1,1,1,1,1,1,1,0,0,0,0,0,0,0,0,0,0,0,0
esmc6b_3di_gated_boundary,2,Q8K4P2,1,1,1,1,1,1,0,0,0,0,0,0,0,0,0,0,0,0
esmc6b_3di_gated_boundary,2,Q8LW54,1,1,2,2,2,2,1,1,0,0,0,0,1,1,0,0,0,0
esmc6b_3di_gated_boundary,2,Q8MA00,1,1,1,1,1,1,0,0,0,0,0,0,0,0,0,0,0,0
esmc6b_3di_gated_boundary,2,Q8MJC3,1,1,1,1,1,1,1,1,1,1,1,1,2,2,2,2,2,2
esmc6b_3di_gated_boundary,2,Q8MJU1,1,1,1,1,1,1,1,1,1,1,1,1,2,2,2,2,2,2
esmc6b_3di_gated_boundary,2,Q8MJV4,1,1,1,1,1,1,0,0,0,0,0,0,0,0,0,0,0,0
esmc6b_3di_gated_boundary,2,Q8MKI5,0,0,0,0,0,0,2,2,2,2,2,2,1,1,1,1,1,1
esmc6b_3di_gated_boundary,2,Q8MMJ7,2,2,2,2,2,2,0,0,0,0,0,0,0,0,0,0,0,0
esmc6b_3di_gated_boundary,2,Q8MTX2,2,2,2,2,2,2,0,0,0,0,0,0,0,0,0,0,0,0
esmc6b_3di_gated_boundary,2,Q8N6Q3,1,1,1,1,1,1,0,0,0,0,0,0,0,0,0,0,0,0
esmc6b_3di_gated_boundary,2,Q8NG41,1,1,1,1,1,1,0,0,0,0,0,0,0,0,0,0,0,0
esmc6b_3di_gated_boundary,2,Q8QG89,0,0,0,0,0,0,1,1,1,1,1,1,0,0,0,0,0,0
esmc6b_3di_gated_boundary,2,Q8RB77,0,0,0,0,0,0,1,1,1,1,1,1,0,0,0,0,0,0
esmc6b_3di_gated_boundary,2,Q8S8Y4,0,0,0,0,0,0,1,1,1,1,1,1,0,0,0,0,0,0
esmc6b_3di_gated_boundary,2,Q8SQ23,0,0,0,0,1,1,1,1,1,1,0,0,1,1,1,1,0,0
esmc6b_3di_gated_boundary,2,Q8SWI4,0,0,0,0,0,0,1,1,1,1,1,1,1,1,1,1,1,1
esmc6b_3di_gated_boundary,2,Q8T9R8,0,0,0,0,0,0,1,1,1,1,1,1,0,0,0,0,0,0
esmc6b_3di_gated_boundary,2,Q8UUG0,2,2,2,2,2,2,0,0,0,0,0,0,0,0,0,0,0,0
esmc6b_3di_gated_boundary,2,Q8UUG2,2,2,2,2,2,2,0,0,0,0,0,0,0,0,0,0,0,0
esmc6b_3di_gated_boundary,2,Q8WI34,1,1,1,1,1,1,0,0,0,0,0,0,0,0,0,0,0,0
esmc6b_3di_gated_boundary,2,Q8WPU1,0,1,1,1,1,1,1,0,0,0,0,0,1,0,0,0,0,0
esmc6b_3di_gated_boundary,2,Q8WXF3,2,2,2,2,2,2,0,0,0,0,0,0,0,0,0,0,0,0
esmc6b_3di_gated_boundary,2,Q8XIS3,0,0,0,0,0,0,1,1,1,1,1,1,0,0,0,0,0,0
esmc6b_3di_gated_boundary,2,Q8YYG5,1,1,1,1,1,1,0,0,0,0,0,0,0,0,0,0,0,0
esmc6b_3di_gated_boundary,2,Q90325,0,1,1,1,1,1,1,0,0,0,0,0,2,1,1,1,1,1
esmc6b_3di_gated_boundary,2,Q90326,0,1,1,1,1,1,1,0,0,0,0,0,2,1,1,1,1,1
esmc6b_3di_gated_boundary,2,Q90391,0,0,0,0,0,0,1,1,1,1,1,1,0,0,0,0,0,0
esmc6b_3di_gated_boundary,2,Q90392,0,0,0,0,0,0,1,1,1,1,1,1,0,0,0,0,0,0
esmc6b_3di_gated_boundary,2,Q90VW7,0,0,0,0,0,0,2,2,2,2,2,2,2,2,2,2,2,2
esmc6b_3di_gated_boundary,2,Q90WC0,0,0,0,0,0,0,1,1,1,1,1,1,1,1,1,1,1,1
esmc6b_3di_gated_boundary,2,Q90YA6,0,0,0,0,0,0,1,1,1,1,1,1,0,0,0,0,0,0
esmc6b_3di_gated_boundary,2,Q90ZX8,0,0,0,0,0,0,2,2,2,2,2,2,2,2,2,2,2,2
esmc6b_3di_gated_boundary,2,Q90ZY0,0,0,0,0,0,0,2,2,2,2,2,2,2,2,2,2,2,2
esmc6b_3di_gated_boundary,2,Q92405,1,1,1,1,1,1,0,0,0,0,0,0,0,0,0,0,0,0
esmc6b_3di_gated_boundary,2,Q93R80,1,1,1,1,1,1,0,0,0,0,0,0,0,0,0,0,0,0
esmc6b_3di_gated_boundary,2,Q93V72,1,1,1,1,1,1,0,0,0,0,0,0,0,0,0,0,0,0
esmc6b_3di_gated_boundary,2,Q93Z08,0,1,1,1,1,1,1,0,0,0,0,0,1,0,0,0,0,0
esmc6b_3di_gated_boundary,2,Q95222,0,0,0,0,0,0,1,1,1,1,1,1,2,2,2,2,2,2
esmc6b_3di_gated_boundary,2,Q95ND5,0,0,0,0,0,0,2,2,2,2,2,2,1,1,1,1,1,1
esmc6b_3di_gated_boundary,2,Q95ND7,1,1,1,1,1,1,1,1,1,1,1,1,0,0,0,0,0,0
esmc6b_3di_gated_boundary,2,Q96316,1,1,1,1,1,1,0,0,0,0,0,0,0,0,0,0,0,0
esmc6b_3di_gated_boundary,2,Q96PL2,0,0,1,1,1,1,1,1,0,0,0,0,1,1,0,0,0,0
esmc6b_3di_gated_boundary,2,Q97JJ9,0,0,0,0,0,0,1,1,1,1,1,1,0,0,0,0,0,0
esmc6b_3di_gated_boundary,2,Q98995,0,0,0,0,0,0,1,1,1,1,1,1,0,0,0,0,0,0
esmc6b_3di_gated_boundary,2,Q98SP2,0,0,0,0,0,0,1,1,1,1,1,1,0,0,0,0,0,0
esmc6b_3di_gated_boundary,2,Q99013,0,0,0,0,0,0,1,1,1,1,1,1,2,2,2,2,2,2
esmc6b_3di_gated_boundary,2,Q99219,0,0,0,0,0,0,1,1,1,1,1,1,0,0,0,0,0,0
esmc6b_3di_gated_boundary,2,Q99M75,1,1,1,1,1,1,0,0,0,0,0,0,0,0,0,0,0,0
esmc6b_3di_gated_boundary,2,Q99PI8,1,1,1,1,1,1,0,0,0,0,0,0,0,0,0,0,0,0
esmc6b_3di_gated_boundary,2,Q9AVB0,0,0,1,1,1,1,2,2,1,1,1,1,1,1,0,0,0,0
esmc6b_3di_gated_boundary,2,Q9AYP9,0,0,0,1,2,2,2,2,2,1,0,0,2,2,2,1,0,0
esmc6b_3di_gated_boundary,2,Q9BBS2,0,0,0,0,0,0,1,1,1,1,1,1,0,0,0,0,0,0
esmc6b_3di_gated_boundary,2,Q9BDB7,0,0,0,0,0,0,1,1,1,1,1,1,0,0,0,0,0,0
esmc6b_3di_gated_boundary,2,Q9BH21,1,2,2,2,2,2,1,0,0,0,0,0,1,0,0,0,0,0
esmc6b_3di_gated_boundary,2,Q9BH75,1,2,2,2,2,2,1,0,0,0,0,0,1,0,0,0,0,0
esmc6b_3di_gated_boundary,2,Q9BH79,0,0,0,0,0,0,2,2,2,2,2,2,2,2,2,2,2,2
esmc6b_3di_gated_boundary,2,Q9BH81,2,2,2,2,2,2,0,0,0,0,0,0,0,0,0,0,0,0
esmc6b_3di_gated_boundary,2,Q9BH86,1,2,2,2,2,2,1,0,0,0,0,0,1,0,0,0,0,0
esmc6b_3di_gated_boundary,2,Q9BHA6,1,2,2,2,2,2,1,0,0,0,0,0,1,0,0,0,0,0
esmc6b_3di_gated_boundary,2,Q9BMP8,1,1,1,1,1,1,0,0,0,0,0,0,0,0,0,0,0,0
esmc6b_3di_gated_boundary,2,Q9BP43,0,1,1,1,1,1,1,0,0,0,0,0,3,2,2,2,2,2
esmc6b_3di_gated_boundary,2,Q9BP46,0,0,0,0,0,0,2,2,2,2,2,2,2,2,2,2,2,2
esmc6b_3di_gated_boundary,2,Q9BP47,0,0,0,0,0,0,1,1,1,1,1,1,1,1,1,1,1,1
esmc6b_3di_gated_boundary,2,Q9BP51,1,2,2,2,2,2,1,0,0,0,0,0,1,0,0,0,0,0
esmc6b_3di_gated_boundary,2,Q9BP53,2,2,2,2,2,2,0,0,0,0,0,0,0,0,0,0,0,0
esmc6b_3di_gated_boundary,2,Q9BP56,2,2,2,2,2,2,0,0,0,0,0,0,0,0,0,0,0,0
esmc6b_3di_gated_boundary,2,Q9BPD1,2,2,2,2,2,2,0,0,0,0,0,0,0,0,0,0,0,0
esmc6b_3di_gated_boundary,2,Q9BPD2,0,0,0,0,0,0,2,2,2,2,2,2,2,2,2,2,2,2
esmc6b_3di_gated_boundary,2,Q9BPD3,2,2,2,2,2,2,0,0,0,0,0,0,0,0,0,0,0,0
esmc6b_3di_gated_boundary,2,Q9BPD4,1,1,2,2,2,2,1,1,0,0,0,0,1,1,0,0,0,0
esmc6b_3di_gated_boundary,2,Q9BPD5,2,2,2,2,2,2,0,0,0,0,0,0,0,0,0,0,0,0
esmc6b_3di_gated_boundary,2,Q9BPD6,2,2,2,2,2,2,0,0,0,0,0,0,0,0,0,0,0,0
esmc6b_3di_gated_boundary,2,Q9BPD7,0,0,0,0,0,0,2,2,2,2,2,2,2,2,2,2,2,2
esmc6b_3di_gated_boundary,2,Q9BPD9,0,0,0,0,0,0,2,2,2,2,2,2,2,2,2,2,2,2
esmc6b_3di_gated_boundary,2,Q9BPE0,0,0,0,0,0,0,2,2,2,2,2,2,2,2,2,2,2,2
esmc6b_3di_gated_boundary,2,Q9BPE1,0,0,0,0,0,0,2,2,2,2,2,2,2,2,2,2,2,2
esmc6b_3di_gated_boundary,2,Q9BPE2,2,2,2,2,2,2,0,0,0,0,0,0,0,0,0,0,0,0
esmc6b_3di_gated_boundary,2,Q9BPE3,0,0,0,0,0,0,2,2,2,2,2,2,1,1,1,1,1,1
esmc6b_3di_gated_boundary,2,Q9BPE4,2,2,2,2,2,2,0,0,0,0,0,0,0,0,0,0,0,0
esmc6b_3di_gated_boundary,2,Q9BPE5,2,2,2,2,2,2,0,0,0,0,0,0,0,0,0,0,0,0
esmc6b_3di_gated_boundary,2,Q9BPE6,1,2,2,2,2,2,1,0,0,0,0,0,1,0,0,0,0,0
esmc6b_3di_gated_boundary,2,Q9BPE7,1,1,1,2,2,2,1,1,1,0,0,0,1,1,1,0,0,0
esmc6b_3di_gated_boundary,2,Q9BPE9,0,2,2,2,2,2,2,0,0,0,0,0,2,0,0,0,0,0
esmc6b_3di_gated_boundary,2,Q9BPF1,0,1,2,2,2,2,2,1,0,0,0,0,2,1,0,0,0,0
esmc6b_3di_gated_boundary,2,Q9BPF2,2,2,2,2,2,2,0,0,0,0,0,0,0,0,0,0,0,0
esmc6b_3di_gated_boundary,2,Q9BPF3,1,1,1,2,2,2,1,1,1,0,0,0,1,1,1,0,0,0
esmc6b_3di_gated_boundary,2,Q9BPF4,1,2,2,2,2,2,1,0,0,0,0,0,1,0,0,0,0,0
esmc6b_3di_gated_boundary,2,Q9BPF5,2,2,2,2,2,2,0,0,0,0,0,0,0,0,0,0,0,0
esmc6b_3di_gated_boundary,2,Q9BPF7,2,2,2,2,2,2,0,0,0,0,0,0,0,0,0,0,0,0
esmc6b_3di_gated_boundary,2,Q9BPF9,1,1,1,2,2,2,1,1,1,0,0,0,1,1,1,0,0,0
esmc6b_3di_gated_boundary,2,Q9BPG0,1,1,1,2,2,2,1,1,1,0,0,0,1,1,1,0,0,0
esmc6b_3di_gated_boundary,2,Q9BPG1,2,2,2,2,2,2,0,0,0,0,0,0,0,0,0,0,0,0
esmc6b_3di_gated_boundary,2,Q9BPG2,2,2,2,2,2,2,0,0,0,0,0,0,0,0,0,0,0,0
esmc6b_3di_gated_boundary,2,Q9BPG5,1,1,1,2,2,2,1,1,1,0,0,0,1,1,1,0,0,0
esmc6b_3di_gated_boundary,2,Q9BPG6,0,0,1,2,2,2,2,2,1,0,0,0,2,2,1,0,0,0
esmc6b_3di_gated_boundary,2,Q9BPG7,2,2,2,2,2,2,0,0,0,0,0,0,0,0,0,0,0,0
esmc6b_3di_gated_boundary,2,Q9BPG8,1,2,2,2,2,2,1,0,0,0,0,0,1,0,0,0,0,0
esmc6b_3di_gated_boundary,2,Q9BPH0,1,2,2,2,2,2,1,0,0,0,0,0,1,0,0,0,0,0
esmc6b_3di_gated_boundary,2,Q9BPH1,1,1,1,2,2,2,1,1,1,0,0,0,1,1,1,0,0,0
esmc6b_3di_gated_boundary,2,Q9BPH2,1,1,2,2,2,2,1,1,0,0,0,0,1,1,0,0,0,0
esmc6b_3di_gated_boundary,2,Q9BZR6,1,1,1,1,1,1,0,0,0,0,0,0,0,0,0,0,0,0
esmc6b_3di_gated_boundary,2,Q9C169,0,1,1,1,1,1,1,0,0,0,0,0,1,0,0,0,0,0
esmc6b_3di_gated_boundary,2,Q9C7F7,0,0,0,0,0,1,1,1,1,1,1,0,1,1,1,1,1,0
esmc6b_3di_gated_boundary,2,Q9C9B1,1,1,1,1,1,1,0,0,0,0,0,0,0,0,0,0,0,0
esmc6b_3di_gated_boundary,2,Q9CQW3,1,1,1,1,1,1,0,0,0,0,0,0,0,0,0,0,0,0
esmc6b_3di_gated_boundary,2,Q9D3P9,1,2,2,2,2,2,2,1,1,1,1,1,2,1,1,1,1,1
esmc6b_3di_gated_boundary,2,Q9F1K9,1,1,1,1,1,1,0,0,0,0,0,0,0,0,0,0,0,0
esmc6b_3di_gated_boundary,2,Q9FGF6,2,2,2,2,2,2,0,0,0,0,0,0,0,0,0,0,0,0
esmc6b_3di_gated_boundary,2,Q9FGH4,1,1,1,1,1,1,0,0,0,0,0,0,0,0,0,0,0,0
esmc6b_3di_gated_boundary,2,Q9FNQ2,1,1,1,1,1,1,0,0,0,0,0,0,0,0,0,0,0,0
esmc6b_3di_gated_boundary,2,Q9FZ86,1,1,1,1,1,1,0,0,0,0,0,0,0,0,0,0,0,0
esmc6b_3di_gated_boundary,2,Q9FZD0,1,1,1,1,1,1,0,0,0,0,0,0,0,0,0,0,0,0
esmc6b_3di_gated_boundary,2,Q9GJY2,1,1,1,1,1,1,0,0,0,0,0,0,1,1,1,1,1,1
esmc6b_3di_gated_boundary,2,Q9GK16,1,1,1,1,1,1,0,0,0,0,0,0,1,1,1,1,1,1
esmc6b_3di_gated_boundary,2,Q9GLG4,0,0,0,0,0,0,4,4,4,4,4,4,3,3,3,3,3,3
esmc6b_3di_gated_boundary,2,Q9GLP2,1,1,1,1,1,1,1,1,1,1,1,1,0,0,0,0,0,0
esmc6b_3di_gated_boundary,2,Q9GQW4,2,2,2,2,2,2,0,0,0,0,0,0,0,0,0,0,0,0
esmc6b_3di_gated_boundary,2,Q9GSA4,1,1,1,1,1,1,0,0,0,0,0,0,0,0,0,0,0,0
esmc6b_3di_gated_boundary,2,Q9IAB0,0,0,0,0,0,0,1,1,1,1,1,1,0,0,0,0,0,0
esmc6b_3di_gated_boundary,2,Q9IAX6,0,0,0,0,0,0,1,1,1,1,1,1,0,0,0,0,0,0
esmc6b_3di_gated_boundary,2,Q9IAY0,0,0,0,0,0,0,1,1,1,1,1,1,0,0,0,0,0,0
esmc6b_3di_gated_boundary,2,Q9IAY1,0,0,0,0,0,0,1,1,1,1,1,1,0,0,0,0,0,0
esmc6b_3di_gated_boundary,2,Q9IAY2,0,0,0,0,0,0,1,1,1,1,1,1,0,0,0,0,0,0
esmc6b_3di_gated_boundary,2,Q9IAY3,0,0,0,0,0,0,1,1,1,1,1,1,0,0,0,0,0,0
esmc6b_3di_gated_boundary,2,Q9JM53,0,0,0,0,0,0,1,1,1,1,1,1,0,0,0,0,0,0
esmc6b_3di_gated_boundary,2,Q9KD78,0,0,0,0,0,0,1,1,1,1,1,1,0,0,0,0,0,0
esmc6b_3di_gated_boundary,2,Q9M088,0,0,1,1,1,1,1,1,0,0,0,0,1,1,0,0,0,0
esmc6b_3di_gated_boundary,2,Q9M2G1,1,1,1,1,1,1,0,0,0,0,0,0,0,0,0,0,0,0
esmc6b_3di_gated_boundary,2,Q9MS55,1,1,1,1,1,1,0,0,0,0,0,0,0,0,0,0,0,0
esmc6b_3di_gated_boundary,2,Q9MS58,1,1,1,1,1,1,0,0,0,0,0,0,0,0,0,0,0,0
esmc6b_3di_gated_boundary,2,Q9MS61,1,1,1,1,1,1,0,0,0,0,0,0,0,0,0,0,0,0
esmc6b_3di_gated_boundary,2,Q9MS64,1,1,1,1,1,1,0,0,0,0,0,0,0,0,0,0,0,0
esmc6b_3di_gated_boundary,2,Q9MS67,1,1,1,1,1,1,0,0,0,0,0,0,0,0,0,0,0,0
esmc6b_3di_gated_boundary,2,Q9MS70,1,1,1,1,1,1,0,0,0,0,0,0,0,0,0,0,0,0
esmc6b_3di_gated_boundary,2,Q9MS73,1,1,1,1,1,1,0,0,0,0,0,0,0,0,0,0,0,0
esmc6b_3di_gated_boundary,2,Q9MS76,1,1,1,1,1,1,0,0,0,0,0,0,0,0,0,0,0,0
esmc6b_3di_gated_boundary,2,Q9MS79,1,1,1,1,1,1,0,0,0,0,0,0,0,0,0,0,0,0
esmc6b_3di_gated_boundary,2,Q9MTL6,0,0,0,0,0,0,1,1,1,1,1,1,0,0,0,0,0,0
esmc6b_3di_gated_boundary,2,Q9MUS0,1,1,1,1,1,1,0,0,0,0,0,0,0,0,0,0,0,0
esmc6b_3di_gated_boundary,2,Q9N0E3,1,1,1,1,1,1,0,0,0,0,0,0,0,0,0,0,0,0
esmc6b_3di_gated_boundary,2,Q9N4D8,1,1,1,1,1,1,3,3,3,3,3,3,1,1,1,1,1,1
esmc6b_3di_gated_boundary,2,Q9N661,0,0,0,0,0,0,1,1,1,1,1,1,0,0,0,0,0,0
esmc6b_3di_gated_boundary,2,Q9NDE8,32,40,42,43,43,43,14,6,4,3,3,3,12,4,2,1,1,1
esmc6b_3di_gated_boundary,2,Q9P378,1,1,1,1,1,1,0,0,0,0,0,0,0,0,0,0,0,0
esmc6b_3di_gated_boundary,2,Q9PVK9,0,0,0,0,0,0,1,1,1,1,1,1,0,0,0,0,0,0
esmc6b_3di_gated_boundary,2,Q9PW35,0,0,0,0,0,0,1,1,1,1,1,1,0,0,0,0,0,0
esmc6b_3di_gated_boundary,2,Q9PW36,0,0,0,0,0,0,1,1,1,1,1,1,0,0,0,0,0,0
esmc6b_3di_gated_boundary,2,Q9PWJ0,0,0,0,0,0,0,1,1,1,1,1,1,0,0,0,0,0,0
esmc6b_3di_gated_boundary,2,Q9QUG3,1,1,1,1,1,1,0,0,0,0,0,0,0,0,0,0,0,0
esmc6b_3di_gated_boundary,2,Q9S0W8,0,0,0,0,0,0,1,1,1,1,1,1,1,1,1,1,1,1
esmc6b_3di_gated_boundary,2,Q9S9K4,0,1,1,1,1,1,1,0,0,0,0,0,2,1,1,1,1,1
esmc6b_3di_gated_boundary,2,Q9SD84,1,1,1,1,1,1,0,0,0,0,0,0,0,0,0,0,0,0
esmc6b_3di_gated_boundary,2,Q9SKW7,4,5,5,5,5,5,2,1,1,1,1,1,2,1,1,1,1,1
esmc6b_3di_gated_boundary,2,Q9SUV6,1,1,1,1,1,1,0,0,0,0,0,0,1,1,1,1,1,1
esmc6b_3di_gated_boundary,2,Q9TKY7,1,1,1,1,1,1,0,0,0,0,0,0,0,0,0,0,0,0
esmc6b_3di_gated_boundary,2,Q9TUX7,2,3,3,3,3,3,2,1,1,1,1,1,1,0,0,0,0,0
esmc6b_3di_gated_boundary,2,Q9TY83,0,1,1,1,1,1,1,0,0,0,0,0,2,1,1,1,1,1
esmc6b_3di_gated_boundary,2,Q9TY84,0,1,1,1,1,1,1,0,0,0,0,0,2,1,1,1,1,1
esmc6b_3di_gated_boundary,2,Q9U619,1,1,1,2,2,2,1,1,1,0,0,0,1,1,1,0,0,0
esmc6b_3di_gated_boundary,2,Q9U6Z5,0,0,0,2,2,2,2,2,2,0,0,0,2,2,2,0,0,0
esmc6b_3di_gated_boundary,2,Q9U6Z9,1,1,2,2,2,2,1,1,0,0,0,0,1,1,0,0,0,0
esmc6b_3di_gated_boundary,2,Q9U700,1,1,1,2,2,2,1,1,1,0,0,0,1,1,1,0,0,0
esmc6b_3di_gated_boundary,2,Q9UKY0,1,1,1,1,1,1,0,0,0,0,0,0,0,0,0,0,0,0
esmc6b_3di_gated_boundary,2,Q9UV63,0,0,0,0,0,0,1,1,1,1,1,1,0,0,0,0,0,0
esmc6b_3di_gated_boundary,2,Q9VLK4,2,2,3,3,3,3,1,1,0,0,0,0,1,1,0,0,0,0
esmc6b_3di_gated_boundary,2,Q9VT50,0,0,0,1,1,1,3,3,3,2,2,2,3,3,3,2,2,2
esmc6b_3di_gated_boundary,2,Q9VTM6,1,1,1,1,1,1,0,0,0,0,0,0,0,0,0,0,0,0
esmc6b_3di_gated_boundary,2,Q9VU58,0,0,0,0,0,0,3,3,3,3,3,3,1,1,1,1,1,1
esmc6b_3di_gated_boundary,2,Q9VVF7,5,6,6,6,6,6,2,1,1,1,1,1,1,0,0,0,0,0
esmc6b_3di_gated_boundary,2,Q9W7S2,0,0,0,0,0,0,1,1,1,1,1,1,0,0,0,0,0,0
esmc6b_3di_gated_boundary,2,Q9WUG6,0,1,1,1,1,1,1,0,0,0,0,0,3,2,2,2,2,2
esmc6b_3di_gated_boundary,2,Q9WVA8,1,1,1,1,1,1,3,3,3,3,3,3,1,1,1,1,1,1
esmc6b_3di_gated_boundary,2,Q9WVA9,1,1,1,1,1,1,3,3,3,3,3,3,1,1,1,1,1,1
esmc6b_3di_gated_boundary,2,Q9XZK6,2,2,2,2,2,2,0,0,0,0,0,0,0,0,0,0,0,0
esmc6b_3di_gated_boundary,2,Q9XZK7,1,2,2,2,2,2,1,0,0,0,0,0,1,0,0,0,0,0
esmc6b_3di_gated_boundary,2,Q9Y5Q6,2,2,2,2,2,2,0,0,0,0,0,0,0,0,0,0,0,0
esmc6b_3di_gated_boundary,2,Q9Y7Y7,0,1,1,1,1,1,1,0,0,0,0,0,1,0,0,0,0,0
esmc6b_3di_gated_boundary,2,Q9YI19,0,0,0,0,0,0,1,1,1,1,1,1,0,0,0,0,0,0
esmc6b_3di_gated_boundary,2,Q9Z0J1,1,1,1,1,1,1,0,0,0,0,0,0,0,0,0,0,0,0
esmc6b_3di_gated_boundary,2,Q9Z0X1,0,0,0,0,0,0,1,1,1,1,1,1,0,0,0,0,0,0
esmc6b_3di_gated_boundary,2,R4JJN6,2,2,2,2,2,2,0,0,0,0,0,0,0,0,0,0,0,0
esmc6b_3di_gated_boundary,2,R4JNJ5,2,2,2,2,2,2,0,0,0,0,0,0,0,0,0,0,0,0
esmc6b_3di_gated_boundary,2,R4JQZ0,2,2,2,2,2,2,0,0,0,0,0,0,0,0,0,0,0,0
esmc6b_3di_gated_boundary,2,R4ZCU1,3,3,3,3,4,4,1,1,1,1,0,0,1,1,1,1,0,0
esmc6b_3di_gated_boundary,2,S4UJW3,2,2,3,3,3,3,1,1,0,0,0,0,1,1,0,0,0,0
esmc6b_3di_gated_boundary,2,U4N938,0,0,0,0,0,0,1,1,1,1,1,1,2,2,2,2,2,2
esmc6b_3di_gated_boundary,2,U5KJC9,0,0,0,0,0,0,1,1,1,1,1,1,0,0,0,0,0,0
esmc6b_3di_gated_boundary,2,U5KJJ1,0,0,1,1,1,1,1,1,0,0,0,0,1,1,0,0,0,0
esmc6b_3di_gated_boundary,2,U5KJM4,0,0,1,1,1,1,1,1,0,0,0,0,1,1,0,0,0,0
esmc6b_3di_gated_boundary,2,U5KJM6,0,0,1,1,1,1,1,1,0,0,0,0,1,1,0,0,0,0
esmc6b_3di_gated_boundary,2,U5KJT7,0,0,0,0,0,0,1,1,1,1,1,1,0,0,0,0,0,0
esmc6b_3di_gated_boundary,2,U5KJZ2,0,0,1,1,1,1,1,1,0,0,0,0,1,1,0,0,0,0
esmc6b_3di_gated_boundary,2,W8GNV3,2,2,2,2,2,2,0,0,0,0,0,0,0,0,0,0,0,0
esmc6b_3di_gated_boundary,2,X5I9Y2,1,1,2,2,2,2,1,1,0,0,0,0,1,1,0,0,0,0
esmc6b_3di_gated_boundary,2,X5I9Z2,2,2,2,2,2,2,0,0,0,0,0,0,0,0,0,0,0,0
esmc6b_3di_gated_boundary,2,X5IFZ1,0,0,0,0,0,0,2,2,2,2,2,2,2,2,2,2,2,2
esmc6b_3di_gated_boundary,5,A0A024SH76,1,1,1,1,1,1,0,0,0,0,0,0,0,0,0,0,0,0
esmc6b_3di_gated_boundary,5,A0A059J5P2,1,1,1,1,1,1,0,0,0,0,0,0,0,0,0,0,0,0
esmc6b_3di_gated_boundary,5,A0A084G2W8,0,0,0,0,1,1,1,1,1,1,0,0,1,1,1,1,0,0
esmc6b_3di_gated_boundary,5,A0A125S9E4,1,1,1,1,1,1,0,0,0,0,0,0,1,1,1,1,1,1
esmc6b_3di_gated_boundary,5,A0A144LUY5,1,1,1,1,1,1,3,3,3,3,3,3,0,0,0,0,0,0
esmc6b_3di_gated_boundary,5,A0A144LVL3,0,1,1,1,1,1,4,3,3,3,3,3,1,0,0,0,0,0
esmc6b_3di_gated_boundary,5,A0A1B0GVD1,0,0,0,1,1,1,1,1,1,0,0,0,1,1,1,0,0,0
esmc6b_3di_gated_boundary,5,A0A1D0BR67,0,0,1,1,1,1,1,1,0,0,0,0,1,1,0,0,0,0
esmc6b_3di_gated_boundary,5,A0A1D0BZF5,1,1,1,1,1,1,0,0,0,0,0,0,0,0,0,0,0,0
esmc6b_3di_gated_boundary,5,A0A1P8VFM2,0,0,0,0,0,0,1,1,1,1,1,1,0,0,0,0,0,0
esmc6b_3di_gated_boundary,5,A0A384K116,0,1,1,1,1,1,1,0,0,0,0,0,1,0,0,0,0,0
esmc6b_3di_gated_boundary,5,A0A5C1ZW08,0,0,0,0,0,0,1,1,1,1,1,1,0,0,0,0,0,0
esmc6b_3di_gated_boundary,5,A0A5C1ZXT8,0,0,0,0,0,0,1,1,1,1,1,1,1,1,1,1,1,1
esmc6b_3di_gated_boundary,5,A0A5C2A2T2,0,0,0,0,0,0,1,1,1,1,1,1,0,0,0,0,0,0
esmc6b_3di_gated_boundary,5,A0A6B9L8Y4,0,0,0,0,2,2,2,2,2,2,0,0,2,2,2,2,0,0
esmc6b_3di_gated_boundary,5,A0AIY9,1,1,1,1,1,1,0,0,0,0,0,0,1,1,1,1,1,1
esmc6b_3di_gated_boundary,5,A0Q1T6,1,1,1,1,1,1,0,0,0,0,0,0,1,1,1,1,1,1
esmc6b_3di_gated_boundary,5,A0RJ49,1,1,1,1,1,1,0,0,0,0,0,0,1,1,1,1,1,1
esmc6b_3di_gated_boundary,5,A0RZB4,0,1,1,1,1,1,1,0,0,0,0,0,2,1,1,1,1,1
esmc6b_3di_gated_boundary,5,A0ZT93,0,0,0,0,0,0,1,1,1,1,1,1,1,1,1,1,1,1
esmc6b_3di_gated_boundary,5,A1EC31,1,1,1,1,1,1,0,0,0,0,0,0,0,0,0,0,0,0
esmc6b_3di_gated_boundary,5,A1JKC3,0,0,0,0,0,0,1,1,1,1,1,1,1,1,1,1,1,1
esmc6b_3di_gated_boundary,5,A2BDG0,0,0,0,0,0,0,1,1,1,1,1,1,2,2,2,2,2,2
esmc6b_3di_gated_boundary,5,A2BDG5,1,1,1,1,1,1,0,0,0,0,0,0,1,1,1,1,1,1
esmc6b_3di_gated_boundary,5,A2BDG9,0,1,1,1,1,1,1,0,0,0,0,0,2,1,1,1,1,1
esmc6b_3di_gated_boundary,5,A2RLA2,1,1,1,1,1,1,0,0,0,0,0,0,0,0,0,0,0,0
esmc6b_3di_gated_boundary,5,A2VE33,0,0,0,1,1,1,1,1,1,0,0,0,1,1,1,0,0,0
esmc6b_3di_gated_boundary,5,A2XHZ9,1,1,1,1,1,1,0,0,0,0,0,0,1,1,1,1,1,1
esmc6b_3di_gated_boundary,5,A2ZBG5,0,0,0,0,0,1,2,2,2,2,2,1,1,1,1,1,1,0
esmc6b_3di_gated_boundary,5,A3DBS4,1,1,1,1,1,1,0,0,0,0,0,0,0,0,0,0,0,0
esmc6b_3di_gated_boundary,5,A3F7X2,0,0,1,1,1,1,1,1,0,0,0,0,1,1,0,0,0,0
esmc6b_3di_gated_boundary,5,A4TL44,1,1,1,1,1,1,0,0,0,0,0,0,2,2,2,2,2,2
esmc6b_3di_gated_boundary,5,A4VUF9,1,1,1,1,1,1,0,0,0,0,0,0,0,0,0,0,0,0
esmc6b_3di_gated_boundary,5,A4W0Q0,1,1,1,1,1,1,0,0,0,0,0,0,0,0,0,0,0,0
esmc6b_3di_gated_boundary,5,A4XJS7,1,1,1,1,1,1,0,0,0,0,0,0,0,0,0,0,0,0
esmc6b_3di_gated_boundary,5,A5A6J6,0,0,0,0,0,0,1,1,1,1,1,1,0,0,0,0,0,0
esmc6b_3di_gated_boundary,5,A5A6P7,0,0,0,0,0,0,1,1,1,1,1,1,0,0,0,0,0,0
esmc6b_3di_gated_boundary,5,A5A752,1,1,1,1,1,1,0,0,0,0,0,0,0,0,0,0,0,0
esmc6b_3di_gated_boundary,5,A5I667,1,1,1,1,1,1,0,0,0,0,0,0,1,1,1,1,1,1
esmc6b_3di_gated_boundary,5,A5ITG9,1,1,1,1,1,1,0,0,0,0,0,0,1,1,1,1,1,1
esmc6b_3di_gated_boundary,5,A5LHG2,1,1,1,1,1,1,1,1,1,1,1,1,2,2,2,2,2,2
esmc6b_3di_gated_boundary,5,A5N6K1,1,1,1,1,1,1,0,0,0,0,0,0,1,1,1,1,1,1
esmc6b_3di_gated_boundary,5,A5VKS3,1,1,1,1,1,1,0,0,0,0,0,0,0,0,0,0,0,0
esmc6b_3di_gated_boundary,5,A6BM07,0,0,0,0,0,0,1,1,1,1,1,1,0,0,0,0,0,0
esmc6b_3di_gated_boundary,5,A6LQR8,1,1,1,1,1,1,0,0,0,0,0,0,1,1,1,1,1,1
esmc6b_3di_gated_boundary,5,A6MFK9,0,0,0,0,0,0,1,1,1,1,1,1,0,0,0,0,0,0
esmc6b_3di_gated_boundary,5,A6P3B2,18,18,18,18,18,18,0,0,0,0,0,0,2,2,2,2,2,2
esmc6b_3di_gated_boundary,5,A6QHI7,1,1,1,1,1,1,0,0,0,0,0,0,1,1,1,1,1,1
esmc6b_3di_gated_boundary,5,A6U2B3,1,1,1,1,1,1,0,0,0,0,0,0,1,1,1,1,1,1
esmc6b_3di_gated_boundary,5,A6XN32,1,1,1,1,1,1,0,0,0,0,0,0,1,1,1,1,1,1
esmc6b_3di_gated_boundary,5,A7FFL9,1,1,1,1,1,1,0,0,0,0,0,0,2,2,2,2,2,2
esmc6b_3di_gated_boundary,5,A7FXU7,1,1,1,1,1,1,0,0,0,0,0,0,1,1,1,1,1,1
esmc6b_3di_gated_boundary,5,A7GHK3,1,1,1,1,1,1,0,0,0,0,0,0,1,1,1,1,1,1
esmc6b_3di_gated_boundary,5,A7GTC2,1,1,1,1,1,1,0,0,0,0,0,0,1,1,1,1,1,1
esmc6b_3di_gated_boundary,5,A7RMN1,0,0,1,1,1,1,1,1,0,0,0,0,1,1,0,0,0,0
esmc6b_3di_gated_boundary,5,A7X362,1,1,1,1,1,1,0,0,0,0,0,0,1,1,1,1,1,1
esmc6b_3di_gated_boundary,5,A7Z783,1,1,1,1,1,1,0,0,0,0,0,0,1,1,1,1,1,1
esmc6b_3di_gated_boundary,5,A8AWF9,1,1,1,1,1,1,0,0,0,0,0,0,0,0,0,0,0,0
esmc6b_3di_gated_boundary,5,A8D888,1,1,1,1,1,1,0,0,0,0,0,0,0,0,0,0,0,0
esmc6b_3di_gated_boundary,5,A8FFT0,1,1,1,1,1,1,0,0,0,0,0,0,1,1,1,1,1,1
esmc6b_3di_gated_boundary,5,A8WU84,3,3,3,3,3,3,0,0,0,0,0,0,0,0,0,0,0,0
esmc6b_3di_gated_boundary,5,A8Z2H3,1,1,1,1,1,1,0,0,0,0,0,0,1,1,1,1,1,1
esmc6b_3di_gated_boundary,5,A9KMF6,1,1,1,1,1,1,0,0,0,0,0,0,1,1,1,1,1,1
esmc6b_3di_gated_boundary,5,A9R3T6,1,1,1,1,1,1,0,0,0,0,0,0,2,2,2,2,2,2
esmc6b_3di_gated_boundary,5,A9VIR7,1,1,1,1,1,1,0,0,0,0,0,0,1,1,1,1,1,1
esmc6b_3di_gated_boundary,5,B0BND0,1,1,1,1,1,1,0,0,0,0,0,0,0,0,0,0,0,0
esmc6b_3di_gated_boundary,5,B0K416,1,1,1,1,1,1,0,0,0,0,0,0,0,0,0,0,0,0
esmc6b_3di_gated_boundary,5,B0KAC0,1,1,1,1,1,1,0,0,0,0,0,0,0,0,0,0,0,0
esmc6b_3di_gated_boundary,5,B0TBW5,1,1,1,1,1,1,0,0,0,0,0,0,1,1,1,1,1,1
esmc6b_3di_gated_boundary,5,B0XZV8,1,1,1,1,1,1,0,0,0,0,0,0,1,1,1,1,1,1
esmc6b_3di_gated_boundary,5,B0Y665,1,1,1,1,1,1,0,0,0,0,0,0,1,1,1,1,1,1
esmc6b_3di_gated_boundary,5,B1AIJ8,1,1,1,1,1,1,0,0,0,0,0,0,1,1,1,1,1,1
esmc6b_3di_gated_boundary,5,B1B6T1,1,1,1,1,1,1,0,0,0,0,0,0,0,0,0,0,0,0
esmc6b_3di_gated_boundary,5,B1IBP4,1,1,1,1,1,1,0,0,0,0,0,0,0,0,0,0,0,0
esmc6b_3di_gated_boundary,5,B1ILY6,1,1,1,1,1,1,0,0,0,0,0,0,1,1,1,1,1,1
esmc6b_3di_gated_boundary,5,B1IQZ3,0,0,0,0,0,0,1,1,1,1,1,1,0,0,0,0,0,0
esmc6b_3di_gated_boundary,5,B1JR58,1,1,1,1,1,1,0,0,0,0,0,0,2,2,2,2,2,2
esmc6b_3di_gated_boundary,5,B1KZR4,1,1,1,1,1,1,0,0,0,0,0,0,1,1,1,1,1,1
esmc6b_3di_gated_boundary,5,B1P1A2,0,0,0,0,0,0,1,1,1,1,1,1,0,0,0,0,0,0
esmc6b_3di_gated_boundary,5,B1P1A4,1,1,1,1,1,1,1,1,1,1,1,1,0,0,0,0,0,0
esmc6b_3di_gated_boundary,5,B1P1B6,1,1,1,1,1,1,1,1,1,1,1,1,0,0,0,0,0,0
esmc6b_3di_gated_boundary,5,B1P1B7,1,1,1,1,1,1,1,1,1,1,1,1,0,0,0,0,0,0
esmc6b_3di_gated_boundary,5,B1P1B8,1,1,1,1,1,1,1,1,1,1,1,1,0,0,0,0,0,0
esmc6b_3di_gated_boundary,5,B1P1B9,1,1,1,1,1,1,1,1,1,1,1,1,0,0,0,0,0,0
esmc6b_3di_gated_boundary,5,B1P1C2,1,1,1,2,2,2,1,1,1,0,0,0,1,1,1,0,0,0
esmc6b_3di_gated_boundary,5,B1P1C6,2,2,2,2,2,2,0,0,0,0,0,0,0,0,0,0,0,0
esmc6b_3di_gated_boundary,5,B1P1C7,1,1,1,1,1,1,1,1,1,1,1,1,1,1,1,1,1,1
esmc6b_3di_gated_boundary,5,B1P1C8,1,1,1,1,1,1,1,1,1,1,1,1,0,0,0,0,0,0
esmc6b_3di_gated_boundary,5,B1P1D7,1,1,1,1,1,1,1,1,1,1,1,1,0,0,0,0,0,0
esmc6b_3di_gated_boundary,5,B1P1D8,0,1,1,1,1,1,2,1,1,1,1,1,1,0,0,0,0,0
esmc6b_3di_gated_boundary,5,B1P1D9,1,1,1,1,1,1,1,1,1,1,1,1,0,0,0,0,0,0
esmc6b_3di_gated_boundary,5,B1P1E0,1,1,1,1,1,1,1,1,1,1,1,1,0,0,0,0,0,0
esmc6b_3di_gated_boundary,5,B1P1E1,1,1,1,1,1,1,1,1,1,1,1,1,0,0,0,0,0,0
esmc6b_3di_gated_boundary,5,B1P1E2,1,1,1,1,1,1,0,0,0,0,0,0,0,0,0,0,0,0
esmc6b_3di_gated_boundary,5,B1P1E3,1,1,1,1,1,1,1,1,1,1,1,1,0,0,0,0,0,0
esmc6b_3di_gated_boundary,5,B1P1E4,1,1,1,1,1,1,1,1,1,1,1,1,0,0,0,0,0,0
esmc6b_3di_gated_boundary,5,B1P1E5,0,1,1,1,1,1,2,1,1,1,1,1,1,0,0,0,0,0
esmc6b_3di_gated_boundary,5,B1P1E6,0,1,1,1,1,1,2,1,1,1,1,1,1,0,0,0,0,0
esmc6b_3di_gated_boundary,5,B1P1E7,0,1,1,1,1,1,2,1,1,1,1,1,1,0,0,0,0,0
esmc6b_3di_gated_boundary,5,B1P1E8,0,1,1,1,1,1,2,1,1,1,1,1,1,0,0,0,0,0
esmc6b_3di_gated_boundary,5,B1P1F1,1,1,1,1,1,1,1,1,1,1,1,1,0,0,0,0,0,0
esmc6b_3di_gated_boundary,5,B1P1F3,2,2,2,2,2,2,0,0,0,0,0,0,0,0,0,0,0,0
esmc6b_3di_gated_boundary,5,B1P1F4,2,2,2,2,2,2,0,0,0,0,0,0,0,0,0,0,0,0
esmc6b_3di_gated_boundary,5,B1P1F5,1,1,1,1,1,1,1,1,1,1,1,1,0,0,0,0,0,0
esmc6b_3di_gated_boundary,5,B1P1F6,0,1,1,1,1,1,2,1,1,1,1,1,1,0,0,0,0,0
esmc6b_3di_gated_boundary,5,B1P1F7,1,1,1,1,1,1,1,1,1,1,1,1,0,0,0,0,0,0
esmc6b_3di_gated_boundary,5,B1P1F8,1,1,1,1,1,1,1,1,1,1,1,1,0,0,0,0,0,0
esmc6b_3di_gated_boundary,5,B1P1F9,1,1,1,1,1,1,1,1,1,1,1,1,0,0,0,0,0,0
esmc6b_3di_gated_boundary,5,B1P1G0,2,2,2,2,2,2,0,0,0,0,0,0,0,0,0,0,0,0
esmc6b_3di_gated_boundary,5,B1P1G1,0,1,1,1,1,1,3,2,2,2,2,2,1,0,0,0,0,0
esmc6b_3di_gated_boundary,5,B1P1G2,2,2,2,2,2,2,0,0,0,0,0,0,0,0,0,0,0,0
esmc6b_3di_gated_boundary,5,B1P1G3,2,2,2,2,2,2,0,0,0,0,0,0,0,0,0,0,0,0
esmc6b_3di_gated_boundary,5,B1P1G4,1,1,1,1,1,1,1,1,1,1,1,1,0,0,0,0,0,0
esmc6b_3di_gated_boundary,5,B1P1G5,1,1,1,1,1,1,1,1,1,1,1,1,0,0,0,0,0,0
esmc6b_3di_gated_boundary,5,B1P1G6,0,1,1,1,1,1,2,1,1,1,1,1,1,0,0,0,0,0
esmc6b_3di_gated_boundary,5,B1P1H0,0,0,0,0,0,0,1,1,1,1,1,1,1,1,1,1,1,1
esmc6b_3di_gated_boundary,5,B1P1H1,0,1,1,1,1,1,2,1,1,1,1,1,1,0,0,0,0,0
esmc6b_3di_gated_boundary,5,B1P1H2,1,1,1,1,1,1,1,1,1,1,1,1,0,0,0,0,0,0
esmc6b_3di_gated_boundary,5,B1P1H9,1,1,1,1,1,1,1,1,1,1,1,1,0,0,0,0,0,0
esmc6b_3di_gated_boundary,5,B1P1I1,1,1,1,1,1,1,0,0,0,0,0,0,0,0,0,0,0,0
esmc6b_3di_gated_boundary,5,B1P1I2,1,1,1,1,1,1,0,0,0,0,0,0,0,0,0,0,0,0
esmc6b_3di_gated_boundary,5,B1P1I3,0,0,0,0,0,0,1,1,1,1,1,1,0,0,0,0,0,0
esmc6b_3di_gated_boundary,5,B1P1I4,0,0,0,0,0,0,1,1,1,1,1,1,1,1,1,1,1,1
esmc6b_3di_gated_boundary,5,B1P1I5,0,1,1,1,1,1,1,0,0,0,0,0,1,0,0,0,0,0
esmc6b_3di_gated_boundary,5,B1P1I6,0,1,1,1,1,1,1,0,0,0,0,0,1,0,0,0,0,0
esmc6b_3di_gated_boundary,5,B1VAF3,1,1,1,1,1,1,0,0,0,0,0,0,1,1,1,1,1,1
esmc6b_3di_gated_boundary,5,B1XF62,0,0,0,0,0,0,1,1,1,1,1,1,0,0,0,0,0,0
esmc6b_3di_gated_boundary,5,B1YJS1,1,1,1,1,1,1,0,0,0,0,0,0,1,1,1,1,1,1
esmc6b_3di_gated_boundary,5,B2A6B5,1,1,1,1,1,1,0,0,0,0,0,0,0,0,0,0,0,0
esmc6b_3di_gated_boundary,5,B2G856,1,1,1,1,1,1,0,0,0,0,0,0,0,0,0,0,0,0
esmc6b_3di_gated_boundary,5,B2GD71,1,1,1,1,1,1,0,0,0,0,0,0,0,0,0,0,0,0
esmc6b_3di_gated_boundary,5,B2IQ02,1,1,1,1,1,1,0,0,0,0,0,0,0,0,0,0,0,0
esmc6b_3di_gated_boundary,5,B2KAB7,1,1,1,1,1,1,0,0,0,0,0,0,2,2,2,2,2,2
esmc6b_3di_gated_boundary,5,B2MW54,0,0,1,1,1,1,1,1,0,0,0,0,1,1,0,0,0,0
esmc6b_3di_gated_boundary,5,B2RH57,1,1,1,1,1,1,0,0,0,0,0,0,0,0,0,0,0,0
esmc6b_3di_gated_boundary,5,B2TK69,1,1,1,1,1,1,0,0,0,0,0,0,1,1,1,1,1,1
esmc6b_3di_gated_boundary,5,B2V0A7,1,1,1,1,1,1,0,0,0,0,0,0,1,1,1,1,1,1
esmc6b_3di_gated_boundary,5,B2ZB95,2,2,2,2,2,2,3,3,3,3,3,3,0,0,0,0,0,0
esmc6b_3di_gated_boundary,5,B2ZB96,2,2,2,2,2,2,3,3,3,3,3,3,1,1,1,1,1,1
esmc6b_3di_gated_boundary,5,B2ZB98,2,2,2,2,2,2,3,3,3,3,3,3,1,1,1,1,1,1
esmc6b_3di_gated_boundary,5,B2ZB99,2,2,2,2,2,2,3,3,3,3,3,3,1,1,1,1,1,1
esmc6b_3di_gated_boundary,5,B2ZBA0,2,2,2,2,2,2,3,3,3,3,3,3,1,1,1,1,1,1
esmc6b_3di_gated_boundary,5,B2ZBA1,2,2,2,2,2,2,3,3,3,3,3,3,1,1,1,1,1,1
esmc6b_3di_gated_boundary,5,B3EWM3,0,0,0,0,1,1,1,1,1,1,0,0,1,1,1,1,0,0
esmc6b_3di_gated_boundary,5,B3FIN4,1,1,1,1,1,1,0,0,0,0,0,0,0,0,0,0,0,0
esmc6b_3di_gated_boundary,5,B3FIS2,1,1,1,1,1,1,0,0,0,0,0,0,0,0,0,0,0,0
esmc6b_3di_gated_boundary,5,B3FIS3,1,1,1,1,1,1,0,0,0,0,0,0,0,0,0,0,0,0
esmc6b_3di_gated_boundary,5,B3FIS4,1,1,1,1,1,1,0,0,0,0,0,0,0,0,0,0,0,0
esmc6b_3di_gated_boundary,5,B3H587,1,1,1,1,1,1,0,0,0,0,0,0,0,0,0,0,0,0
esmc6b_3di_gated_boundary,5,B3H5Q2,1,1,1,1,1,1,0,0,0,0,0,0,0,0,0,0,0,0
esmc6b_3di_gated_boundary,5,B3QZT2,1,1,1,1,1,1,0,0,0,0,0,0,1,1,1,1,1,1
esmc6b_3di_gated_boundary,5,B4THR7,0,0,0,0,0,0,1,1,1,1,1,1,1,1,1,1,1,1
esmc6b_3di_gated_boundary,5,B5E4L9,1,1,1,1,1,1,0,0,0,0,0,0,0,0,0,0,0,0
esmc6b_3di_gated_boundary,5,B5ZB18,1,1,1,1,1,1,0,0,0,0,0,0,1,1,1,1,1,1
esmc6b_3di_gated_boundary,5,B6DD59,1,1,1,1,1,1,0,0,0,0,0,0,0,0,0,0,0,0
esmc6b_3di_gated_boundary,5,B6IB31,0,0,0,0,0,0,1,1,1,1,1,1,0,0,0,0,0,0
esmc6b_3di_gated_boundary,5,B7GIR0,1,1,1,1,1,1,0,0,0,0,0,0,1,1,1,1,1,1
esmc6b_3di_gated_boundary,5,B7HE75,1,1,1,1,1,1,0,0,0,0,0,0,1,1,1,1,1,1
esmc6b_3di_gated_boundary,5,B7HQK0,1,1,1,1,1,1,0,0,0,0,0,0,1,1,1,1,1,1
esmc6b_3di_gated_boundary,5,B7IIV4,1,1,1,1,1,1,0,0,0,0,0,0,1,1,1,1,1,1
esmc6b_3di_gated_boundary,5,B7JQ28,1,1,1,1,1,1,0,0,0,0,0,0,1,1,1,1,1,1
esmc6b_3di_gated_boundary,5,B7L5E9,0,0,0,0,0,0,1,1,1,1,1,1,0,0,0,0,0,0
esmc6b_3di_gated_boundary,5,B7LZY9,0,0,0,0,0,0,1,1,1,1,1,1,0,0,0,0,0,0
esmc6b_3di_gated_boundary,5,B7M9V0,0,0,0,0,0,0,1,1,1,1,1,1,0,0,0,0,0,0
esmc6b_3di_gated_boundary,5,B7MV44,0,0,0,0,0,0,1,1,1,1,1,1,0,0,0,0,0,0
esmc6b_3di_gated_boundary,5,B7NB47,0,0,0,0,0,0,1,1,1,1,1,1,0,0,0,0,0,0
esmc6b_3di_gated_boundary,5,B7NUP2,0,0,0,0,0,0,1,1,1,1,1,1,0,0,0,0,0,0
esmc6b_3di_gated_boundary,5,B7URT6,0,0,0,0,0,0,1,1,1,1,1,1,0,0,0,0,0,0
esmc6b_3di_gated_boundary,5,B8DHK8,1,1,1,1,1,1,0,0,0,0,0,0,1,1,1,1,1,1
esmc6b_3di_gated_boundary,5,B8FUS1,1,1,1,1,1,1,0,0,0,0,0,0,0,0,0,0,0,0
esmc6b_3di_gated_boundary,5,B8I178,1,1,1,1,1,1,0,0,0,0,0,0,1,1,1,1,1,1
esmc6b_3di_gated_boundary,5,B8K1V9,0,0,0,1,1,1,3,3,3,2,2,2,3,3,3,2,2,2
esmc6b_3di_gated_boundary,5,B8ZPV1,1,1,1,1,1,1,0,0,0,0,0,0,0,0,0,0,0,0
esmc6b_3di_gated_boundary,5,B9DNE8,1,1,1,1,1,1,0,0,0,0,0,0,1,1,1,1,1,1
esmc6b_3di_gated_boundary,5,B9DU56,1,1,1,1,1,1,0,0,0,0,0,0,0,0,0,0,0,0
esmc6b_3di_gated_boundary,5,B9E020,1,1,1,1,1,1,0,0,0,0,0,0,1,1,1,1,1,1
esmc6b_3di_gated_boundary,5,B9ENM6,1,1,1,1,1,1,0,0,0,0,0,0,0,0,0,0,0,0
esmc6b_3di_gated_boundary,5,B9IZ18,1,1,1,1,1,1,0,0,0,0,0,0,1,1,1,1,1,1
esmc6b_3di_gated_boundary,5,B9MRB7,1,1,1,1,1,1,0,0,0,0,0,0,0,0,0,0,0,0
esmc6b_3di_gated_boundary,5,B9TQX1,1,1,1,1,1,1,0,0,0,0,0,0,0,0,0,0,0,0
esmc6b_3di_gated_boundary,5,B9TQX2,0,0,1,1,1,1,1,1,0,0,0,0,1,1,0,0,0,0
esmc6b_3di_gated_boundary,5,B9TQX3,0,0,1,1,1,1,1,1,0,0,0,0,1,1,0,0,0,0
esmc6b_3di_gated_boundary,5,B9TQX4,0,0,0,0,0,0,1,1,1,1,1,1,1,1,1,1,1,1
esmc6b_3di_gated_boundary,5,C0HJK2,0,0,0,0,0,0,1,1,1,1,1,1,0,0,0,0,0,0
esmc6b_3di_gated_boundary,5,C0HJK4,0,0,0,1,1,1,1,1,1,0,0,0,1,1,1,0,0,0
esmc6b_3di_gated_boundary,5,C0HK27,0,0,0,0,0,0,2,2,2,2,2,2,0,0,0,0,0,0
esmc6b_3di_gated_boundary,5,C0HKS3,0,0,0,0,0,0,3,3,3,3,3,3,3,3,3,3,3,3
esmc6b_3di_gated_boundary,5,C0HKS5,0,0,0,0,0,0,3,3,3,3,3,3,3,3,3,3,3,3
esmc6b_3di_gated_boundary,5,C0HKU2,1,1,1,1,1,1,0,0,0,0,0,0,0,0,0,0,0,0
esmc6b_3di_gated_boundary,5,C0HL17,5,5,5,5,5,5,2,2,2,2,2,2,4,4,4,4,4,4
esmc6b_3di_gated_boundary,5,C0M7I0,1,1,1,1,1,1,0,0,0,0,0,0,1,1,1,1,1,1
esmc6b_3di_gated_boundary,5,C0ME76,1,1,1,1,1,1,0,0,0,0,0,0,1,1,1,1,1,1
esmc6b_3di_gated_boundary,5,C1BJ98,1,1,1,1,1,1,0,0,0,0,0,0,0,0,0,0,0,0
esmc6b_3di_gated_boundary,5,C1C7A1,1,1,1,1,1,1,0,0,0,0,0,0,0,0,0,0,0,0
esmc6b_3di_gated_boundary,5,C1CE94,1,1,1,1,1,1,0,0,0,0,0,0,0,0,0,0,0,0
esmc6b_3di_gated_boundary,5,C1CKH0,1,1,1,1,1,1,0,0,0,0,0,0,0,0,0,0,0,0
esmc6b_3di_gated_boundary,5,C1CRK7,1,1,1,1,1,1,0,0,0,0,0,0,0,0,0,0,0,0
esmc6b_3di_gated_boundary,5,C1ETN9,1,1,1,1,1,1,0,0,0,0,0,0,1,1,1,1,1,1
esmc6b_3di_gated_boundary,5,C1FVW6,1,1,1,1,1,1,0,0,0,0,0,0,1,1,1,1,1,1
esmc6b_3di_gated_boundary,5,C1KVI7,1,1,1,1,1,1,0,0,0,0,0,0,1,1,1,1,1,1
esmc6b_3di_gated_boundary,5,C3L3J4,1,1,1,1,1,1,0,0,0,0,0,0,1,1,1,1,1,1
esmc6b_3di_gated_boundary,5,C3L6X4,1,1,1,1,1,1,0,0,0,0,0,0,1,1,1,1,1,1
esmc6b_3di_gated_boundary,5,C3P9C8,1,1,1,1,1,1,0,0,0,0,0,0,1,1,1,1,1,1
esmc6b_3di_gated_boundary,5,C4L4N3,1,1,1,1,1,1,0,0,0,0,0,0,1,1,1,1,1,1
esmc6b_3di_gated_boundary,5,C4YMJ3,1,1,1,1,1,1,0,0,0,0,0,0,0,0,0,0,0,0
esmc6b_3di_gated_boundary,5,C4YNQ5,1,1,1,1,1,1,0,0,0,0,0,0,0,0,0,0,0,0
esmc6b_3di_gated_boundary,5,C4YSF6,1,1,1,1,1,1,0,0,0,0,0,0,0,0,0,0,0,0
esmc6b_3di_gated_boundary,5,C4Z9Z8,1,1,1,1,1,1,0,0,0,0,0,0,1,1,1,1,1,1
esmc6b_3di_gated_boundary,5,C4ZY59,0,0,0,0,0,0,1,1,1,1,1,1,0,0,0,0,0,0
esmc6b_3di_gated_boundary,5,C5D5G7,1,1,1,1,1,1,0,0,0,0,0,0,1,1,1,1,1,1
esmc6b_3di_gated_boundary,5,C6EVG7,1,1,2,2,2,2,9,9,8,8,8,8,2,2,1,1,1,1
esmc6b_3di_gated_boundary,5,C6Y4B5,0,0,0,0,0,0,1,1,1,1,1,1,0,0,0,0,0,0
esmc6b_3di_gated_boundary,5,D0PX84,0,0,1,1,1,1,1,1,0,0,0,0,2,2,1,1,1,1
esmc6b_3di_gated_boundary,5,D0PX85,0,0,1,1,1,1,1,1,0,0,0,0,2,2,1,1,1,1
esmc6b_3di_gated_boundary,5,D2Y1X9,1,1,1,1,1,1,1,1,1,1,1,1,0,0,0,0,0,0
esmc6b_3di_gated_boundary,5,D2Y1Y0,1,1,1,1,1,1,1,1,1,1,1,1,0,0,0,0,0,0
esmc6b_3di_gated_boundary,5,D2Y1Y1,1,1,1,1,1,1,1,1,1,1,1,1,0,0,0,0,0,0
esmc6b_3di_gated_boundary,5,D2Y1Y2,1,1,1,1,1,1,1,1,1,1,1,1,0,0,0,0,0,0
esmc6b_3di_gated_boundary,5,D2Y1Y3,1,1,1,1,1,1,1,1,1,1,1,1,0,0,0,0,0,0
esmc6b_3di_gated_boundary,5,D2Y1Y4,1,1,1,1,1,1,1,1,1,1,1,1,0,0,0,0,0,0
esmc6b_3di_gated_boundary,5,D2Y1Y5,1,1,1,1,1,1,1,1,1,1,1,1,0,0,0,0,0,0
esmc6b_3di_gated_boundary,5,D2Y1Y6,1,1,1,1,1,1,1,1,1,1,1,1,0,0,0,0,0,0
esmc6b_3di_gated_boundary,5,D2Y1Y7,1,1,1,1,1,1,1,1,1,1,1,1,0,0,0,0,0,0
esmc6b_3di_gated_boundary,5,D2Y1Y8,1,1,1,1,1,1,1,1,1,1,1,1,0,0,0,0,0,0
esmc6b_3di_gated_boundary,5,D2Y1Y9,1,1,1,1,1,1,1,1,1,1,1,1,0,0,0,0,0,0
esmc6b_3di_gated_boundary,5,D2Y1Z0,1,1,1,1,1,1,1,1,1,1,1,1,0,0,0,0,0,0
esmc6b_3di_gated_boundary,5,D2Y1Z2,2,2,2,2,2,2,0,0,0,0,0,0,0,0,0,0,0,0
esmc6b_3di_gated_boundary,5,D2Y1Z4,1,1,1,1,1,1,1,1,1,1,1,1,0,0,0,0,0,0
esmc6b_3di_gated_boundary,5,D2Y1Z5,1,1,1,1,1,1,1,1,1,1,1,1,0,0,0,0,0,0
esmc6b_3di_gated_boundary,5,D2Y1Z6,1,1,1,1,1,1,1,1,1,1,1,1,0,0,0,0,0,0
esmc6b_3di_gated_boundary,5,D2Y1Z7,1,1,1,1,1,1,1,1,1,1,1,1,0,0,0,0,0,0
esmc6b_3di_gated_boundary,5,D2Y1Z8,1,1,1,1,1,1,1,1,1,1,1,1,0,0,0,0,0,0
esmc6b_3di_gated_boundary,5,D2Y1Z9,1,1,1,1,1,1,1,1,1,1,1,1,0,0,0,0,0,0
esmc6b_3di_gated_boundary,5,D2Y200,1,1,1,1,1,1,1,1,1,1,1,1,0,0,0,0,0,0
esmc6b_3di_gated_boundary,5,D2Y201,1,1,1,1,1,1,1,1,1,1,1,1,0,0,0,0,0,0
esmc6b_3di_gated_boundary,5,D2Y202,1,1,1,1,1,1,1,1,1,1,1,1,0,0,0,0,0,0
esmc6b_3di_gated_boundary,5,D2Y203,1,1,1,1,1,1,1,1,1,1,1,1,0,0,0,0,0,0
esmc6b_3di_gated_boundary,5,D2Y232,2,2,2,2,2,2,0,0,0,0,0,0,0,0,0,0,0,0
esmc6b_3di_gated_boundary,5,D2Y233,2,2,2,2,2,2,0,0,0,0,0,0,0,0,0,0,0,0
esmc6b_3di_gated_boundary,5,D2Y236,1,2,2,2,2,2,1,0,0,0,0,0,1,0,0,0,0,0
esmc6b_3di_gated_boundary,5,D2Y237,1,2,2,2,2,2,1,0,0,0,0,0,1,0,0,0,0,0
esmc6b_3di_gated_boundary,5,D2Y238,1,2,2,2,2,2,1,0,0,0,0,0,1,0,0,0,0,0
esmc6b_3di_gated_boundary,5,D2Y239,1,2,2,2,2,2,1,0,0,0,0,0,1,0,0,0,0,0
esmc6b_3di_gated_boundary,5,D2Y240,1,1,2,2,2,2,1,1,0,0,0,0,1,1,0,0,0,0
esmc6b_3di_gated_boundary,5,D2Y241,1,1,2,2,2,2,1,1,0,0,0,0,1,1,0,0,0,0
esmc6b_3di_gated_boundary,5,D2Y242,1,1,2,2,2,2,1,1,0,0,0,0,1,1,0,0,0,0
esmc6b_3di_gated_boundary,5,D2Y243,1,1,2,2,2,2,1,1,0,0,0,0,1,1,0,0,0,0
esmc6b_3di_gated_boundary,5,D2Y244,1,1,2,2,2,2,1,1,0,0,0,0,1,1,0,0,0,0
esmc6b_3di_gated_boundary,5,D2Y245,1,1,2,2,2,2,1,1,0,0,0,0,1,1,0,0,0,0
esmc6b_3di_gated_boundary,5,D2Y246,1,1,2,2,2,2,1,1,0,0,0,0,1,1,0,0,0,0
esmc6b_3di_gated_boundary,5,D2Y247,1,1,2,2,2,2,1,1,0,0,0,0,1,1,0,0,0,0
esmc6b_3di_gated_boundary,5,D2Y248,2,2,2,2,2,2,0,0,0,0,0,0,0,0,0,0,0,0
esmc6b_3di_gated_boundary,5,D2Y249,1,1,2,2,2,2,1,1,0,0,0,0,1,1,0,0,0,0
esmc6b_3di_gated_boundary,5,D2Y250,1,1,2,2,2,2,1,1,0,0,0,0,1,1,0,0,0,0
esmc6b_3di_gated_boundary,5,D2Y251,0,1,1,1,1,1,1,0,0,0,0,0,1,0,0,0,0,0
esmc6b_3di_gated_boundary,5,D2Y252,0,1,1,1,1,1,1,0,0,0,0,0,1,0,0,0,0,0
esmc6b_3di_gated_boundary,5,D2Y2A0,0,0,1,1,1,1,2,2,1,1,1,1,1,1,0,0,0,0
esmc6b_3di_gated_boundary,5,D2Y2A1,0,0,1,1,1,1,2,2,1,1,1,1,1,1,0,0,0,0
esmc6b_3di_gated_boundary,5,D2Y2A2,0,0,0,0,0,1,2,2,2,2,2,1,1,1,1,1,1,0
esmc6b_3di_gated_boundary,5,D2Y2A3,0,0,1,1,1,1,2,2,1,1,1,1,1,1,0,0,0,0
esmc6b_3di_gated_boundary,5,D2Y2A4,0,0,1,1,1,1,2,2,1,1,1,1,1,1,0,0,0,0
esmc6b_3di_gated_boundary,5,D2Y2A5,0,0,1,1,1,1,2,2,1,1,1,1,1,1,0,0,0,0
esmc6b_3di_gated_boundary,5,D2Y2A6,0,0,1,1,1,1,2,2,1,1,1,1,1,1,0,0,0,0
esmc6b_3di_gated_boundary,5,D2Y2A7,0,0,1,1,1,1,2,2,1,1,1,1,1,1,0,0,0,0
esmc6b_3di_gated_boundary,5,D2Y2A8,0,0,1,1,1,1,2,2,1,1,1,1,1,1,0,0,0,0
esmc6b_3di_gated_boundary,5,D2Y2A9,0,0,1,1,1,1,2,2,1,1,1,1,1,1,0,0,0,0
esmc6b_3di_gated_boundary,5,D2Y2B0,0,0,1,1,1,1,2,2,1,1,1,1,1,1,0,0,0,0
esmc6b_3di_gated_boundary,5,D2Y2B1,0,0,1,1,1,1,2,2,1,1,1,1,1,1,0,0,0,0
esmc6b_3di_gated_boundary,5,D2Y2B2,0,0,1,1,1,1,2,2,1,1,1,1,1,1,0,0,0,0
esmc6b_3di_gated_boundary,5,D2Y2B3,0,0,1,1,1,1,2,2,1,1,1,1,1,1,0,0,0,0
esmc6b_3di_gated_boundary,5,D2Y2B4,0,0,1,1,1,1,2,2,1,1,1,1,1,1,0,0,0,0
esmc6b_3di_gated_boundary,5,D2Y2B5,0,0,1,1,1,1,2,2,1,1,1,1,1,1,0,0,0,0
esmc6b_3di_gated_boundary,5,D2Y2B6,0,0,1,1,1,1,1,1,0,0,0,0,1,1,0,0,0,0
esmc6b_3di_gated_boundary,5,D2Y2B7,0,0,1,1,1,1,1,1,0,0,0,0,1,1,0,0,0,0
esmc6b_3di_gated_boundary,5,D2Y2B8,0,0,1,1,1,1,1,1,0,0,0,0,1,1,0,0,0,0
esmc6b_3di_gated_boundary,5,D2Y2B9,0,0,1,1,1,1,1,1,0,0,0,0,1,1,0,0,0,0
esmc6b_3di_gated_boundary,5,D2Y2C1,1,1,2,2,2,2,1,1,0,0,0,0,1,1,0,0,0,0
esmc6b_3di_gated_boundary,5,D2Y2D2,1,1,1,1,1,1,1,1,1,1,1,1,0,0,0,0,0,0
esmc6b_3di_gated_boundary,5,D2Y2D7,2,2,2,2,2,2,0,0,0,0,0,0,0,0,0,0,0,0
esmc6b_3di_gated_boundary,5,D2Y2D8,0,0,1,1,1,1,1,1,0,0,0,0,1,1,0,0,0,0
esmc6b_3di_gated_boundary,5,D2Y2D9,0,0,1,1,1,1,1,1,0,0,0,0,1,1,0,0,0,0
esmc6b_3di_gated_boundary,5,D2Y2E8,1,2,2,2,2,2,1,0,0,0,0,0,1,0,0,0,0,0
esmc6b_3di_gated_boundary,5,D2Y2E9,1,2,2,2,2,2,1,0,0,0,0,0,1,0,0,0,0,0
esmc6b_3di_gated_boundary,5,D2Y2F0,1,2,2,2,2,2,1,0,0,0,0,0,1,0,0,0,0,0
esmc6b_3di_gated_boundary,5,D2Y2F1,1,2,2,2,2,2,1,0,0,0,0,0,1,0,0,0,0,0
esmc6b_3di_gated_boundary,5,D2Y2G3,1,1,2,2,2,2,1,1,0,0,0,0,1,1,0,0,0,0
esmc6b_3di_gated_boundary,5,D2Y2G4,1,1,2,2,2,2,1,1,0,0,0,0,1,1,0,0,0,0
esmc6b_3di_gated_boundary,5,D2Y2G5,1,1,2,2,2,2,1,1,0,0,0,0,1,1,0,0,0,0
esmc6b_3di_gated_boundary,5,D2Y2G6,1,1,2,2,2,2,1,1,0,0,0,0,1,1,0,0,0,0
esmc6b_3di_gated_boundary,5,D2Y2G7,1,1,2,2,2,2,1,1,0,0,0,0,1,1,0,0,0,0
esmc6b_3di_gated_boundary,5,D2Y2G8,1,1,1,1,1,1,1,1,1,1,1,1,0,0,0,0,0,0
esmc6b_3di_gated_boundary,5,D2Y2G9,1,1,2,2,2,2,1,1,0,0,0,0,1,1,0,0,0,0
esmc6b_3di_gated_boundary,5,D2Y2H1,0,1,1,1,1,1,1,0,0,0,0,0,1,0,0,0,0,0
esmc6b_3di_gated_boundary,5,D2Y2H2,0,1,1,1,1,1,1,0,0,0,0,0,1,0,0,0,0,0
esmc6b_3di_gated_boundary,5,D2Y2H3,0,0,1,1,1,1,2,2,1,1,1,1,1,1,0,0,0,0
esmc6b_3di_gated_boundary,5,D2Y2H4,0,0,1,1,1,1,2,2,1,1,1,1,1,1,0,0,0,0
esmc6b_3di_gated_boundary,5,D2Y2H5,0,0,1,1,1,1,2,2,1,1,1,1,1,1,0,0,0,0
esmc6b_3di_gated_boundary,5,D2Y2H6,1,1,2,2,2,2,1,1,0,0,0,0,1,1,0,0,0,0
esmc6b_3di_gated_boundary,5,D2Y2H7,1,1,2,2,2,2,1,1,0,0,0,0,1,1,0,0,0,0
esmc6b_3di_gated_boundary,5,D2Y2H8,1,1,2,2,2,2,1,1,0,0,0,0,1,1,0,0,0,0
esmc6b_3di_gated_boundary,5,D2Y2I3,0,0,1,1,1,1,2,2,1,1,1,1,1,1,0,0,0,0
esmc6b_3di_gated_boundary,5,D2Y2I5,1,1,1,1,1,1,1,1,1,1,1,1,0,0,0,0,0,0
esmc6b_3di_gated_boundary,5,D2Y2I6,1,1,1,1,1,1,1,1,1,1,1,1,0,0,0,0,0,0
esmc6b_3di_gated_boundary,5,D2Y2L5,1,2,2,2,2,2,1,0,0,0,0,0,1,0,0,0,0,0
esmc6b_3di_gated_boundary,5,D2Y2M0,1,1,2,2,2,2,1,1,0,0,0,0,1,1,0,0,0,0
esmc6b_3di_gated_boundary,5,D2Y2M1,1,1,2,2,2,2,1,1,0,0,0,0,1,1,0,0,0,0
esmc6b_3di_gated_boundary,5,D2Y2M2,1,1,1,1,1,1,1,1,1,1,1,1,0,0,0,0,0,0
esmc6b_3di_gated_boundary,5,D2Y2M3,1,1,2,2,2,2,1,1,0,0,0,0,1,1,0,0,0,0
esmc6b_3di_gated_boundary,5,D2Y2M4,1,1,2,2,2,2,1,1,0,0,0,0,1,1,0,0,0,0
esmc6b_3di_gated_boundary,5,D2Y2M5,1,1,1,1,1,1,1,1,1,1,1,1,0,0,0,0,0,0
esmc6b_3di_gated_boundary,5,D2Y2M6,1,1,2,2,2,2,1,1,0,0,0,0,1,1,0,0,0,0
esmc6b_3di_gated_boundary,5,D2Y2M8,1,1,2,2,2,2,1,1,0,0,0,0,1,1,0,0,0,0
esmc6b_3di_gated_boundary,5,D2Y2M9,1,1,2,2,2,2,1,1,0,0,0,0,1,1,0,0,0,0
esmc6b_3di_gated_boundary,5,D2Y2N0,1,1,2,2,2,2,1,1,0,0,0,0,1,1,0,0,0,0
esmc6b_3di_gated_boundary,5,D2Y2N1,1,1,2,2,2,2,1,1,0,0,0,0,1,1,0,0,0,0
esmc6b_3di_gated_boundary,5,D2Y2N2,1,1,2,2,2,2,1,1,0,0,0,0,1,1,0,0,0,0
esmc6b_3di_gated_boundary,5,D2Y2N3,1,1,2,2,2,2,1,1,0,0,0,0,1,1,0,0,0,0
esmc6b_3di_gated_boundary,5,D2Y2N4,1,1,2,2,2,2,1,1,0,0,0,0,1,1,0,0,0,0
esmc6b_3di_gated_boundary,5,D2Y2N5,1,1,2,2,2,2,1,1,0,0,0,0,1,1,0,0,0,0
esmc6b_3di_gated_boundary,5,D2Y2N6,1,1,2,2,2,2,1,1,0,0,0,0,1,1,0,0,0,0
esmc6b_3di_gated_boundary,5,D2Y2N7,1,1,2,2,2,2,1,1,0,0,0,0,1,1,0,0,0,0
esmc6b_3di_gated_boundary,5,D2Y2N9,0,1,1,1,1,1,1,0,0,0,0,0,1,0,0,0,0,0
esmc6b_3di_gated_boundary,5,D2Y2P0,0,1,1,1,1,1,1,0,0,0,0,0,1,0,0,0,0,0
esmc6b_3di_gated_boundary,5,D2Y2P1,0,1,1,1,1,1,1,0,0,0,0,0,1,0,0,0,0,0
esmc6b_3di_gated_boundary,5,D2Y2P2,0,1,1,1,1,1,1,0,0,0,0,0,1,0,0,0,0,0
esmc6b_3di_gated_boundary,5,D3ZTT2,1,1,1,1,1,1,0,0,0,0,0,0,0,0,0,0,0,0
esmc6b_3di_gated_boundary,5,D4B388,1,1,1,1,1,1,0,0,0,0,0,0,0,0,0,0,0,0
esmc6b_3di_gated_boundary,5,D5J9S0,0,0,0,0,0,0,2,2,2,2,2,2,2,2,2,2,2,2
esmc6b_3di_gated_boundary,5,D5KXH3,0,1,1,1,1,1,1,0,0,0,0,0,1,0,0,0,0,0
esmc6b_3di_gated_boundary,5,D9IX97,0,0,0,0,0,0,1,1,1,1,1,1,3,3,3,3,3,3
esmc6b_3di_gated_boundary,5,E2A3M7,1,1,1,1,1,1,0,0,0,0,0,0,0,0,0,0,0,0
esmc6b_3di_gated_boundary,5,E2E4L2,1,1,1,1,1,1,0,0,0,0,0,0,1,1,1,1,1,1
esmc6b_3di_gated_boundary,5,E2S064,0,0,1,1,1,1,2,2,1,1,1,1,1,1,0,0,0,0
esmc6b_3di_gated_boundary,5,E5KIB6,2,2,2,2,2,2,0,0,0,0,0,0,0,0,0,0,0,0
esmc6b_3di_gated_boundary,5,F1N5C8,1,1,1,1,1,1,0,0,0,0,0,0,0,0,0,0,0,0
esmc6b_3di_gated_boundary,5,F1R4U0,0,0,1,1,1,1,1,1,0,0,0,0,1,1,0,0,0,0
esmc6b_3di_gated_boundary,5,F4IVN9,1,1,1,1,1,1,0,0,0,0,0,0,0,0,0,0,0,0
esmc6b_3di_gated_boundary,5,F4JL85,1,1,1,1,1,1,0,0,0,0,0,0,0,0,0,0,0,0
esmc6b_3di_gated_boundary,5,F4K6R7,0,0,0,0,0,0,1,1,1,1,1,1,1,1,1,1,1,1
esmc6b_3di_gated_boundary,5,F4KB79,1,2,2,2,2,2,2,1,1,1,1,1,1,0,0,0,0,0
esmc6b_3di_gated_boundary,5,F5CPE8,0,0,0,0,0,0,2,2,2,2,2,2,2,2,2,2,2,2
esmc6b_3di_gated_boundary,5,F6KSI8,0,0,0,0,0,0,1,1,1,1,1,1,1,1,1,1,1,1
esmc6b_3di_gated_boundary,5,G1UBC2,1,1,1,1,1,1,0,0,0,0,0,0,0,0,0,0,0,0
esmc6b_3di_gated_boundary,5,G3MU46,2,2,2,2,2,3,4,4,4,4,4,3,3,3,3,3,3,2
esmc6b_3di_gated_boundary,5,H3BJG9,0,0,0,0,0,1,1,1,1,1,1,0,1,1,1,1,1,0
esmc6b_3di_gated_boundary,5,I1S2N3,0,0,0,0,0,0,1,1,1,1,1,1,1,1,1,1,1,1
esmc6b_3di_gated_boundary,5,K7LFJ0,0,0,0,1,1,1,1,1,1,0,0,0,4,4,4,3,3,3
esmc6b_3di_gated_boundary,5,K7LSB9,0,0,0,1,1,1,1,1,1,0,0,0,4,4,4,3,3,3
esmc6b_3di_gated_boundary,5,L0GCJ6,0,0,0,0,0,0,2,2,2,2,2,2,2,2,2,2,2,2
esmc6b_3di_gated_boundary,5,M1E1F0,0,0,0,0,1,1,2,2,2,2,1,1,1,1,1,1,0,0
esmc6b_3di_gated_boundary,5,M1E1F1,0,0,0,0,0,2,2,2,2,2,2,0,2,2,2,2,2,0
esmc6b_3di_gated_boundary,5,O00451,0,0,0,1,1,1,1,1,1,0,0,0,1,1,1,0,0,0
esmc6b_3di_gated_boundary,5,O04500,0,0,0,1,1,1,1,1,1,0,0,0,1,1,1,0,0,0
esmc6b_3di_gated_boundary,5,O08619,0,0,0,0,0,0,1,1,1,1,1,1,0,0,0,0,0,0
esmc6b_3di_gated_boundary,5,O08842,0,0,1,1,1,1,1,1,0,0,0,0,1,1,0,0,0,0
esmc6b_3di_gated_boundary,5,O09164,0,0,0,0,0,0,1,1,1,1,1,1,0,0,0,0,0,0
esmc6b_3di_gated_boundary,5,O09209,3,3,3,3,3,3,0,0,0,0,0,0,0,0,0,0,0,0
esmc6b_3di_gated_boundary,5,O13035,0,2,2,2,2,2,5,3,3,3,3,3,2,0,0,0,0,0
esmc6b_3di_gated_boundary,5,O13156,0,0,0,0,0,0,1,1,1,1,1,1,1,1,1,1,1,1
esmc6b_3di_gated_boundary,5,O13157,0,0,0,1,1,1,1,1,1,0,0,0,1,1,1,0,0,0
esmc6b_3di_gated_boundary,5,O13351,1,1,1,1,1,1,0,0,0,0,0,0,0,0,0,0,0,0
esmc6b_3di_gated_boundary,5,O14669,0,0,0,0,0,0,1,1,1,1,1,1,1,1,1,1,1,1
esmc6b_3di_gated_boundary,5,O18492,0,0,0,0,0,0,3,3,3,3,3,3,0,0,0,0,0,0
esmc6b_3di_gated_boundary,5,O18493,0,0,1,1,1,1,3,3,2,2,2,2,1,1,0,0,0,0
esmc6b_3di_gated_boundary,5,O18641,5,5,5,5,5,5,2,2,2,2,2,2,4,4,4,4,4,4
esmc6b_3di_gated_boundary,5,O18794,0,0,0,0,0,0,2,2,2,2,2,2,0,0,0,0,0,0
esmc6b_3di_gated_boundary,5,O18811,1,1,1,1,1,1,0,0,0,0,0,0,0,0,0,0,0,0
esmc6b_3di_gated_boundary,5,O18815,0,0,0,0,0,0,1,1,1,1,1,1,0,0,0,0,0,0
esmc6b_3di_gated_boundary,5,O18845,1,1,1,1,1,1,0,0,0,0,0,0,1,1,1,1,1,1
esmc6b_3di_gated_boundary,5,O23006,0,1,1,1,1,1,1,0,0,0,0,0,1,0,0,0,0,0
esmc6b_3di_gated_boundary,5,O31422,0,1,1,1,1,1,2,1,1,1,1,1,4,3,3,3,3,3
esmc6b_3di_gated_boundary,5,O32388,1,1,1,1,1,1,0,0,0,0,0,0,0,0,0,0,0,0
esmc6b_3di_gated_boundary,5,O35118,1,1,1,1,1,1,0,0,0,0,0,0,0,0,0,0,0,0
esmc6b_3di_gated_boundary,5,O44662,0,0,0,0,0,0,6,6,6,6,6,6,0,0,0,0,0,0
esmc6b_3di_gated_boundary,5,O44663,0,0,0,0,0,0,5,5,5,5,5,5,0,0,0,0,0,0
esmc6b_3di_gated_boundary,5,O44664,0,0,0,0,0,0,6,6,6,6,6,6,0,0,0,0,0,0
esmc6b_3di_gated_boundary,5,O44665,0,0,0,0,0,0,5,5,5,5,5,5,0,0,0,0,0,0
esmc6b_3di_gated_boundary,5,O45027,5,5,5,5,5,5,1,1,1,1,1,1,3,3,3,3,3,3
esmc6b_3di_gated_boundary,5,O46617,0,0,0,0,1,1,1,1,1,1,0,0,1,1,1,1,0,0
esmc6b_3di_gated_boundary,5,O60609,1,1,1,1,1,1,0,0,0,0,0,0,0,0,0,0,0,0
esmc6b_3di_gated_boundary,5,O61016,1,1,1,1,1,1,0,0,0,0,0,0,1,1,1,1,1,1
esmc6b_3di_gated_boundary,5,O61271,3,3,3,3,3,3,0,0,0,0,0,0,0,0,0,0,0,0
esmc6b_3di_gated_boundary,5,O62697,0,1,1,1,1,1,1,0,0,0,0,0,1,0,0,0,0,0
esmc6b_3di_gated_boundary,5,O62820,1,1,1,1,1,1,0,0,0,0,0,0,1,1,1,1,1,1
esmc6b_3di_gated_boundary,5,O70176,2,2,2,2,2,2,0,0,0,0,0,0,1,1,1,1,1,1
esmc6b_3di_gated_boundary,5,O75326,0,0,0,0,1,1,1,1,1,1,0,0,1,1,1,1,0,0
esmc6b_3di_gated_boundary,5,O76198,0,1,1,1,1,1,1,0,0,0,0,0,1,0,0,0,0,0
esmc6b_3di_gated_boundary,5,O76818,3,3,3,3,3,3,6,6,6,6,6,6,6,6,6,6,6,6
esmc6b_3di_gated_boundary,5,O81003,2,2,2,2,2,2,0,0,0,0,0,0,0,0,0,0,0,0
esmc6b_3di_gated_boundary,5,O81277,0,1,1,1,1,1,2,1,1,1,1,1,1,0,0,0,0,0
esmc6b_3di_gated_boundary,5,O82227,1,1,1,1,1,1,0,0,0,0,0,0,0,0,0,0,0,0
esmc6b_3di_gated_boundary,5,O89117,0,0,0,0,0,0,2,2,2,2,2,2,1,1,1,1,1,1
esmc6b_3di_gated_boundary,5,O93512,1,1,1,1,1,1,0,0,0,0,0,0,0,0,0,0,0,0
esmc6b_3di_gated_boundary,5,O94549,0,0,0,0,0,1,1,1,1,1,1,0,1,1,1,1,1,0
esmc6b_3di_gated_boundary,5,O95399,1,1,1,1,1,1,0,0,0,0,0,0,0,0,0,0,0,0
esmc6b_3di_gated_boundary,5,O97395,1,1,1,1,1,1,2,2,2,2,2,2,0,0,0,0,0,0
esmc6b_3di_gated_boundary,5,O97946,0,0,0,0,1,1,2,2,2,2,1,1,1,1,1,1,0,0
esmc6b_3di_gated_boundary,5,O97980,0,0,0,0,0,0,1,1,1,1,1,1,1,1,1,1,1,1
esmc6b_3di_gated_boundary,5,P00273,0,0,0,0,0,0,1,1,1,1,1,1,0,0,0,0,0,0
esmc6b_3di_gated_boundary,5,P01165,0,0,0,0,0,0,1,1,1,1,1,1,0,0,0,0,0,0
esmc6b_3di_gated_boundary,5,P01203,1,1,1,1,1,1,0,0,0,0,0,0,0,0,0,0,0,0
esmc6b_3di_gated_boundary,5,P01205,1,1,1,1,1,1,0,0,0,0,0,0,1,1,1,1,1,1
esmc6b_3di_gated_boundary,5,P01282,3,3,3,3,3,3,0,0,0,0,0,0,2,2,2,2,2,2
esmc6b_3di_gated_boundary,5,P01283,3,3,3,3,3,3,0,0,0,0,0,0,1,1,1,1,1,1
esmc6b_3di_gated_boundary,5,P01284,2,2,2,2,2,2,0,0,0,0,0,0,0,0,0,0,0,0
esmc6b_3di_gated_boundary,5,P01298,1,1,1,1,1,1,2,2,2,2,2,2,1,1,1,1,1,1
esmc6b_3di_gated_boundary,5,P01299,1,1,1,1,1,2,2,2,2,2,2,1,1,1,1,1,1,0
esmc6b_3di_gated_boundary,5,P01300,1,1,1,1,1,1,1,1,1,1,1,1,1,1,1,1,1,1
esmc6b_3di_gated_boundary,5,P01301,2,2,2,2,2,2,0,0,0,0,0,0,0,0,0,0,0,0
esmc6b_3di_gated_boundary,5,P01302,2,2,2,2,2,2,1,1,1,1,1,1,0,0,0,0,0,0
esmc6b_3di_gated_boundary,5,P01303,2,2,2,2,2,2,0,0,0,0,0,0,0,0,0,0,0,0
esmc6b_3di_gated_boundary,5,P01304,1,1,1,1,1,1,0,0,0,0,0,0,1,1,1,1,1,1
esmc6b_3di_gated_boundary,5,P01307,0,0,0,1,1,1,1,1,1,0,0,0,1,1,1,0,0,0
esmc6b_3di_gated_boundary,5,P01347,1,1,1,1,1,2,1,1,1,1,1,0,1,1,1,1,1,0
esmc6b_3di_gated_boundary,5,P01348,0,0,1,1,1,2,2,2,1,1,1,0,2,2,1,1,1,0
esmc6b_3di_gated_boundary,5,P01349,0,0,0,0,0,0,2,2,2,2,2,2,0,0,0,0,0,0
esmc6b_3di_gated_boundary,5,P01364,1,1,1,1,1,1,2,2,2,2,2,2,2,2,2,2,2,2
esmc6b_3di_gated_boundary,5,P02814,0,0,0,0,0,0,1,1,1,1,1,1,2,2,2,2,2,2
esmc6b_3di_gated_boundary,5,P02866,0,0,0,0,0,0,2,2,2,2,2,2,0,0,0,0,0,0
esmc6b_3di_gated_boundary,5,P02870,0,1,1,1,1,1,2,1,1,1,1,1,1,0,0,0,0,0
esmc6b_3di_gated_boundary,5,P02873,0,0,0,0,0,0,1,1,1,1,1,1,1,1,1,1,1,1
esmc6b_3di_gated_boundary,5,P02896,1,1,1,1,1,1,0,0,0,0,0,0,0,0,0,0,0,0
esmc6b_3di_gated_boundary,5,P04058,1,1,1,1,1,1,0,0,0,0,0,0,0,0,0,0,0,0
esmc6b_3di_gated_boundary,5,P04090,2,2,2,2,2,2,0,0,0,0,0,0,0,0,0,0,0,0
esmc6b_3di_gated_boundary,5,P04279,0,0,0,0,0,0,1,1,1,1,1,1,0,0,0,0,0,0
esmc6b_3di_gated_boundary,5,P04566,2,2,2,2,2,2,0,0,0,0,0,0,0,0,0,0,0,0
esmc6b_3di_gated_boundary,5,P04808,0,1,2,2,2,2,2,1,0,0,0,0,3,2,1,1,1,1
esmc6b_3di_gated_boundary,5,P05140,0,0,1,1,1,1,1,1,0,0,0,0,1,1,0,0,0,0
esmc6b_3di_gated_boundary,5,P05161,1,1,1,1,1,1,0,0,0,0,0,0,0,0,0,0,0,0
esmc6b_3di_gated_boundary,5,P05186,1,1,1,1,1,1,0,0,0,0,0,0,0,0,0,0,0,0
esmc6b_3di_gated_boundary,5,P05187,1,1,1,1,1,1,0,0,0,0,0,0,0,0,0,0,0,0
esmc6b_3di_gated_boundary,5,P05408,0,0,0,0,0,0,1,1,1,1,1,1,0,0,0,0,0,0
esmc6b_3di_gated_boundary,5,P05657,1,1,1,1,1,1,0,0,0,0,0,0,1,1,1,1,1,1
esmc6b_3di_gated_boundary,5,P05834,0,0,0,0,0,0,1,1,1,1,1,1,1,1,1,1,1,1
esmc6b_3di_gated_boundary,5,P06303,1,1,1,1,1,1,1,1,1,1,1,1,0,0,0,0,0,0
esmc6b_3di_gated_boundary,5,P06884,0,0,0,0,0,0,2,2,2,2,2,2,2,2,2,2,2,2
esmc6b_3di_gated_boundary,5,P07140,1,1,1,1,1,1,0,0,0,0,0,0,0,0,0,0,0,0
esmc6b_3di_gated_boundary,5,P07224,1,1,1,1,1,1,0,0,0,0,0,0,0,0,0,0,0,0
esmc6b_3di_gated_boundary,5,P07225,1,1,1,1,1,1,0,0,0,0,0,0,0,0,0,0,0,0
esmc6b_3di_gated_boundary,5,P07602,0,2,3,3,3,3,4,2,1,1,1,1,3,1,0,0,0,0
esmc6b_3di_gated_boundary,5,P07662,0,0,0,0,0,0,1,1,1,1,1,1,1,1,1,1,1,1
esmc6b_3di_gated_boundary,5,P07692,1,1,1,1,1,1,0,0,0,0,0,0,0,0,0,0,0,0
esmc6b_3di_gated_boundary,5,P07808,2,2,2,2,2,2,0,0,0,0,0,0,0,0,0,0,0,0
esmc6b_3di_gated_boundary,5,P07987,1,1,1,1,1,1,0,0,0,0,0,0,0,0,0,0,0,0
esmc6b_3di_gated_boundary,5,P08289,1,1,1,1,1,1,0,0,0,0,0,0,0,0,0,0,0,0
esmc6b_3di_gated_boundary,5,P08697,0,0,0,0,0,0,1,1,1,1,1,1,0,0,0,0,0,0
esmc6b_3di_gated_boundary,5,P08947,3,3,3,3,3,3,0,0,0,0,0,0,0,0,0,0,0,0
esmc6b_3di_gated_boundary,5,P08948,3,3,3,3,3,3,0,0,0,0,0,0,0,0,0,0,0,0
esmc6b_3di_gated_boundary,5,P08950,1,1,2,2,2,2,2,2,1,1,1,1,2,2,1,1,1,1
esmc6b_3di_gated_boundary,5,P09040,2,2,2,2,2,2,3,3,3,3,3,3,1,1,1,1,1,1
esmc6b_3di_gated_boundary,5,P09242,0,1,1,1,1,1,1,0,0,0,0,0,1,0,0,0,0,0
esmc6b_3di_gated_boundary,5,P09475,0,0,0,0,0,0,2,2,2,2,2,2,1,1,1,1,1,1
esmc6b_3di_gated_boundary,5,P09487,0,0,0,1,1,1,1,1,1,0,0,0,1,1,1,0,0,0
esmc6b_3di_gated_boundary,5,P09681,0,1,1,1,1,1,2,1,1,1,1,1,2,1,1,1,1,1
esmc6b_3di_gated_boundary,5,P09923,1,1,1,1,1,1,0,0,0,0,0,0,0,0,0,0,0,0
esmc6b_3di_gated_boundary,5,P09971,5,5,5,5,5,5,2,2,2,2,2,2,4,4,4,4,4,4
esmc6b_3di_gated_boundary,5,P0A312,1,1,1,1,1,1,0,0,0,0,0,0,0,0,0,0,0,0
esmc6b_3di_gated_boundary,5,P0A313,1,1,1,1,1,1,0,0,0,0,0,0,0,0,0,0,0,0
esmc6b_3di_gated_boundary,5,P0C1T5,0,0,1,1,1,1,1,1,0,0,0,0,1,1,0,0,0,0
esmc6b_3di_gated_boundary,5,P0C249,0,1,1,1,1,1,1,0,0,0,0,0,1,0,0,0,0,0
esmc6b_3di_gated_boundary,5,P0C2S8,0,1,1,1,1,1,1,0,0,0,0,0,1,0,0,0,0,0
esmc6b_3di_gated_boundary,5,P0C2X7,2,2,2,2,2,2,0,0,0,0,0,0,0,0,0,0,0,0
esmc6b_3di_gated_boundary,5,P0C5X7,1,1,1,1,1,1,1,1,1,1,1,1,0,0,0,0,0,0
esmc6b_3di_gated_boundary,5,P0C8S6,1,1,1,1,1,1,0,0,0,0,0,0,0,0,0,0,0,0
esmc6b_3di_gated_boundary,5,P0C957,1,1,1,1,1,1,0,0,0,0,0,0,1,1,1,1,1,1
esmc6b_3di_gated_boundary,5,P0C958,1,1,1,1,1,1,0,0,0,0,0,0,1,1,1,1,1,1
esmc6b_3di_gated_boundary,5,P0CG54,1,1,1,1,1,1,0,0,0,0,0,0,0,0,0,0,0,0
esmc6b_3di_gated_boundary,5,P0CH28,1,1,1,1,1,1,0,0,0,0,0,0,0,0,0,0,0,0
esmc6b_3di_gated_boundary,5,P0CH56,2,2,2,2,2,2,0,0,0,0,0,0,0,0,0,0,0,0
esmc6b_3di_gated_boundary,5,P0CH70,1,1,1,1,1,1,0,0,0,0,0,0,0,0,0,0,0,0
esmc6b_3di_gated_boundary,5,P0CI88,0,0,0,0,0,0,1,1,1,1,1,1,0,0,0,0,0,0
esmc6b_3di_gated_boundary,5,P0CS83,1,1,1,1,1,1,0,0,0,0,0,0,0,0,0,0,0,0
esmc6b_3di_gated_boundary,5,P0CS93,0,0,0,0,0,0,1,1,1,1,1,1,1,1,1,1,1,1
esmc6b_3di_gated_boundary,5,P0CW02,0,0,0,0,0,0,1,1,1,1,1,1,1,1,1,1,1,1
esmc6b_3di_gated_boundary,5,P0CW03,0,0,0,0,0,0,1,1,1,1,1,1,1,1,1,1,1,1
esmc6b_3di_gated_boundary,5,P0CY26,1,1,1,1,1,1,0,0,0,0,0,0,0,0,0,0,0,0
esmc6b_3di_gated_boundary,5,P0CY27,1,1,1,1,1,1,0,0,0,0,0,0,0,0,0,0,0,0
esmc6b_3di_gated_boundary,5,P0CY28,1,1,1,1,1,1,0,0,0,0,0,0,0,0,0,0,0,0
esmc6b_3di_gated_boundary,5,P0CY29,1,1,1,1,1,1,0,0,0,0,0,0,0,0,0,0,0,0
esmc6b_3di_gated_boundary,5,P0DE28,1,1,1,1,1,1,0,0,0,0,0,0,0,0,0,0,0,0
esmc6b_3di_gated_boundary,5,P0DE29,1,1,1,1,1,1,0,0,0,0,0,0,0,0,0,0,0,0
esmc6b_3di_gated_boundary,5,P0DJ06,1,1,1,1,1,1,0,0,0,0,0,0,0,0,0,0,0,0
esmc6b_3di_gated_boundary,5,P0DJ95,1,1,1,1,1,1,0,0,0,0,0,0,0,0,0,0,0,0
esmc6b_3di_gated_boundary,5,P0DJI8,0,0,0,0,0,0,1,1,1,1,1,1,0,0,0,0,0,0
esmc6b_3di_gated_boundary,5,P0DKL3,0,0,0,0,0,0,1,1,1,1,1,1,1,1,1,1,1,1
esmc6b_3di_gated_boundary,5,P0DKM3,0,0,0,0,0,0,1,1,1,1,1,1,0,0,0,0,0,0
esmc6b_3di_gated_boundary,5,P0DKN1,0,0,0,0,0,0,1,1,1,1,1,1,0,0,0,0,0,0
esmc6b_3di_gated_boundary,5,P0DL57,0,1,1,1,1,1,1,0,0,0,0,0,2,1,1,1,1,1
esmc6b_3di_gated_boundary,5,P0DL58,0,1,1,1,1,1,2,1,1,1,1,1,1,0,0,0,0,0
esmc6b_3di_gated_boundary,5,P0DM55,0,0,0,0,0,0,1,1,1,1,1,1,0,0,0,0,0,0
esmc6b_3di_gated_boundary,5,P0DM67,1,1,1,1,1,1,0,0,0,0,0,0,1,1,1,1,1,1
esmc6b_3di_gated_boundary,5,P0DM68,1,1,1,1,1,1,1,1,1,1,1,1,0,0,0,0,0,0
esmc6b_3di_gated_boundary,5,P0DMD7,1,1,1,1,1,1,1,1,1,1,1,1,0,0,0,0,0,0
esmc6b_3di_gated_boundary,5,P0DMG0,1,1,1,1,1,1,1,1,1,1,1,1,2,2,2,2,2,2
esmc6b_3di_gated_boundary,5,P0DN01,1,1,1,1,1,1,0,0,0,0,0,0,0,0,0,0,0,0
esmc6b_3di_gated_boundary,5,P0DN03,0,1,1,1,1,1,1,0,0,0,0,0,1,0,0,0,0,0
esmc6b_3di_gated_boundary,5,P0DN04,1,1,1,1,1,1,0,0,0,0,0,0,0,0,0,0,0,0
esmc6b_3di_gated_boundary,5,P0DN98,1,1,1,1,1,1,0,0,0,0,0,0,1,1,1,1,1,1
esmc6b_3di_gated_boundary,5,P0DP14,0,1,1,1,1,1,1,0,0,0,0,0,1,0,0,0,0,0
esmc6b_3di_gated_boundary,5,P0DP55,1,1,1,1,1,1,1,1,1,1,1,1,1,1,1,1,1,1
esmc6b_3di_gated_boundary,5,P0DPU4,0,0,0,0,0,0,1,1,1,1,1,1,0,0,0,0,0,0
esmc6b_3di_gated_boundary,5,P0DQA3,0,0,0,0,0,0,1,1,1,1,1,1,0,0,0,0,0,0
esmc6b_3di_gated_boundary,5,P0DQA4,0,0,0,0,0,0,1,1,1,1,1,1,0,0,0,0,0,0
esmc6b_3di_gated_boundary,5,P0DQA5,1,1,1,1,1,1,0,0,0,0,0,0,0,0,0,0,0,0
esmc6b_3di_gated_boundary,5,P0DRB9,1,1,1,1,1,1,0,0,0,0,0,0,0,0,0,0,0,0
esmc6b_3di_gated_boundary,5,P0DRC4,1,1,1,1,1,1,0,0,0,0,0,0,0,0,0,0,0,0
esmc6b_3di_gated_boundary,5,P0DRI2,0,0,0,0,1,1,2,2,2,2,1,1,3,3,3,3,2,2
esmc6b_3di_gated_boundary,5,P0DRJ4,8,8,14,14,14,14,6,6,0,0,0,0,6,6,0,0,0,0
esmc6b_3di_gated_boundary,5,P0DTJ9,0,0,0,0,0,0,2,2,2,2,2,2,2,2,2,2,2,2
esmc6b_3di_gated_boundary,5,P0DUT2,3,3,4,4,4,6,3,3,2,2,2,0,3,3,2,2,2,0
esmc6b_3di_gated_boundary,5,P0DUT6,1,2,2,3,3,3,4,3,3,2,2,2,2,1,1,0,0,0
esmc6b_3di_gated_boundary,5,P0DY21,1,1,1,1,1,1,0,0,0,0,0,0,1,1,1,1,1,1
esmc6b_3di_gated_boundary,5,P10082,1,1,1,1,1,1,1,1,1,1,1,1,1,1,1,1,1,1
esmc6b_3di_gated_boundary,5,P10419,0,3,3,3,3,3,3,0,0,0,0,0,35,32,32,32,32,32
esmc6b_3di_gated_boundary,5,P10552,14,15,15,16,16,16,2,1,1,0,0,0,3,2,2,1,1,1
esmc6b_3di_gated_boundary,5,P10601,2,2,2,2,2,2,0,0,0,0,0,0,0,0,0,0,0,0
esmc6b_3di_gated_boundary,5,P10631,2,2,2,2,2,2,0,0,0,0,0,0,0,0,0,0,0,0
esmc6b_3di_gated_boundary,5,P10674,1,1,1,1,1,1,0,0,0,0,0,0,0,0,0,0,0,0
esmc6b_3di_gated_boundary,5,P10675,0,0,0,1,1,1,1,1,1,0,0,0,1,1,1,0,0,0
esmc6b_3di_gated_boundary,5,P10696,1,1,1,1,1,1,0,0,0,0,0,0,0,0,0,0,0,0
esmc6b_3di_gated_boundary,5,P10960,1,1,1,1,1,1,2,2,2,2,2,2,1,1,1,1,1,1
esmc6b_3di_gated_boundary,5,P11159,5,5,5,5,5,5,2,2,2,2,2,2,4,4,4,4,4,4
esmc6b_3di_gated_boundary,5,P11184,0,0,0,0,0,1,2,2,2,2,2,1,1,1,1,1,1,0
esmc6b_3di_gated_boundary,5,P11185,0,0,0,1,1,2,2,2,2,1,1,0,2,2,2,1,1,0
esmc6b_3di_gated_boundary,5,P11952,0,0,0,0,0,0,2,2,2,2,2,2,1,1,1,1,1,1
esmc6b_3di_gated_boundary,5,P11953,0,0,0,0,0,0,2,2,2,2,2,2,1,1,1,1,1,1
esmc6b_3di_gated_boundary,5,P12872,0,0,0,1,1,1,1,1,1,0,0,0,1,1,1,0,0,0
esmc6b_3di_gated_boundary,5,P12961,0,0,0,0,0,0,1,1,1,1,1,1,0,0,0,0,0,0
esmc6b_3di_gated_boundary,5,P13083,1,1,1,1,1,1,0,0,0,0,0,0,0,0,0,0,0,0
esmc6b_3di_gated_boundary,5,P13589,2,2,2,2,2,2,0,0,0,0,0,0,1,1,1,1,1,1
esmc6b_3di_gated_boundary,5,P14138,1,1,1,1,1,1,0,0,0,0,0,0,0,0,0,0,0,0
esmc6b_3di_gated_boundary,5,P14608,0,0,0,0,0,0,1,1,1,1,1,1,0,0,0,0,0,0
esmc6b_3di_gated_boundary,5,P14765,2,2,2,2,2,2,0,0,0,0,0,0,0,0,0,0,0,0
esmc6b_3di_gated_boundary,5,P14894,0,0,0,0,0,0,2,2,2,2,2,2,0,0,0,0,0,0
esmc6b_3di_gated_boundary,5,P14904,0,0,0,0,0,0,1,1,1,1,1,1,0,0,0,0,0,0
esmc6b_3di_gated_boundary,5,P15369,0,0,1,1,1,1,1,1,0,0,0,0,1,1,0,0,0,0
esmc6b_3di_gated_boundary,5,P15411,2,3,3,3,3,3,1,0,0,0,0,0,1,0,0,0,0,0
esmc6b_3di_gated_boundary,5,P15513,18,18,18,19,19,19,1,1,1,0,0,0,1,1,1,0,0,0
esmc6b_3di_gated_boundary,5,P15693,1,1,1,1,1,1,0,0,0,0,0,0,0,0,0,0,0,0
esmc6b_3di_gated_boundary,5,P15797,0,1,1,1,1,1,1,0,0,0,0,0,1,0,0,0,0,0
esmc6b_3di_gated_boundary,5,P16404,0,0,0,0,0,0,1,1,1,1,1,1,0,0,0,0,0,0
esmc6b_3di_gated_boundary,5,P16613,2,2,2,2,2,2,0,0,0,0,0,0,1,1,1,1,1,1
esmc6b_3di_gated_boundary,5,P17118,0,0,0,0,0,0,1,1,1,1,1,1,0,0,0,0,0,0
esmc6b_3di_gated_boundary,5,P17681,0,0,1,1,1,1,3,3,2,2,2,2,3,3,2,2,2,2
esmc6b_3di_gated_boundary,5,P18509,1,1,1,1,1,1,1,1,1,1,1,1,0,0,0,0,0,0
esmc6b_3di_gated_boundary,5,P18844,0,0,0,0,0,0,1,1,1,1,1,1,1,1,1,1,1,1
esmc6b_3di_gated_boundary,5,P19111,1,1,1,1,1,1,0,0,0,0,0,0,0,0,0,0,0,0
esmc6b_3di_gated_boundary,5,P19260,1,1,1,1,1,1,0,0,0,0,0,0,0,0,0,0,0,0
esmc6b_3di_gated_boundary,5,P19425,0,0,0,0,0,0,1,1,1,1,1,1,0,0,0,0,0,0
esmc6b_3di_gated_boundary,5,P19599,0,1,1,1,1,1,1,0,0,0,0,0,1,0,0,0,0,0
esmc6b_3di_gated_boundary,5,P19660,1,1,1,1,1,1,0,0,0,0,0,0,0,0,0,0,0,0
esmc6b_3di_gated_boundary,5,P19707,0,0,0,0,0,0,1,1,1,1,1,1,0,0,0,0,0,0
esmc6b_3di_gated_boundary,5,P19708,0,0,0,0,0,0,1,1,1,1,1,1,0,0,0,0,0,0
esmc6b_3di_gated_boundary,5,P19884,1,2,2,2,2,2,1,0,0,0,0,0,1,0,0,0,0,0
esmc6b_3di_gated_boundary,5,P19971,0,0,0,0,0,0,1,1,1,1,1,1,0,0,0,0,0,0
esmc6b_3di_gated_boundary,5,P19998,1,1,1,1,1,1,0,0,0,0,0,0,1,1,1,1,1,1
esmc6b_3di_gated_boundary,5,P20481,26,29,29,29,29,29,7,4,4,4,4,4,6,3,3,3,3,3
esmc6b_3di_gated_boundary,5,P20948,0,0,0,0,0,0,1,1,1,1,1,1,0,0,0,0,0,0
esmc6b_3di_gated_boundary,5,P21591,0,0,0,2,2,2,2,2,2,0,0,0,2,2,2,0,0,0
esmc6b_3di_gated_boundary,5,P22226,0,0,0,0,0,0,1,1,1,1,1,1,1,1,1,1,1,1
esmc6b_3di_gated_boundary,5,P22287,0,0,0,0,0,0,2,2,2,2,2,2,0,0,0,0,0,0
esmc6b_3di_gated_boundary,5,P22304,0,0,0,0,0,0,1,1,1,1,1,1,0,0,0,0,0,0
esmc6b_3di_gated_boundary,5,P22969,0,1,2,2,2,2,2,1,0,0,0,0,2,1,0,0,0,0
esmc6b_3di_gated_boundary,5,P23431,1,1,1,1,1,1,0,0,0,0,0,0,0,0,0,0,0,0
esmc6b_3di_gated_boundary,5,P23535,0,1,1,1,1,1,1,0,0,0,0,0,1,0,0,0,0,0
esmc6b_3di_gated_boundary,5,P23546,0,1,1,1,1,1,1,0,0,0,0,0,1,0,0,0,0,0
esmc6b_3di_gated_boundary,5,P24665,1,1,1,1,1,2,1,1,1,1,1,0,1,1,1,1,1,0
esmc6b_3di_gated_boundary,5,P24822,1,1,1,1,1,1,0,0,0,0,0,0,0,0,0,0,0,0
esmc6b_3di_gated_boundary,5,P24823,0,1,1,1,1,1,1,0,0,0,0,0,1,0,0,0,0,0
esmc6b_3di_gated_boundary,5,P26329,1,1,1,1,1,1,0,0,0,0,0,0,0,0,0,0,0,0
esmc6b_3di_gated_boundary,5,P26334,1,1,1,1,1,1,0,0,0,0,0,0,0,0,0,0,0,0
esmc6b_3di_gated_boundary,5,P26335,0,0,0,0,0,0,1,1,1,1,1,1,1,1,1,1,1,1
esmc6b_3di_gated_boundary,5,P26727,3,3,3,3,3,3,0,0,0,0,0,0,0,0,0,0,0,0
esmc6b_3di_gated_boundary,5,P26731,2,3,3,3,3,3,1,0,0,0,0,0,1,0,0,0,0,0
esmc6b_3di_gated_boundary,5,P26733,2,2,3,3,3,3,1,1,0,0,0,0,1,1,0,0,0,0
esmc6b_3di_gated_boundary,5,P26734,2,2,3,3,3,3,1,1,0,0,0,0,1,1,0,0,0,0
esmc6b_3di_gated_boundary,5,P26735,2,2,3,3,3,3,1,1,0,0,0,0,1,1,0,0,0,0
esmc6b_3di_gated_boundary,5,P26736,2,3,3,3,3,3,1,0,0,0,0,0,1,0,0,0,0,0
esmc6b_3di_gated_boundary,5,P26737,2,2,3,3,3,3,1,1,0,0,0,0,1,1,0,0,0,0
esmc6b_3di_gated_boundary,5,P26738,2,2,3,3,3,3,1,1,0,0,0,0,1,1,0,0,0,0
esmc6b_3di_gated_boundary,5,P26739,1,1,3,3,3,3,2,2,0,0,0,0,2,2,0,0,0,0
esmc6b_3di_gated_boundary,5,P26740,2,2,3,3,3,3,1,1,0,0,0,0,1,1,0,0,0,0
esmc6b_3di_gated_boundary,5,P26741,2,2,3,3,3,3,1,1,0,0,0,0,1,1,0,0,0,0
esmc6b_3di_gated_boundary,5,P26742,1,2,3,3,3,3,2,1,0,0,0,0,2,1,0,0,0,0
esmc6b_3di_gated_boundary,5,P26743,1,1,3,3,3,3,2,2,0,0,0,0,2,2,0,0,0,0
esmc6b_3di_gated_boundary,5,P26779,0,2,2,2,2,2,4,2,2,2,2,2,2,0,0,0,0,0
esmc6b_3di_gated_boundary,5,P27114,0,0,0,1,1,1,1,1,1,0,0,0,1,1,1,0,0,0
esmc6b_3di_gated_boundary,5,P27666,1,1,1,1,1,1,0,0,0,0,0,0,0,0,0,0,0,0
esmc6b_3di_gated_boundary,5,P27682,1,1,1,1,1,1,0,0,0,0,0,0,0,0,0,0,0,0
esmc6b_3di_gated_boundary,5,P28672,1,1,1,1,1,1,1,1,1,1,1,1,1,1,1,1,1,1
esmc6b_3di_gated_boundary,5,P28673,2,2,2,2,2,2,0,0,0,0,0,0,0,0,0,0,0,0
esmc6b_3di_gated_boundary,5,P28674,1,1,1,1,1,1,1,1,1,1,1,1,1,1,1,1,1,1
esmc6b_3di_gated_boundary,5,P28800,0,0,0,0,0,0,1,1,1,1,1,1,0,0,0,0,0,0
esmc6b_3di_gated_boundary,5,P28825,1,1,1,1,1,1,0,0,0,0,0,0,0,0,0,0,0,0
esmc6b_3di_gated_boundary,5,P28826,0,0,1,1,1,1,1,1,0,0,0,0,1,1,0,0,0,0
esmc6b_3di_gated_boundary,5,P29425,0,1,1,1,1,1,1,0,0,0,0,0,1,0,0,0,0,0
esmc6b_3di_gated_boundary,5,P29519,2,2,3,3,3,3,1,1,0,0,0,0,1,1,0,0,0,0
esmc6b_3di_gated_boundary,5,P29523,1,1,1,1,1,1,0,0,0,0,0,0,1,1,1,1,1,1
esmc6b_3di_gated_boundary,5,P32089,0,0,1,1,1,1,1,1,0,0,0,0,1,1,0,0,0,0
esmc6b_3di_gated_boundary,5,P32194,0,0,0,0,1,1,1,1,1,1,0,0,1,1,1,1,0,0
esmc6b_3di_gated_boundary,5,P32195,0,0,0,0,1,1,1,1,1,1,0,0,1,1,1,1,0,0
esmc6b_3di_gated_boundary,5,P32196,0,0,1,1,1,1,1,1,0,0,0,0,1,1,0,0,0,0
esmc6b_3di_gated_boundary,5,P32329,2,2,2,2,2,2,0,0,0,0,0,0,0,0,0,0,0,0
esmc6b_3di_gated_boundary,5,P32623,1,1,1,1,1,1,0,0,0,0,0,0,0,0,0,0,0,0
esmc6b_3di_gated_boundary,5,P32648,3,3,3,3,3,3,0,0,0,0,0,0,1,1,1,1,1,1
esmc6b_3di_gated_boundary,5,P32649,2,2,2,2,2,2,0,0,0,0,0,0,0,0,0,0,0,0
esmc6b_3di_gated_boundary,5,P32950,0,0,1,1,1,1,1,1,0,0,0,0,1,1,0,0,0,0
esmc6b_3di_gated_boundary,5,P32951,0,0,1,1,1,1,1,1,0,0,0,0,1,1,0,0,0,0
esmc6b_3di_gated_boundary,5,P33046,0,0,0,0,0,0,1,1,1,1,1,1,1,1,1,1,1,1
esmc6b_3di_gated_boundary,5,P33689,2,2,2,2,2,2,0,0,0,0,0,0,0,0,0,0,0,0
esmc6b_3di_gated_boundary,5,P33715,1,1,1,1,1,1,0,0,0,0,0,0,0,0,0,0,0,0
esmc6b_3di_gated_boundary,5,P33718,1,1,1,2,2,2,2,2,2,1,1,1,1,1,1,0,0,0
esmc6b_3di_gated_boundary,5,P33719,0,1,1,2,2,2,3,2,2,1,1,1,2,1,1,0,0,0
esmc6b_3di_gated_boundary,5,P33720,3,3,3,3,3,3,0,0,0,0,0,0,0,0,0,0,0,0
esmc6b_3di_gated_boundary,5,P33721,3,3,3,3,3,3,0,0,0,0,0,0,0,0,0,0,0,0
esmc6b_3di_gated_boundary,5,P33722,3,3,3,3,3,3,0,0,0,0,0,0,0,0,0,0,0,0
esmc6b_3di_gated_boundary,5,P34026,1,1,1,1,1,1,0,0,0,0,0,0,0,0,0,0,0,0
esmc6b_3di_gated_boundary,5,P34806,0,0,0,0,0,0,1,1,1,1,1,1,3,3,3,3,3,3
esmc6b_3di_gated_boundary,5,P34962,1,1,1,1,1,1,0,0,0,0,0,0,1,1,1,1,1,1
esmc6b_3di_gated_boundary,5,P34963,0,1,1,1,1,1,1,0,0,0,0,0,2,1,1,1,1,1
esmc6b_3di_gated_boundary,5,P34964,0,0,0,0,0,0,1,1,1,1,1,1,1,1,1,1,1,1
esmc6b_3di_gated_boundary,5,P35460,0,0,0,0,0,0,1,1,1,1,1,1,1,1,1,1,1,1
esmc6b_3di_gated_boundary,5,P35461,1,1,1,1,1,1,0,0,0,0,0,0,0,0,0,0,0,0
esmc6b_3di_gated_boundary,5,P35518,1,1,1,1,1,1,0,0,0,0,0,0,0,0,0,0,0,0
esmc6b_3di_gated_boundary,5,P36193,0,0,1,1,1,1,2,2,1,1,1,1,2,2,1,1,1,1
esmc6b_3di_gated_boundary,5,P36560,0,0,0,0,0,0,1,1,1,1,1,1,0,0,0,0,0,0
esmc6b_3di_gated_boundary,5,P39105,1,1,1,1,1,1,0,0,0,0,0,0,0,0,0,0,0,0
esmc6b_3di_gated_boundary,5,P40765,0,0,0,0,0,0,1,1,1,1,1,1,0,0,0,0,0,0
esmc6b_3di_gated_boundary,5,P41365,0,1,1,1,1,1,1,0,0,0,0,0,1,0,0,0,0,0
esmc6b_3di_gated_boundary,5,P41534,1,1,1,1,1,1,1,1,1,1,1,1,2,2,2,2,2,2
esmc6b_3di_gated_boundary,5,P41535,2,2,2,2,2,2,0,0,0,0,0,0,0,0,0,0,0,0
esmc6b_3di_gated_boundary,5,P41585,0,0,0,0,0,0,2,2,2,2,2,2,4,4,4,4,4,4
esmc6b_3di_gated_boundary,5,P41876,10,11,11,11,11,11,2,1,1,1,1,1,3,2,2,2,2,2
esmc6b_3di_gated_boundary,5,P41964,0,0,0,0,0,0,1,1,1,1,1,1,0,0,0,0,0,0
esmc6b_3di_gated_boundary,5,P42723,0,2,2,2,2,2,2,0,0,0,0,0,2,0,0,0,0,0
esmc6b_3di_gated_boundary,5,P42785,0,1,1,1,1,1,1,0,0,0,0,0,1,0,0,0,0,0
esmc6b_3di_gated_boundary,5,P43030,0,0,0,0,0,0,1,1,1,1,1,1,1,1,1,1,1,1
esmc6b_3di_gated_boundary,5,P43443,2,2,2,2,2,2,0,0,0,0,0,0,1,1,1,1,1,1
esmc6b_3di_gated_boundary,5,P45644,3,3,3,3,3,3,1,1,1,1,1,1,1,1,1,1,1,1
esmc6b_3di_gated_boundary,5,P46157,0,2,2,2,2,2,2,0,0,0,0,0,2,0,0,0,0,0
esmc6b_3di_gated_boundary,5,P46158,0,0,0,0,0,0,2,2,2,2,2,2,1,1,1,1,1,1
esmc6b_3di_gated_boundary,5,P46161,0,0,1,1,1,1,1,1,0,0,0,0,1,1,0,0,0,0
esmc6b_3di_gated_boundary,5,P46167,1,1,1,1,1,1,0,0,0,0,0,0,0,0,0,0,0,0
esmc6b_3di_gated_boundary,5,P46591,1,1,1,1,1,1,0,0,0,0,0,0,0,0,0,0,0,0
esmc6b_3di_gated_boundary,5,P47476,1,1,1,1,1,1,0,0,0,0,0,0,1,1,1,1,1,1
esmc6b_3di_gated_boundary,5,P47932,1,1,1,1,1,2,1,1,1,1,1,0,1,1,1,1,1,0
esmc6b_3di_gated_boundary,5,P48097,2,2,2,2,2,2,0,0,0,0,0,0,0,0,0,0,0,0
esmc6b_3di_gated_boundary,5,P48098,1,1,2,2,2,2,1,1,0,0,0,0,1,1,0,0,0,0
esmc6b_3di_gated_boundary,5,P48143,3,3,3,3,3,3,1,1,1,1,1,1,1,1,1,1,1,1
esmc6b_3di_gated_boundary,5,P48144,1,1,1,1,1,1,2,2,2,2,2,2,2,2,2,2,2,2
esmc6b_3di_gated_boundary,5,P48299,1,1,1,1,1,1,0,0,0,0,0,0,0,0,0,0,0,0
esmc6b_3di_gated_boundary,5,P48503,1,1,1,1,1,1,0,0,0,0,0,0,0,0,0,0,0,0
esmc6b_3di_gated_boundary,5,P48756,0,1,1,1,1,1,2,1,1,1,1,1,2,1,1,1,1,1
esmc6b_3di_gated_boundary,5,P49126,1,1,1,1,1,1,0,0,0,0,0,0,0,0,0,0,0,0
esmc6b_3di_gated_boundary,5,P49913,0,0,0,0,0,0,1,1,1,1,1,1,0,0,0,0,0,0
esmc6b_3di_gated_boundary,5,P49928,0,1,1,1,1,1,1,0,0,0,0,0,1,0,0,0,0,0
esmc6b_3di_gated_boundary,5,P49929,0,1,1,1,1,1,1,0,0,0,0,0,1,0,0,0,0,0
esmc6b_3di_gated_boundary,5,P49930,0,0,0,0,0,0,1,1,1,1,1,1,1,1,1,1,1,1
esmc6b_3di_gated_boundary,5,P49931,0,1,1,1,1,1,1,0,0,0,0,0,1,0,0,0,0,0
esmc6b_3di_gated_boundary,5,P49932,0,0,0,0,0,0,1,1,1,1,1,1,0,0,0,0,0,0
esmc6b_3di_gated_boundary,5,P49933,0,0,0,0,1,1,1,1,1,1,0,0,1,1,1,1,0,0
esmc6b_3di_gated_boundary,5,P49934,0,0,0,0,1,1,1,1,1,1,0,0,1,1,1,1,0,0
esmc6b_3di_gated_boundary,5,P50496,1,1,1,1,1,1,0,0,0,0,0,0,0,0,0,0,0,0
esmc6b_3di_gated_boundary,5,P50497,0,1,1,1,1,1,1,0,0,0,0,0,1,0,0,0,0,0
esmc6b_3di_gated_boundary,5,P50498,1,1,1,1,1,1,0,0,0,0,0,0,0,0,0,0,0,0
esmc6b_3di_gated_boundary,5,P50499,1,1,1,1,1,1,0,0,0,0,0,0,0,0,0,0,0,0
esmc6b_3di_gated_boundary,5,P51437,0,0,0,0,0,0,1,1,1,1,1,1,0,0,0,0,0,0
esmc6b_3di_gated_boundary,5,P51453,1,1,1,1,1,1,0,0,0,0,0,0,1,1,1,1,1,1
esmc6b_3di_gated_boundary,5,P51454,1,2,2,2,2,2,1,0,0,0,0,0,2,1,1,1,1,1
esmc6b_3di_gated_boundary,5,P51455,2,2,2,2,2,2,0,0,0,0,0,0,0,0,0,0,0,0
esmc6b_3di_gated_boundary,5,P51456,1,2,2,2,2,2,1,0,0,0,0,0,1,0,0,0,0,0
esmc6b_3di_gated_boundary,5,P51524,0,0,0,0,0,0,1,1,1,1,1,1,3,3,3,3,3,3
esmc6b_3di_gated_boundary,5,P51654,0,0,0,0,0,0,1,1,1,1,1,1,0,0,0,0,0,0
esmc6b_3di_gated_boundary,5,P51694,2,2,2,2,2,2,0,0,0,0,0,0,0,0,0,0,0,0
esmc6b_3di_gated_boundary,5,P51740,1,1,1,1,1,1,0,0,0,0,0,0,0,0,0,0,0,0
esmc6b_3di_gated_boundary,5,P52400,1,1,1,1,1,1,0,0,0,0,0,0,0,0,0,0,0,0
esmc6b_3di_gated_boundary,5,P52401,1,1,1,1,1,1,0,0,0,0,0,0,0,0,0,0,0,0
esmc6b_3di_gated_boundary,5,P52402,1,1,1,1,1,1,0,0,0,0,0,0,0,0,0,0,0,0
esmc6b_3di_gated_boundary,5,P52407,0,0,0,0,1,1,1,1,1,1,0,0,1,1,1,1,0,0
esmc6b_3di_gated_boundary,5,P52700,0,0,0,0,0,0,1,1,1,1,1,1,1,1,1,1,1,1
esmc6b_3di_gated_boundary,5,P52718,0,0,0,1,1,1,1,1,1,0,0,0,1,1,1,0,0,0
esmc6b_3di_gated_boundary,5,P52719,0,0,0,0,0,0,1,1,1,1,1,1,0,0,0,0,0,0
esmc6b_3di_gated_boundary,5,P53007,0,0,1,1,1,1,1,1,0,0,0,0,1,1,0,0,0,0
esmc6b_3di_gated_boundary,5,P53140,0,0,0,0,0,0,1,1,1,1,1,1,1,1,1,1,1,1
esmc6b_3di_gated_boundary,5,P53379,1,1,1,1,1,1,1,1,1,1,1,1,0,0,0,0,0,0
esmc6b_3di_gated_boundary,5,P53813,1,1,1,1,1,1,0,0,0,0,0,0,0,0,0,0,0,0
esmc6b_3di_gated_boundary,5,P54228,0,0,1,1,1,1,1,1,0,0,0,0,1,1,0,0,0,0
esmc6b_3di_gated_boundary,5,P54229,0,1,1,1,1,1,1,0,0,0,0,0,1,0,0,0,0,0
esmc6b_3di_gated_boundary,5,P54230,0,0,0,1,1,1,1,1,1,0,0,0,1,1,1,0,0,0
esmc6b_3di_gated_boundary,5,P54422,0,0,0,0,0,0,1,1,1,1,1,1,0,0,0,0,0,0
esmc6b_3di_gated_boundary,5,P55854,1,1,1,1,1,1,0,0,0,0,0,0,0,0,0,0,0,0
esmc6b_3di_gated_boundary,5,P56159,0,0,0,0,0,0,1,1,1,1,1,1,1,1,1,1,1,1
esmc6b_3di_gated_boundary,5,P56161,0,0,0,0,0,0,1,1,1,1,1,1,0,0,0,0,0,0
esmc6b_3di_gated_boundary,5,P56386,0,1,2,2,2,2,2,1,0,0,0,0,2,1,0,0,0,0
esmc6b_3di_gated_boundary,5,P56425,0,0,0,0,0,0,1,1,1,1,1,1,0,0,0,0,0,0
esmc6b_3di_gated_boundary,5,P56568,0,0,0,0,0,0,1,1,1,1,1,1,0,0,0,0,0,0
esmc6b_3di_gated_boundary,5,P57774,2,2,2,2,2,2,0,0,0,0,0,0,0,0,0,0,0,0
esmc6b_3di_gated_boundary,5,P58906,0,0,0,0,0,0,1,1,1,1,1,1,0,0,0,0,0,0
esmc6b_3di_gated_boundary,5,P59082,0,0,0,0,0,0,1,1,1,1,1,1,0,0,0,0,0,0
esmc6b_3di_gated_boundary,5,P59097,0,0,0,0,0,0,1,1,1,1,1,1,1,1,1,1,1,1
esmc6b_3di_gated_boundary,5,P60022,0,0,0,0,0,0,2,2,2,2,2,2,0,0,0,0,0,0
esmc6b_3di_gated_boundary,5,P60023,0,0,0,0,0,0,2,2,2,2,2,2,0,0,0,0,0,0
esmc6b_3di_gated_boundary,5,P60590,0,0,0,1,1,1,2,2,2,1,1,1,1,1,1,0,0,0
esmc6b_3di_gated_boundary,5,P60980,2,2,2,2,2,2,0,0,0,0,0,0,0,0,0,0,0,0
esmc6b_3di_gated_boundary,5,P61103,1,1,1,1,1,1,0,0,0,0,0,0,1,1,1,1,1,1
esmc6b_3di_gated_boundary,5,P61104,0,1,1,1,1,1,1,0,0,0,0,0,2,1,1,1,1,1
esmc6b_3di_gated_boundary,5,P61261,0,0,0,0,0,0,2,2,2,2,2,2,0,0,0,0,0,0
esmc6b_3di_gated_boundary,5,P61262,0,0,0,0,0,0,2,2,2,2,2,2,0,0,0,0,0,0
esmc6b_3di_gated_boundary,5,P61263,0,0,0,0,0,0,2,2,2,2,2,2,0,0,0,0,0,0
esmc6b_3di_gated_boundary,5,P61409,1,1,1,1,1,1,1,1,1,1,1,1,0,0,0,0,0,0
esmc6b_3di_gated_boundary,5,P61849,1,1,1,1,1,1,0,0,0,0,0,0,0,0,0,0,0,0
esmc6b_3di_gated_boundary,5,P62530,1,1,1,1,1,1,0,0,0,0,0,0,0,0,0,0,0,0
esmc6b_3di_gated_boundary,5,P62531,1,1,1,1,1,1,0,0,0,0,0,0,0,0,0,0,0,0
esmc6b_3di_gated_boundary,5,P63186,0,0,0,0,0,0,1,1,1,1,1,1,0,0,0,0,0,0
esmc6b_3di_gated_boundary,5,P66125,1,1,1,1,1,1,0,0,0,0,0,0,1,1,1,1,1,1
esmc6b_3di_gated_boundary,5,P66126,1,1,1,1,1,1,0,0,0,0,0,0,1,1,1,1,1,1
esmc6b_3di_gated_boundary,5,P66133,1,1,1,1,1,1,0,0,0,0,0,0,1,1,1,1,1,1
esmc6b_3di_gated_boundary,5,P66134,1,1,1,1,1,1,0,0,0,0,0,0,1,1,1,1,1,1
esmc6b_3di_gated_boundary,5,P66135,1,1,1,1,1,1,0,0,0,0,0,0,0,0,0,0,0,0
esmc6b_3di_gated_boundary,5,P66136,1,1,1,1,1,1,0,0,0,0,0,0,0,0,0,0,0,0
esmc6b_3di_gated_boundary,5,P66137,1,1,1,1,1,1,0,0,0,0,0,0,0,0,0,0,0,0
esmc6b_3di_gated_boundary,5,P66139,1,1,1,1,1,1,0,0,0,0,0,0,0,0,0,0,0,0
esmc6b_3di_gated_boundary,5,P68004,0,0,0,0,0,0,1,1,1,1,1,1,0,0,0,0,0,0
esmc6b_3di_gated_boundary,5,P68005,0,0,0,0,0,0,1,1,1,1,1,1,0,0,0,0,0,0
esmc6b_3di_gated_boundary,5,P68248,0,0,0,0,0,0,1,1,1,1,1,1,2,2,2,2,2,2
esmc6b_3di_gated_boundary,5,P68426,1,1,1,1,1,1,0,0,0,0,0,0,0,0,0,0,0,0
esmc6b_3di_gated_boundary,5,P68827,0,0,0,1,1,1,1,1,1,0,0,0,1,1,1,0,0,0
esmc6b_3di_gated_boundary,5,P75458,1,1,1,1,1,1,0,0,0,0,0,0,1,1,1,1,1,1
esmc6b_3di_gated_boundary,5,P79076,0,0,0,0,0,0,1,1,1,1,1,1,2,2,2,2,2,2
esmc6b_3di_gated_boundary,5,P79110,0,0,1,1,1,1,1,1,0,0,0,0,1,1,0,0,0,0
esmc6b_3di_gated_boundary,5,P79362,1,1,1,1,1,1,0,0,0,0,0,0,0,0,0,0,0,0
esmc6b_3di_gated_boundary,5,P79799,0,0,0,0,0,1,2,2,2,2,2,1,2,2,2,2,2,1
esmc6b_3di_gated_boundary,5,P80710,0,0,0,0,0,0,3,3,3,3,3,3,0,0,0,0,0,0
esmc6b_3di_gated_boundary,5,P80713,0,0,1,1,1,1,3,3,2,2,2,2,1,1,0,0,0,0
esmc6b_3di_gated_boundary,5,P80734,1,1,1,1,1,1,0,0,0,0,0,0,0,0,0,0,0,0
esmc6b_3di_gated_boundary,5,P80735,1,1,1,1,1,1,0,0,0,0,0,0,0,0,0,0,0,0
esmc6b_3di_gated_boundary,5,P80957,0,0,1,1,1,1,1,1,0,0,0,0,1,1,0,0,0,0
esmc6b_3di_gated_boundary,5,P81191,0,0,0,0,0,0,1,1,1,1,1,1,0,0,0,0,0,0
esmc6b_3di_gated_boundary,5,P81401,4,4,4,4,4,4,0,0,0,0,0,0,1,1,1,1,1,1
esmc6b_3di_gated_boundary,5,P81592,1,1,1,1,1,1,1,1,1,1,1,1,7,7,7,7,7,7
esmc6b_3di_gated_boundary,5,P82018,1,1,1,1,1,1,0,0,0,0,0,0,0,0,0,0,0,0
esmc6b_3di_gated_boundary,5,P83211,0,0,0,0,0,0,1,1,1,1,1,1,1,1,1,1,1,1
esmc6b_3di_gated_boundary,5,P83303,1,1,1,1,1,1,0,0,0,0,0,0,0,0,0,0,0,0
esmc6b_3di_gated_boundary,5,P83412,0,1,1,1,1,1,1,0,0,0,0,0,1,0,0,0,0,0
esmc6b_3di_gated_boundary,5,P83974,1,1,1,1,1,1,0,0,0,0,0,0,0,0,0,0,0,0
esmc6b_3di_gated_boundary,5,P84213,0,0,0,2,2,2,2,2,2,0,0,0,3,3,3,1,1,1
esmc6b_3di_gated_boundary,5,P84408,0,0,0,0,0,0,1,1,1,1,1,1,0,0,0,0,0,0
esmc6b_3di_gated_boundary,5,P84808,0,0,0,0,0,0,1,1,1,1,1,1,0,0,0,0,0,0
esmc6b_3di_gated_boundary,5,P85527,1,1,1,1,1,1,0,0,0,0,0,0,1,1,1,1,1,1
esmc6b_3di_gated_boundary,5,P86442,0,0,0,0,0,0,3,3,3,3,3,3,2,2,2,2,2,2
esmc6b_3di_gated_boundary,5,P86828,0,1,1,1,1,1,1,0,0,0,0,0,1,0,0,0,0,0
esmc6b_3di_gated_boundary,5,P91896,2,2,2,2,2,2,1,1,1,1,1,1,1,1,1,1,1,1
esmc6b_3di_gated_boundary,5,P93248,0,0,0,0,0,0,1,1,1,1,1,1,1,1,1,1,1,1
esmc6b_3di_gated_boundary,5,P93328,0,1,1,1,1,1,1,0,0,0,0,0,1,0,0,0,0,0
esmc6b_3di_gated_boundary,5,P97785,0,0,0,0,0,0,1,1,1,1,1,1,1,1,1,1,1,1
esmc6b_3di_gated_boundary,5,Q00663,1,1,1,1,1,1,0,0,0,0,0,0,0,0,0,0,0,0
esmc6b_3di_gated_boundary,5,Q00676,0,0,0,0,0,0,1,1,1,1,1,1,3,3,3,3,3,3
esmc6b_3di_gated_boundary,5,Q01133,0,0,0,0,0,0,4,4,4,4,4,4,17,17,17,17,17,17
esmc6b_3di_gated_boundary,5,Q01413,1,1,1,1,1,1,0,0,0,0,0,0,0,0,0,0,0,0
esmc6b_3di_gated_boundary,5,Q01416,0,1,1,1,1,1,1,0,0,0,0,0,1,0,0,0,0,0
esmc6b_3di_gated_boundary,5,Q01758,0,0,0,1,1,1,1,1,1,0,0,0,1,1,1,0,0,0
esmc6b_3di_gated_boundary,5,Q02ZA6,1,1,1,1,1,1,0,0,0,0,0,0,0,0,0,0,0,0
esmc6b_3di_gated_boundary,5,Q03467,1,1,1,1,1,1,0,0,0,0,0,0,0,0,0,0,0,0
esmc6b_3di_gated_boundary,5,Q03643,1,1,1,1,1,1,0,0,0,0,0,0,0,0,0,0,0,0
esmc6b_3di_gated_boundary,5,Q03644,1,1,1,1,1,1,0,0,0,0,0,0,0,0,0,0,0,0
esmc6b_3di_gated_boundary,5,Q03645,1,1,1,1,1,1,0,0,0,0,0,0,0,0,0,0,0,0
esmc6b_3di_gated_boundary,5,Q03646,0,1,1,1,1,1,1,0,0,0,0,0,1,0,0,0,0,0
esmc6b_3di_gated_boundary,5,Q03674,1,1,1,1,1,1,0,0,0,0,0,0,0,0,0,0,0,0
esmc6b_3di_gated_boundary,5,Q03994,1,1,1,1,1,1,0,0,0,0,0,0,0,0,0,0,0,0
esmc6b_3di_gated_boundary,5,Q03FZ9,1,1,1,1,1,1,0,0,0,0,0,0,1,1,1,1,1,1
esmc6b_3di_gated_boundary,5,Q03M32,1,1,1,1,1,1,0,0,0,0,0,0,0,0,0,0,0,0
esmc6b_3di_gated_boundary,5,Q04KI2,1,1,1,1,1,1,0,0,0,0,0,0,0,0,0,0,0,0
esmc6b_3di_gated_boundary,5,Q058G9,2,2,2,2,2,2,0,0,0,0,0,0,1,1,1,1,1,1
esmc6b_3di_gated_boundary,5,Q06145,0,1,1,1,1,1,2,1,1,1,1,1,2,1,1,1,1,1
esmc6b_3di_gated_boundary,5,Q07053,0,1,1,1,1,1,1,0,0,0,0,0,1,0,0,0,0,0
esmc6b_3di_gated_boundary,5,Q07988,1,1,1,1,1,1,0,0,0,0,0,0,0,0,0,0,0,0
esmc6b_3di_gated_boundary,5,Q08108,1,1,1,1,1,1,0,0,0,0,0,0,0,0,0,0,0,0
esmc6b_3di_gated_boundary,5,Q08761,1,1,1,1,1,1,0,0,0,0,0,0,0,0,0,0,0,0
esmc6b_3di_gated_boundary,5,Q08890,0,0,0,0,0,0,1,1,1,1,1,1,0,0,0,0,0,0
esmc6b_3di_gated_boundary,5,Q08906,1,1,1,1,1,1,0,0,0,0,0,0,0,0,0,0,0,0
esmc6b_3di_gated_boundary,5,Q08907,1,1,1,1,1,1,0,0,0,0,0,0,0,0,0,0,0,0
esmc6b_3di_gated_boundary,5,Q09169,2,2,2,2,2,2,0,0,0,0,0,0,1,1,1,1,1,1
esmc6b_3di_gated_boundary,5,Q09175,0,0,0,0,0,0,1,1,1,1,1,1,0,0,0,0,0,0
esmc6b_3di_gated_boundary,5,Q09982,0,0,1,1,1,1,4,4,3,3,3,3,2,2,1,1,1,1
esmc6b_3di_gated_boundary,5,Q09JK2,1,1,1,1,1,1,0,0,0,0,0,0,0,0,0,0,0,0
esmc6b_3di_gated_boundary,5,Q0AWJ2,1,1,1,1,1,1,0,0,0,0,0,0,0,0,0,0,0,0
esmc6b_3di_gated_boundary,5,Q0EAE5,0,0,1,1,1,1,2,2,1,1,1,1,1,1,0,0,0,0
esmc6b_3di_gated_boundary,5,Q0H293,0,0,0,0,1,1,1,1,1,1,0,0,1,1,1,1,0,0
esmc6b_3di_gated_boundary,5,Q0IUL4,0,0,0,0,0,1,2,2,2,2,2,1,1,1,1,1,1,0
esmc6b_3di_gated_boundary,5,Q0MWV8,1,1,1,1,1,1,1,1,1,1,1,1,0,0,0,0,0,0
esmc6b_3di_gated_boundary,5,Q0SR53,1,1,1,1,1,1,0,0,0,0,0,0,1,1,1,1,1,1
esmc6b_3di_gated_boundary,5,Q0THN1,0,0,0,0,0,0,1,1,1,1,1,1,0,0,0,0,0,0
esmc6b_3di_gated_boundary,5,Q0TNI4,1,1,1,1,1,1,0,0,0,0,0,0,1,1,1,1,1,1
esmc6b_3di_gated_boundary,5,Q10416,1,1,1,1,1,1,0,0,0,0,0,0,0,0,0,0,0,0
esmc6b_3di_gated_boundary,5,Q10JL1,1,1,1,1,1,1,0,0,0,0,0,0,1,1,1,1,1,1
esmc6b_3di_gated_boundary,5,Q12303,2,2,2,2,2,2,0,0,0,0,0,0,0,0,0,0,0,0
esmc6b_3di_gated_boundary,5,Q14641,0,0,0,0,0,0,2,2,2,2,2,2,0,0,0,0,0,0
esmc6b_3di_gated_boundary,5,Q14BU0,0,0,0,0,0,0,1,1,1,1,1,1,1,1,1,1,1,1
esmc6b_3di_gated_boundary,5,Q15726,0,0,1,1,1,1,1,1,0,0,0,0,3,3,2,2,2,2
esmc6b_3di_gated_boundary,5,Q16819,1,1,1,1,1,1,0,0,0,0,0,0,0,0,0,0,0,0
esmc6b_3di_gated_boundary,5,Q16820,1,1,1,1,1,1,0,0,0,0,0,0,0,0,0,0,0,0
esmc6b_3di_gated_boundary,5,Q16994,0,3,3,3,3,3,5,2,2,2,2,2,33,30,30,30,30,30
esmc6b_3di_gated_boundary,5,Q16RI5,1,1,1,1,1,1,0,0,0,0,0,0,0,0,0,0,0,0
esmc6b_3di_gated_boundary,5,Q17192,3,3,3,3,3,3,0,0,0,0,0,0,0,0,0,0,0,0
esmc6b_3di_gated_boundary,5,Q17194,3,3,3,3,3,3,0,0,0,0,0,0,0,0,0,0,0,0
esmc6b_3di_gated_boundary,5,Q17196,1,1,3,3,3,3,2,2,0,0,0,0,2,2,0,0,0,0
esmc6b_3di_gated_boundary,5,Q17QV3,1,1,1,1,1,1,0,0,0,0,0,0,0,0,0,0,0,0
esmc6b_3di_gated_boundary,5,Q18184,3,3,3,3,3,3,0,0,0,0,0,0,0,0,0,0,0,0
esmc6b_3di_gated_boundary,5,Q18234,1,1,1,1,1,1,0,0,0,0,0,0,1,1,1,1,1,1
esmc6b_3di_gated_boundary,5,Q18B22,1,1,1,1,1,1,0,0,0,0,0,0,1,1,1,1,1,1
esmc6b_3di_gated_boundary,5,Q1C5C7,1,1,1,1,1,1,0,0,0,0,0,0,2,2,2,2,2,2
esmc6b_3di_gated_boundary,5,Q1CKL2,1,1,1,1,1,1,0,0,0,0,0,0,2,2,2,2,2,2
esmc6b_3di_gated_boundary,5,Q1ELU4,6,9,10,10,10,10,4,1,0,0,0,0,4,1,0,0,0,0
esmc6b_3di_gated_boundary,5,Q1ELU5,7,8,12,12,12,12,5,4,0,0,0,0,5,4,0,0,0,0
esmc6b_3di_gated_boundary,5,Q1ELU7,1,1,1,1,1,1,2,2,2,2,2,2,2,2,2,2,2,2
esmc6b_3di_gated_boundary,5,Q1ELU8,1,1,1,1,1,1,2,2,2,2,2,2,3,3,3,3,3,3
esmc6b_3di_gated_boundary,5,Q1JPW9,0,0,1,1,1,1,1,1,0,0,0,0,2,2,1,1,1,1
esmc6b_3di_gated_boundary,5,Q1KLX1,0,0,0,0,0,0,1,1,1,1,1,1,0,0,0,0,0,0
esmc6b_3di_gated_boundary,5,Q1KLX2,0,0,0,0,0,0,1,1,1,1,1,1,0,0,0,0,0,0
esmc6b_3di_gated_boundary,5,Q1KLX3,0,0,0,0,0,0,1,1,1,1,1,1,0,0,0,0,0,0
esmc6b_3di_gated_boundary,5,Q1KLX4,0,0,0,0,0,0,1,1,1,1,1,1,0,0,0,0,0,0
esmc6b_3di_gated_boundary,5,Q1KLX5,0,0,0,0,0,0,1,1,1,1,1,1,0,0,0,0,0,0
esmc6b_3di_gated_boundary,5,Q1KLX6,0,0,0,0,0,0,1,1,1,1,1,1,0,0,0,0,0,0
esmc6b_3di_gated_boundary,5,Q1KLX7,0,0,0,0,0,0,1,1,1,1,1,1,0,0,0,0,0,0
esmc6b_3di_gated_boundary,5,Q1KLX8,0,0,0,0,0,0,1,1,1,1,1,1,0,0,0,0,0,0
esmc6b_3di_gated_boundary,5,Q1KLY0,0,0,0,0,0,0,1,1,1,1,1,1,0,0,0,0,0,0
esmc6b_3di_gated_boundary,5,Q1KLY2,0,0,0,0,0,0,1,1,1,1,1,1,0,0,0,0,0,0
esmc6b_3di_gated_boundary,5,Q1KLY3,0,0,0,0,0,0,1,1,1,1,1,1,0,0,0,0,0,0
esmc6b_3di_gated_boundary,5,Q1KLY4,0,0,0,0,0,0,1,1,1,1,1,1,0,0,0,0,0,0
esmc6b_3di_gated_boundary,5,Q1KLY5,0,0,0,0,0,0,1,1,1,1,1,1,0,0,0,0,0,0
esmc6b_3di_gated_boundary,5,Q1KLY6,0,0,0,0,0,0,1,1,1,1,1,1,0,0,0,0,0,0
esmc6b_3di_gated_boundary,5,Q1KLY7,0,1,1,1,1,1,1,0,0,0,0,0,1,0,0,0,0,0
esmc6b_3di_gated_boundary,5,Q1KLY8,0,1,1,1,1,1,1,0,0,0,0,0,1,0,0,0,0,0
esmc6b_3di_gated_boundary,5,Q1PFD8,1,1,1,1,1,1,0,0,0,0,0,0,0,0,0,0,0,0
esmc6b_3di_gated_boundary,5,Q24238,1,1,1,1,1,1,0,0,0,0,0,0,0,0,0,0,0,0
esmc6b_3di_gated_boundary,5,Q25413,17,18,18,18,18,18,1,0,0,0,0,0,1,0,0,0,0,0
esmc6b_3di_gated_boundary,5,Q27173,1,1,1,1,1,1,0,0,0,0,0,0,1,1,1,1,1,1
esmc6b_3di_gated_boundary,5,Q27174,0,0,0,1,1,1,1,1,1,0,0,0,2,2,2,1,1,1
esmc6b_3di_gated_boundary,5,Q27181,0,0,0,1,1,1,1,1,1,0,0,0,2,2,2,1,1,1
esmc6b_3di_gated_boundary,5,Q27677,1,1,1,1,1,1,0,0,0,0,0,0,0,0,0,0,0,0
esmc6b_3di_gated_boundary,5,Q28HK1,0,1,1,1,1,1,1,0,0,0,0,0,1,0,0,0,0,0
esmc6b_3di_gated_boundary,5,Q29486,0,0,1,1,1,1,1,1,0,0,0,0,1,1,0,0,0,0
esmc6b_3di_gated_boundary,5,Q295C6,2,2,2,2,3,3,3,3,3,3,2,2,1,1,1,1,0,0
esmc6b_3di_gated_boundary,5,Q29B55,1,1,1,1,1,1,1,1,1,1,1,1,1,1,1,1,1,1
esmc6b_3di_gated_boundary,5,Q29W19,1,1,1,1,1,1,1,1,1,1,1,1,1,1,1,1,1,1
esmc6b_3di_gated_boundary,5,Q2FG82,1,1,1,1,1,1,0,0,0,0,0,0,1,1,1,1,1,1
esmc6b_3di_gated_boundary,5,Q2FUW9,1,1,1,1,1,1,0,0,0,0,0,0,0,0,0,0,0,0
esmc6b_3di_gated_boundary,5,Q2FXT0,1,1,1,1,1,1,0,0,0,0,0,0,1,1,1,1,1,1
esmc6b_3di_gated_boundary,5,Q2HYY9,1,1,1,1,1,1,0,0,0,0,0,0,0,0,0,0,0,0
esmc6b_3di_gated_boundary,5,Q2IAL6,0,0,0,0,1,1,1,1,1,1,0,0,2,2,2,2,1,1
esmc6b_3di_gated_boundary,5,Q2IAL7,0,0,0,0,1,1,1,1,1,1,0,0,2,2,2,2,1,1
esmc6b_3di_gated_boundary,5,Q2KJI7,0,0,0,0,1,1,1,1,1,1,0,0,1,1,1,1,0,0
esmc6b_3di_gated_boundary,5,Q2NIJ9,1,1,1,1,1,1,0,0,0,0,0,0,1,1,1,1,1,1
esmc6b_3di_gated_boundary,5,Q2SS74,1,1,1,1,1,1,0,0,0,0,0,0,1,1,1,1,1,1
esmc6b_3di_gated_boundary,5,Q2TA14,0,0,0,0,1,1,1,1,1,1,0,0,1,1,1,1,0,0
esmc6b_3di_gated_boundary,5,Q2YT85,1,1,1,1,1,1,0,0,0,0,0,0,1,1,1,1,1,1
esmc6b_3di_gated_boundary,5,Q32ZI4,0,0,1,1,1,1,1,1,0,0,0,0,1,1,0,0,0,0
esmc6b_3di_gated_boundary,5,Q39131,0,0,1,1,1,1,1,1,0,0,0,0,1,1,0,0,0,0
esmc6b_3di_gated_boundary,5,Q39962,0,0,0,0,0,0,1,1,1,1,1,1,0,0,0,0,0,0
esmc6b_3di_gated_boundary,5,Q3C255,0,0,1,1,1,1,1,1,0,0,0,0,1,1,0,0,0,0
esmc6b_3di_gated_boundary,5,Q3C256,0,0,1,1,1,1,1,1,0,0,0,0,1,1,0,0,0,0
esmc6b_3di_gated_boundary,5,Q3SB03,0,0,0,0,0,0,1,1,1,1,1,1,0,0,0,0,0,0
esmc6b_3di_gated_boundary,5,Q3SB04,0,0,0,0,0,0,1,1,1,1,1,1,0,0,0,0,0,0
esmc6b_3di_gated_boundary,5,Q3SB05,0,0,0,0,0,0,1,1,1,1,1,1,0,0,0,0,0,0
esmc6b_3di_gated_boundary,5,Q3SB06,0,0,0,0,0,0,1,1,1,1,1,1,0,0,0,0,0,0
esmc6b_3di_gated_boundary,5,Q3SB07,0,0,0,0,0,0,1,1,1,1,1,1,0,0,0,0,0,0
esmc6b_3di_gated_boundary,5,Q40987,0,0,0,0,0,0,1,1,1,1,1,1,1,1,1,1,1,1
esmc6b_3di_gated_boundary,5,Q41114,0,1,1,1,1,1,1,0,0,0,0,0,1,0,0,0,0,0
esmc6b_3di_gated_boundary,5,Q42460,0,0,0,0,0,0,1,1,1,1,1,1,0,0,0,0,0,0
esmc6b_3di_gated_boundary,5,Q48501,2,2,2,2,2,2,0,0,0,0,0,0,0,0,0,0,0,0
esmc6b_3di_gated_boundary,5,Q49Y83,1,1,1,1,1,1,0,0,0,0,0,0,1,1,1,1,1,1
esmc6b_3di_gated_boundary,5,Q4L6Z1,1,1,1,1,1,1,0,0,0,0,0,0,1,1,1,1,1,1
esmc6b_3di_gated_boundary,5,Q4PSZ8,1,1,1,1,1,1,0,0,0,0,0,0,0,0,0,0,0,0
esmc6b_3di_gated_boundary,5,Q4WFV6,1,1,1,1,1,1,0,0,0,0,0,0,0,0,0,0,0,0
esmc6b_3di_gated_boundary,5,Q4WI46,1,1,1,1,1,1,0,0,0,0,0,0,0,0,0,0,0,0
esmc6b_3di_gated_boundary,5,Q53I06,1,1,1,1,1,1,0,0,0,0,0,0,0,0,0,0,0,0
esmc6b_3di_gated_boundary,5,Q54EQ7,1,1,1,1,1,1,0,0,0,0,0,0,0,0,0,0,0,0
esmc6b_3di_gated_boundary,5,Q58D68,1,1,1,1,1,1,0,0,0,0,0,0,0,0,0,0,0,0
esmc6b_3di_gated_boundary,5,Q59PF9,0,0,0,0,1,1,1,1,1,1,0,0,1,1,1,1,0,0
esmc6b_3di_gated_boundary,5,Q59SU1,1,1,1,1,1,1,0,0,0,0,0,0,1,1,1,1,1,1
esmc6b_3di_gated_boundary,5,Q59XB0,1,1,1,1,1,1,0,0,0,0,0,0,0,0,0,0,0,0
esmc6b_3di_gated_boundary,5,Q5A029,1,1,1,1,1,1,0,0,0,0,0,0,0,0,0,0,0,0
esmc6b_3di_gated_boundary,5,Q5A210,1,1,1,1,1,1,0,0,0,0,0,0,0,0,0,0,0,0
esmc6b_3di_gated_boundary,5,Q5A651,1,1,1,1,1,1,0,0,0,0,0,0,1,1,1,1,1,1
esmc6b_3di_gated_boundary,5,Q5A6M2,0,1,1,1,1,1,1,0,0,0,0,0,1,0,0,0,0,0
esmc6b_3di_gated_boundary,5,Q5A6U1,1,1,1,1,1,1,0,0,0,0,0,0,0,0,0,0,0,0
esmc6b_3di_gated_boundary,5,Q5ACP5,0,0,0,0,0,0,1,1,1,1,1,1,0,0,0,0,0,0
esmc6b_3di_gated_boundary,5,Q5AD34,1,1,1,1,1,1,0,0,0,0,0,0,0,0,0,0,0,0
esmc6b_3di_gated_boundary,5,Q5AJC0,0,0,0,0,1,1,1,1,1,1,0,0,1,1,1,1,0,0
esmc6b_3di_gated_boundary,5,Q5AL03,1,1,1,1,1,1,0,0,0,0,0,0,0,0,0,0,0,0
esmc6b_3di_gated_boundary,5,Q5BIV7,0,1,1,1,1,1,1,0,0,0,0,0,2,1,1,1,1,1
esmc6b_3di_gated_boundary,5,Q5BIV9,0,1,1,1,1,1,1,0,0,0,0,0,2,1,1,1,1,1
esmc6b_3di_gated_boundary,5,Q5BKW7,1,1,1,1,1,1,0,0,0,0,0,0,0,0,0,0,0,0
esmc6b_3di_gated_boundary,5,Q5CZK6,0,0,0,0,0,0,2,2,2,2,2,2,0,0,0,0,0,0
esmc6b_3di_gated_boundary,5,Q5E9X0,0,1,1,1,1,1,1,0,0,0,0,0,1,0,0,0,0,0
esmc6b_3di_gated_boundary,5,Q5G234,0,0,0,0,0,0,1,1,1,1,1,1,0,0,0,0,0,0
esmc6b_3di_gated_boundary,5,Q5HFB8,1,1,1,1,1,1,0,0,0,0,0,0,1,1,1,1,1,1
esmc6b_3di_gated_boundary,5,Q5HNQ6,1,1,1,1,1,1,0,0,0,0,0,0,1,1,1,1,1,1
esmc6b_3di_gated_boundary,5,Q5JNJ5,0,0,0,0,0,0,1,1,1,1,1,1,1,1,1,1,1,1
esmc6b_3di_gated_boundary,5,Q5KWP3,1,1,1,1,1,1,0,0,0,0,0,0,1,1,1,1,1,1
esmc6b_3di_gated_boundary,5,Q5M158,1,1,1,1,1,1,0,0,0,0,0,0,0,0,0,0,0,0
esmc6b_3di_gated_boundary,5,Q5PU89,1,1,1,1,1,1,0,0,0,0,0,0,0,0,0,0,0,0
esmc6b_3di_gated_boundary,5,Q5RAD6,0,0,0,1,1,1,1,1,1,0,0,0,1,1,1,0,0,0
esmc6b_3di_gated_boundary,5,Q5RB45,0,1,1,1,1,1,1,0,0,0,0,0,1,0,0,0,0,0
esmc6b_3di_gated_boundary,5,Q5RBU7,0,1,1,1,1,1,1,0,0,0,0,0,1,0,0,0,0,0
esmc6b_3di_gated_boundary,5,Q5WES5,1,1,1,1,1,1,0,0,0,0,0,0,1,1,1,1,1,1
esmc6b_3di_gated_boundary,5,Q5XCS5,1,1,1,1,1,1,0,0,0,0,0,0,0,0,0,0,0,0
esmc6b_3di_gated_boundary,5,Q5XIF4,1,1,1,1,1,1,0,0,0,0,0,0,0,0,0,0,0,0
esmc6b_3di_gated_boundary,5,Q5Z9C8,1,1,1,1,1,1,0,0,0,0,0,0,0,0,0,0,0,0
esmc6b_3di_gated_boundary,5,Q60E70,1,1,1,1,1,1,0,0,0,0,0,0,0,0,0,0,0,0
esmc6b_3di_gated_boundary,5,Q61207,1,1,1,1,1,1,2,2,2,2,2,2,1,1,1,1,1,1
esmc6b_3di_gated_boundary,5,Q61247,0,0,0,0,0,0,1,1,1,1,1,1,0,0,0,0,0,0
esmc6b_3di_gated_boundary,5,Q61847,0,0,1,1,1,1,1,1,0,0,0,0,1,1,0,0,0,0
esmc6b_3di_gated_boundary,5,Q62997,0,0,0,0,0,0,1,1,1,1,1,1,1,1,1,1,1,1
esmc6b_3di_gated_boundary,5,Q634A1,1,1,1,1,1,1,0,0,0,0,0,0,1,1,1,1,1,1
esmc6b_3di_gated_boundary,5,Q64171,1,1,1,1,1,1,1,1,1,1,1,1,1,1,1,1,1,1
esmc6b_3di_gated_boundary,5,Q64230,1,1,1,1,1,1,0,0,0,0,0,0,0,0,0,0,0,0
esmc6b_3di_gated_boundary,5,Q64339,1,1,1,1,1,1,0,0,0,0,0,0,0,0,0,0,0,0
esmc6b_3di_gated_boundary,5,Q65DC2,1,1,1,1,1,1,0,0,0,0,0,0,0,0,0,0,0,0
esmc6b_3di_gated_boundary,5,Q65GM5,1,1,1,1,1,1,0,0,0,0,0,0,1,1,1,1,1,1
esmc6b_3di_gated_boundary,5,Q667N8,1,1,1,1,1,1,0,0,0,0,0,0,2,2,2,2,2,2
esmc6b_3di_gated_boundary,5,Q66IA6,0,0,1,1,1,1,1,1,0,0,0,0,1,1,0,0,0,0
esmc6b_3di_gated_boundary,5,Q67SC7,1,1,1,1,1,1,0,0,0,0,0,0,1,1,1,1,1,1
esmc6b_3di_gated_boundary,5,Q6DDP3,0,1,1,1,1,1,1,0,0,0,0,0,1,0,0,0,0,0
esmc6b_3di_gated_boundary,5,Q6E3K9,0,0,0,0,0,1,1,1,1,1,1,0,1,1,1,1,1,0
esmc6b_3di_gated_boundary,5,Q6ECK6,1,1,2,2,2,2,3,3,2,2,2,2,2,2,1,1,1,1
esmc6b_3di_gated_boundary,5,Q6F125,1,1,1,1,1,1,0,0,0,0,0,0,1,1,1,1,1,1
esmc6b_3di_gated_boundary,5,Q6G8S4,1,1,1,1,1,1,0,0,0,0,0,0,1,1,1,1,1,1
esmc6b_3di_gated_boundary,5,Q6GG59,1,1,1,1,1,1,0,0,0,0,0,0,1,1,1,1,1,1
esmc6b_3di_gated_boundary,5,Q6HD83,1,1,1,1,1,1,0,0,0,0,0,0,1,1,1,1,1,1
esmc6b_3di_gated_boundary,5,Q6IV23,0,0,0,0,0,0,1,1,1,1,1,1,1,1,1,1,1,1
esmc6b_3di_gated_boundary,5,Q6IV26,0,0,0,0,0,0,1,1,1,1,1,1,1,1,1,1,1,1
esmc6b_3di_gated_boundary,5,Q6LZM3,1,1,1,1,1,1,0,0,0,0,0,0,0,0,0,0,0,0
esmc6b_3di_gated_boundary,5,Q6MT50,1,1,1,1,1,1,0,0,0,0,0,0,1,1,1,1,1,1
esmc6b_3di_gated_boundary,5,Q6NLD7,0,1,1,1,1,1,1,0,0,0,0,0,1,0,0,0,0,0
esmc6b_3di_gated_boundary,5,Q6NLF7,0,0,1,1,1,1,1,1,0,0,0,0,1,1,0,0,0,0
esmc6b_3di_gated_boundary,5,Q6NNL3,1,1,1,1,1,1,0,0,0,0,0,0,0,0,0,0,0,0
esmc6b_3di_gated_boundary,5,Q6NUJ1,0,0,0,0,0,0,5,5,5,5,5,5,0,0,0,0,0,0
esmc6b_3di_gated_boundary,5,Q6NWB6,0,1,1,1,1,1,1,0,0,0,0,0,1,0,0,0,0,0
esmc6b_3di_gated_boundary,5,Q6QLQ5,0,0,0,0,1,1,1,1,1,1,0,0,2,2,2,2,1,1
esmc6b_3di_gated_boundary,5,Q6QLR1,0,0,0,0,0,0,1,1,1,1,1,1,0,0,0,0,0,0
esmc6b_3di_gated_boundary,5,Q6QWR1,0,0,0,0,0,0,1,1,1,1,1,1,0,0,0,0,0,0
esmc6b_3di_gated_boundary,5,Q6RUW3,2,2,2,2,2,2,0,0,0,0,0,0,0,0,0,0,0,0
esmc6b_3di_gated_boundary,5,Q6UG02,0,0,0,0,0,0,1,1,1,1,1,1,1,1,1,1,1,1
esmc6b_3di_gated_boundary,5,Q6UQ28,0,0,0,0,0,0,1,1,1,1,1,1,1,1,1,1,1,1
esmc6b_3di_gated_boundary,5,Q6UWR7,1,1,1,1,1,1,0,0,0,0,0,0,0,0,0,0,0,0
esmc6b_3di_gated_boundary,5,Q6UX82,0,0,0,0,0,0,1,1,1,1,1,1,1,1,1,1,1,1
esmc6b_3di_gated_boundary,5,Q6XMH8,0,0,1,1,1,1,2,2,1,1,1,1,2,2,1,1,1,1
esmc6b_3di_gated_boundary,5,Q6Y4S4,0,0,0,0,0,0,1,1,1,1,1,1,4,4,4,4,4,4
esmc6b_3di_gated_boundary,5,Q6YRC7,1,1,1,1,1,1,0,0,0,0,0,0,1,1,1,1,1,1
esmc6b_3di_gated_boundary,5,Q6Z4G7,1,1,1,1,1,1,0,0,0,0,0,0,0,0,0,0,0,0
esmc6b_3di_gated_boundary,5,Q6Z4G8,0,1,1,1,1,1,1,0,0,0,0,0,1,0,0,0,0,0
esmc6b_3di_gated_boundary,5,Q71ZD0,1,1,1,1,1,1,0,0,0,0,0,0,1,1,1,1,1,1
esmc6b_3di_gated_boundary,5,Q72ZY3,1,1,1,1,1,1,0,0,0,0,0,0,1,1,1,1,1,1
esmc6b_3di_gated_boundary,5,Q74IL5,1,1,1,1,1,1,0,0,0,0,0,0,0,0,0,0,0,0
esmc6b_3di_gated_boundary,5,Q75UG5,1,1,1,1,1,1,1,1,1,1,1,1,3,3,3,3,3,3
esmc6b_3di_gated_boundary,5,Q75WG7,1,1,1,1,1,1,0,0,0,0,0,0,0,0,0,0,0,0
esmc6b_3di_gated_boundary,5,Q75WH2,0,0,1,1,1,1,2,2,1,1,1,1,1,1,0,0,0,0
esmc6b_3di_gated_boundary,5,Q75WH4,1,1,1,1,1,1,0,0,0,0,0,0,0,0,0,0,0,0
esmc6b_3di_gated_boundary,5,Q75WH5,1,1,1,1,1,1,0,0,0,0,0,0,1,1,1,1,1,1
esmc6b_3di_gated_boundary,5,Q75WH6,1,1,1,1,1,1,0,0,0,0,0,0,0,0,0,0,0,0
esmc6b_3di_gated_boundary,5,Q765Z4,1,1,1,1,1,1,0,0,0,0,0,0,0,0,0,0,0,0
esmc6b_3di_gated_boundary,5,Q76CL2,2,2,2,2,2,2,0,0,0,0,0,0,0,0,0,0,0,0
esmc6b_3di_gated_boundary,5,Q7JGL8,0,0,0,0,0,0,2,2,2,2,2,2,0,0,0,0,0,0
esmc6b_3di_gated_boundary,5,Q7JGL9,0,0,0,0,0,0,2,2,2,2,2,2,0,0,0,0,0,0
esmc6b_3di_gated_boundary,5,Q7JGM0,0,0,0,0,0,0,2,2,2,2,2,2,0,0,0,0,0,0
esmc6b_3di_gated_boundary,5,Q7JGM1,0,0,0,0,0,0,2,2,2,2,2,2,0,0,0,0,0,0
esmc6b_3di_gated_boundary,5,Q7JGM2,0,0,0,0,0,0,2,2,2,2,2,2,0,0,0,0,0,0
esmc6b_3di_gated_boundary,5,Q7KUD5,1,1,1,2,2,3,2,2,2,1,1,0,2,2,2,1,1,0
esmc6b_3di_gated_boundary,5,Q7M3V5,2,2,2,2,2,2,0,0,0,0,0,0,0,0,0,0,0,0
esmc6b_3di_gated_boundary,5,Q7NBB0,1,1,1,1,1,1,0,0,0,0,0,0,1,1,1,1,1,1
esmc6b_3di_gated_boundary,5,Q7Q7R8,1,1,1,1,1,1,0,0,0,0,0,0,1,1,1,1,1,1
esmc6b_3di_gated_boundary,5,Q7TMR0,0,0,0,0,0,0,1,1,1,1,1,1,0,0,0,0,0,0
esmc6b_3di_gated_boundary,5,Q7TQN2,1,1,1,1,1,1,0,0,0,0,0,0,0,0,0,0,0,0
esmc6b_3di_gated_boundary,5,Q7TSB7,0,0,0,0,0,1,1,1,1,1,1,0,4,4,4,4,4,3
esmc6b_3di_gated_boundary,5,Q7XR91,1,1,1,1,1,1,0,0,0,0,0,0,0,0,0,0,0,0
esmc6b_3di_gated_boundary,5,Q7YXK5,1,1,1,1,1,1,0,0,0,0,0,0,0,0,0,0,0,0
esmc6b_3di_gated_boundary,5,Q803Y4,1,1,1,1,1,1,0,0,0,0,0,0,0,0,0,0,0,0
esmc6b_3di_gated_boundary,5,Q817U4,1,1,1,1,1,1,0,0,0,0,0,0,1,1,1,1,1,1
esmc6b_3di_gated_boundary,5,Q81LE8,1,1,1,1,1,1,0,0,0,0,0,0,1,1,1,1,1,1
esmc6b_3di_gated_boundary,5,Q836X4,1,1,1,1,1,1,0,0,0,0,0,0,1,1,1,1,1,1
esmc6b_3di_gated_boundary,5,Q83RD2,0,0,0,0,0,0,1,1,1,1,1,1,1,1,1,1,1,1
esmc6b_3di_gated_boundary,5,Q84JV2,0,0,0,0,0,1,1,1,1,1,1,0,1,1,1,1,1,0
esmc6b_3di_gated_boundary,5,Q84W98,1,1,1,1,1,1,0,0,0,0,0,0,0,0,0,0,0,0
esmc6b_3di_gated_boundary,5,Q86C51,1,1,1,1,1,1,0,0,0,0,0,0,0,0,0,0,0,0
esmc6b_3di_gated_boundary,5,Q86MA7,64,65,65,65,65,65,1,0,0,0,0,0,2,1,1,1,1,1
esmc6b_3di_gated_boundary,5,Q86QN6,0,0,1,1,1,1,1,1,0,0,0,0,1,1,0,0,0,0
esmc6b_3di_gated_boundary,5,Q86UU9,0,1,1,1,1,2,4,3,3,3,3,2,4,3,3,3,3,2
esmc6b_3di_gated_boundary,5,Q86Y78,1,1,1,1,1,1,0,0,0,0,0,0,0,0,0,0,0,0
esmc6b_3di_gated_boundary,5,Q88WN3,1,1,1,1,1,1,0,0,0,0,0,0,1,1,1,1,1,1
esmc6b_3di_gated_boundary,5,Q892N6,1,1,1,1,1,1,0,0,0,0,0,0,0,0,0,0,0,0
esmc6b_3di_gated_boundary,5,Q8AVA3,0,0,0,0,0,0,1,1,1,1,1,1,0,0,0,0,0,0
esmc6b_3di_gated_boundary,5,Q8AVA4,0,0,0,0,0,0,1,1,1,1,1,1,0,0,0,0,0,0
esmc6b_3di_gated_boundary,5,Q8BGN3,1,1,1,1,1,1,0,0,0,0,0,0,0,0,0,0,0,0
esmc6b_3di_gated_boundary,5,Q8BGN6,0,0,1,1,1,1,1,1,0,0,0,0,1,1,0,0,0,0
esmc6b_3di_gated_boundary,5,Q8BH61,0,1,1,1,1,1,1,0,0,0,0,0,1,0,0,0,0,0
esmc6b_3di_gated_boundary,5,Q8BJ48,0,0,0,0,0,0,1,1,1,1,1,1,1,1,1,1,1,1
esmc6b_3di_gated_boundary,5,Q8BPP5,1,1,1,1,1,1,0,0,0,0,0,0,0,0,0,0,0,0
esmc6b_3di_gated_boundary,5,Q8BWU1,0,1,1,1,1,1,1,0,0,0,0,0,2,1,1,1,1,1
esmc6b_3di_gated_boundary,5,Q8C1C1,0,0,0,0,0,0,5,5,5,5,5,5,0,0,0,0,0,0
esmc6b_3di_gated_boundary,5,Q8CFZ4,0,0,0,0,0,0,1,1,1,1,1,1,1,1,1,1,1,1
esmc6b_3di_gated_boundary,5,Q8CH01,2,2,2,2,2,2,0,0,0,0,0,0,0,0,0,0,0,0
esmc6b_3di_gated_boundary,5,Q8CS89,1,1,1,1,1,1,0,0,0,0,0,0,1,1,1,1,1,1
esmc6b_3di_gated_boundary,5,Q8CW15,0,0,0,0,0,0,1,1,1,1,1,1,0,0,0,0,0,0
esmc6b_3di_gated_boundary,5,Q8DUQ4,1,1,1,1,1,1,0,0,0,0,0,0,0,0,0,0,0,0
esmc6b_3di_gated_boundary,5,Q8DYV5,1,1,1,1,1,1,0,0,0,0,0,0,0,0,0,0,0,0
esmc6b_3di_gated_boundary,5,Q8E4G3,1,1,1,1,1,1,0,0,0,0,0,0,0,0,0,0,0,0
esmc6b_3di_gated_boundary,5,Q8EPP8,1,1,1,1,1,1,0,0,0,0,0,0,1,1,1,1,1,1
esmc6b_3di_gated_boundary,5,Q8EVW5,1,1,1,1,1,1,0,0,0,0,0,0,1,1,1,1,1,1
esmc6b_3di_gated_boundary,5,Q8GCB2,1,1,1,1,1,1,0,0,0,0,0,0,0,0,0,0,0,0
esmc6b_3di_gated_boundary,5,Q8GTM0,0,0,1,1,1,1,1,1,0,0,0,0,1,1,0,0,0,0
esmc6b_3di_gated_boundary,5,Q8H6Q0,0,0,1,1,1,1,1,1,0,0,0,0,1,1,0,0,0,0
esmc6b_3di_gated_boundary,5,Q8H6Q1,0,0,1,1,1,1,1,1,0,0,0,0,1,1,0,0,0,0
esmc6b_3di_gated_boundary,5,Q8HYC2,1,1,1,1,1,1,0,0,0,0,0,0,0,0,0,0,0,0
esmc6b_3di_gated_boundary,5,Q8I423,0,0,0,0,0,0,1,1,1,1,1,1,1,1,1,1,1,1
esmc6b_3di_gated_boundary,5,Q8ILP3,1,1,1,1,1,1,0,0,0,0,0,0,0,0,0,0,0,0
esmc6b_3di_gated_boundary,5,Q8IV16,0,0,1,1,1,1,1,1,0,0,0,0,1,1,0,0,0,0
esmc6b_3di_gated_boundary,5,Q8J136,0,0,0,0,0,0,1,1,1,1,1,1,1,1,1,1,1,1
esmc6b_3di_gated_boundary,5,Q8J2V8,0,0,0,0,0,0,1,1,1,1,1,1,0,0,0,0,0,0
esmc6b_3di_gated_boundary,5,Q8JZQ2,1,1,1,1,1,1,0,0,0,0,0,0,0,0,0,0,0,0
esmc6b_3di_gated_boundary,5,Q8JZU2,0,1,1,1,1,1,1,0,0,0,0,0,1,0,0,0,0,0
esmc6b_3di_gated_boundary,5,Q8L6Z5,0,0,0,0,0,1,1,1,1,1,1,0,1,1,1,1,1,0
esmc6b_3di_gated_boundary,5,Q8L8Q7,1,1,1,1,1,1,0,0,0,0,0,0,0,0,0,0,0,0
esmc6b_3di_gated_boundary,5,Q8LA14,1,1,1,1,1,1,0,0,0,0,0,0,0,0,0,0,0,0
esmc6b_3di_gated_boundary,5,Q8LC95,0,0,1,1,1,1,1,1,0,0,0,0,1,1,0,0,0,0
esmc6b_3di_gated_boundary,5,Q8LD63,1,1,1,1,1,1,0,0,0,0,0,0,1,1,1,1,1,1
esmc6b_3di_gated_boundary,5,Q8LEE9,0,0,1,1,1,1,1,1,0,0,0,0,1,1,0,0,0,0
esmc6b_3di_gated_boundary,5,Q8LEJ6,1,1,1,1,1,1,0,0,0,0,0,0,0,0,0,0,0,0
esmc6b_3di_gated_boundary,5,Q8MP00,1,1,1,1,1,1,0,0,0,0,0,0,1,1,1,1,1,1
esmc6b_3di_gated_boundary,5,Q8NI32,0,0,1,1,1,1,1,1,0,0,0,0,1,1,0,0,0,0
esmc6b_3di_gated_boundary,5,Q8QGP7,0,0,0,0,0,0,2,2,2,2,2,2,1,1,1,1,1,1
esmc6b_3di_gated_boundary,5,Q8R182,1,1,1,1,1,1,0,0,0,0,0,0,1,1,1,1,1,1
esmc6b_3di_gated_boundary,5,Q8RBA7,1,1,1,1,1,1,0,0,0,0,0,0,0,0,0,0,0,0
esmc6b_3di_gated_boundary,5,Q8REI3,1,1,1,1,1,1,0,0,0,0,0,0,1,1,1,1,1,1
esmc6b_3di_gated_boundary,5,Q8T112,1,1,2,2,2,2,1,1,0,0,0,0,1,1,0,0,0,0
esmc6b_3di_gated_boundary,5,Q8T1G4,0,0,0,0,0,0,1,1,1,1,1,1,1,1,1,1,1,1
esmc6b_3di_gated_boundary,5,Q8T1G5,0,0,0,0,0,0,1,1,1,1,1,1,0,0,0,0,0,0
esmc6b_3di_gated_boundary,5,Q8T1G6,0,0,0,0,0,0,1,1,1,1,1,1,0,0,0,0,0,0
esmc6b_3di_gated_boundary,5,Q8VXF2,0,1,1,1,1,1,2,1,1,1,1,1,1,0,0,0,0,0
esmc6b_3di_gated_boundary,5,Q8WVF2,0,0,0,0,0,0,1,1,1,1,1,1,1,1,1,1,1,1
esmc6b_3di_gated_boundary,5,Q8X783,0,0,0,0,0,0,1,1,1,1,1,1,0,0,0,0,0,0
esmc6b_3di_gated_boundary,5,Q8XIJ1,1,1,1,1,1,1,0,0,0,0,0,0,1,1,1,1,1,1
esmc6b_3di_gated_boundary,5,Q8ZDC4,1,1,1,1,1,1,0,0,0,0,0,0,2,2,2,2,2,2
esmc6b_3di_gated_boundary,5,Q8ZPK9,0,0,0,0,0,0,1,1,1,1,1,1,0,0,0,0,0,0
esmc6b_3di_gated_boundary,5,Q90WF4,2,2,2,2,2,2,0,0,0,0,0,0,0,0,0,0,0,0
esmc6b_3di_gated_boundary,5,Q91V70,0,0,0,0,0,0,1,1,1,1,1,1,1,1,1,1,1,1
esmc6b_3di_gated_boundary,5,Q91V82,0,0,0,1,1,1,1,1,1,0,0,0,1,1,1,0,0,0
esmc6b_3di_gated_boundary,5,Q92058,0,1,1,1,1,1,1,0,0,0,0,0,1,0,0,0,0,0
esmc6b_3di_gated_boundary,5,Q924B5,0,1,1,1,1,1,1,0,0,0,0,0,1,0,0,0,0,0
esmc6b_3di_gated_boundary,5,Q931Q3,1,1,1,1,1,1,0,0,0,0,0,0,1,1,1,1,1,1
esmc6b_3di_gated_boundary,5,Q93MH4,0,0,0,0,0,0,1,1,1,1,1,1,1,1,1,1,1,1
esmc6b_3di_gated_boundary,5,Q93MH6,0,0,0,0,0,0,1,1,1,1,1,1,0,0,0,0,0,0
esmc6b_3di_gated_boundary,5,Q93WH6,0,1,1,1,1,1,2,1,1,1,1,1,1,0,0,0,0,0
esmc6b_3di_gated_boundary,5,Q93X49,0,1,1,1,1,1,2,1,1,1,1,1,1,0,0,0,0,0
esmc6b_3di_gated_boundary,5,Q93XK2,0,0,0,0,0,0,1,1,1,1,1,1,0,0,0,0,0,0
esmc6b_3di_gated_boundary,5,Q941C5,1,1,1,1,1,1,0,0,0,0,0,0,0,0,0,0,0,0
esmc6b_3di_gated_boundary,5,Q94BT2,1,1,1,1,1,1,0,0,0,0,0,0,0,0,0,0,0,0
esmc6b_3di_gated_boundary,5,Q94DM8,1,1,1,1,1,1,0,0,0,0,0,0,0,0,0,0,0,0
esmc6b_3di_gated_boundary,5,Q94EY2,1,1,1,1,1,1,0,0,0,0,0,0,0,0,0,0,0,0
esmc6b_3di_gated_boundary,5,Q94F08,1,1,1,1,1,1,0,0,0,0,0,0,0,0,0,0,0,0
esmc6b_3di_gated_boundary,5,Q94KT8,1,1,1,1,1,1,0,0,0,0,0,0,0,0,0,0,0,0
esmc6b_3di_gated_boundary,5,Q95J18,0,0,0,0,0,0,2,2,2,2,2,2,0,0,0,0,0,0
esmc6b_3di_gated_boundary,5,Q95J22,0,0,0,0,0,0,2,2,2,2,2,2,0,0,0,0,0,0
esmc6b_3di_gated_boundary,5,Q95J24,0,0,0,0,0,0,2,2,2,2,2,2,0,0,0,0,0,0
esmc6b_3di_gated_boundary,5,Q95J46,1,1,1,1,1,1,0,0,0,0,0,0,0,0,0,0,0,0
esmc6b_3di_gated_boundary,5,Q95M66,0,0,0,0,0,0,2,2,2,2,2,2,0,0,0,0,0,0
esmc6b_3di_gated_boundary,5,Q95P48,5,5,5,5,5,5,2,2,2,2,2,2,4,4,4,4,4,4
esmc6b_3di_gated_boundary,5,Q97JL5,1,1,1,1,1,1,0,0,0,0,0,0,0,0,0,0,0,0
esmc6b_3di_gated_boundary,5,Q99317,1,1,1,1,1,1,0,0,0,0,0,0,0,0,0,0,0,0
esmc6b_3di_gated_boundary,5,Q99319,1,1,1,1,1,1,0,0,0,0,0,0,0,0,0,0,0,0
esmc6b_3di_gated_boundary,5,Q99320,0,1,1,1,1,1,1,0,0,0,0,0,1,0,0,0,0,0
esmc6b_3di_gated_boundary,5,Q99MP5,1,1,1,1,1,1,0,0,0,0,0,0,0,0,0,0,0,0
esmc6b_3di_gated_boundary,5,Q99N14,0,1,1,1,1,1,2,1,1,1,1,1,1,0,0,0,0,0
esmc6b_3di_gated_boundary,5,Q9AR88,0,0,0,0,1,1,2,2,2,2,1,1,1,1,1,1,0,0
esmc6b_3di_gated_boundary,5,Q9BY14,1,1,1,1,1,1,0,0,0,0,0,0,0,0,0,0,0,0
esmc6b_3di_gated_boundary,5,Q9BZD6,0,0,1,1,1,1,1,1,0,0,0,0,2,2,1,1,1,1
esmc6b_3di_gated_boundary,5,Q9CA23,1,1,1,1,1,1,0,0,0,0,0,0,0,0,0,0,0,0
esmc6b_3di_gated_boundary,5,Q9CGL5,1,1,1,1,1,1,0,0,0,0,0,0,0,0,0,0,0,0
esmc6b_3di_gated_boundary,5,Q9D1N2,0,1,1,1,1,1,1,0,0,0,0,0,1,0,0,0,0,0
esmc6b_3di_gated_boundary,5,Q9D7F2,1,1,1,1,1,1,0,0,0,0,0,0,0,0,0,0,0,0
esmc6b_3di_gated_boundary,5,Q9D7S0,1,1,1,1,1,1,0,0,0,0,0,0,0,0,0,0,0,0
esmc6b_3di_gated_boundary,5,Q9DGK7,1,1,1,1,1,1,1,1,1,1,1,1,1,1,1,1,1,1
esmc6b_3di_gated_boundary,5,Q9EPI2,1,1,1,1,1,1,0,0,0,0,0,0,0,0,0,0,0,0
esmc6b_3di_gated_boundary,5,Q9EPS2,2,2,2,2,2,2,0,0,0,0,0,0,0,0,0,0,0,0
esmc6b_3di_gated_boundary,5,Q9FEB4,1,1,1,1,1,1,1,1,1,1,1,1,0,0,0,0,0,0
esmc6b_3di_gated_boundary,5,Q9FFH6,1,1,1,1,1,1,0,0,0,0,0,0,0,0,0,0,0,0
esmc6b_3di_gated_boundary,5,Q9FHQ6,0,1,1,1,1,1,1,0,0,0,0,0,1,0,0,0,0,0
esmc6b_3di_gated_boundary,5,Q9FIW0,0,0,0,0,0,0,2,2,2,2,2,2,3,3,3,3,3,3
esmc6b_3di_gated_boundary,5,Q9FIW1,0,0,0,0,0,0,2,2,2,2,2,2,4,4,4,4,4,4
esmc6b_3di_gated_boundary,5,Q9FRF9,0,0,0,0,0,0,2,2,2,2,2,2,1,1,1,1,1,1
esmc6b_3di_gated_boundary,5,Q9FS10,0,0,0,0,0,0,2,2,2,2,2,2,0,0,0,0,0,0
esmc6b_3di_gated_boundary,5,Q9GLV5,0,0,0,0,0,0,1,1,1,1,1,1,0,0,0,0,0,0
esmc6b_3di_gated_boundary,5,Q9GQV7,3,3,3,3,5,5,3,3,3,3,1,1,5,5,5,5,3,3
esmc6b_3di_gated_boundary,5,Q9GZZ7,0,0,1,1,1,1,1,1,0,0,0,0,1,1,0,0,0,0
esmc6b_3di_gated_boundary,5,Q9I8P2,2,2,2,2,2,2,0,0,0,0,0,0,0,0,0,0,0,0
esmc6b_3di_gated_boundary,5,Q9I8P3,1,1,1,1,1,1,1,1,1,1,1,1,1,1,1,1,1,1
esmc6b_3di_gated_boundary,5,Q9I9D3,1,1,1,1,1,1,1,1,1,1,1,1,1,1,1,1,1,1
esmc6b_3di_gated_boundary,5,Q9JJT2,0,1,1,1,1,1,1,0,0,0,0,0,1,0,0,0,0,0
esmc6b_3di_gated_boundary,5,Q9JMI7,1,1,1,1,1,1,0,0,0,0,0,0,0,0,0,0,0,0
esmc6b_3di_gated_boundary,5,Q9K8J7,1,1,1,1,1,1,0,0,0,0,0,0,1,1,1,1,1,1
esmc6b_3di_gated_boundary,5,Q9L5D6,0,0,0,0,0,0,1,1,1,1,1,1,1,1,1,1,1,1
esmc6b_3di_gated_boundary,5,Q9LE56,1,1,1,1,1,1,0,0,0,0,0,0,0,0,0,0,0,0
esmc6b_3di_gated_boundary,5,Q9LFW3,0,0,0,0,0,1,1,1,1,1,1,0,1,1,1,1,1,0
esmc6b_3di_gated_boundary,5,Q9LII0,0,0,0,0,0,0,1,1,1,1,1,1,1,1,1,1,1,1
esmc6b_3di_gated_boundary,5,Q9LJU1,1,1,1,1,1,1,0,0,0,0,0,0,0,0,0,0,0,0
esmc6b_3di_gated_boundary,5,Q9LMY9,1,1,1,1,1,1,1,1,1,1,1,1,0,0,0,0,0,0
esmc6b_3di_gated_boundary,5,Q9LUA1,1,1,1,1,1,1,0,0,0,0,0,0,0,0,0,0,0,0
esmc6b_3di_gated_boundary,5,Q9M0A1,1,1,1,1,1,1,0,0,0,0,0,0,0,0,0,0,0,0
esmc6b_3di_gated_boundary,5,Q9M2Y0,1,1,1,1,1,1,1,1,1,1,1,1,1,1,1,1,1,1
esmc6b_3di_gated_boundary,5,Q9MAC1,1,1,1,1,1,1,0,0,0,0,0,0,0,0,0,0,0,0
esmc6b_3di_gated_boundary,5,Q9MYK8,1,2,2,2,2,2,1,0,0,0,0,0,2,1,1,1,1,1
esmc6b_3di_gated_boundary,5,Q9N5R0,1,1,1,1,1,1,0,0,0,0,0,0,0,0,0,0,0,0
esmc6b_3di_gated_boundary,5,Q9NL82,13,14,14,14,14,14,3,2,2,2,2,2,3,2,2,2,2,2
esmc6b_3di_gated_boundary,5,Q9NL83,13,13,13,13,13,13,2,2,2,2,2,2,1,1,1,1,1,1
esmc6b_3di_gated_boundary,5,Q9P3E4,0,0,0,0,0,0,1,1,1,1,1,1,0,0,0,0,0,0
esmc6b_3di_gated_boundary,5,Q9PQT2,1,1,1,1,1,1,0,0,0,0,0,0,1,1,1,1,1,1
esmc6b_3di_gated_boundary,5,Q9PT98,2,2,2,2,2,2,0,0,0,0,0,0,0,0,0,0,0,0
esmc6b_3di_gated_boundary,5,Q9PT99,1,1,2,2,2,2,1,1,0,0,0,0,1,1,0,0,0,0
esmc6b_3di_gated_boundary,5,Q9PTA0,2,2,2,2,2,2,0,0,0,0,0,0,0,0,0,0,0,0
esmc6b_3di_gated_boundary,5,Q9PW68,2,2,2,2,2,2,0,0,0,0,0,0,0,0,0,0,0,0
esmc6b_3di_gated_boundary,5,Q9QUR8,0,0,0,0,0,0,1,1,1,1,1,1,1,1,1,1,1,1
esmc6b_3di_gated_boundary,5,Q9QZQ3,0,0,0,1,1,1,1,1,1,0,0,0,1,1,1,0,0,0
esmc6b_3di_gated_boundary,5,Q9QZQ4,1,1,1,1,1,1,0,0,0,0,0,0,0,0,0,0,0,0
esmc6b_3di_gated_boundary,5,Q9SIL7,0,0,1,1,1,1,1,1,0,0,0,0,1,1,0,0,0,0
esmc6b_3di_gated_boundary,5,Q9SJ81,1,1,1,1,1,1,0,0,0,0,0,0,0,0,0,0,0,0
esmc6b_3di_gated_boundary,5,Q9SK27,1,1,1,1,1,1,0,0,0,0,0,0,0,0,0,0,0,0
esmc6b_3di_gated_boundary,5,Q9SQN9,1,1,1,1,1,1,0,0,0,0,0,0,0,0,0,0,0,0
esmc6b_3di_gated_boundary,5,Q9SRT7,0,0,0,0,0,0,1,1,1,1,1,1,1,1,1,1,1,1
esmc6b_3di_gated_boundary,5,Q9SSG3,0,0,0,0,0,0,1,1,1,1,1,1,1,1,1,1,1,1
esmc6b_3di_gated_boundary,5,Q9STH5,1,1,1,1,1,1,0,0,0,0,0,0,0,0,0,0,0,0
esmc6b_3di_gated_boundary,5,Q9SZ51,1,1,1,1,1,1,0,0,0,0,0,0,0,0,0,0,0,0
esmc6b_3di_gated_boundary,5,Q9SZG4,0,0,0,0,0,1,2,2,2,2,2,1,1,1,1,1,1,0
esmc6b_3di_gated_boundary,5,Q9TR93,0,0,0,0,0,0,1,1,1,1,1,1,0,0,0,0,0,0
esmc6b_3di_gated_boundary,5,Q9TRM8,1,1,1,1,1,1,1,1,1,1,1,1,2,2,2,2,2,2
esmc6b_3di_gated_boundary,5,Q9UK23,0,0,0,0,0,0,1,1,1,1,1,1,1,1,1,1,1,1
esmc6b_3di_gated_boundary,5,Q9VET0,1,1,1,1,1,1,2,2,2,2,2,2,1,1,1,1,1,1
esmc6b_3di_gated_boundary,5,Q9VPR7,1,1,1,1,1,1,0,0,0,0,0,0,0,0,0,0,0,0
esmc6b_3di_gated_boundary,5,Q9VT52,0,0,1,1,1,1,3,3,2,2,2,2,3,3,2,2,2,2
esmc6b_3di_gated_boundary,5,Q9WTL0,1,1,1,1,1,1,0,0,0,0,0,0,0,0,0,0,0,0
esmc6b_3di_gated_boundary,5,Q9XSE2,0,0,0,0,0,0,1,1,1,1,1,1,1,1,1,1,1,1
esmc6b_3di_gated_boundary,5,Q9XSW6,2,2,2,2,2,2,0,0,0,0,0,0,0,0,0,0,0,0
esmc6b_3di_gated_boundary,5,Q9Y4W6,0,0,0,0,0,0,1,1,1,1,1,1,0,0,0,0,0,0
esmc6b_3di_gated_boundary,5,Q9Z172,1,1,1,1,1,1,0,0,0,0,0,0,0,0,0,0,0,0
esmc6b_3di_gated_boundary,5,Q9ZQG9,1,1,1,1,1,1,0,0,0,0,0,0,0,0,0,0,0,0
esmc6b_3di_gated_boundary,5,Q9ZWA8,1,1,1,1,1,1,0,0,0,0,0,0,0,0,0,0,0,0
esmc6b_3di_gated_boundary,5,W4VRV4,1,1,1,1,1,1,0,0,0,0,0,0,1,1,1,1,1,1
esmc6b_3di_gated_boundary,5,W4VS49,1,1,1,1,1,1,0,0,0,0,0,0,1,1,1,1,1,1
esmc6b_3di_gated_boundary,5,W4VSC0,1,1,1,1,1,1,0,0,0,0,0,0,0,0,0,0,0,0
esmc6b_3di_gated_boundary,5,W4VSG7,0,0,0,0,0,0,3,3,3,3,3,3,1,1,1,1,1,1
esmc6b_3di_gated_boundary,5,W4VSI9,1,1,1,1,1,1,0,0,0,0,0,0,1,1,1,1,1,1
esmc6b_3di_nocompress,2,A0A059UI30,0,0,0,0,0,0,1,1,1,1,1,1,0,0,0,0,0,0
esmc6b_3di_nocompress,2,A0A068B0Z6,0,1,1,1,1,1,1,0,0,0,0,0,1,0,0,0,0,0
esmc6b_3di_nocompress,2,A0A068B409,0,0,0,0,1,1,1,1,1,1,0,0,1,1,1,1,0,0
esmc6b_3di_nocompress,2,A0A068B6Q6,0,1,1,1,1,1,1,0,0,0,0,0,1,0,0,0,0,0
esmc6b_3di_nocompress,2,A0A077DF94,0,0,0,1,1,1,3,3,3,2,2,2,2,2,2,1,1,1
esmc6b_3di_nocompress,2,A0A0C4G4L1,2,2,2,2,2,2,0,0,0,0,0,0,0,0,0,0,0,0
esmc6b_3di_nocompress,2,A0A0D4WTV1,1,1,1,1,1,1,0,0,0,0,0,0,0,0,0,0,0,0
esmc6b_3di_nocompress,2,A0A0P0UTI6,7,8,8,9,9,9,2,1,1,0,0,0,2,1,1,0,0,0
esmc6b_3di_nocompress,2,A0A0P0UTQ7,2,2,2,2,3,3,1,1,1,1,0,0,1,1,1,1,0,0
esmc6b_3di_nocompress,2,A0A0R4IKU3,0,1,1,1,1,1,1,0,0,0,0,0,1,0,0,0,0,0
esmc6b_3di_nocompress,2,A0A125S9E1,0,0,0,0,0,0,2,2,2,2,2,2,0,0,0,0,0,0
esmc6b_3di_nocompress,2,A0A125S9G2,0,0,0,0,0,0,2,2,2,2,2,2,2,2,2,2,2,2
esmc6b_3di_nocompress,2,A0A139GI49,1,4,6,6,6,6,6,3,1,1,1,1,5,2,0,0,0,0
esmc6b_3di_nocompress,2,A0A144LVM3,0,1,1,1,1,1,1,0,0,0,0,0,1,0,0,0,0,0
esmc6b_3di_nocompress,2,A0A1D5PPP7,0,2,2,2,2,2,2,0,0,0,0,0,2,0,0,0,0,0
esmc6b_3di_nocompress,2,A0A1D5PUP4,0,0,0,0,0,0,1,1,1,1,1,1,1,1,1,1,1,1
esmc6b_3di_nocompress,2,A0A1S6EK91,1,1,1,1,1,1,1,1,1,1,1,1,0,0,0,0,0,0
esmc6b_3di_nocompress,2,A0A2I8B352,0,0,0,0,0,0,1,1,1,1,1,1,0,0,0,0,0,0
esmc6b_3di_nocompress,2,A0A318,0,0,0,0,0,0,1,1,1,1,1,1,0,0,0,0,0,0
esmc6b_3di_nocompress,2,A0A348G5V8,1,2,2,2,2,2,1,0,0,0,0,0,1,0,0,0,0,0
esmc6b_3di_nocompress,2,A0A348G5V9,1,1,1,1,1,1,1,1,1,1,1,1,0,0,0,0,0,0
esmc6b_3di_nocompress,2,A0A348G5W0,1,1,2,2,2,2,1,1,0,0,0,0,1,1,0,0,0,0
esmc6b_3di_nocompress,2,A0A348G5W2,2,2,2,2,2,2,0,0,0,0,0,0,0,0,0,0,0,0
esmc6b_3di_nocompress,2,A0A348G6I7,2,2,2,2,2,2,0,0,0,0,0,0,0,0,0,0,0,0
esmc6b_3di_nocompress,2,A0A348G6I9,1,1,2,2,2,2,1,1,0,0,0,0,1,1,0,0,0,0
esmc6b_3di_nocompress,2,A0A348G6J1,0,0,1,1,1,1,2,2,1,1,1,1,2,2,1,1,1,1
esmc6b_3di_nocompress,2,A0A3G3C7R5,1,1,2,2,2,2,1,1,0,0,0,0,1,1,0,0,0,0
esmc6b_3di_nocompress,2,A0A3G3C7S0,2,2,2,2,2,2,0,0,0,0,0,0,0,0,0,0,0,0
esmc6b_3di_nocompress,2,A0A3G3C7S2,2,2,2,2,2,2,0,0,0,0,0,0,0,0,0,0,0,0
esmc6b_3di_nocompress,2,A0A3G3C7S9,2,2,2,2,2,2,0,0,0,0,0,0,0,0,0,0,0,0
esmc6b_3di_nocompress,2,A0A3G3C7U4,2,2,2,2,2,2,0,0,0,0,0,0,0,0,0,0,0,0
esmc6b_3di_nocompress,2,A0A3G3C7V0,1,1,1,1,2,2,1,1,1,1,0,0,1,1,1,1,0,0
esmc6b_3di_nocompress,2,A0A3G6IHA6,1,1,1,1,1,1,0,0,0,0,0,0,0,0,0,0,0,0
esmc6b_3di_nocompress,2,A0A6G9KHD1,2,2,2,2,2,2,0,0,0,0,0,0,0,0,0,0,0,0
esmc6b_3di_nocompress,2,A0A6G9KHD6,2,2,2,2,2,2,0,0,0,0,0,0,0,0,0,0,0,0
esmc6b_3di_nocompress,2,A0A6G9KHE4,1,1,1,1,1,1,0,0,0,0,0,0,1,1,1,1,1,1
esmc6b_3di_nocompress,2,A0A6G9KIR5,0,2,2,2,2,2,2,0,0,0,0,0,2,0,0,0,0,0
esmc6b_3di_nocompress,2,A0A6G9KJK9,2,2,2,2,2,2,0,0,0,0,0,0,0,0,0,0,0,0
esmc6b_3di_nocompress,2,A0A6G9KJV6,2,2,2,2,2,2,0,0,0,0,0,0,0,0,0,0,0,0
esmc6b_3di_nocompress,2,A0A6M3Z4D9,1,1,1,1,1,1,1,1,1,1,1,1,1,1,1,1,1,1
esmc6b_3di_nocompress,2,A0A6M3Z4R1,2,2,2,2,2,2,0,0,0,0,0,0,0,0,0,0,0,0
esmc6b_3di_nocompress,2,A0A6M3Z4R4,0,0,1,2,2,2,2,2,1,0,0,0,2,2,1,0,0,0
esmc6b_3di_nocompress,2,A0A8U0LTF0,2,2,2,2,2,2,0,0,0,0,0,0,0,0,0,0,0,0
esmc6b_3di_nocompress,2,A0A8U0LTY4,2,2,2,2,2,2,0,0,0,0,0,0,0,0,0,0,0,0
esmc6b_3di_nocompress,2,A0A976XKR0,0,1,1,1,1,1,1,0,0,0,0,0,1,0,0,0,0,0
esmc6b_3di_nocompress,2,A0SE59,2,2,2,2,2,2,0,0,0,0,0,0,0,0,0,0,0,0
esmc6b_3di_nocompress,2,A0SE60,2,2,2,2,2,2,0,0,0,0,0,0,0,0,0,0,0,0
esmc6b_3di_nocompress,2,A0T099,1,1,1,1,1,1,0,0,0,0,0,0,0,0,0,0,0,0
esmc6b_3di_nocompress,2,A0T0S8,1,1,1,1,1,1,0,0,0,0,0,0,0,0,0,0,0,0
esmc6b_3di_nocompress,2,A0ZZ18,0,0,0,0,0,0,1,1,1,1,1,1,0,0,0,0,0,0
esmc6b_3di_nocompress,2,A1E9Q7,0,0,0,0,0,0,1,1,1,1,1,1,0,0,0,0,0,0
esmc6b_3di_nocompress,2,A1E9Z1,0,0,0,0,0,0,1,1,1,1,1,1,0,0,0,0,0,0
esmc6b_3di_nocompress,2,A1R6Q7,1,1,1,1,1,1,0,0,0,0,0,0,0,0,0,0,0,0
esmc6b_3di_nocompress,2,A1SK13,0,0,0,0,0,0,1,1,1,1,1,1,0,0,0,0,0,0
esmc6b_3di_nocompress,2,A1X8B8,1,1,2,2,2,2,1,1,0,0,0,0,1,1,0,0,0,0
esmc6b_3di_nocompress,2,A1X8B9,1,1,2,2,2,2,1,1,0,0,0,0,1,1,0,0,0,0
esmc6b_3di_nocompress,2,A1X8C2,1,2,2,2,2,2,1,0,0,0,0,0,1,0,0,0,0,0
esmc6b_3di_nocompress,2,A1X8C3,2,2,2,2,2,2,0,0,0,0,0,0,0,0,0,0,0,0
esmc6b_3di_nocompress,2,A1X8C6,0,0,1,1,1,1,1,1,0,0,0,0,1,1,0,0,0,0
esmc6b_3di_nocompress,2,A1X8D0,0,0,0,0,0,0,1,1,1,1,1,1,1,1,1,1,1,1
esmc6b_3di_nocompress,2,A1X8D8,1,1,1,1,1,1,0,0,0,0,0,0,0,0,0,0,0,0
esmc6b_3di_nocompress,2,A1X8D9,0,0,0,0,0,0,1,1,1,1,1,1,1,1,1,1,1,1
esmc6b_3di_nocompress,2,A2BP71,1,1,1,1,1,1,0,0,0,0,0,0,0,0,0,0,0,0
esmc6b_3di_nocompress,2,A2BUQ3,1,1,1,1,1,1,0,0,0,0,0,0,0,0,0,0,0,0
esmc6b_3di_nocompress,2,A2C0A5,1,1,1,1,1,1,0,0,0,0,0,0,0,0,0,0,0,0
esmc6b_3di_nocompress,2,A2CCL2,1,1,1,1,1,1,0,0,0,0,0,0,0,0,0,0,0,0
esmc6b_3di_nocompress,2,A3DT44,0,1,1,1,1,1,1,0,0,0,0,0,1,0,0,0,0,0
esmc6b_3di_nocompress,2,A3PAZ3,1,1,1,1,1,1,0,0,0,0,0,0,0,0,0,0,0,0
esmc6b_3di_nocompress,2,A4USB4,0,1,1,1,1,1,1,0,0,0,0,0,1,0,0,0,0,0
esmc6b_3di_nocompress,2,A4X3P0,0,0,0,0,0,0,1,1,1,1,1,1,1,1,1,1,1,1
esmc6b_3di_nocompress,2,A5GIE8,1,1,1,1,1,1,0,0,0,0,0,0,0,0,0,0,0,0
esmc6b_3di_nocompress,2,A5GWF4,1,1,1,1,1,1,0,0,0,0,0,0,0,0,0,0,0,0
esmc6b_3di_nocompress,2,A5LHX3,1,1,1,1,1,1,0,0,0,0,0,0,0,0,0,0,0,0
esmc6b_3di_nocompress,2,A6LHQ9,0,0,1,1,1,1,1,1,0,0,0,0,1,1,0,0,0,0
esmc6b_3di_nocompress,2,A6M934,2,2,2,2,2,2,0,0,0,0,0,0,0,0,0,0,0,0
esmc6b_3di_nocompress,2,A6M938,1,1,1,1,1,1,0,0,0,0,0,0,1,1,1,1,1,1
esmc6b_3di_nocompress,2,A6MFK7,0,1,2,2,2,2,2,1,0,0,0,0,2,1,0,0,0,0
esmc6b_3di_nocompress,2,A6MFK8,0,1,2,2,2,2,2,1,0,0,0,0,2,1,0,0,0,0
esmc6b_3di_nocompress,2,A6P331,0,0,0,0,0,0,1,1,1,1,1,1,2,2,2,2,2,2
esmc6b_3di_nocompress,2,A6YRN9,0,0,0,0,0,0,1,1,1,1,1,1,0,0,0,0,0,0
esmc6b_3di_nocompress,2,A6ZL22,1,1,1,1,1,1,0,0,0,0,0,0,0,0,0,0,0,0
esmc6b_3di_nocompress,2,A6ZY20,1,1,1,1,1,1,0,0,0,0,0,0,0,0,0,0,0,0
esmc6b_3di_nocompress,2,A7GT16,0,0,0,0,0,0,1,1,1,1,1,1,0,0,0,0,0,0
esmc6b_3di_nocompress,2,A7SRR3,0,0,0,1,1,1,1,1,1,0,0,0,2,2,2,1,1,1
esmc6b_3di_nocompress,2,A7Z6W8,0,0,0,0,0,1,1,1,1,1,1,0,1,1,1,1,1,0
esmc6b_3di_nocompress,2,A8FFD9,0,0,0,0,0,0,1,1,1,1,1,1,0,0,0,0,0,0
esmc6b_3di_nocompress,2,A8G2T2,1,1,1,1,1,1,0,0,0,0,0,0,0,0,0,0,0,0
esmc6b_3di_nocompress,2,A9VHU8,0,0,0,0,0,0,1,1,1,1,1,1,0,0,0,0,0,0
esmc6b_3di_nocompress,2,A9XDG0,1,1,1,1,1,1,0,0,0,0,0,0,0,0,0,0,0,0
esmc6b_3di_nocompress,2,A9XDG1,1,1,1,1,1,1,0,0,0,0,0,0,0,0,0,0,0,0
esmc6b_3di_nocompress,2,A9XDG2,1,1,1,1,1,1,0,0,0,0,0,0,0,0,0,0,0,0
esmc6b_3di_nocompress,2,A9XDG3,1,1,1,1,1,1,0,0,0,0,0,0,0,0,0,0,0,0
esmc6b_3di_nocompress,2,B0BK71,0,0,0,0,0,0,1,1,1,1,1,1,1,1,1,1,1,1
esmc6b_3di_nocompress,2,B0BK72,0,0,0,0,0,0,1,1,1,1,1,1,1,1,1,1,1,1
esmc6b_3di_nocompress,2,B0JSW8,1,1,1,1,1,1,0,0,0,0,0,0,0,0,0,0,0,0
esmc6b_3di_nocompress,2,B0XT09,0,0,0,0,0,0,1,1,1,1,1,1,1,1,1,1,1,1
esmc6b_3di_nocompress,2,B0XT72,0,1,1,1,1,1,1,0,0,0,0,0,2,1,1,1,1,1
esmc6b_3di_nocompress,2,B0XVI5,0,0,0,0,0,0,1,1,1,1,1,1,1,1,1,1,1,1
esmc6b_3di_nocompress,2,B0Y8H9,1,1,1,1,1,1,0,0,0,0,0,0,0,0,0,0,0,0
esmc6b_3di_nocompress,2,B1P1H5,1,1,2,2,2,2,1,1,0,0,0,0,1,1,0,0,0,0
esmc6b_3di_nocompress,2,B1WUL2,1,1,1,1,1,1,0,0,0,0,0,0,0,0,0,0,0,0
esmc6b_3di_nocompress,2,B1XMN4,1,1,1,1,1,1,0,0,0,0,0,0,0,0,0,0,0,0
esmc6b_3di_nocompress,2,B2CJ57,1,7,8,8,8,8,7,1,0,0,0,0,8,2,1,1,1,1
esmc6b_3di_nocompress,2,B2J4T9,1,1,1,1,1,1,0,0,0,0,0,0,0,0,0,0,0,0
esmc6b_3di_nocompress,2,B2KKV6,1,1,1,1,1,1,0,0,0,0,0,0,0,0,0,0,0,0
esmc6b_3di_nocompress,2,B2KKV7,1,1,1,1,1,1,0,0,0,0,0,0,0,0,0,0,0,0
esmc6b_3di_nocompress,2,B2KKV8,1,1,1,1,1,1,0,0,0,0,0,0,0,0,0,0,0,0
esmc6b_3di_nocompress,2,B2KKW0,1,1,1,1,1,1,0,0,0,0,0,0,0,0,0,0,0,0
esmc6b_3di_nocompress,2,B2RH54,1,1,1,1,1,1,0,0,0,0,0,0,0,0,0,0,0,0
esmc6b_3di_nocompress,2,B2RH58,1,1,1,1,1,1,0,0,0,0,0,0,0,0,0,0,0,0
esmc6b_3di_nocompress,2,B2Y1W5,1,1,1,1,1,1,0,0,0,0,0,0,0,0,0,0,0,0
esmc6b_3di_nocompress,2,B3EWS9,0,0,0,0,0,1,2,2,2,2,2,1,2,2,2,2,2,1
esmc6b_3di_nocompress,2,B3H5A9,4,4,4,4,4,4,1,1,1,1,1,1,0,0,0,0,0,0
esmc6b_3di_nocompress,2,B5G6G5,0,1,2,2,2,2,2,1,0,0,0,0,2,1,0,0,0,0
esmc6b_3di_nocompress,2,B5VE42,1,1,1,1,1,1,0,0,0,0,0,0,0,0,0,0,0,0
esmc6b_3di_nocompress,2,B6D434,0,0,1,1,1,1,1,1,0,0,0,0,1,1,0,0,0,0
esmc6b_3di_nocompress,2,B6DT16,3,3,3,3,3,3,2,2,2,2,2,2,1,1,1,1,1,1
esmc6b_3di_nocompress,2,B6K9M7,0,0,0,0,0,0,1,1,1,1,1,1,1,1,1,1,1,1
esmc6b_3di_nocompress,2,B6KAM0,0,0,0,0,0,0,1,1,1,1,1,1,3,3,3,3,3,3
esmc6b_3di_nocompress,2,B6S2X0,0,0,1,1,1,1,1,1,0,0,0,0,1,1,0,0,0,0
esmc6b_3di_nocompress,2,B6S2X2,0,0,1,1,1,1,1,1,0,0,0,0,1,1,0,0,0,0
esmc6b_3di_nocompress,2,B7HCU7,0,0,0,0,0,0,1,1,1,1,1,1,1,1,1,1,1,1
esmc6b_3di_nocompress,2,B7HPM0,0,0,0,0,0,0,1,1,1,1,1,1,0,0,0,0,0,0
esmc6b_3di_nocompress,2,B7IYH4,0,0,0,0,0,0,1,1,1,1,1,1,0,0,0,0,0,0
esmc6b_3di_nocompress,2,B7JNV3,0,0,0,0,0,0,1,1,1,1,1,1,0,0,0,0,0,0
esmc6b_3di_nocompress,2,B7JVQ3,1,1,1,1,1,1,0,0,0,0,0,0,0,0,0,0,0,0
esmc6b_3di_nocompress,2,B7K989,1,1,1,1,1,1,0,0,0,0,0,0,0,0,0,0,0,0
esmc6b_3di_nocompress,2,B8H8L6,1,1,1,1,1,1,0,0,0,0,0,0,0,0,0,0,0,0
esmc6b_3di_nocompress,2,B8HTR1,1,1,1,1,1,1,0,0,0,0,0,0,0,0,0,0,0,0
esmc6b_3di_nocompress,2,B8JLQ9,1,1,1,1,1,1,0,0,0,0,0,0,0,0,0,0,0,0
esmc6b_3di_nocompress,2,B8XH40,0,0,0,0,0,0,1,1,1,1,1,1,1,1,1,1,1,1
esmc6b_3di_nocompress,2,B8XH50,2,2,2,2,2,2,0,0,0,0,0,0,0,0,0,0,0,0
esmc6b_3di_nocompress,2,B9IY88,0,0,0,0,0,0,1,1,1,1,1,1,0,0,0,0,0,0
esmc6b_3di_nocompress,2,C0HJV6,0,1,1,1,1,1,1,0,0,0,0,0,1,0,0,0,0,0
esmc6b_3di_nocompress,2,C0HJV7,1,1,1,1,1,1,0,0,0,0,0,0,0,0,0,0,0,0
esmc6b_3di_nocompress,2,C0HJV8,1,1,1,1,1,1,0,0,0,0,0,0,0,0,0,0,0,0
esmc6b_3di_nocompress,2,C0HKF6,1,1,2,2,2,2,1,1,0,0,0,0,1,1,0,0,0,0
esmc6b_3di_nocompress,2,C0HKS1,1,1,1,1,1,1,1,1,1,1,1,1,0,0,0,0,0,0
esmc6b_3di_nocompress,2,C0HKT2,1,1,1,1,1,1,0,0,0,0,0,0,0,0,0,0,0,0
esmc6b_3di_nocompress,2,C0HKT3,1,1,1,1,1,1,2,2,2,2,2,2,0,0,0,0,0,0
esmc6b_3di_nocompress,2,C0HKY1,2,2,2,3,3,3,5,5,5,4,4,4,7,7,7,6,6,6
esmc6b_3di_nocompress,2,C0KYC3,1,1,2,2,2,2,1,1,0,0,0,0,1,1,0,0,0,0
esmc6b_3di_nocompress,2,C0KYC4,1,1,2,2,2,2,1,1,0,0,0,0,1,1,0,0,0,0
esmc6b_3di_nocompress,2,C0KYC5,1,1,2,2,2,2,1,1,0,0,0,0,1,1,0,0,0,0
esmc6b_3di_nocompress,2,C0KYC6,1,1,2,2,2,2,1,1,0,0,0,0,1,1,0,0,0,0
esmc6b_3di_nocompress,2,C0L2T8,0,0,0,0,0,0,2,2,2,2,2,2,0,0,0,0,0,0
esmc6b_3di_nocompress,2,C1ESL5,0,0,0,0,0,0,1,1,1,1,1,1,0,0,0,0,0,0
esmc6b_3di_nocompress,2,C3L5S4,0,0,0,0,0,0,1,1,1,1,1,1,0,0,0,0,0,0
esmc6b_3di_nocompress,2,C3P8M7,0,0,0,0,0,0,1,1,1,1,1,1,0,0,0,0,0,0
esmc6b_3di_nocompress,2,C5BVA2,0,0,0,0,0,0,1,1,1,1,1,1,1,1,1,1,1,1
esmc6b_3di_nocompress,2,C5D4U8,0,0,0,0,0,0,1,1,1,1,1,1,0,0,0,0,0,0
esmc6b_3di_nocompress,2,C5J886,1,1,2,2,2,2,1,1,0,0,0,0,1,1,0,0,0,0
esmc6b_3di_nocompress,2,C5J887,2,2,2,2,2,2,0,0,0,0,0,0,0,0,0,0,0,0
esmc6b_3di_nocompress,2,C6FX52,0,1,1,1,1,1,1,0,0,0,0,0,2,1,1,1,1,1
esmc6b_3di_nocompress,2,C6KSX0,1,1,1,1,1,1,0,0,0,0,0,0,0,0,0,0,0,0
esmc6b_3di_nocompress,2,C6ZJQ2,0,0,0,0,2,2,2,2,2,2,0,0,2,2,2,2,0,0
esmc6b_3di_nocompress,2,C7DQB9,0,0,0,0,0,0,2,2,2,2,2,2,1,1,1,1,1,1
esmc6b_3di_nocompress,2,C7DQC0,2,2,2,2,2,2,0,0,0,0,0,0,0,0,0,0,0,0
esmc6b_3di_nocompress,2,C7DQC1,0,0,0,0,0,0,2,2,2,2,2,2,0,0,0,0,0,0
esmc6b_3di_nocompress,2,C7DQC2,2,2,2,2,2,2,0,0,0,0,0,0,0,0,0,0,0,0
esmc6b_3di_nocompress,2,C7DQX6,2,2,2,2,2,2,0,0,0,0,0,0,0,0,0,0,0,0
esmc6b_3di_nocompress,2,C7DQX8,2,2,2,2,2,2,0,0,0,0,0,0,0,0,0,0,0,0
esmc6b_3di_nocompress,2,C7DQX9,2,2,2,2,2,2,0,0,0,0,0,0,0,0,0,0,0,0
esmc6b_3di_nocompress,2,C7DQY0,0,0,0,0,0,0,2,2,2,2,2,2,1,1,1,1,1,1
esmc6b_3di_nocompress,2,C7GQJ1,1,1,1,1,1,1,0,0,0,0,0,0,0,0,0,0,0,0
esmc6b_3di_nocompress,2,C7LYP7,1,1,1,1,1,1,0,0,0,0,0,0,0,0,0,0,0,0
esmc6b_3di_nocompress,2,C7R403,0,0,0,0,0,0,1,1,1,1,1,1,0,0,0,0,0,0
esmc6b_3di_nocompress,2,C9E1R9,0,0,0,0,0,0,1,1,1,1,1,1,0,0,0,0,0,0
esmc6b_3di_nocompress,2,C9E1S1,0,0,0,0,0,0,1,1,1,1,1,1,0,0,0,0,0,0
esmc6b_3di_nocompress,2,D1BHT9,0,0,0,0,0,0,1,1,1,1,1,1,1,1,1,1,1,1
esmc6b_3di_nocompress,2,D2DGD3,2,2,2,2,2,2,0,0,0,0,0,0,0,0,0,0,0,0
esmc6b_3di_nocompress,2,D2DGD8,0,0,0,0,0,0,2,2,2,2,2,2,2,2,2,2,2,2
esmc6b_3di_nocompress,2,D2DGD9,1,1,1,1,1,1,1,1,1,1,1,1,1,1,1,1,1,1
esmc6b_3di_nocompress,2,D2Y2C5,1,1,1,1,1,1,1,1,1,1,1,1,0,0,0,0,0,0
esmc6b_3di_nocompress,2,D2Y2C6,2,2,2,2,2,2,0,0,0,0,0,0,0,0,0,0,0,0
esmc6b_3di_nocompress,2,D2Y2C7,1,1,1,1,1,1,1,1,1,1,1,1,0,0,0,0,0,0
esmc6b_3di_nocompress,2,D2Y2C8,1,1,1,1,1,1,1,1,1,1,1,1,0,0,0,0,0,0
esmc6b_3di_nocompress,2,D2Y498,1,1,1,1,1,1,0,0,0,0,0,0,1,1,1,1,1,1
esmc6b_3di_nocompress,2,D2Y4A0,1,1,1,1,1,1,0,0,0,0,0,0,0,0,0,0,0,0
esmc6b_3di_nocompress,2,D2Y4A1,1,1,1,1,1,1,0,0,0,0,0,0,0,0,0,0,0,0
esmc6b_3di_nocompress,2,D2Y4A2,0,1,1,1,1,1,1,0,0,0,0,0,1,0,0,0,0,0
esmc6b_3di_nocompress,2,D3JWK3,0,0,0,0,0,0,1,1,1,1,1,1,0,0,0,0,0,0
esmc6b_3di_nocompress,2,D3JWK4,0,0,0,0,0,0,1,1,1,1,1,1,0,0,0,0,0,0
esmc6b_3di_nocompress,2,D3JWK5,0,0,0,0,0,0,1,1,1,1,1,1,0,0,0,0,0,0
esmc6b_3di_nocompress,2,D3JWK6,0,0,0,0,0,0,1,1,1,1,1,1,0,0,0,0,0,0
esmc6b_3di_nocompress,2,D4ATC3,0,1,1,1,1,1,1,0,0,0,0,0,1,0,0,0,0,0
esmc6b_3di_nocompress,2,D4HRK4,1,1,2,2,2,2,1,1,0,0,0,0,1,1,0,0,0,0
esmc6b_3di_nocompress,2,D4HRK7,0,0,0,0,0,0,1,1,1,1,1,1,1,1,1,1,1,1
esmc6b_3di_nocompress,2,D5KXG5,0,0,0,0,0,0,2,2,2,2,2,2,2,2,2,2,2,2
esmc6b_3di_nocompress,2,D5LGE0,0,0,0,0,0,0,5,5,5,5,5,5,0,0,0,0,0,0
esmc6b_3di_nocompress,2,D6C4H5,0,0,0,0,0,1,2,2,2,2,2,1,2,2,2,2,2,1
esmc6b_3di_nocompress,2,D6C4J4,0,0,0,0,0,0,2,2,2,2,2,2,1,1,1,1,1,1
esmc6b_3di_nocompress,2,D6C4J8,2,2,2,2,2,2,1,1,1,1,1,1,1,1,1,1,1,1
esmc6b_3di_nocompress,2,D6C4K5,0,0,1,1,1,1,2,2,1,1,1,1,1,1,0,0,0,0
esmc6b_3di_nocompress,2,D9IWN6,2,2,2,2,2,2,0,0,0,0,0,0,0,0,0,0,0,0
esmc6b_3di_nocompress,2,D9IWN7,2,2,2,2,2,2,0,0,0,0,0,0,0,0,0,0,0,0
esmc6b_3di_nocompress,2,D9U2A7,0,0,0,0,0,0,1,1,1,1,1,1,0,0,0,0,0,0
esmc6b_3di_nocompress,2,E1ZVK3,1,1,2,2,2,2,4,4,3,3,3,3,3,3,2,2,2,2
esmc6b_3di_nocompress,2,E2A6P1,0,0,0,0,0,0,1,1,1,1,1,1,2,2,2,2,2,2
esmc6b_3di_nocompress,2,E2AJ76,1,1,1,2,2,2,1,1,1,0,0,0,2,2,2,1,1,1
esmc6b_3di_nocompress,2,E2ARW3,1,1,1,1,1,1,0,0,0,0,0,0,1,1,1,1,1,1
esmc6b_3di_nocompress,2,E2AX35,0,0,0,0,0,0,1,1,1,1,1,1,1,1,1,1,1,1
esmc6b_3di_nocompress,2,E2AZE8,1,1,1,1,1,1,2,2,2,2,2,2,0,0,0,0,0,0
esmc6b_3di_nocompress,2,E2DIH5,1,1,1,1,1,1,1,1,1,1,1,1,1,1,1,1,1,1
esmc6b_3di_nocompress,2,E2DIH6,1,2,2,2,2,2,1,0,0,0,0,0,1,0,0,0,0,0
esmc6b_3di_nocompress,2,E4VP07,2,2,2,2,2,2,0,0,0,0,0,0,0,0,0,0,0,0
esmc6b_3di_nocompress,2,E5D3Z8,0,0,0,1,1,1,1,1,1,0,0,0,1,1,1,0,0,0
esmc6b_3di_nocompress,2,E9NW26,0,0,0,0,0,0,1,1,1,1,1,1,0,0,0,0,0,0
esmc6b_3di_nocompress,2,E9NW27,0,0,0,0,0,0,1,1,1,1,1,1,0,0,0,0,0,0
esmc6b_3di_nocompress,2,F1CJ89,1,1,1,1,1,1,0,0,0,0,0,0,1,1,1,1,1,1
esmc6b_3di_nocompress,2,F1DFM9,0,0,0,1,1,1,1,1,1,0,0,0,2,2,2,1,1,1
esmc6b_3di_nocompress,2,F1NV61,0,1,1,1,1,1,2,1,1,1,1,1,1,0,0,0,0,0
esmc6b_3di_nocompress,2,F4I082,1,1,1,1,1,1,0,0,0,0,0,0,0,0,0,0,0,0
esmc6b_3di_nocompress,2,F4JIG1,1,1,1,1,1,1,0,0,0,0,0,0,0,0,0,0,0,0
esmc6b_3di_nocompress,2,F8S122,0,0,0,0,0,0,1,1,1,1,1,1,0,0,0,0,0,0
esmc6b_3di_nocompress,2,G0R947,1,1,1,1,1,1,0,0,0,0,0,0,0,0,0,0,0,0
esmc6b_3di_nocompress,2,G0RUP7,1,1,1,1,1,1,0,0,0,0,0,0,0,0,0,0,0,0
esmc6b_3di_nocompress,2,H2CYR5,2,2,2,2,2,2,0,0,0,0,0,0,0,0,0,0,0,0
esmc6b_3di_nocompress,2,H7C8I3,1,1,1,1,1,2,1,1,1,1,1,0,1,1,1,1,1,0
esmc6b_3di_nocompress,2,I0DEB3,2,2,2,2,2,2,0,0,0,0,0,0,0,0,0,0,0,0
esmc6b_3di_nocompress,2,I0DEB4,2,2,2,2,2,2,0,0,0,0,0,0,0,0,0,0,0,0
esmc6b_3di_nocompress,2,I0DEB5,2,2,2,2,2,2,0,0,0,0,0,0,0,0,0,0,0,0
esmc6b_3di_nocompress,2,I0DEB6,2,2,2,2,2,2,0,0,0,0,0,0,0,0,0,0,0,0
esmc6b_3di_nocompress,2,I2DBY1,0,0,0,0,0,0,1,1,1,1,1,1,1,1,1,1,1,1
esmc6b_3di_nocompress,2,I2DBY2,0,0,0,0,0,0,1,1,1,1,1,1,1,1,1,1,1,1
esmc6b_3di_nocompress,2,I2DBY3,0,0,0,0,0,0,1,1,1,1,1,1,1,1,1,1,1,1
esmc6b_3di_nocompress,2,I6R1R5,0,0,0,0,0,0,1,1,1,1,1,1,1,1,1,1,1,1
esmc6b_3di_nocompress,2,K1XVG1,0,1,1,1,1,1,1,0,0,0,0,0,1,0,0,0,0,0
esmc6b_3di_nocompress,2,K8DWB5,1,1,1,1,1,1,0,0,0,0,0,0,1,1,1,1,1,1
esmc6b_3di_nocompress,2,K9USW8,0,0,0,0,0,0,1,1,1,1,1,1,0,0,0,0,0,0
esmc6b_3di_nocompress,2,L0GAZ8,2,2,2,2,2,2,0,0,0,0,0,0,0,0,0,0,0,0
esmc6b_3di_nocompress,2,L0GCV8,2,2,2,2,2,2,0,0,0,0,0,0,0,0,0,0,0,0
esmc6b_3di_nocompress,2,O01382,0,1,1,1,1,1,2,1,1,1,1,1,1,0,0,0,0,0
esmc6b_3di_nocompress,2,O02002,0,1,2,2,2,2,2,1,0,0,0,0,2,1,0,0,0,0
esmc6b_3di_nocompress,2,O08524,0,0,0,0,0,0,1,1,1,1,1,1,0,0,0,0,0,0
esmc6b_3di_nocompress,2,O08738,0,0,0,1,1,1,2,2,2,1,1,1,1,1,1,0,0,0
esmc6b_3di_nocompress,2,O13318,1,1,1,1,1,1,0,0,0,0,0,0,0,0,0,0,0,0
esmc6b_3di_nocompress,2,O13547,1,1,1,1,1,1,0,0,0,0,0,0,0,0,0,0,0,0
esmc6b_3di_nocompress,2,O13692,0,0,0,0,1,1,1,1,1,1,0,0,1,1,1,1,0,0
esmc6b_3di_nocompress,2,O15130,2,2,2,2,2,2,2,2,2,2,2,2,0,0,0,0,0,0
esmc6b_3di_nocompress,2,O18494,1,1,1,1,1,1,1,1,1,1,1,1,0,0,0,0,0,0
esmc6b_3di_nocompress,2,O18495,0,0,0,0,0,0,2,2,2,2,2,2,1,1,1,1,1,1
esmc6b_3di_nocompress,2,O18496,0,0,0,0,0,0,2,2,2,2,2,2,1,1,1,1,1,1
esmc6b_3di_nocompress,2,O24565,1,1,1,1,1,1,0,0,0,0,0,0,0,0,0,0,0,0
esmc6b_3di_nocompress,2,O24567,1,1,1,1,1,1,0,0,0,0,0,0,1,1,1,1,1,1
esmc6b_3di_nocompress,2,O24572,1,1,1,1,1,1,0,0,0,0,0,0,0,0,0,0,0,0
esmc6b_3di_nocompress,2,O24602,1,1,1,1,1,1,0,0,0,0,0,0,1,1,1,1,1,1
esmc6b_3di_nocompress,2,O24618,1,1,1,1,1,1,0,0,0,0,0,0,0,0,0,0,0,0
esmc6b_3di_nocompress,2,O31840,2,2,2,2,2,2,0,0,0,0,0,0,0,0,0,0,0,0
esmc6b_3di_nocompress,2,O32025,0,0,0,0,0,0,3,3,3,3,3,3,1,1,1,1,1,1
esmc6b_3di_nocompress,2,O32295,1,1,1,1,1,1,1,1,1,1,1,1,0,0,0,0,0,0
esmc6b_3di_nocompress,2,O32389,1,1,1,1,1,1,0,0,0,0,0,0,0,0,0,0,0,0
esmc6b_3di_nocompress,2,O35314,1,1,1,1,1,1,0,0,0,0,0,0,2,2,2,2,2,2
esmc6b_3di_nocompress,2,O35397,0,0,0,1,1,1,2,2,2,1,1,1,1,1,1,0,0,0
esmc6b_3di_nocompress,2,O44185,9,9,9,9,9,9,1,1,1,1,1,1,0,0,0,0,0,0
esmc6b_3di_nocompress,2,O44516,0,1,1,1,1,1,1,0,0,0,0,0,1,0,0,0,0,0
esmc6b_3di_nocompress,2,O48915,0,1,1,1,1,1,1,0,0,0,0,0,1,0,0,0,0,0
esmc6b_3di_nocompress,2,O49644,1,1,1,1,1,1,0,0,0,0,0,0,0,0,0,0,0,0
esmc6b_3di_nocompress,2,O49645,0,0,0,1,1,1,1,1,1,0,0,0,1,1,1,0,0,0
esmc6b_3di_nocompress,2,O57413,0,0,0,0,0,0,1,1,1,1,1,1,0,0,0,0,0,0
esmc6b_3di_nocompress,2,O60087,0,0,0,1,1,1,1,1,1,0,0,0,1,1,1,0,0,0
esmc6b_3di_nocompress,2,O64864,1,1,1,1,1,1,0,0,0,0,0,0,0,0,0,0,0,0
esmc6b_3di_nocompress,2,O64865,0,0,0,0,0,1,1,1,1,1,1,0,1,1,1,1,1,0
esmc6b_3di_nocompress,2,O73795,0,0,0,0,0,0,1,1,1,1,1,1,1,1,1,1,1,1
esmc6b_3di_nocompress,2,O75003,0,0,0,0,0,0,1,1,1,1,1,1,0,0,0,0,0,0
esmc6b_3di_nocompress,2,O77256,0,1,2,2,2,2,2,1,0,0,0,0,2,1,0,0,0,0
esmc6b_3di_nocompress,2,O78504,1,1,1,1,1,1,0,0,0,0,0,0,0,0,0,0,0,0
esmc6b_3di_nocompress,2,O82081,0,0,0,0,0,0,1,1,1,1,1,1,1,1,1,1,1,1
esmc6b_3di_nocompress,2,O82549,0,0,0,0,0,0,1,1,1,1,1,1,0,0,0,0,0,0
esmc6b_3di_nocompress,2,O88947,0,1,1,2,2,2,2,1,1,0,0,0,2,1,1,0,0,0
esmc6b_3di_nocompress,2,O89094,0,0,0,0,0,0,1,1,1,1,1,1,0,0,0,0,0,0
esmc6b_3di_nocompress,2,O95831,0,0,0,0,0,0,1,1,1,1,1,1,0,0,0,0,0,0
esmc6b_3di_nocompress,2,O95980,1,1,1,1,1,1,0,0,0,0,0,0,0,0,0,0,0,0
esmc6b_3di_nocompress,2,O96447,0,0,0,0,0,0,1,1,1,1,1,1,1,1,1,1,1,1
esmc6b_3di_nocompress,2,O96812,1,1,1,1,1,1,0,0,0,0,0,0,0,0,0,0,0,0
esmc6b_3di_nocompress,2,P00740,1,1,1,2,2,2,1,1,1,0,0,0,1,1,1,0,0,0
esmc6b_3di_nocompress,2,P00741,1,1,1,2,2,2,1,1,1,0,0,0,1,1,1,0,0,0
esmc6b_3di_nocompress,2,P00742,0,0,0,0,0,0,1,1,1,1,1,1,2,2,2,2,2,2
esmc6b_3di_nocompress,2,P00745,0,0,0,1,1,1,2,2,2,1,1,1,2,2,2,1,1,1
esmc6b_3di_nocompress,2,P00750,0,1,1,1,1,1,1,0,0,0,0,0,1,0,0,0,0,0
esmc6b_3di_nocompress,2,P01068,0,0,0,0,0,0,12,12,12,12,12,12,3,3,3,3,3,3
esmc6b_3di_nocompress,2,P01156,1,2,2,2,2,2,2,1,1,1,1,1,1,0,0,0,0,0
esmc6b_3di_nocompress,2,P01252,0,0,0,0,0,0,1,1,1,1,1,1,0,0,0,0,0,0
esmc6b_3di_nocompress,2,P01344,0,0,0,0,0,0,1,1,1,1,1,1,2,2,2,2,2,2
esmc6b_3di_nocompress,2,P01346,0,0,0,0,0,0,1,1,1,1,1,1,2,2,2,2,2,2
esmc6b_3di_nocompress,2,P01357,1,4,5,5,5,5,5,2,1,1,1,1,13,10,9,9,9,9
esmc6b_3di_nocompress,2,P01358,0,1,1,1,1,1,1,0,0,0,0,0,1,0,0,0,0,0
esmc6b_3di_nocompress,2,P01501,2,2,2,2,2,2,0,0,0,0,0,0,0,0,0,0,0,0
esmc6b_3di_nocompress,2,P01579,0,0,0,0,0,0,1,1,1,1,1,1,1,1,1,1,1,1
esmc6b_3di_nocompress,2,P02545,0,0,0,0,0,0,1,1,1,1,1,1,0,0,0,0,0,0
esmc6b_3di_nocompress,2,P02681,0,0,0,0,0,0,1,1,1,1,1,1,0,0,0,0,0,0
esmc6b_3di_nocompress,2,P02876,0,0,1,1,1,1,1,1,0,0,0,0,1,1,0,0,0,0
esmc6b_3di_nocompress,2,P03997,0,0,0,0,0,0,1,1,1,1,1,1,0,0,0,0,0,0
esmc6b_3di_nocompress,2,P03998,0,0,0,0,0,0,1,1,1,1,1,1,1,1,1,1,1,1
esmc6b_3di_nocompress,2,P04002,0,0,0,1,1,1,1,1,1,0,0,0,1,1,1,0,0,0
esmc6b_3di_nocompress,2,P04070,0,0,0,1,1,1,2,2,2,1,1,1,1,1,1,0,0,0
esmc6b_3di_nocompress,2,P04124,1,1,1,1,1,1,0,0,0,0,0,0,0,0,0,0,0,0
esmc6b_3di_nocompress,2,P05017,0,0,0,0,0,0,1,1,1,1,1,1,1,1,1,1,1,1
esmc6b_3di_nocompress,2,P05019,0,0,0,0,0,0,1,1,1,1,1,1,0,0,0,0,0,0
esmc6b_3di_nocompress,2,P05060,1,1,1,1,1,1,0,0,0,0,0,0,1,1,1,1,1,1
esmc6b_3di_nocompress,2,P05118,0,0,0,0,0,0,1,1,1,1,1,1,1,1,1,1,1,1
esmc6b_3di_nocompress,2,P05222,1,2,2,2,2,2,1,0,0,0,0,0,8,7,7,7,7,7
esmc6b_3di_nocompress,2,P05224,1,3,4,4,4,4,4,2,1,1,1,1,10,8,7,7,7,7
esmc6b_3di_nocompress,2,P05225,0,3,4,4,4,4,5,2,1,1,1,1,13,10,9,9,9,9
esmc6b_3di_nocompress,2,P05226,1,3,5,5,5,5,5,3,1,1,1,1,13,11,9,9,9,9
esmc6b_3di_nocompress,2,P06302,0,0,0,0,0,0,1,1,1,1,1,1,0,0,0,0,0,0
esmc6b_3di_nocompress,2,P06454,0,0,0,0,0,0,1,1,1,1,1,1,0,0,0,0,0,0
esmc6b_3di_nocompress,2,P06731,0,0,0,0,0,0,1,1,1,1,1,1,0,0,0,0,0,0
esmc6b_3di_nocompress,2,P07095,0,0,0,0,0,0,1,1,1,1,1,1,0,0,0,0,0,0
esmc6b_3di_nocompress,2,P07455,0,0,0,0,0,0,1,1,1,1,1,1,1,1,1,1,1,1
esmc6b_3di_nocompress,2,P07456,0,0,0,0,0,0,1,1,1,1,1,1,2,2,2,2,2,2
esmc6b_3di_nocompress,2,P07835,0,0,0,0,0,0,1,1,1,1,1,1,0,0,0,0,0,0
esmc6b_3di_nocompress,2,P07907,0,0,0,0,0,0,4,4,4,4,4,4,0,0,0,0,0,0
esmc6b_3di_nocompress,2,P08025,0,0,0,0,0,0,1,1,1,1,1,1,1,1,1,1,1,1
esmc6b_3di_nocompress,2,P08454,0,0,0,0,0,0,1,1,1,1,1,1,1,1,1,1,1,1
esmc6b_3di_nocompress,2,P08459,1,1,1,1,1,1,0,0,0,0,0,0,0,0,0,0,0,0
esmc6b_3di_nocompress,2,P08709,1,1,1,1,1,1,0,0,0,0,0,0,0,0,0,0,0,0
esmc6b_3di_nocompress,2,P09031,0,0,0,0,0,0,1,1,1,1,1,1,2,2,2,2,2,2
esmc6b_3di_nocompress,2,P09166,0,0,0,0,0,0,1,1,1,1,1,1,1,1,1,1,1,1
esmc6b_3di_nocompress,2,P09167,0,0,0,0,0,0,1,1,1,1,1,1,1,1,1,1,1,1
esmc6b_3di_nocompress,2,P09535,0,0,0,0,0,0,1,1,1,1,1,1,2,2,2,2,2,2
esmc6b_3di_nocompress,2,P09598,1,1,1,1,1,1,0,0,0,0,0,0,0,0,0,0,0,0
esmc6b_3di_nocompress,2,P09989,0,0,0,0,0,0,1,1,1,1,1,1,0,0,0,0,0,0
esmc6b_3di_nocompress,2,P0C0P5,0,0,0,0,0,0,2,2,2,2,2,2,1,1,1,1,1,1
esmc6b_3di_nocompress,2,P0C0P6,0,0,0,0,0,0,2,2,2,2,2,2,2,2,2,2,2,2
esmc6b_3di_nocompress,2,P0C0P7,0,0,0,0,0,0,2,2,2,2,2,2,2,2,2,2,2,2
esmc6b_3di_nocompress,2,P0C0P8,0,0,0,0,0,0,2,2,2,2,2,2,0,0,0,0,0,0
esmc6b_3di_nocompress,2,P0C1V9,2,2,2,2,2,2,0,0,0,0,0,0,0,0,0,0,0,0
esmc6b_3di_nocompress,2,P0C1W0,1,1,1,1,2,2,1,1,1,1,0,0,1,1,1,1,0,0
esmc6b_3di_nocompress,2,P0C1X1,0,1,1,1,1,1,3,2,2,2,2,2,3,2,2,2,2,2
esmc6b_3di_nocompress,2,P0C1Y2,1,1,1,2,2,2,1,1,1,0,0,0,1,1,1,0,0,0
esmc6b_3di_nocompress,2,P0C252,1,1,1,1,1,1,0,0,0,0,0,0,1,1,1,1,1,1
esmc6b_3di_nocompress,2,P0C254,1,1,1,1,1,1,0,0,0,0,0,0,1,1,1,1,1,1
esmc6b_3di_nocompress,2,P0C255,0,0,0,0,0,0,1,1,1,1,1,1,1,1,1,1,1,1
esmc6b_3di_nocompress,2,P0C2B0,1,2,2,2,2,2,1,0,0,0,0,0,1,0,0,0,0,0
esmc6b_3di_nocompress,2,P0C2B1,1,1,2,2,2,2,1,1,0,0,0,0,1,1,0,0,0,0
esmc6b_3di_nocompress,2,P0C2F3,0,0,0,0,1,1,1,1,1,1,0,0,1,1,1,1,0,0
esmc6b_3di_nocompress,2,P0C2S9,0,1,1,1,1,1,1,0,0,0,0,0,2,1,1,1,1,1
esmc6b_3di_nocompress,2,P0C408,0,0,0,0,0,0,1,1,1,1,1,1,0,0,0,0,0,0
esmc6b_3di_nocompress,2,P0C409,0,0,0,0,0,0,1,1,1,1,1,1,0,0,0,0,0,0
esmc6b_3di_nocompress,2,P0C410,0,0,0,0,0,0,1,1,1,1,1,1,0,0,0,0,0,0
esmc6b_3di_nocompress,2,P0C636,2,2,2,2,2,2,0,0,0,0,0,0,0,0,0,0,0,0
esmc6b_3di_nocompress,2,P0C637,2,2,2,2,2,2,0,0,0,0,0,0,0,0,0,0,0,0
esmc6b_3di_nocompress,2,P0C638,2,2,2,2,2,2,0,0,0,0,0,0,0,0,0,0,0,0
esmc6b_3di_nocompress,2,P0C639,2,2,2,2,2,2,0,0,0,0,0,0,0,0,0,0,0,0
esmc6b_3di_nocompress,2,P0C640,1,1,1,2,2,2,1,1,1,0,0,0,1,1,1,0,0,0
esmc6b_3di_nocompress,2,P0C666,0,0,0,0,0,0,2,2,2,2,2,2,2,2,2,2,2,2
esmc6b_3di_nocompress,2,P0C667,0,2,2,2,2,2,2,0,0,0,0,0,2,0,0,0,0,0
esmc6b_3di_nocompress,2,P0C668,1,1,2,2,2,2,1,1,0,0,0,0,1,1,0,0,0,0
esmc6b_3di_nocompress,2,P0C670,0,0,0,0,0,2,2,2,2,2,2,0,2,2,2,2,2,0
esmc6b_3di_nocompress,2,P0C6E4,0,0,0,0,0,0,1,1,1,1,1,1,0,0,0,0,0,0
esmc6b_3di_nocompress,2,P0C6E8,0,0,0,0,0,0,1,1,1,1,1,1,0,0,0,0,0,0
esmc6b_3di_nocompress,2,P0C7S9,0,1,1,1,1,1,1,0,0,0,0,0,2,1,1,1,1,1
esmc6b_3di_nocompress,2,P0C828,1,1,2,2,2,2,1,1,0,0,0,0,1,1,0,0,0,0
esmc6b_3di_nocompress,2,P0C829,0,1,1,1,1,2,3,2,2,2,2,1,2,1,1,1,1,0
esmc6b_3di_nocompress,2,P0C8P8,0,0,1,1,1,1,1,1,0,0,0,0,2,2,1,1,1,1
esmc6b_3di_nocompress,2,P0C8P9,1,2,2,2,2,2,1,0,0,0,0,0,1,0,0,0,0,0
esmc6b_3di_nocompress,2,P0C8R2,1,1,1,1,1,1,0,0,0,0,0,0,0,0,0,0,0,0
esmc6b_3di_nocompress,2,P0C8U4,2,2,2,2,2,2,0,0,0,0,0,0,0,0,0,0,0,0
esmc6b_3di_nocompress,2,P0C8U6,1,2,2,2,2,2,1,0,0,0,0,0,1,0,0,0,0,0
esmc6b_3di_nocompress,2,P0C8U7,1,2,2,2,2,2,1,0,0,0,0,0,1,0,0,0,0,0
esmc6b_3di_nocompress,2,P0C8U8,0,1,1,1,2,2,2,1,1,1,0,0,2,1,1,1,0,0
esmc6b_3di_nocompress,2,P0C8U9,1,1,1,1,2,2,1,1,1,1,0,0,1,1,1,1,0,0
esmc6b_3di_nocompress,2,P0C8V0,1,1,2,2,2,2,1,1,0,0,0,0,1,1,0,0,0,0
esmc6b_3di_nocompress,2,P0C8W1,2,2,2,2,2,2,0,0,0,0,0,0,0,0,0,0,0,0
esmc6b_3di_nocompress,2,P0C8W2,2,2,2,2,2,2,0,0,0,0,0,0,0,0,0,0,0,0
esmc6b_3di_nocompress,2,P0C901,0,0,0,0,0,0,2,2,2,2,2,2,1,1,1,1,1,1
esmc6b_3di_nocompress,2,P0C940,1,1,1,1,1,1,0,0,0,0,0,0,0,0,0,0,0,0
esmc6b_3di_nocompress,2,P0C954,1,1,1,1,1,1,0,0,0,0,0,0,0,0,0,0,0,0
esmc6b_3di_nocompress,2,P0C955,0,0,0,0,0,0,1,1,1,1,1,1,1,1,1,1,1,1
esmc6b_3di_nocompress,2,P0C956,0,0,0,0,0,0,1,1,1,1,1,1,1,1,1,1,1,1
esmc6b_3di_nocompress,2,P0CAQ2,1,1,1,1,1,1,1,1,1,1,1,1,0,0,0,0,0,0
esmc6b_3di_nocompress,2,P0CAQ3,0,0,0,0,1,1,2,2,2,2,1,1,1,1,1,1,0,0
esmc6b_3di_nocompress,2,P0CAQ5,2,2,2,2,2,2,0,0,0,0,0,0,0,0,0,0,0,0
esmc6b_3di_nocompress,2,P0CAQ6,2,2,2,2,2,2,0,0,0,0,0,0,0,0,0,0,0,0
esmc6b_3di_nocompress,2,P0CAQ7,1,1,1,1,1,1,0,0,0,0,0,0,1,1,1,1,1,1
esmc6b_3di_nocompress,2,P0CAQ8,0,0,1,1,1,1,1,1,0,0,0,0,1,1,0,0,0,0
esmc6b_3di_nocompress,2,P0CAQ9,0,0,1,1,1,1,1,1,0,0,0,0,1,1,0,0,0,0
esmc6b_3di_nocompress,2,P0CAZ2,1,1,1,1,1,1,0,0,0,0,0,0,1,1,1,1,1,1
esmc6b_3di_nocompress,2,P0CAZ3,1,1,1,1,1,1,0,0,0,0,0,0,0,0,0,0,0,0
esmc6b_3di_nocompress,2,P0CAZ4,1,1,1,1,1,1,0,0,0,0,0,0,0,0,0,0,0,0
esmc6b_3di_nocompress,2,P0CAZ5,1,1,1,1,1,1,0,0,0,0,0,0,0,0,0,0,0,0
esmc6b_3di_nocompress,2,P0CAZ6,1,1,1,1,1,1,0,0,0,0,0,0,0,0,0,0,0,0
esmc6b_3di_nocompress,2,P0CAZ7,1,1,1,1,1,1,0,0,0,0,0,0,0,0,0,0,0,0
esmc6b_3di_nocompress,2,P0CAZ8,0,0,0,0,0,0,1,1,1,1,1,1,1,1,1,1,1,1
esmc6b_3di_nocompress,2,P0CAZ9,1,1,1,1,1,1,0,0,0,0,0,0,1,1,1,1,1,1
esmc6b_3di_nocompress,2,P0CB07,2,2,2,2,2,2,0,0,0,0,0,0,0,0,0,0,0,0
esmc6b_3di_nocompress,2,P0CB08,0,2,2,2,2,2,2,0,0,0,0,0,2,0,0,0,0,0
esmc6b_3di_nocompress,2,P0CB12,2,2,2,2,2,2,0,0,0,0,0,0,0,0,0,0,0,0
esmc6b_3di_nocompress,2,P0CB14,0,0,0,0,0,0,1,1,1,1,1,1,0,0,0,0,0,0
esmc6b_3di_nocompress,2,P0CE73,2,2,2,2,2,2,0,0,0,0,0,0,0,0,0,0,0,0
esmc6b_3di_nocompress,2,P0CE75,1,2,2,3,3,3,2,1,1,0,0,0,2,1,1,0,0,0
esmc6b_3di_nocompress,2,P0CE76,1,2,2,3,3,3,2,1,1,0,0,0,2,1,1,0,0,0
esmc6b_3di_nocompress,2,P0CE79,1,1,1,1,1,1,0,0,0,0,0,0,0,0,0,0,0,0
esmc6b_3di_nocompress,2,P0CE80,1,1,1,1,1,1,0,0,0,0,0,0,0,0,0,0,0,0
esmc6b_3di_nocompress,2,P0CE81,1,1,1,1,1,1,0,0,0,0,0,0,0,0,0,0,0,0
esmc6b_3di_nocompress,2,P0CE82,1,1,1,1,1,1,0,0,0,0,0,0,0,0,0,0,0,0
esmc6b_3di_nocompress,2,P0CE83,1,1,1,1,1,1,0,0,0,0,0,0,0,0,0,0,0,0
esmc6b_3di_nocompress,2,P0CH50,1,1,1,1,1,1,0,0,0,0,0,0,0,0,0,0,0,0
esmc6b_3di_nocompress,2,P0CI13,0,0,1,1,1,1,1,1,0,0,0,0,2,2,1,1,1,1
esmc6b_3di_nocompress,2,P0CI49,0,0,0,0,0,0,1,1,1,1,1,1,0,0,0,0,0,0
esmc6b_3di_nocompress,2,P0CY75,2,2,2,2,2,2,0,0,0,0,0,0,0,0,0,0,0,0
esmc6b_3di_nocompress,2,P0CY76,0,0,0,0,1,1,1,1,1,1,0,0,1,1,1,1,0,0
esmc6b_3di_nocompress,2,P0CY77,1,1,1,1,1,1,0,0,0,0,0,0,0,0,0,0,0,0
esmc6b_3di_nocompress,2,P0CY78,0,0,0,0,0,0,2,2,2,2,2,2,2,2,2,2,2,2
esmc6b_3di_nocompress,2,P0CY80,1,1,1,1,1,1,1,1,1,1,1,1,0,0,0,0,0,0
esmc6b_3di_nocompress,2,P0CY81,0,2,2,2,2,2,2,0,0,0,0,0,2,0,0,0,0,0
esmc6b_3di_nocompress,2,P0CY82,0,0,0,0,0,0,2,2,2,2,2,2,0,0,0,0,0,0
esmc6b_3di_nocompress,2,P0CY86,2,2,2,2,2,2,0,0,0,0,0,0,0,0,0,0,0,0
esmc6b_3di_nocompress,2,P0DJ02,2,2,2,2,2,2,0,0,0,0,0,0,0,0,0,0,0,0
esmc6b_3di_nocompress,2,P0DJ03,2,2,2,2,2,2,0,0,0,0,0,0,0,0,0,0,0,0
esmc6b_3di_nocompress,2,P0DJO3,2,2,2,2,2,2,0,0,0,0,0,0,0,0,0,0,0,0
esmc6b_3di_nocompress,2,P0DJO4,2,2,2,2,2,2,0,0,0,0,0,0,0,0,0,0,0,0
esmc6b_3di_nocompress,2,P0DKM1,1,1,1,1,1,1,0,0,0,0,0,0,1,1,1,1,1,1
esmc6b_3di_nocompress,2,P0DKN0,0,0,0,0,0,0,1,1,1,1,1,1,1,1,1,1,1,1
esmc6b_3di_nocompress,2,P0DKP4,1,1,1,1,1,1,3,3,3,3,3,3,0,0,0,0,0,0
esmc6b_3di_nocompress,2,P0DKP6,0,0,1,2,2,2,2,2,1,0,0,0,2,2,1,0,0,0
esmc6b_3di_nocompress,2,P0DKP8,0,0,1,2,2,2,2,2,1,0,0,0,2,2,1,0,0,0
esmc6b_3di_nocompress,2,P0DM21,2,2,2,2,2,2,0,0,0,0,0,0,0,0,0,0,0,0
esmc6b_3di_nocompress,2,P0DM23,2,2,2,2,2,2,0,0,0,0,0,0,0,0,0,0,0,0
esmc6b_3di_nocompress,2,P0DM26,0,0,0,0,0,0,3,3,3,3,3,3,2,2,2,2,2,2
esmc6b_3di_nocompress,2,P0DME6,2,2,2,2,2,2,0,0,0,0,0,0,0,0,0,0,0,0
esmc6b_3di_nocompress,2,P0DME7,2,2,2,2,2,2,0,0,0,0,0,0,0,0,0,0,0,0
esmc6b_3di_nocompress,2,P0DME8,2,2,2,2,2,2,0,0,0,0,0,0,0,0,0,0,0,0
esmc6b_3di_nocompress,2,P0DME9,2,2,2,2,2,2,0,0,0,0,0,0,0,0,0,0,0,0
esmc6b_3di_nocompress,2,P0DMF1,1,1,1,1,1,1,0,0,0,0,0,0,3,3,3,3,3,3
esmc6b_3di_nocompress,2,P0DMF4,2,2,2,2,2,2,0,0,0,0,0,0,0,0,0,0,0,0
esmc6b_3di_nocompress,2,P0DMF5,1,2,2,2,2,2,1,0,0,0,0,0,1,0,0,0,0,0
esmc6b_3di_nocompress,2,P0DMF6,2,2,2,2,2,2,0,0,0,0,0,0,0,0,0,0,0,0
esmc6b_3di_nocompress,2,P0DMF7,0,1,1,2,2,2,2,1,1,0,0,0,2,1,1,0,0,0
esmc6b_3di_nocompress,2,P0DMF9,2,2,2,2,2,2,0,0,0,0,0,0,0,0,0,0,0,0
esmc6b_3di_nocompress,2,P0DMZ2,0,0,1,1,1,1,1,1,0,0,0,0,1,1,0,0,0,0
esmc6b_3di_nocompress,2,P0DMZ8,0,1,5,5,5,5,5,4,0,0,0,0,5,4,0,0,0,0
esmc6b_3di_nocompress,2,P0DMZ9,0,1,5,5,5,5,5,4,0,0,0,0,5,4,0,0,0,0
esmc6b_3di_nocompress,2,P0DN46,0,0,2,2,2,2,2,2,0,0,0,0,2,2,0,0,0,0
esmc6b_3di_nocompress,2,P0DN47,0,2,2,2,2,2,2,0,0,0,0,0,2,0,0,0,0,0
esmc6b_3di_nocompress,2,P0DOZ7,1,1,2,2,2,2,2,2,1,1,1,1,1,1,0,0,0,0
esmc6b_3di_nocompress,2,P0DPE6,0,0,0,0,0,0,1,1,1,1,1,1,2,2,2,2,2,2
esmc6b_3di_nocompress,2,P0DPL8,0,0,2,2,2,2,2,2,0,0,0,0,2,2,0,0,0,0
esmc6b_3di_nocompress,2,P0DPL9,2,2,2,2,2,2,0,0,0,0,0,0,0,0,0,0,0,0
esmc6b_3di_nocompress,2,P0DPM0,2,2,2,2,2,2,0,0,0,0,0,0,0,0,0,0,0,0
esmc6b_3di_nocompress,2,P0DPM1,2,2,2,2,2,2,0,0,0,0,0,0,0,0,0,0,0,0
esmc6b_3di_nocompress,2,P0DPT2,1,1,1,1,1,1,0,0,0,0,0,0,1,1,1,1,1,1
esmc6b_3di_nocompress,2,P0DQJ4,1,1,1,1,1,1,0,0,0,0,0,0,0,0,0,0,0,0
esmc6b_3di_nocompress,2,P0DQP3,1,1,1,1,1,1,0,0,0,0,0,0,0,0,0,0,0,0
esmc6b_3di_nocompress,2,P0DQP4,1,1,1,1,1,1,0,0,0,0,0,0,0,0,0,0,0,0
esmc6b_3di_nocompress,2,P0DQR6,0,0,1,1,1,1,1,1,0,0,0,0,2,2,1,1,1,1
esmc6b_3di_nocompress,2,P0DRD0,1,2,2,2,2,2,1,0,0,0,0,0,1,0,0,0,0,0
esmc6b_3di_nocompress,2,P0DRD1,1,2,2,2,2,2,1,0,0,0,0,0,1,0,0,0,0,0
esmc6b_3di_nocompress,2,P0DRD2,2,2,2,2,2,2,0,0,0,0,0,0,0,0,0,0,0,0
esmc6b_3di_nocompress,2,P0DRD4,0,0,2,2,2,2,2,2,0,0,0,0,2,2,0,0,0,0
esmc6b_3di_nocompress,2,P0DRD5,1,1,2,2,2,2,1,1,0,0,0,0,1,1,0,0,0,0
esmc6b_3di_nocompress,2,P0DRH5,1,1,1,2,2,2,1,1,1,0,0,0,1,1,1,0,0,0
esmc6b_3di_nocompress,2,P0DRH6,1,1,1,2,2,2,1,1,1,0,0,0,1,1,1,0,0,0
esmc6b_3di_nocompress,2,P0DRH7,1,1,2,2,2,2,1,1,0,0,0,0,1,1,0,0,0,0
esmc6b_3di_nocompress,2,P0DRH9,0,0,0,0,0,0,2,2,2,2,2,2,3,3,3,3,3,3
esmc6b_3di_nocompress,2,P0DRI0,0,0,0,0,1,1,2,2,2,2,1,1,4,4,4,4,3,3
esmc6b_3di_nocompress,2,P0DRI1,0,0,0,1,1,1,2,2,2,1,1,1,3,3,3,2,2,2
esmc6b_3di_nocompress,2,P0DRI3,0,1,1,1,1,1,1,0,0,0,0,0,1,0,0,0,0,0
esmc6b_3di_nocompress,2,P0DSI4,2,2,2,2,2,2,0,0,0,0,0,0,0,0,0,0,0,0
esmc6b_3di_nocompress,2,P0DSI5,2,2,2,2,2,2,0,0,0,0,0,0,0,0,0,0,0,0
esmc6b_3di_nocompress,2,P0DSI6,0,0,2,2,2,2,2,2,0,0,0,0,2,2,0,0,0,0
esmc6b_3di_nocompress,2,P0DSJ4,1,1,1,1,1,1,0,0,0,0,0,0,1,1,1,1,1,1
esmc6b_3di_nocompress,2,P0DSJ5,1,1,1,1,1,1,0,0,0,0,0,0,1,1,1,1,1,1
esmc6b_3di_nocompress,2,P0DSJ8,0,0,1,1,1,2,2,2,1,1,1,0,2,2,1,1,1,0
esmc6b_3di_nocompress,2,P0DSJ9,0,0,1,1,1,2,2,2,1,1,1,0,2,2,1,1,1,0
esmc6b_3di_nocompress,2,P0DSK1,1,1,1,1,1,1,1,1,1,1,1,1,1,1,1,1,1,1
esmc6b_3di_nocompress,2,P0DSK4,0,0,0,0,0,0,1,1,1,1,1,1,1,1,1,1,1,1
esmc6b_3di_nocompress,2,P0DUG2,0,0,1,1,1,1,1,1,0,0,0,0,2,2,1,1,1,1
esmc6b_3di_nocompress,2,P0DUJ5,0,1,1,1,1,1,2,1,1,1,1,1,1,0,0,0,0,0
esmc6b_3di_nocompress,2,P0DUQ4,1,1,2,2,2,2,2,2,1,1,1,1,1,1,0,0,0,0
esmc6b_3di_nocompress,2,P0DUQ8,0,0,0,0,0,0,1,1,1,1,1,1,2,2,2,2,2,2
esmc6b_3di_nocompress,2,P0DV71,1,1,1,1,1,1,0,0,0,0,0,0,0,0,0,0,0,0
esmc6b_3di_nocompress,2,P0DW72,1,1,1,1,1,1,0,0,0,0,0,0,1,1,1,1,1,1
esmc6b_3di_nocompress,2,P0DX20,0,0,0,0,0,0,1,1,1,1,1,1,1,1,1,1,1,1
esmc6b_3di_nocompress,2,P0DX61,2,2,2,2,2,2,0,0,0,0,0,0,0,0,0,0,0,0
esmc6b_3di_nocompress,2,P0DX64,2,2,2,2,2,2,0,0,0,0,0,0,0,0,0,0,0,0
esmc6b_3di_nocompress,2,P0DXT1,2,2,2,2,2,2,0,0,0,0,0,0,0,0,0,0,0,0
esmc6b_3di_nocompress,2,P0DXT2,1,1,1,1,2,2,1,1,1,1,0,0,1,1,1,1,0,0
esmc6b_3di_nocompress,2,P0DXT3,1,1,1,1,1,1,0,0,0,0,0,0,1,1,1,1,1,1
esmc6b_3di_nocompress,2,P0DXT4,2,2,2,2,2,2,0,0,0,0,0,0,0,0,0,0,0,0
esmc6b_3di_nocompress,2,P0DXT5,2,2,2,2,2,2,0,0,0,0,0,0,0,0,0,0,0,0
esmc6b_3di_nocompress,2,P0DXT7,2,2,2,2,2,2,0,0,0,0,0,0,0,0,0,0,0,0
esmc6b_3di_nocompress,2,P0DXT8,0,0,2,2,2,2,2,2,0,0,0,0,2,2,0,0,0,0
esmc6b_3di_nocompress,2,P0DXT9,0,0,2,2,2,2,2,2,0,0,0,0,2,2,0,0,0,0
esmc6b_3di_nocompress,2,P0DXU0,0,0,2,2,2,2,2,2,0,0,0,0,2,2,0,0,0,0
esmc6b_3di_nocompress,2,P0DXU1,1,1,2,2,2,2,1,1,0,0,0,0,1,1,0,0,0,0
esmc6b_3di_nocompress,2,P0DXZ8,1,1,1,2,2,2,1,1,1,0,0,0,1,1,1,0,0,0
esmc6b_3di_nocompress,2,P0DY01,1,1,1,2,2,2,1,1,1,0,0,0,1,1,1,0,0,0
esmc6b_3di_nocompress,2,P0DY02,1,1,1,2,2,2,1,1,1,0,0,0,1,1,1,0,0,0
esmc6b_3di_nocompress,2,P0DY17,1,1,1,2,2,2,1,1,1,0,0,0,1,1,1,0,0,0
esmc6b_3di_nocompress,2,P0DY19,0,0,0,0,0,0,1,1,1,1,1,1,3,3,3,3,3,3
esmc6b_3di_nocompress,2,P0DY25,0,0,0,1,1,1,2,2,2,1,1,1,1,1,1,0,0,0
esmc6b_3di_nocompress,2,P0DY99,1,1,2,2,2,2,1,1,0,0,0,0,1,1,0,0,0,0
esmc6b_3di_nocompress,2,P10347,0,0,0,0,0,0,1,1,1,1,1,1,0,0,0,0,0,0
esmc6b_3di_nocompress,2,P10348,1,1,1,1,1,1,0,0,0,0,0,0,0,0,0,0,0,0
esmc6b_3di_nocompress,2,P10673,1,1,1,1,1,1,1,1,1,1,1,1,0,0,0,0,0,0
esmc6b_3di_nocompress,2,P10743,0,0,0,0,0,0,1,1,1,1,1,1,0,0,0,0,0,0
esmc6b_3di_nocompress,2,P10763,0,0,0,0,0,0,1,1,1,1,1,1,1,1,1,1,1,1
esmc6b_3di_nocompress,2,P10764,0,0,0,0,0,0,1,1,1,1,1,1,2,2,2,2,2,2
esmc6b_3di_nocompress,2,P10863,1,1,1,1,1,1,0,0,0,0,0,0,0,0,0,0,0,0
esmc6b_3di_nocompress,2,P10968,1,1,1,1,1,1,0,0,0,0,0,0,0,0,0,0,0,0
esmc6b_3di_nocompress,2,P10969,0,1,1,1,1,1,1,0,0,0,0,0,1,0,0,0,0,0
esmc6b_3di_nocompress,2,P11006,7,7,7,7,7,7,12,12,12,12,12,12,6,6,6,6,6,6
esmc6b_3di_nocompress,2,P11214,1,1,1,1,1,1,0,0,0,0,0,0,0,0,0,0,0,0
esmc6b_3di_nocompress,2,P11863,1,1,1,1,1,1,0,0,0,0,0,0,0,0,0,0,0,0
esmc6b_3di_nocompress,2,P12163,0,0,0,0,0,0,1,1,1,1,1,1,0,0,0,0,0,0
esmc6b_3di_nocompress,2,P12164,0,0,0,0,0,0,1,1,1,1,1,1,0,0,0,0,0,0
esmc6b_3di_nocompress,2,P12729,0,0,0,0,0,0,1,1,1,1,1,1,1,1,1,1,1,1
esmc6b_3di_nocompress,2,P12960,0,0,0,0,0,1,1,1,1,1,1,0,1,1,1,1,1,0
esmc6b_3di_nocompress,2,P13208,0,0,0,0,0,1,25,25,25,25,25,24,14,14,14,14,14,13
esmc6b_3di_nocompress,2,P13684,0,1,1,1,1,1,2,1,1,1,1,1,3,2,2,2,2,2
esmc6b_3di_nocompress,2,P14089,1,1,1,1,1,1,0,0,0,0,0,0,0,0,0,0,0,0
esmc6b_3di_nocompress,2,P14530,0,0,0,0,0,0,1,1,1,1,1,1,0,0,0,0,0,0
esmc6b_3di_nocompress,2,P14749,1,1,1,1,1,1,0,0,0,0,0,0,0,0,0,0,0,0
esmc6b_3di_nocompress,2,P14781,0,1,1,1,1,1,1,0,0,0,0,0,1,0,0,0,0,0
esmc6b_3di_nocompress,2,P15167,0,0,0,0,0,0,1,1,1,1,1,1,0,0,0,0,0,0
esmc6b_3di_nocompress,2,P15471,0,0,2,2,2,2,2,2,0,0,0,0,2,2,0,0,0,0
esmc6b_3di_nocompress,2,P15490,0,0,0,0,0,0,1,1,1,1,1,1,0,0,0,0,0,0
esmc6b_3di_nocompress,2,P15566,0,0,0,0,0,0,1,1,1,1,1,1,0,0,0,0,0,0
esmc6b_3di_nocompress,2,P15819,1,1,1,1,1,1,0,0,0,0,0,0,0,0,0,0,0,0
esmc6b_3di_nocompress,2,P16014,0,0,0,0,0,0,1,1,1,1,1,1,4,4,4,4,4,4
esmc6b_3di_nocompress,2,P16094,0,0,0,0,0,0,1,1,1,1,1,1,1,1,1,1,1,1
esmc6b_3di_nocompress,2,P16231,0,0,0,0,0,0,1,1,1,1,1,1,1,1,1,1,1,1
esmc6b_3di_nocompress,2,P16291,1,1,1,2,2,2,1,1,1,0,0,0,1,1,1,0,0,0
esmc6b_3di_nocompress,2,P16292,1,1,1,2,2,2,1,1,1,0,0,0,1,1,1,0,0,0
esmc6b_3di_nocompress,2,P16293,1,1,1,1,1,1,0,0,0,0,0,0,0,0,0,0,0,0
esmc6b_3di_nocompress,2,P16294,1,1,1,2,2,2,1,1,1,0,0,0,1,1,1,0,0,0
esmc6b_3di_nocompress,2,P16296,1,1,1,2,2,2,1,1,1,0,0,0,1,1,1,0,0,0
esmc6b_3di_nocompress,2,P16501,0,0,0,0,0,0,1,1,1,1,1,1,1,1,1,1,1,1
esmc6b_3di_nocompress,2,P16545,0,0,0,0,0,0,1,1,1,1,1,1,1,1,1,1,1,1
esmc6b_3di_nocompress,2,P17349,0,0,0,0,0,0,1,1,1,1,1,1,0,0,0,0,0,0
esmc6b_3di_nocompress,2,P17647,0,0,0,0,0,0,1,1,1,1,1,1,1,1,1,1,1,1
esmc6b_3di_nocompress,2,P17896,0,0,0,0,0,0,1,1,1,1,1,1,0,0,0,0,0,0
esmc6b_3di_nocompress,2,P18254,0,0,0,0,0,0,1,1,1,1,1,1,0,0,0,0,0,0
esmc6b_3di_nocompress,2,P18263,1,1,1,1,1,1,0,0,0,0,0,0,0,0,0,0,0,0
esmc6b_3di_nocompress,2,P18619,0,0,0,0,0,0,1,1,1,1,1,1,0,0,0,0,0,0
esmc6b_3di_nocompress,2,P19259,1,1,1,1,1,1,0,0,0,0,0,0,0,0,0,0,0,0
esmc6b_3di_nocompress,2,P19540,1,1,1,2,2,2,1,1,1,0,0,0,1,1,1,0,0,0
esmc6b_3di_nocompress,2,P19578,2,2,2,2,2,2,0,0,0,0,0,0,0,0,0,0,0,0
esmc6b_3di_nocompress,2,P19637,0,0,1,1,1,1,1,1,0,0,0,0,1,1,0,0,0,0
esmc6b_3di_nocompress,2,P20068,1,1,1,1,1,1,2,2,2,2,2,2,1,1,1,1,1,1
esmc6b_3di_nocompress,2,P20076,0,1,1,1,1,1,1,0,0,0,0,0,1,0,0,0,0,0
esmc6b_3di_nocompress,2,P20164,0,0,0,0,0,0,1,1,1,1,1,1,0,0,0,0,0,0
esmc6b_3di_nocompress,2,P20465,0,0,0,0,0,0,5,5,5,5,5,5,1,1,1,1,1,1
esmc6b_3di_nocompress,2,P20466,0,0,0,0,0,0,3,3,3,3,3,3,2,2,2,2,2,2
esmc6b_3di_nocompress,2,P21786,1,1,1,1,1,1,1,1,1,1,1,1,4,4,4,4,4,4
esmc6b_3di_nocompress,2,P21840,1,1,1,1,1,1,0,0,0,0,0,0,0,0,0,0,0,0
esmc6b_3di_nocompress,2,P22146,1,1,1,1,1,1,0,0,0,0,0,0,0,0,0,0,0,0
esmc6b_3di_nocompress,2,P22282,0,0,0,0,0,0,1,1,1,1,1,1,0,0,0,0,0,0
esmc6b_3di_nocompress,2,P22321,0,0,0,0,0,0,1,1,1,1,1,1,1,1,1,1,1,1
esmc6b_3di_nocompress,2,P22322,0,0,0,0,0,1,1,1,1,1,1,0,1,1,1,1,1,0
esmc6b_3di_nocompress,2,P22334,0,0,1,1,1,2,3,3,2,2,2,1,3,3,2,2,2,1
esmc6b_3di_nocompress,2,P22457,0,1,1,1,1,1,1,0,0,0,0,0,1,0,0,0,0,0
esmc6b_3di_nocompress,2,P22522,1,1,1,1,1,1,0,0,0,0,0,0,1,1,1,1,1,1
esmc6b_3di_nocompress,2,P22891,0,0,1,1,1,1,1,1,0,0,0,0,1,1,0,0,0,0
esmc6b_3di_nocompress,2,P23079,1,1,1,1,1,1,0,0,0,0,0,0,0,0,0,0,0,0
esmc6b_3di_nocompress,2,P23317,1,1,1,1,1,1,0,0,0,0,0,0,0,0,0,0,0,0
esmc6b_3di_nocompress,2,P23318,1,1,1,1,1,1,0,0,0,0,0,0,0,0,0,0,0,0
esmc6b_3di_nocompress,2,P23389,2,2,2,2,2,2,1,1,1,1,1,1,1,1,1,1,1,1
esmc6b_3di_nocompress,2,P23695,0,0,0,0,0,0,1,1,1,1,1,1,1,1,1,1,1,1
esmc6b_3di_nocompress,2,P23699,0,0,0,0,0,0,1,1,1,1,1,1,0,0,0,0,0,0
esmc6b_3di_nocompress,2,P24478,0,0,0,0,0,0,1,1,1,1,1,1,0,0,0,0,0,0
esmc6b_3di_nocompress,2,P25380,1,1,1,1,1,1,0,0,0,0,0,0,1,1,1,1,1,1
esmc6b_3di_nocompress,2,P25955,1,1,1,1,1,1,0,0,0,0,0,0,0,0,0,0,0,0
esmc6b_3di_nocompress,2,P26350,0,0,0,0,0,0,1,1,1,1,1,1,0,0,0,0,0,0
esmc6b_3di_nocompress,2,P27058,0,0,0,0,0,0,1,1,1,1,1,1,1,1,1,1,1,1
esmc6b_3di_nocompress,2,P27654,1,1,1,1,1,1,0,0,0,0,0,0,0,0,0,0,0,0
esmc6b_3di_nocompress,2,P28319,1,1,1,1,1,1,0,0,0,0,0,0,0,0,0,0,0,0
esmc6b_3di_nocompress,2,P28642,0,0,0,0,0,0,1,1,1,1,1,1,0,0,0,0,0,0
esmc6b_3di_nocompress,2,P28879,1,1,1,2,2,2,1,1,1,0,0,0,1,1,1,0,0,0
esmc6b_3di_nocompress,2,P29827,0,1,1,1,1,1,1,0,0,0,0,0,2,1,1,1,1,1
esmc6b_3di_nocompress,2,P30403,0,0,0,0,0,0,1,1,1,1,1,1,0,0,0,0,0,0
esmc6b_3di_nocompress,2,P30990,1,2,2,2,2,2,2,1,1,1,1,1,1,0,0,0,0,0
esmc6b_3di_nocompress,2,P31358,0,0,0,1,1,1,2,2,2,1,1,1,1,1,1,0,0,0
esmc6b_3di_nocompress,2,P31394,0,0,0,1,1,1,2,2,2,1,1,1,2,2,2,1,1,1
esmc6b_3di_nocompress,2,P31481,1,1,1,1,1,1,0,0,0,0,0,0,0,0,0,0,0,0
esmc6b_3di_nocompress,2,P31736,0,0,0,0,0,0,1,1,1,1,1,1,0,0,0,0,0,0
esmc6b_3di_nocompress,2,P31944,1,1,1,1,1,1,1,1,1,1,1,1,0,0,0,0,0,0
esmc6b_3di_nocompress,2,P31956,0,0,0,0,0,0,1,1,1,1,1,1,1,1,1,1,1,1
esmc6b_3di_nocompress,2,P31997,0,0,0,0,0,0,1,1,1,1,1,1,0,0,0,0,0,0
esmc6b_3di_nocompress,2,P32763,0,0,0,0,0,0,2,2,2,2,2,2,1,1,1,1,1,1
esmc6b_3di_nocompress,2,P33185,0,0,0,0,0,0,1,1,1,1,1,1,0,0,0,0,0,0
esmc6b_3di_nocompress,2,P33186,0,0,0,0,0,0,2,2,2,2,2,2,1,1,1,1,1,1
esmc6b_3di_nocompress,2,P33376,1,1,1,1,1,1,0,0,0,0,0,0,0,0,0,0,0,0
esmc6b_3di_nocompress,2,P33378,0,0,1,1,1,1,1,1,0,0,0,0,1,1,0,0,0,0
esmc6b_3di_nocompress,2,P33587,0,0,0,1,1,1,2,2,2,1,1,1,1,1,1,0,0,0
esmc6b_3di_nocompress,2,P33712,0,0,0,0,0,0,1,1,1,1,1,1,1,1,1,1,1,1
esmc6b_3di_nocompress,2,P33890,0,1,1,1,1,1,1,0,0,0,0,0,1,0,0,0,0,0
esmc6b_3di_nocompress,2,P34068,0,0,0,0,0,0,2,2,2,2,2,2,0,0,0,0,0,0
esmc6b_3di_nocompress,2,P34069,0,0,0,0,0,0,2,2,2,2,2,2,0,0,0,0,0,0
esmc6b_3di_nocompress,2,P34182,0,0,0,0,0,0,1,1,1,1,1,1,0,0,0,0,0,0
esmc6b_3di_nocompress,2,P35853,1,1,1,1,1,1,0,0,0,0,0,0,0,0,0,0,0,0
esmc6b_3di_nocompress,2,P36217,1,1,1,1,1,1,0,0,0,0,0,0,0,0,0,0,0,0
esmc6b_3di_nocompress,2,P36218,1,1,1,1,1,1,0,0,0,0,0,0,0,0,0,0,0,0
esmc6b_3di_nocompress,2,P37302,0,0,0,0,0,0,1,1,1,1,1,1,2,2,2,2,2,2
esmc6b_3di_nocompress,2,P38248,1,1,1,1,1,1,0,0,0,0,0,0,0,0,0,0,0,0
esmc6b_3di_nocompress,2,P40199,0,0,0,0,0,0,1,1,1,1,1,1,1,1,1,1,1,1
esmc6b_3di_nocompress,2,P40552,0,0,0,0,0,0,1,1,1,1,1,1,1,1,1,1,1,1
esmc6b_3di_nocompress,2,P40849,0,0,0,0,0,0,2,2,2,2,2,2,0,0,0,0,0,0
esmc6b_3di_nocompress,2,P41598,1,1,1,1,1,1,0,0,0,0,0,0,0,0,0,0,0,0
esmc6b_3di_nocompress,2,P41694,0,0,0,0,0,0,1,1,1,1,1,1,1,1,1,1,1,1
esmc6b_3di_nocompress,2,P42574,0,0,1,1,1,1,2,2,1,1,1,1,1,1,0,0,0,0
esmc6b_3di_nocompress,2,P42575,0,0,0,0,0,0,1,1,1,1,1,1,0,0,0,0,0,0
esmc6b_3di_nocompress,2,P43076,0,1,1,1,1,1,1,0,0,0,0,0,1,0,0,0,0,0
esmc6b_3di_nocompress,2,P47178,1,1,1,1,1,1,0,0,0,0,0,0,0,0,0,0,0,0
esmc6b_3di_nocompress,2,P48188,0,0,0,0,0,0,1,1,1,1,1,1,0,0,0,0,0,0
esmc6b_3di_nocompress,2,P48678,0,0,0,0,0,0,1,1,1,1,1,1,0,0,0,0,0,0
esmc6b_3di_nocompress,2,P48679,0,0,0,0,0,0,1,1,1,1,1,1,0,0,0,0,0,0
esmc6b_3di_nocompress,2,P49513,1,1,1,1,1,1,0,0,0,0,0,0,0,0,0,0,0,0
esmc6b_3di_nocompress,2,P50982,2,2,2,2,2,2,0,0,0,0,0,0,0,0,0,0,0,0
esmc6b_3di_nocompress,2,P50985,2,2,2,2,2,2,0,0,0,0,0,0,0,0,0,0,0,0
esmc6b_3di_nocompress,2,P51317,1,1,1,1,1,1,0,0,0,0,0,0,0,0,0,0,0,0
esmc6b_3di_nocompress,2,P51457,0,0,0,0,0,0,1,1,1,1,1,1,1,1,1,1,1,1
esmc6b_3di_nocompress,2,P51459,0,0,0,0,0,0,1,1,1,1,1,1,3,3,3,3,3,3
esmc6b_3di_nocompress,2,P51462,0,0,0,0,0,0,1,1,1,1,1,1,0,0,0,0,0,0
esmc6b_3di_nocompress,2,P54097,0,0,0,0,0,0,1,1,1,1,1,1,0,0,0,0,0,0
esmc6b_3di_nocompress,2,P55210,0,1,1,1,1,1,2,1,1,1,1,1,1,0,0,0,0,0
esmc6b_3di_nocompress,2,P55212,1,1,1,1,1,1,1,1,1,1,1,1,0,0,0,0,0,0
esmc6b_3di_nocompress,2,P55213,0,0,1,1,1,1,2,2,1,1,1,1,1,1,0,0,0,0
esmc6b_3di_nocompress,2,P55214,0,1,1,1,1,1,2,1,1,1,1,1,1,0,0,0,0,0
esmc6b_3di_nocompress,2,P55215,0,0,0,0,0,0,1,1,1,1,1,1,0,0,0,0,0,0
esmc6b_3di_nocompress,2,P55330,1,1,1,1,1,1,0,0,0,0,0,0,0,0,0,0,0,0
esmc6b_3di_nocompress,2,P55790,0,0,0,0,0,0,1,1,1,1,1,1,0,0,0,0,0,0
esmc6b_3di_nocompress,2,P55939,0,0,0,0,0,0,1,1,1,1,1,1,0,0,0,0,0,0
esmc6b_3di_nocompress,2,P55963,2,2,2,2,2,2,0,0,0,0,0,0,0,0,0,0,0,0
esmc6b_3di_nocompress,2,P56348,1,1,1,1,1,1,0,0,0,0,0,0,0,0,0,0,0,0
esmc6b_3di_nocompress,2,P56626,0,0,0,0,0,0,1,1,1,1,1,1,0,0,0,0,0,0
esmc6b_3di_nocompress,2,P56636,2,2,2,2,2,2,0,0,0,0,0,0,0,0,0,0,0,0
esmc6b_3di_nocompress,2,P56638,2,2,2,2,2,2,0,0,0,0,0,0,0,0,0,0,0,0
esmc6b_3di_nocompress,2,P56639,2,2,2,2,2,2,0,0,0,0,0,0,0,0,0,0,0,0
esmc6b_3di_nocompress,2,P56640,2,2,2,2,2,2,0,0,0,0,0,0,0,0,0,0,0,0
esmc6b_3di_nocompress,2,P56782,0,0,0,0,0,0,1,1,1,1,1,1,0,0,0,0,0,0
esmc6b_3di_nocompress,2,P56973,2,2,2,2,2,2,0,0,0,0,0,0,0,0,0,0,0,0
esmc6b_3di_nocompress,2,P58273,0,0,0,0,0,0,1,1,1,1,1,1,0,0,0,0,0,0
esmc6b_3di_nocompress,2,P58560,1,1,1,1,1,1,0,0,0,0,0,0,0,0,0,0,0,0
esmc6b_3di_nocompress,2,P58583,1,1,1,1,1,1,0,0,0,0,0,0,0,0,0,0,0,0
esmc6b_3di_nocompress,2,P58808,2,2,2,2,2,2,0,0,0,0,0,0,0,0,0,0,0,0
esmc6b_3di_nocompress,2,P58809,1,2,2,2,2,2,1,0,0,0,0,0,1,0,0,0,0,0
esmc6b_3di_nocompress,2,P58811,2,2,2,2,2,2,0,0,0,0,0,0,0,0,0,0,0,0
esmc6b_3di_nocompress,2,P59261,2,2,2,2,2,2,0,0,0,0,0,0,0,0,0,0,0,0
esmc6b_3di_nocompress,2,P59262,2,2,2,2,2,2,0,0,0,0,0,0,0,0,0,0,0,0
esmc6b_3di_nocompress,2,P59406,0,0,0,0,0,0,1,1,1,1,1,1,0,0,0,0,0,0
esmc6b_3di_nocompress,2,P59906,2,2,2,2,2,2,0,0,0,0,0,0,0,0,0,0,0,0
esmc6b_3di_nocompress,2,P59914,1,1,1,1,1,1,0,0,0,0,0,0,0,0,0,0,0,0
esmc6b_3di_nocompress,2,P60274,0,0,2,2,2,2,2,2,0,0,0,0,2,2,0,0,0,0
esmc6b_3di_nocompress,2,P68407,2,2,2,2,2,2,0,0,0,0,0,0,0,0,0,0,0,0
esmc6b_3di_nocompress,2,P68408,2,2,2,2,2,2,0,0,0,0,0,0,0,0,0,0,0,0
esmc6b_3di_nocompress,2,P68409,2,2,2,2,2,2,0,0,0,0,0,0,0,0,0,0,0,0
esmc6b_3di_nocompress,2,P68577,1,1,1,1,1,1,1,1,1,1,1,1,0,0,0,0,0,0
esmc6b_3di_nocompress,2,P69498,1,1,1,1,1,1,0,0,0,0,0,0,1,1,1,1,1,1
esmc6b_3di_nocompress,2,P69499,1,1,1,1,1,1,0,0,0,0,0,0,1,1,1,1,1,1
esmc6b_3di_nocompress,2,P69500,1,1,1,1,1,1,0,0,0,0,0,0,1,1,1,1,1,1
esmc6b_3di_nocompress,2,P69501,1,1,1,1,1,1,0,0,0,0,0,0,1,1,1,1,1,1
esmc6b_3di_nocompress,2,P69657,2,2,2,2,2,2,0,0,0,0,0,0,0,0,0,0,0,0
esmc6b_3di_nocompress,2,P69658,0,1,1,1,1,1,1,0,0,0,0,0,2,1,1,1,1,1
esmc6b_3di_nocompress,2,P69693,0,0,0,0,0,0,1,1,1,1,1,1,0,0,0,0,0,0
esmc6b_3di_nocompress,2,P69694,0,0,0,0,0,0,1,1,1,1,1,1,0,0,0,0,0,0
esmc6b_3di_nocompress,2,P69764,1,2,2,2,2,2,1,0,0,0,0,0,1,0,0,0,0,0
esmc6b_3di_nocompress,2,P69765,1,2,2,2,2,2,1,0,0,0,0,0,1,0,0,0,0,0
esmc6b_3di_nocompress,2,P69766,1,1,2,2,2,2,1,1,0,0,0,0,1,1,0,0,0,0
esmc6b_3di_nocompress,2,P69768,1,2,2,2,2,2,1,0,0,0,0,0,1,0,0,0,0,0
esmc6b_3di_nocompress,2,P69770,0,0,0,0,0,1,1,1,1,1,1,0,1,1,1,1,1,0
esmc6b_3di_nocompress,2,P69929,1,6,6,6,7,7,6,1,1,1,0,0,11,6,6,6,5,5
esmc6b_3di_nocompress,2,P69939,0,0,0,0,0,0,1,1,1,1,1,1,1,1,1,1,1,1
esmc6b_3di_nocompress,2,P69940,0,0,0,0,0,0,2,2,2,2,2,2,1,1,1,1,1,1
esmc6b_3di_nocompress,2,P70375,1,1,1,1,1,1,0,0,0,0,0,0,0,0,0,0,0,0
esmc6b_3di_nocompress,2,P70677,0,0,1,1,1,1,2,2,1,1,1,1,1,1,0,0,0,0
esmc6b_3di_nocompress,2,P81323,1,1,1,1,1,1,0,0,0,0,0,0,0,0,0,0,0,0
esmc6b_3di_nocompress,2,P81428,0,1,2,2,2,2,2,1,0,0,0,0,2,1,0,0,0,0
esmc6b_3di_nocompress,2,P81755,0,0,1,2,2,2,2,2,1,0,0,0,2,2,1,0,0,0
esmc6b_3di_nocompress,2,P81791,0,1,1,1,1,1,1,0,0,0,0,0,1,0,0,0,0,0
esmc6b_3di_nocompress,2,P81941,0,0,0,0,0,0,2,2,2,2,2,2,2,2,2,2,2,2
esmc6b_3di_nocompress,2,P82701,0,1,1,1,1,1,1,0,0,0,0,0,1,0,0,0,0,0
esmc6b_3di_nocompress,2,P82807,0,1,2,2,2,2,2,1,0,0,0,0,2,1,0,0,0,0
esmc6b_3di_nocompress,2,P83370,0,1,2,2,2,2,2,1,0,0,0,0,2,1,0,0,0,0
esmc6b_3di_nocompress,2,P83403,0,0,0,0,0,0,1,1,1,1,1,1,0,0,0,0,0,0
esmc6b_3di_nocompress,2,P83512,0,0,0,0,0,0,1,1,1,1,1,1,0,0,0,0,0,0
esmc6b_3di_nocompress,2,P84845,1,1,2,2,2,2,1,1,0,0,0,0,1,1,0,0,0,0
esmc6b_3di_nocompress,2,P85013,1,1,1,1,1,1,1,1,1,1,1,1,1,1,1,1,1,1
esmc6b_3di_nocompress,2,P85079,1,1,1,1,1,1,0,0,0,0,0,0,0,0,0,0,0,0
esmc6b_3di_nocompress,2,P85247,1,1,1,1,1,1,0,0,0,0,0,0,0,0,0,0,0,0
esmc6b_3di_nocompress,2,P85253,1,1,1,1,1,1,0,0,0,0,0,0,0,0,0,0,0,0
esmc6b_3di_nocompress,2,P85254,1,1,1,1,1,1,0,0,0,0,0,0,0,0,0,0,0,0
esmc6b_3di_nocompress,2,P85255,1,1,1,1,1,1,0,0,0,0,0,0,0,0,0,0,0,0
esmc6b_3di_nocompress,2,P85256,1,1,1,1,1,1,0,0,0,0,0,0,0,0,0,0,0,0
esmc6b_3di_nocompress,2,P85257,1,1,1,1,1,1,0,0,0,0,0,0,0,0,0,0,0,0
esmc6b_3di_nocompress,2,P85258,1,1,1,1,1,1,0,0,0,0,0,0,0,0,0,0,0,0
esmc6b_3di_nocompress,2,P85259,1,1,1,1,1,1,0,0,0,0,0,0,0,0,0,0,0,0
esmc6b_3di_nocompress,2,P85829,0,0,1,1,1,1,1,1,0,0,0,0,1,1,0,0,0,0
esmc6b_3di_nocompress,2,P85831,0,0,0,0,0,0,1,1,1,1,1,1,1,1,1,1,1,1
esmc6b_3di_nocompress,2,P85832,2,2,2,3,3,3,1,1,1,0,0,0,1,1,1,0,0,0
esmc6b_3di_nocompress,2,P85886,1,2,2,2,2,2,1,0,0,0,0,0,1,0,0,0,0,0
esmc6b_3di_nocompress,2,P85966,1,1,1,1,1,1,1,1,1,1,1,1,1,1,1,1,1,1
esmc6b_3di_nocompress,2,P86013,1,2,2,2,2,2,1,0,0,0,0,0,1,0,0,0,0,0
esmc6b_3di_nocompress,2,P86047,1,1,2,2,2,2,1,1,0,0,0,0,1,1,0,0,0,0
esmc6b_3di_nocompress,2,P86521,0,1,1,1,1,1,1,0,0,0,0,0,1,0,0,0,0,0
esmc6b_3di_nocompress,2,P89116,1,1,1,1,1,1,1,1,1,1,1,1,0,0,0,0,0,0
esmc6b_3di_nocompress,2,P91797,1,2,2,2,2,2,1,0,0,0,0,0,1,0,0,0,0,0
esmc6b_3di_nocompress,2,P97766,0,0,0,0,0,0,1,1,1,1,1,1,1,1,1,1,1,1
esmc6b_3di_nocompress,2,P97864,0,1,1,1,1,1,2,1,1,1,1,1,1,0,0,0,0,0
esmc6b_3di_nocompress,2,P98139,0,0,1,1,1,1,1,1,0,0,0,0,1,1,0,0,0,0
esmc6b_3di_nocompress,2,Q00783,0,0,0,0,0,0,1,1,1,1,1,1,1,1,1,1,1,1
esmc6b_3di_nocompress,2,Q00829,0,0,0,0,0,0,2,2,2,2,2,2,1,1,1,1,1,1
esmc6b_3di_nocompress,2,Q01MB6,0,0,1,1,1,1,1,1,0,0,0,0,1,1,0,0,0,0
esmc6b_3di_nocompress,2,Q03029,1,1,1,1,1,1,0,0,0,0,0,0,0,0,0,0,0,0
esmc6b_3di_nocompress,2,Q03198,0,1,1,1,1,1,1,0,0,0,0,0,1,0,0,0,0,0
esmc6b_3di_nocompress,2,Q03199,0,0,0,0,1,1,1,1,1,1,0,0,1,1,1,1,0,0
esmc6b_3di_nocompress,2,Q03561,0,0,0,0,0,0,1,1,1,1,1,1,0,0,0,0,0,0
esmc6b_3di_nocompress,2,Q03655,0,0,0,0,0,0,1,1,1,1,1,1,1,1,1,1,1,1
esmc6b_3di_nocompress,2,Q04469,0,0,1,1,1,1,1,1,0,0,0,0,1,1,0,0,0,0
esmc6b_3di_nocompress,2,Q06135,0,1,1,1,1,1,1,0,0,0,0,0,1,0,0,0,0,0
esmc6b_3di_nocompress,2,Q06303,0,0,0,0,0,0,1,1,1,1,1,1,1,1,1,1,1,1
esmc6b_3di_nocompress,2,Q06304,0,0,1,1,1,1,1,1,0,0,0,0,1,1,0,0,0,0
esmc6b_3di_nocompress,2,Q06305,0,0,0,0,0,0,1,1,1,1,1,1,1,1,1,1,1,1
esmc6b_3di_nocompress,2,Q06306,0,0,0,0,0,0,1,1,1,1,1,1,0,0,0,0,0,0
esmc6b_3di_nocompress,2,Q06FX8,0,0,0,0,0,0,1,1,1,1,1,1,0,0,0,0,0,0
esmc6b_3di_nocompress,2,Q06GS7,0,0,0,0,0,0,1,1,1,1,1,1,0,0,0,0,0,0
esmc6b_3di_nocompress,2,Q06H14,0,0,0,0,0,0,1,1,1,1,1,1,0,0,0,0,0,0
esmc6b_3di_nocompress,2,Q06J16,1,1,1,1,1,1,0,0,0,0,0,0,0,0,0,0,0,0
esmc6b_3di_nocompress,2,Q06RE8,0,0,0,0,0,0,1,1,1,1,1,1,0,0,0,0,0,0
esmc6b_3di_nocompress,2,Q06SD3,1,1,1,1,1,1,0,0,0,0,0,0,0,0,0,0,0,0
esmc6b_3di_nocompress,2,Q072L5,0,0,0,0,0,0,1,1,1,1,1,1,0,0,0,0,0,0
esmc6b_3di_nocompress,2,Q07488,1,1,1,1,1,1,0,0,0,0,0,0,0,0,0,0,0,0
esmc6b_3di_nocompress,2,Q07932,1,1,1,1,1,1,1,1,1,1,1,1,1,1,1,1,1,1
esmc6b_3di_nocompress,2,Q08193,0,0,0,0,0,1,1,1,1,1,1,0,1,1,1,1,1,0
esmc6b_3di_nocompress,2,Q08271,1,1,1,1,1,1,0,0,0,0,0,0,0,0,0,0,0,0
esmc6b_3di_nocompress,2,Q08279,0,0,0,0,0,0,1,1,1,1,1,1,1,1,1,1,1,1
esmc6b_3di_nocompress,2,Q08676,0,0,1,1,1,1,1,1,0,0,0,0,1,1,0,0,0,0
esmc6b_3di_nocompress,2,Q08DY9,0,0,1,1,1,1,2,2,1,1,1,1,1,1,0,0,0,0
esmc6b_3di_nocompress,2,Q09MJ5,0,0,0,0,0,0,1,1,1,1,1,1,0,0,0,0,0,0
esmc6b_3di_nocompress,2,Q09X34,0,0,0,0,0,0,1,1,1,1,1,1,0,0,0,0,0,0
esmc6b_3di_nocompress,2,Q0G9N6,0,0,0,0,0,0,1,1,1,1,1,1,0,0,0,0,0,0
esmc6b_3di_nocompress,2,Q0G9X9,0,0,0,0,0,0,1,1,1,1,1,1,0,0,0,0,0,0
esmc6b_3di_nocompress,2,Q0GY44,0,0,0,0,0,0,1,1,1,1,1,1,0,0,0,0,0,0
esmc6b_3di_nocompress,2,Q0GY46,0,0,0,0,0,0,1,1,1,1,1,1,0,0,0,0,0,0
esmc6b_3di_nocompress,2,Q0IDF4,1,1,1,1,1,1,0,0,0,0,0,0,0,0,0,0,0,0
esmc6b_3di_nocompress,2,Q0II73,0,1,1,1,1,1,1,0,0,0,0,0,1,0,0,0,0,0
esmc6b_3di_nocompress,2,Q0JF21,0,0,1,1,1,1,1,1,0,0,0,0,1,1,0,0,0,0
esmc6b_3di_nocompress,2,Q0NZX5,0,0,0,0,0,0,1,1,1,1,1,1,0,0,0,0,0,0
esmc6b_3di_nocompress,2,Q0P3J6,1,1,1,1,1,1,0,0,0,0,0,0,0,0,0,0,0,0
esmc6b_3di_nocompress,2,Q0SRD5,0,0,0,0,0,0,1,1,1,1,1,1,0,0,0,0,0,0
esmc6b_3di_nocompress,2,Q0TNR9,0,0,0,0,0,0,1,1,1,1,1,1,0,0,0,0,0,0
esmc6b_3di_nocompress,2,Q0ZJ37,0,0,0,0,0,0,1,1,1,1,1,1,0,0,0,0,0,0
esmc6b_3di_nocompress,2,Q10XU6,1,1,1,1,1,1,0,0,0,0,0,0,0,0,0,0,0,0
esmc6b_3di_nocompress,2,Q12039,0,0,0,0,0,0,1,1,1,1,1,1,0,0,0,0,0,0
esmc6b_3di_nocompress,2,Q12120,0,0,0,0,0,0,1,1,1,1,1,1,0,0,0,0,0,0
esmc6b_3di_nocompress,2,Q12173,0,0,0,0,0,0,1,1,1,1,1,1,0,0,0,0,0,0
esmc6b_3di_nocompress,2,Q12218,1,1,1,1,1,1,0,0,0,0,0,0,0,0,0,0,0,0
esmc6b_3di_nocompress,2,Q12355,1,1,1,1,1,1,0,0,0,0,0,0,0,0,0,0,0,0
esmc6b_3di_nocompress,2,Q12737,0,0,0,1,1,1,1,1,1,0,0,0,1,1,1,0,0,0
esmc6b_3di_nocompress,2,Q14002,0,0,0,0,0,0,1,1,1,1,1,1,0,0,0,0,0,0
esmc6b_3di_nocompress,2,Q14FH4,0,0,0,0,0,0,1,1,1,1,1,1,0,0,0,0,0,0
esmc6b_3di_nocompress,2,Q14FJ4,0,0,0,0,0,0,2,2,2,2,2,2,0,0,0,0,0,0
esmc6b_3di_nocompress,2,Q16992,36,45,45,45,45,45,14,5,5,5,5,5,23,14,14,14,14,14
esmc6b_3di_nocompress,2,Q18502,3,4,4,4,4,4,1,0,0,0,0,0,1,0,0,0,0,0
esmc6b_3di_nocompress,2,Q1A3Q1,0,0,0,0,0,0,2,2,2,2,2,2,2,2,2,2,2,2
esmc6b_3di_nocompress,2,Q1A3Q2,0,0,0,0,0,0,2,2,2,2,2,2,2,2,2,2,2,2
esmc6b_3di_nocompress,2,Q1A3Q6,0,0,0,0,0,0,2,2,2,2,2,2,2,2,2,2,2,2
esmc6b_3di_nocompress,2,Q1A3Q7,0,2,2,2,2,2,2,0,0,0,0,0,2,0,0,0,0,0
esmc6b_3di_nocompress,2,Q1A3Q8,0,0,0,0,0,0,2,2,2,2,2,2,2,2,2,2,2,2
esmc6b_3di_nocompress,2,Q1A3Q9,0,0,0,0,0,0,2,2,2,2,2,2,2,2,2,2,2,2
esmc6b_3di_nocompress,2,Q1A3R0,2,2,2,2,2,2,0,0,0,0,0,0,0,0,0,0,0,0
esmc6b_3di_nocompress,2,Q1ACL6,1,1,1,1,1,1,0,0,0,0,0,0,0,0,0,0,0,0
esmc6b_3di_nocompress,2,Q1ELT9,1,1,2,2,2,2,1,1,0,0,0,0,1,1,0,0,0,0
esmc6b_3di_nocompress,2,Q1ELU2,2,2,2,2,2,2,0,0,0,0,0,0,0,0,0,0,0,0
esmc6b_3di_nocompress,2,Q1ELU3,2,2,2,2,2,2,0,0,0,0,0,0,0,0,0,0,0,0
esmc6b_3di_nocompress,2,Q1ELV0,0,0,1,1,1,1,2,2,1,1,1,1,1,1,0,0,0,0
esmc6b_3di_nocompress,2,Q1G3I0,1,1,1,1,1,1,0,0,0,0,0,0,0,0,0,0,0,0
esmc6b_3di_nocompress,2,Q1I8U1,0,0,0,0,0,1,1,1,1,1,1,0,1,1,1,1,1,0
esmc6b_3di_nocompress,2,Q1KVV2,1,1,1,1,1,1,0,0,0,0,0,0,0,0,0,0,0,0
esmc6b_3di_nocompress,2,Q1KXX6,0,0,0,0,0,0,1,1,1,1,1,1,0,0,0,0,0,0
esmc6b_3di_nocompress,2,Q1L658,1,1,2,2,2,2,1,1,0,0,0,0,1,1,0,0,0,0
esmc6b_3di_nocompress,2,Q1L659,0,0,1,1,1,1,1,1,0,0,0,0,2,2,1,1,1,1
esmc6b_3di_nocompress,2,Q1L777,1,1,1,1,1,1,0,0,0,0,0,0,0,0,0,0,0,0
esmc6b_3di_nocompress,2,Q1PBD1,0,0,0,0,0,0,1,1,1,1,1,1,0,0,0,0,0,0
esmc6b_3di_nocompress,2,Q1W694,1,1,1,1,1,1,0,0,0,0,0,0,0,0,0,0,0,0
esmc6b_3di_nocompress,2,Q1W695,1,1,1,1,1,1,0,0,0,0,0,0,0,0,0,0,0,0
esmc6b_3di_nocompress,2,Q1XDH0,1,1,1,1,1,1,0,0,0,0,0,0,0,0,0,0,0,0
esmc6b_3di_nocompress,2,Q20EY3,1,1,1,1,1,1,0,0,0,0,0,0,0,0,0,0,0,0
esmc6b_3di_nocompress,2,Q24049,0,0,0,0,0,0,3,3,3,3,3,3,0,0,0,0,0,0
esmc6b_3di_nocompress,2,Q27441,1,1,1,1,1,1,1,1,1,1,1,1,1,1,1,1,1,1
esmc6b_3di_nocompress,2,Q27J48,0,0,0,0,0,0,1,1,1,1,1,1,0,0,0,0,0,0
esmc6b_3di_nocompress,2,Q27Q54,1,1,1,1,1,1,0,0,0,0,0,0,0,0,0,0,0,0
esmc6b_3di_nocompress,2,Q28106,0,0,0,0,0,1,1,1,1,1,1,0,1,1,1,1,1,0
esmc6b_3di_nocompress,2,Q28198,0,0,0,1,1,1,1,1,1,0,0,0,1,1,1,0,0,0
esmc6b_3di_nocompress,2,Q28278,0,0,1,1,1,1,2,2,1,1,1,1,1,1,0,0,0,0
esmc6b_3di_nocompress,2,Q28315,0,0,0,1,1,1,2,2,2,1,1,1,2,2,2,1,1,1
esmc6b_3di_nocompress,2,Q28380,1,1,1,1,1,1,1,1,1,1,1,1,0,0,0,0,0,0
esmc6b_3di_nocompress,2,Q28661,0,0,0,0,0,0,2,2,2,2,2,2,1,1,1,1,1,1
esmc6b_3di_nocompress,2,Q28896,0,0,0,0,0,0,2,2,2,2,2,2,2,2,2,2,2,2
esmc6b_3di_nocompress,2,Q2EI26,0,0,0,0,0,0,1,1,1,1,1,1,0,0,0,0,0,0
esmc6b_3di_nocompress,2,Q2F9P2,1,1,1,1,1,1,0,0,0,0,0,0,0,0,0,0,0,0
esmc6b_3di_nocompress,2,Q2F9P4,1,1,1,1,1,1,0,0,0,0,0,0,0,0,0,0,0,0
esmc6b_3di_nocompress,2,Q2I2R6,0,0,0,0,2,2,2,2,2,2,0,0,2,2,2,2,0,0
esmc6b_3di_nocompress,2,Q2I2R7,2,2,2,2,2,2,0,0,0,0,0,0,0,0,0,0,0,0
esmc6b_3di_nocompress,2,Q2I2R8,1,2,2,2,2,2,1,0,0,0,0,0,1,0,0,0,0,0
esmc6b_3di_nocompress,2,Q2L8Z0,0,0,0,0,0,0,1,1,1,1,1,1,0,0,0,0,0,0
esmc6b_3di_nocompress,2,Q2MIB7,0,0,0,0,0,0,1,1,1,1,1,1,0,0,0,0,0,0
esmc6b_3di_nocompress,2,Q2MIK4,0,0,0,0,0,0,1,1,1,1,1,1,0,0,0,0,0,0
esmc6b_3di_nocompress,2,Q2PFV2,0,0,1,1,1,1,2,2,1,1,1,1,1,1,0,0,0,0
esmc6b_3di_nocompress,2,Q2PMS6,0,0,0,0,0,0,1,1,1,1,1,1,0,0,0,0,0,0
esmc6b_3di_nocompress,2,Q2RQ23,1,1,1,1,1,1,0,0,0,0,0,0,0,0,0,0,0,0
esmc6b_3di_nocompress,2,Q2V2G5,0,0,0,0,0,0,2,2,2,2,2,2,1,1,1,1,1,1
esmc6b_3di_nocompress,2,Q2VEJ3,0,0,0,0,0,0,1,1,1,1,1,1,0,0,0,0,0,0
esmc6b_3di_nocompress,2,Q2XQ09,1,1,1,1,1,1,0,0,0,0,0,0,0,0,0,0,0,0
esmc6b_3di_nocompress,2,Q31CR0,1,1,1,1,1,1,0,0,0,0,0,0,0,0,0,0,0,0
esmc6b_3di_nocompress,2,Q32LD3,0,1,1,1,1,1,1,0,0,0,0,0,1,0,0,0,0,0
esmc6b_3di_nocompress,2,Q32RP3,1,1,1,1,1,1,0,0,0,0,0,0,0,0,0,0,0,0
esmc6b_3di_nocompress,2,Q32RW6,1,1,1,1,1,1,0,0,0,0,0,0,0,0,0,0,0,0
esmc6b_3di_nocompress,2,Q33C56,0,0,0,0,0,0,1,1,1,1,1,1,0,0,0,0,0,0
esmc6b_3di_nocompress,2,Q3BAQ9,0,0,0,0,0,0,1,1,1,1,1,1,0,0,0,0,0,0
esmc6b_3di_nocompress,2,Q3C1G0,0,0,0,0,0,0,1,1,1,1,1,1,0,0,0,0,0,0
esmc6b_3di_nocompress,2,Q3E880,1,1,1,1,1,1,0,0,0,0,0,0,0,0,0,0,0,0
esmc6b_3di_nocompress,2,Q3ECM0,1,1,1,1,1,1,3,3,3,3,3,3,2,2,2,2,2,2
esmc6b_3di_nocompress,2,Q3M4K0,1,1,1,1,1,1,0,0,0,0,0,0,0,0,0,0,0,0
esmc6b_3di_nocompress,2,Q3T0P5,0,0,0,0,0,0,2,2,2,2,2,2,0,0,0,0,0,0
esmc6b_3di_nocompress,2,Q3YEE9,2,2,2,2,2,2,0,0,0,0,0,0,0,0,0,0,0,0
esmc6b_3di_nocompress,2,Q3YEG9,1,2,2,2,2,2,1,0,0,0,0,0,1,0,0,0,0,0
esmc6b_3di_nocompress,2,Q3YEH0,0,1,2,2,2,2,2,1,0,0,0,0,2,1,0,0,0,0
esmc6b_3di_nocompress,2,Q3YEH1,1,1,1,2,2,2,1,1,1,0,0,0,1,1,1,0,0,0
esmc6b_3di_nocompress,2,Q3YEH2,2,2,2,2,2,2,0,0,0,0,0,0,0,0,0,0,0,0
esmc6b_3di_nocompress,2,Q3YEH4,2,2,2,2,2,2,0,0,0,0,0,0,0,0,0,0,0,0
esmc6b_3di_nocompress,2,Q3YEH5,0,0,0,1,2,2,2,2,2,1,0,0,2,2,2,1,0,0
esmc6b_3di_nocompress,2,Q3YEH6,2,2,2,2,2,2,0,0,0,0,0,0,0,0,0,0,0,0
esmc6b_3di_nocompress,2,Q3YEH7,2,2,2,2,2,2,0,0,0,0,0,0,0,0,0,0,0,0
esmc6b_3di_nocompress,2,Q3ZD69,0,0,0,0,0,0,1,1,1,1,1,1,0,0,0,0,0,0
esmc6b_3di_nocompress,2,Q3ZJ18,1,1,1,1,1,1,0,0,0,0,0,0,0,0,0,0,0,0
esmc6b_3di_nocompress,2,Q41142,0,0,0,0,0,0,1,1,1,1,1,1,0,0,0,0,0,0
esmc6b_3di_nocompress,2,Q43007,0,0,0,0,0,0,1,1,1,1,1,1,0,0,0,0,0,0
esmc6b_3di_nocompress,2,Q46HA2,1,1,1,1,1,1,0,0,0,0,0,0,0,0,0,0,0,0
esmc6b_3di_nocompress,2,Q49L15,0,0,0,0,0,0,1,1,1,1,1,1,0,0,0,0,0,0
esmc6b_3di_nocompress,2,Q4G3C7,1,1,1,1,1,1,0,0,0,0,0,0,0,0,0,0,0,0
esmc6b_3di_nocompress,2,Q4GWU5,0,1,2,2,2,2,2,1,0,0,0,0,2,1,0,0,0,0
esmc6b_3di_nocompress,2,Q4QXT9,0,0,1,1,1,1,1,1,0,0,0,0,2,2,1,1,1,1
esmc6b_3di_nocompress,2,Q4V3D2,1,1,1,1,1,1,0,0,0,0,0,0,1,1,1,1,1,1
esmc6b_3di_nocompress,2,Q4VZQ0,0,0,0,0,0,0,1,1,1,1,1,1,0,0,0,0,0,0
esmc6b_3di_nocompress,2,Q4ZFU1,0,1,1,1,1,1,1,0,0,0,0,0,1,0,0,0,0,0
esmc6b_3di_nocompress,2,Q4ZFU2,0,1,1,1,1,1,1,0,0,0,0,0,1,0,0,0,0,0
esmc6b_3di_nocompress,2,Q51822,1,1,1,1,1,1,0,0,0,0,0,0,0,0,0,0,0,0
esmc6b_3di_nocompress,2,Q51825,1,1,1,1,1,1,0,0,0,0,0,0,0,0,0,0,0,0
esmc6b_3di_nocompress,2,Q51826,1,1,1,1,1,1,0,0,0,0,0,0,0,0,0,0,0,0
esmc6b_3di_nocompress,2,Q51827,1,1,1,1,1,1,0,0,0,0,0,0,0,0,0,0,0,0
esmc6b_3di_nocompress,2,Q54LM2,0,1,1,1,1,1,1,0,0,0,0,0,1,0,0,0,0,0
esmc6b_3di_nocompress,2,Q56P17,0,0,0,0,0,0,1,1,1,1,1,1,0,0,0,0,0,0
esmc6b_3di_nocompress,2,Q56VR3,1,2,2,2,2,2,1,0,0,0,0,0,1,0,0,0,0,0
esmc6b_3di_nocompress,2,Q589B1,0,0,0,0,0,0,1,1,1,1,1,1,0,0,0,0,0,0
esmc6b_3di_nocompress,2,Q58L93,0,1,2,2,2,2,2,1,0,0,0,0,2,1,0,0,0,0
esmc6b_3di_nocompress,2,Q58L94,0,1,2,2,2,2,2,1,0,0,0,0,2,1,0,0,0,0
esmc6b_3di_nocompress,2,Q58L95,0,1,2,2,2,2,2,1,0,0,0,0,2,1,0,0,0,0
esmc6b_3di_nocompress,2,Q58L96,0,1,2,2,2,2,2,1,0,0,0,0,2,1,0,0,0,0
esmc6b_3di_nocompress,2,Q59L96,1,1,1,1,1,1,0,0,0,0,0,0,0,0,0,0,0,0
esmc6b_3di_nocompress,2,Q59UP6,1,1,1,1,1,1,0,0,0,0,0,0,0,0,0,0,0,0
esmc6b_3di_nocompress,2,Q59UT4,1,1,1,1,1,1,0,0,0,0,0,0,0,0,0,0,0,0
esmc6b_3di_nocompress,2,Q59UT5,0,1,1,1,1,1,1,0,0,0,0,0,1,0,0,0,0,0
esmc6b_3di_nocompress,2,Q59VW6,0,0,0,0,0,0,1,1,1,1,1,1,1,1,1,1,1,1
esmc6b_3di_nocompress,2,Q5A1A9,0,1,1,1,1,1,1,0,0,0,0,0,1,0,0,0,0,0
esmc6b_3di_nocompress,2,Q5AA33,0,0,0,0,0,0,1,1,1,1,1,1,1,1,1,1,1,1
esmc6b_3di_nocompress,2,Q5ABW2,1,1,1,1,1,1,0,0,0,0,0,0,0,0,0,0,0,0
esmc6b_3di_nocompress,2,Q5AFN8,1,1,1,1,1,1,0,0,0,0,0,0,0,0,0,0,0,0
esmc6b_3di_nocompress,2,Q5AGC4,1,1,1,1,1,1,0,0,0,0,0,0,0,0,0,0,0,0
esmc6b_3di_nocompress,2,Q5AHE8,0,0,1,1,1,1,1,1,0,0,0,0,1,1,0,0,0,0
esmc6b_3di_nocompress,2,Q5AJY5,1,1,1,1,1,1,0,0,0,0,0,0,0,0,0,0,0,0
esmc6b_3di_nocompress,2,Q5AK97,0,1,1,1,1,1,1,0,0,0,0,0,1,0,0,0,0,0
esmc6b_3di_nocompress,2,Q5AMF7,0,0,1,1,1,1,1,1,0,0,0,0,1,1,0,0,0,0
esmc6b_3di_nocompress,2,Q5CZK2,2,2,2,2,2,2,0,0,0,0,0,0,0,0,0,0,0,0
esmc6b_3di_nocompress,2,Q5CZK5,2,2,2,2,2,2,0,0,0,0,0,0,0,0,0,0,0,0
esmc6b_3di_nocompress,2,Q5DW47,1,1,1,1,1,1,2,2,2,2,2,2,1,1,1,1,1,1
esmc6b_3di_nocompress,2,Q5F1N4,0,0,0,0,0,0,1,1,1,1,1,1,0,0,0,0,0,0
esmc6b_3di_nocompress,2,Q5G8A6,0,0,0,0,0,0,1,1,1,1,1,1,1,1,1,1,1,1
esmc6b_3di_nocompress,2,Q5I4E5,1,1,1,1,1,1,0,0,0,0,0,0,1,1,1,1,1,1
esmc6b_3di_nocompress,2,Q5I4E6,0,0,0,0,0,0,2,2,2,2,2,2,0,0,0,0,0,0
esmc6b_3di_nocompress,2,Q5IS54,0,0,1,1,1,1,2,2,1,1,1,1,1,1,0,0,0,0
esmc6b_3di_nocompress,2,Q5IS99,0,0,1,1,1,1,2,2,1,1,1,1,1,1,0,0,0,0
esmc6b_3di_nocompress,2,Q5R790,0,0,0,0,0,0,1,1,1,1,1,1,0,0,0,0,0,0
esmc6b_3di_nocompress,2,Q5R8J0,1,1,1,1,1,1,0,0,0,0,0,0,0,0,0,0,0,0
esmc6b_3di_nocompress,2,Q5SC59,1,1,1,1,1,1,0,0,0,0,0,0,1,1,1,1,1,1
esmc6b_3di_nocompress,2,Q5SC60,1,1,1,1,1,1,0,0,0,0,0,0,2,2,2,2,2,2
esmc6b_3di_nocompress,2,Q5SCX1,0,0,0,0,0,0,1,1,1,1,1,1,0,0,0,0,0,0
esmc6b_3di_nocompress,2,Q5XUW8,0,0,0,0,0,0,1,1,1,1,1,1,0,0,0,0,0,0
esmc6b_3di_nocompress,2,Q5Y4U4,0,0,1,1,1,1,1,1,0,0,0,0,1,1,0,0,0,0
esmc6b_3di_nocompress,2,Q60136,0,0,0,0,0,0,1,1,1,1,1,1,1,1,1,1,1,1
esmc6b_3di_nocompress,2,Q60431,0,0,1,1,1,1,2,2,1,1,1,1,1,1,0,0,0,0
esmc6b_3di_nocompress,2,Q624D2,0,0,0,1,1,1,1,1,1,0,0,0,1,1,1,0,0,0
esmc6b_3di_nocompress,2,Q63064,1,1,1,1,1,1,1,1,1,1,1,1,0,0,0,0,0,0
esmc6b_3di_nocompress,2,Q63198,0,0,0,0,0,1,1,1,1,1,1,0,1,1,1,1,1,0
esmc6b_3di_nocompress,2,Q63207,0,0,1,2,2,2,2,2,1,0,0,0,2,2,1,0,0,0
esmc6b_3di_nocompress,2,Q634M0,0,0,0,0,0,0,1,1,1,1,1,1,0,0,0,0,0,0
esmc6b_3di_nocompress,2,Q64389,0,2,2,2,2,2,2,0,0,0,0,0,2,0,0,0,0,0
esmc6b_3di_nocompress,2,Q65H47,0,0,0,0,0,0,1,1,1,1,1,1,0,0,0,0,0,0
esmc6b_3di_nocompress,2,Q68IP5,2,2,2,2,2,2,0,0,0,0,0,0,0,0,0,0,0,0
esmc6b_3di_nocompress,2,Q68LC0,0,0,0,0,0,0,1,1,1,1,1,1,1,1,1,1,1,1
esmc6b_3di_nocompress,2,Q68S23,0,0,0,0,0,0,1,1,1,1,1,1,0,0,0,0,0,0
esmc6b_3di_nocompress,2,Q68Y22,1,1,1,1,1,2,1,1,1,1,1,0,1,1,1,1,1,0
esmc6b_3di_nocompress,2,Q698K8,0,0,0,0,0,0,1,1,1,1,1,1,1,1,1,1,1,1
esmc6b_3di_nocompress,2,Q6B8V0,1,1,1,1,1,1,0,0,0,0,0,0,0,0,0,0,0,0
esmc6b_3di_nocompress,2,Q6ENJ4,0,0,0,0,0,0,1,1,1,1,1,1,0,0,0,0,0,0
esmc6b_3di_nocompress,2,Q6ENY5,0,0,0,0,0,0,1,1,1,1,1,1,0,0,0,0,0,0
esmc6b_3di_nocompress,2,Q6EW65,0,0,0,0,0,0,1,1,1,1,1,1,0,0,0,0,0,0
esmc6b_3di_nocompress,2,Q6GUL6,0,0,0,0,0,0,1,1,1,1,1,1,1,1,1,1,1,1
esmc6b_3di_nocompress,2,Q6HDK0,0,0,0,0,0,0,1,1,1,1,1,1,0,0,0,0,0,0
esmc6b_3di_nocompress,2,Q6IVA5,0,0,0,0,0,0,1,1,1,1,1,1,1,1,1,1,1,1
esmc6b_3di_nocompress,2,Q6IWB1,1,1,1,1,1,1,0,0,0,0,0,0,0,0,0,0,0,0
esmc6b_3di_nocompress,2,Q6JLX1,0,0,0,0,0,0,1,1,1,1,1,1,1,1,1,1,1,1
esmc6b_3di_nocompress,2,Q6JQN2,2,2,2,2,2,2,0,0,0,0,0,0,0,0,0,0,0,0
esmc6b_3di_nocompress,2,Q6L3B3,0,0,0,0,0,0,1,1,1,1,1,1,0,0,0,0,0,0
esmc6b_3di_nocompress,2,Q6M0N7,1,1,1,1,1,1,0,0,0,0,0,0,0,0,0,0,0,0
esmc6b_3di_nocompress,2,Q6NKW9,1,1,1,1,1,1,0,0,0,0,0,0,0,0,0,0,0,0
esmc6b_3di_nocompress,2,Q6PN80,0,0,0,0,0,0,2,2,2,2,2,2,2,2,2,2,2,2
esmc6b_3di_nocompress,2,Q6PN81,2,2,2,2,2,2,0,0,0,0,0,0,0,0,0,0,0,0
esmc6b_3di_nocompress,2,Q6PN82,2,2,2,2,2,2,0,0,0,0,0,0,0,0,0,0,0,0
esmc6b_3di_nocompress,2,Q6PN83,1,1,1,2,2,2,1,1,1,0,0,0,1,1,1,0,0,0
esmc6b_3di_nocompress,2,Q6PN84,1,1,1,2,2,2,1,1,1,0,0,0,1,1,1,0,0,0
esmc6b_3di_nocompress,2,Q6PN85,1,1,1,2,2,2,1,1,1,0,0,0,1,1,1,0,0,0
esmc6b_3di_nocompress,2,Q6PN86,1,1,1,2,2,2,1,1,1,0,0,0,1,1,1,0,0,0
esmc6b_3di_nocompress,2,Q6PPB3,2,2,2,2,2,2,0,0,0,0,0,0,0,0,0,0,0,0
esmc6b_3di_nocompress,2,Q6PTD1,2,2,2,2,2,2,0,0,0,0,0,0,0,0,0,0,0,0
esmc6b_3di_nocompress,2,Q6PTD4,1,2,2,2,2,2,1,0,0,0,0,0,1,0,0,0,0,0
esmc6b_3di_nocompress,2,Q6PTD5,2,2,2,2,2,2,0,0,0,0,0,0,0,0,0,0,0,0
esmc6b_3di_nocompress,2,Q6PTD6,1,2,2,2,2,2,1,0,0,0,0,0,1,0,0,0,0,0
esmc6b_3di_nocompress,2,Q6PTD7,2,2,2,2,2,2,0,0,0,0,0,0,0,0,0,0,0,0
esmc6b_3di_nocompress,2,Q6RY98,0,0,0,0,2,2,15,15,15,15,13,13,10,10,10,10,8,8
esmc6b_3di_nocompress,2,Q6SA95,0,0,0,1,1,1,2,2,2,1,1,1,2,2,2,1,1,1
esmc6b_3di_nocompress,2,Q6T271,0,0,0,0,0,0,1,1,1,1,1,1,1,1,1,1,1,1
esmc6b_3di_nocompress,2,Q6UWN0,0,1,1,1,1,1,1,0,0,0,0,0,1,0,0,0,0,0
esmc6b_3di_nocompress,2,Q6YXN4,0,0,0,0,0,0,1,1,1,1,1,1,0,0,0,0,0,0
esmc6b_3di_nocompress,2,Q70XC3,1,1,1,1,1,1,1,1,1,1,1,1,2,2,2,2,2,2
esmc6b_3di_nocompress,2,Q70Y14,0,0,0,0,0,0,1,1,1,1,1,1,0,0,0,0,0,0
esmc6b_3di_nocompress,2,Q730L4,0,0,0,0,0,0,1,1,1,1,1,1,0,0,0,0,0,0
esmc6b_3di_nocompress,2,Q79AV1,1,1,1,1,1,1,0,0,0,0,0,0,0,0,0,0,0,0
esmc6b_3di_nocompress,2,Q7M6Z0,1,1,1,1,1,1,0,0,0,0,0,0,0,0,0,0,0,0
esmc6b_3di_nocompress,2,Q7SZD9,0,0,0,0,0,0,1,1,1,1,1,1,0,0,0,0,0,0
esmc6b_3di_nocompress,2,Q7SZE0,0,0,0,0,0,0,1,1,1,1,1,1,0,0,0,0,0,0
esmc6b_3di_nocompress,2,Q7U9L1,1,1,1,1,1,1,0,0,0,0,0,0,0,0,0,0,0,0
esmc6b_3di_nocompress,2,Q7V323,1,1,1,1,1,1,0,0,0,0,0,0,0,0,0,0,0,0
esmc6b_3di_nocompress,2,Q7V4T1,1,1,1,1,1,1,0,0,0,0,0,0,0,0,0,0,0,0
esmc6b_3di_nocompress,2,Q7VDR4,1,1,1,1,1,1,0,0,0,0,0,0,0,0,0,0,0,0
esmc6b_3di_nocompress,2,Q7YJY5,0,0,0,0,0,0,1,1,1,1,1,1,0,0,0,0,0,0
esmc6b_3di_nocompress,2,Q7YZS9,1,1,1,1,1,1,0,0,0,0,0,0,1,1,1,1,1,1
esmc6b_3di_nocompress,2,Q7Z090,0,0,1,1,1,1,1,1,0,0,0,0,2,2,1,1,1,1
esmc6b_3di_nocompress,2,Q7Z1Y7,0,0,0,0,0,0,1,1,1,1,1,1,1,1,1,1,1,1
esmc6b_3di_nocompress,2,Q7ZZS9,0,0,0,0,0,0,1,1,1,1,1,1,0,0,0,0,0,0
esmc6b_3di_nocompress,2,Q804X6,0,0,1,1,1,1,2,2,1,1,1,1,1,1,0,0,0,0
esmc6b_3di_nocompress,2,Q805F4,0,0,0,0,0,0,1,1,1,1,1,1,0,0,0,0,0,0
esmc6b_3di_nocompress,2,Q805F6,0,0,0,0,0,0,1,1,1,1,1,1,0,0,0,0,0,0
esmc6b_3di_nocompress,2,Q80WD0,1,1,1,1,1,1,0,0,0,0,0,0,0,0,0,0,0,0
esmc6b_3di_nocompress,2,Q80WD1,0,0,0,0,0,0,1,1,1,1,1,1,1,1,1,1,1,1
esmc6b_3di_nocompress,2,Q812G9,2,2,2,2,2,2,0,0,0,0,0,0,0,0,0,0,0,0
esmc6b_3di_nocompress,2,Q818E2,0,0,0,0,0,0,1,1,1,1,1,1,1,1,1,1,1,1
esmc6b_3di_nocompress,2,Q81LR5,0,0,0,0,0,0,1,1,1,1,1,1,0,0,0,0,0,0
esmc6b_3di_nocompress,2,Q85BB6,1,1,1,1,1,1,0,0,0,0,0,0,0,0,0,0,0,0
esmc6b_3di_nocompress,2,Q85FN7,1,1,1,1,1,1,0,0,0,0,0,0,0,0,0,0,0,0
esmc6b_3di_nocompress,2,Q85FY2,1,1,1,1,1,1,0,0,0,0,0,0,0,0,0,0,0,0
esmc6b_3di_nocompress,2,Q85X72,1,1,1,1,1,1,0,0,0,0,0,0,0,0,0,0,0,0
esmc6b_3di_nocompress,2,Q86N75,1,1,1,1,1,1,0,0,0,0,0,0,0,0,0,0,0,0
esmc6b_3di_nocompress,2,Q86RB2,1,1,1,1,1,1,0,0,0,0,0,0,0,0,0,0,0,0
esmc6b_3di_nocompress,2,Q86UN2,1,1,1,1,1,1,0,0,0,0,0,0,0,0,0,0,0,0
esmc6b_3di_nocompress,2,Q86UN3,0,0,0,0,0,0,1,1,1,1,1,1,1,1,1,1,1,1
esmc6b_3di_nocompress,2,Q877A8,1,1,1,1,1,1,0,0,0,0,0,0,0,0,0,0,0,0
esmc6b_3di_nocompress,2,Q8BFS3,2,2,2,2,2,2,0,0,0,0,0,0,0,0,0,0,0,0
esmc6b_3di_nocompress,2,Q8BG41,1,1,1,1,1,1,0,0,0,0,0,0,0,0,0,0,0,0
esmc6b_3di_nocompress,2,Q8BVP6,0,1,1,1,1,1,1,0,0,0,0,0,1,0,0,0,0,0
esmc6b_3di_nocompress,2,Q8CHK2,2,2,2,2,2,2,0,0,0,0,0,0,0,0,0,0,0,0
esmc6b_3di_nocompress,2,Q8CJY7,0,0,1,1,1,1,1,1,0,0,0,0,1,1,0,0,0,0
esmc6b_3di_nocompress,2,Q8CXC9,0,0,0,0,0,0,1,1,1,1,1,1,0,0,0,0,0,0
esmc6b_3di_nocompress,2,Q8I912,1,1,1,1,1,1,0,0,0,0,0,0,0,0,0,0,0,0
esmc6b_3di_nocompress,2,Q8I913,0,0,0,1,1,1,1,1,1,0,0,0,1,1,1,0,0,0
esmc6b_3di_nocompress,2,Q8I914,0,0,0,1,1,1,1,1,1,0,0,0,1,1,1,0,0,0
esmc6b_3di_nocompress,2,Q8IDN0,0,1,1,1,1,1,1,0,0,0,0,0,1,0,0,0,0,0
esmc6b_3di_nocompress,2,Q8IS98,0,0,0,0,0,0,1,1,1,1,1,1,0,0,0,0,0,0
esmc6b_3di_nocompress,2,Q8IVL8,1,1,1,1,1,1,0,0,0,0,0,0,1,1,1,1,1,1
esmc6b_3di_nocompress,2,Q8JIM3,3,3,3,3,3,3,3,3,3,3,3,3,2,2,2,2,2,2
esmc6b_3di_nocompress,2,Q8JJ51,0,0,0,0,0,0,1,1,1,1,1,1,0,0,0,0,0,0
esmc6b_3di_nocompress,2,Q8K0S5,1,1,1,1,1,1,0,0,0,0,0,0,0,0,0,0,0,0
esmc6b_3di_nocompress,2,Q8K3U6,0,0,1,1,1,1,1,1,0,0,0,0,1,1,0,0,0,0
esmc6b_3di_nocompress,2,Q8K4P1,1,1,1,1,1,1,0,0,0,0,0,0,0,0,0,0,0,0
esmc6b_3di_nocompress,2,Q8K4P2,1,1,1,1,1,1,0,0,0,0,0,0,0,0,0,0,0,0
esmc6b_3di_nocompress,2,Q8LW54,1,1,1,2,2,2,1,1,1,0,0,0,1,1,1,0,0,0
esmc6b_3di_nocompress,2,Q8MA00,1,1,1,1,1,1,0,0,0,0,0,0,0,0,0,0,0,0
esmc6b_3di_nocompress,2,Q8MJC3,0,0,1,1,1,1,2,2,1,1,1,1,1,1,0,0,0,0
esmc6b_3di_nocompress,2,Q8MJU1,0,0,1,1,1,1,2,2,1,1,1,1,1,1,0,0,0,0
esmc6b_3di_nocompress,2,Q8MJV4,1,1,1,1,1,1,0,0,0,0,0,0,0,0,0,0,0,0
esmc6b_3di_nocompress,2,Q8MKI5,0,0,1,1,1,1,2,2,1,1,1,1,1,1,0,0,0,0
esmc6b_3di_nocompress,2,Q8MMJ7,2,2,2,2,2,2,0,0,0,0,0,0,0,0,0,0,0,0
esmc6b_3di_nocompress,2,Q8MTX2,2,2,2,2,2,2,0,0,0,0,0,0,0,0,0,0,0,0
esmc6b_3di_nocompress,2,Q8N6Q3,1,1,1,1,1,1,0,0,0,0,0,0,0,0,0,0,0,0
esmc6b_3di_nocompress,2,Q8NG41,0,1,1,1,1,1,1,0,0,0,0,0,1,0,0,0,0,0
esmc6b_3di_nocompress,2,Q8QG89,0,0,0,0,0,0,1,1,1,1,1,1,0,0,0,0,0,0
esmc6b_3di_nocompress,2,Q8RB77,0,0,0,0,0,1,1,1,1,1,1,0,1,1,1,1,1,0
esmc6b_3di_nocompress,2,Q8S8Y4,0,0,0,0,0,0,1,1,1,1,1,1,0,0,0,0,0,0
esmc6b_3di_nocompress,2,Q8SQ23,0,0,0,0,1,1,1,1,1,1,0,0,1,1,1,1,0,0
esmc6b_3di_nocompress,2,Q8SWI4,0,0,0,0,0,0,1,1,1,1,1,1,1,1,1,1,1,1
esmc6b_3di_nocompress,2,Q8T9R8,1,1,1,1,1,1,0,0,0,0,0,0,0,0,0,0,0,0
esmc6b_3di_nocompress,2,Q8UUG0,0,0,0,1,1,1,2,2,2,1,1,1,1,1,1,0,0,0
esmc6b_3di_nocompress,2,Q8UUG2,2,2,2,2,2,2,0,0,0,0,0,0,0,0,0,0,0,0
esmc6b_3di_nocompress,2,Q8WI34,1,1,1,1,1,1,0,0,0,0,0,0,0,0,0,0,0,0
esmc6b_3di_nocompress,2,Q8WPU1,0,1,1,1,1,1,1,0,0,0,0,0,1,0,0,0,0,0
esmc6b_3di_nocompress,2,Q8WXF3,2,2,2,2,2,2,0,0,0,0,0,0,0,0,0,0,0,0
esmc6b_3di_nocompress,2,Q8XIS3,0,0,0,0,0,0,1,1,1,1,1,1,0,0,0,0,0,0
esmc6b_3di_nocompress,2,Q8YYG5,1,1,1,1,1,1,0,0,0,0,0,0,0,0,0,0,0,0
esmc6b_3di_nocompress,2,Q90325,0,0,0,0,0,0,1,1,1,1,1,1,1,1,1,1,1,1
esmc6b_3di_nocompress,2,Q90326,0,0,0,0,0,0,1,1,1,1,1,1,1,1,1,1,1,1
esmc6b_3di_nocompress,2,Q90391,0,0,0,0,0,0,1,1,1,1,1,1,0,0,0,0,0,0
esmc6b_3di_nocompress,2,Q90392,0,0,0,0,0,0,1,1,1,1,1,1,0,0,0,0,0,0
esmc6b_3di_nocompress,2,Q90VW7,0,0,0,0,0,0,2,2,2,2,2,2,1,1,1,1,1,1
esmc6b_3di_nocompress,2,Q90WC0,0,0,0,0,0,0,1,1,1,1,1,1,1,1,1,1,1,1
esmc6b_3di_nocompress,2,Q90YA6,0,0,0,0,0,0,1,1,1,1,1,1,0,0,0,0,0,0
esmc6b_3di_nocompress,2,Q90ZX8,0,0,0,0,0,0,2,2,2,2,2,2,2,2,2,2,2,2
esmc6b_3di_nocompress,2,Q90ZY0,0,0,0,0,0,0,2,2,2,2,2,2,2,2,2,2,2,2
esmc6b_3di_nocompress,2,Q92405,1,1,1,1,1,1,0,0,0,0,0,0,0,0,0,0,0,0
esmc6b_3di_nocompress,2,Q93R80,1,1,1,1,1,1,0,0,0,0,0,0,0,0,0,0,0,0
esmc6b_3di_nocompress,2,Q93V72,1,1,1,1,1,1,0,0,0,0,0,0,0,0,0,0,0,0
esmc6b_3di_nocompress,2,Q93Z08,1,1,1,1,1,1,0,0,0,0,0,0,0,0,0,0,0,0
esmc6b_3di_nocompress,2,Q95222,0,0,0,0,0,0,1,1,1,1,1,1,2,2,2,2,2,2
esmc6b_3di_nocompress,2,Q95ND5,0,0,1,1,1,1,2,2,1,1,1,1,1,1,0,0,0,0
esmc6b_3di_nocompress,2,Q95ND7,1,1,1,2,2,2,1,1,1,0,0,0,1,1,1,0,0,0
esmc6b_3di_nocompress,2,Q96316,1,1,1,1,1,1,0,0,0,0,0,0,0,0,0,0,0,0
esmc6b_3di_nocompress,2,Q96PL2,0,0,0,0,0,0,1,1,1,1,1,1,1,1,1,1,1,1
esmc6b_3di_nocompress,2,Q97JJ9,0,0,0,0,0,0,1,1,1,1,1,1,0,0,0,0,0,0
esmc6b_3di_nocompress,2,Q98995,0,0,0,0,0,0,1,1,1,1,1,1,0,0,0,0,0,0
esmc6b_3di_nocompress,2,Q98SP2,0,0,0,0,0,0,1,1,1,1,1,1,0,0,0,0,0,0
esmc6b_3di_nocompress,2,Q99013,0,0,0,0,0,0,1,1,1,1,1,1,1,1,1,1,1,1
esmc6b_3di_nocompress,2,Q99219,0,0,0,0,0,0,1,1,1,1,1,1,0,0,0,0,0,0
esmc6b_3di_nocompress,2,Q99M75,1,1,1,1,1,1,0,0,0,0,0,0,0,0,0,0,0,0
esmc6b_3di_nocompress,2,Q99PI8,1,1,1,1,1,1,0,0,0,0,0,0,0,0,0,0,0,0
esmc6b_3di_nocompress,2,Q9AVB0,0,0,0,0,1,1,2,2,2,2,1,1,2,2,2,2,1,1
esmc6b_3di_nocompress,2,Q9AYP9,2,2,2,2,2,2,0,0,0,0,0,0,0,0,0,0,0,0
esmc6b_3di_nocompress,2,Q9BBS2,0,0,0,0,0,0,1,1,1,1,1,1,0,0,0,0,0,0
esmc6b_3di_nocompress,2,Q9BDB7,0,0,0,0,0,0,1,1,1,1,1,1,0,0,0,0,0,0
esmc6b_3di_nocompress,2,Q9BH21,1,2,2,2,2,2,1,0,0,0,0,0,1,0,0,0,0,0
esmc6b_3di_nocompress,2,Q9BH75,1,2,2,2,2,2,1,0,0,0,0,0,1,0,0,0,0,0
esmc6b_3di_nocompress,2,Q9BH79,0,0,0,0,0,0,2,2,2,2,2,2,2,2,2,2,2,2
esmc6b_3di_nocompress,2,Q9BH81,2,2,2,2,2,2,0,0,0,0,0,0,0,0,0,0,0,0
esmc6b_3di_nocompress,2,Q9BH86,1,2,2,2,2,2,1,0,0,0,0,0,1,0,0,0,0,0
esmc6b_3di_nocompress,2,Q9BHA6,1,1,1,2,2,2,1,1,1,0,0,0,1,1,1,0,0,0
esmc6b_3di_nocompress,2,Q9BMP8,1,1,1,1,1,1,0,0,0,0,0,0,0,0,0,0,0,0
esmc6b_3di_nocompress,2,Q9BP43,0,1,1,1,1,1,1,0,0,0,0,0,2,1,1,1,1,1
esmc6b_3di_nocompress,2,Q9BP46,0,0,0,0,0,0,2,2,2,2,2,2,1,1,1,1,1,1
esmc6b_3di_nocompress,2,Q9BP47,0,0,0,0,0,0,1,1,1,1,1,1,1,1,1,1,1,1
esmc6b_3di_nocompress,2,Q9BP51,1,1,1,2,2,2,1,1,1,0,0,0,1,1,1,0,0,0
esmc6b_3di_nocompress,2,Q9BP53,1,1,1,1,1,1,1,1,1,1,1,1,0,0,0,0,0,0
esmc6b_3di_nocompress,2,Q9BP56,1,2,2,2,2,2,1,0,0,0,0,0,1,0,0,0,0,0
esmc6b_3di_nocompress,2,Q9BPD1,2,2,2,2,2,2,0,0,0,0,0,0,0,0,0,0,0,0
esmc6b_3di_nocompress,2,Q9BPD2,0,0,0,0,0,0,2,2,2,2,2,2,2,2,2,2,2,2
esmc6b_3di_nocompress,2,Q9BPD3,2,2,2,2,2,2,0,0,0,0,0,0,0,0,0,0,0,0
esmc6b_3di_nocompress,2,Q9BPD4,2,2,2,2,2,2,0,0,0,0,0,0,0,0,0,0,0,0
esmc6b_3di_nocompress,2,Q9BPD5,2,2,2,2,2,2,0,0,0,0,0,0,0,0,0,0,0,0
esmc6b_3di_nocompress,2,Q9BPD6,2,2,2,2,2,2,0,0,0,0,0,0,0,0,0,0,0,0
esmc6b_3di_nocompress,2,Q9BPD7,0,0,0,0,0,0,2,2,2,2,2,2,2,2,2,2,2,2
esmc6b_3di_nocompress,2,Q9BPD9,0,0,0,0,0,0,2,2,2,2,2,2,2,2,2,2,2,2
esmc6b_3di_nocompress,2,Q9BPE0,0,0,0,0,0,0,2,2,2,2,2,2,2,2,2,2,2,2
esmc6b_3di_nocompress,2,Q9BPE1,0,0,0,0,0,0,2,2,2,2,2,2,2,2,2,2,2,2
esmc6b_3di_nocompress,2,Q9BPE2,2,2,2,2,2,2,0,0,0,0,0,0,0,0,0,0,0,0
esmc6b_3di_nocompress,2,Q9BPE3,1,1,1,1,1,1,1,1,1,1,1,1,0,0,0,0,0,0
esmc6b_3di_nocompress,2,Q9BPE4,2,2,2,2,2,2,0,0,0,0,0,0,0,0,0,0,0,0
esmc6b_3di_nocompress,2,Q9BPE5,2,2,2,2,2,2,0,0,0,0,0,0,0,0,0,0,0,0
esmc6b_3di_nocompress,2,Q9BPE6,1,2,2,2,2,2,1,0,0,0,0,0,1,0,0,0,0,0
esmc6b_3di_nocompress,2,Q9BPE7,0,2,2,2,2,2,2,0,0,0,0,0,2,0,0,0,0,0
esmc6b_3di_nocompress,2,Q9BPE9,1,2,2,2,2,2,1,0,0,0,0,0,1,0,0,0,0,0
esmc6b_3di_nocompress,2,Q9BPF1,1,1,2,2,2,2,1,1,0,0,0,0,1,1,0,0,0,0
esmc6b_3di_nocompress,2,Q9BPF2,2,2,2,2,2,2,0,0,0,0,0,0,0,0,0,0,0,0
esmc6b_3di_nocompress,2,Q9BPF3,2,2,2,2,2,2,0,0,0,0,0,0,0,0,0,0,0,0
esmc6b_3di_nocompress,2,Q9BPF4,1,1,1,2,2,2,1,1,1,0,0,0,1,1,1,0,0,0
esmc6b_3di_nocompress,2,Q9BPF5,2,2,2,2,2,2,0,0,0,0,0,0,0,0,0,0,0,0
esmc6b_3di_nocompress,2,Q9BPF7,2,2,2,2,2,2,0,0,0,0,0,0,0,0,0,0,0,0
esmc6b_3di_nocompress,2,Q9BPF9,2,2,2,2,2,2,0,0,0,0,0,0,0,0,0,0,0,0
esmc6b_3di_nocompress,2,Q9BPG0,1,2,2,2,2,2,1,0,0,0,0,0,1,0,0,0,0,0
esmc6b_3di_nocompress,2,Q9BPG1,1,2,2,2,2,2,1,0,0,0,0,0,1,0,0,0,0,0
esmc6b_3di_nocompress,2,Q9BPG2,1,2,2,2,2,2,1,0,0,0,0,0,1,0,0,0,0,0
esmc6b_3di_nocompress,2,Q9BPG5,2,2,2,2,2,2,0,0,0,0,0,0,0,0,0,0,0,0
esmc6b_3di_nocompress,2,Q9BPG6,0,0,1,2,2,2,2,2,1,0,0,0,2,2,1,0,0,0
esmc6b_3di_nocompress,2,Q9BPG7,1,1,2,2,2,2,1,1,0,0,0,0,1,1,0,0,0,0
esmc6b_3di_nocompress,2,Q9BPG8,1,1,1,2,2,2,1,1,1,0,0,0,1,1,1,0,0,0
esmc6b_3di_nocompress,2,Q9BPH0,1,1,2,2,2,2,1,1,0,0,0,0,1,1,0,0,0,0
esmc6b_3di_nocompress,2,Q9BPH1,2,2,2,2,2,2,0,0,0,0,0,0,0,0,0,0,0,0
esmc6b_3di_nocompress,2,Q9BPH2,2,2,2,2,2,2,0,0,0,0,0,0,0,0,0,0,0,0
esmc6b_3di_nocompress,2,Q9BZR6,1,1,1,1,1,1,0,0,0,0,0,0,0,0,0,0,0,0
esmc6b_3di_nocompress,2,Q9C169,0,1,1,1,1,1,1,0,0,0,0,0,1,0,0,0,0,0
esmc6b_3di_nocompress,2,Q9C7F7,0,0,0,0,0,1,1,1,1,1,1,0,1,1,1,1,1,0
esmc6b_3di_nocompress,2,Q9C9B1,1,1,1,1,1,1,0,0,0,0,0,0,0,0,0,0,0,0
esmc6b_3di_nocompress,2,Q9CQW3,1,1,1,1,1,1,0,0,0,0,0,0,0,0,0,0,0,0
esmc6b_3di_nocompress,2,Q9D3P9,0,1,1,1,1,1,3,2,2,2,2,2,2,1,1,1,1,1
esmc6b_3di_nocompress,2,Q9F1K9,1,1,1,1,1,1,0,0,0,0,0,0,0,0,0,0,0,0
esmc6b_3di_nocompress,2,Q9FGF6,0,1,1,1,1,1,2,1,1,1,1,1,1,0,0,0,0,0
esmc6b_3di_nocompress,2,Q9FGH4,1,1,1,1,1,1,0,0,0,0,0,0,0,0,0,0,0,0
esmc6b_3di_nocompress,2,Q9FNQ2,1,1,1,1,1,1,0,0,0,0,0,0,0,0,0,0,0,0
esmc6b_3di_nocompress,2,Q9FZ86,1,1,1,1,1,1,0,0,0,0,0,0,0,0,0,0,0,0
esmc6b_3di_nocompress,2,Q9FZD0,1,1,1,1,1,1,0,0,0,0,0,0,0,0,0,0,0,0
esmc6b_3di_nocompress,2,Q9GJY2,1,1,1,1,1,1,0,0,0,0,0,0,0,0,0,0,0,0
esmc6b_3di_nocompress,2,Q9GK16,1,1,1,1,1,1,0,0,0,0,0,0,0,0,0,0,0,0
esmc6b_3di_nocompress,2,Q9GLG4,1,1,1,1,1,1,3,3,3,3,3,3,1,1,1,1,1,1
esmc6b_3di_nocompress,2,Q9GLP2,0,0,1,1,1,1,2,2,1,1,1,1,1,1,0,0,0,0
esmc6b_3di_nocompress,2,Q9GQW4,2,2,2,2,2,2,0,0,0,0,0,0,0,0,0,0,0,0
esmc6b_3di_nocompress,2,Q9GSA4,1,1,1,1,1,1,0,0,0,0,0,0,0,0,0,0,0,0
esmc6b_3di_nocompress,2,Q9IAB0,0,0,0,0,0,0,1,1,1,1,1,1,0,0,0,0,0,0
esmc6b_3di_nocompress,2,Q9IAX6,0,0,0,0,0,0,1,1,1,1,1,1,0,0,0,0,0,0
esmc6b_3di_nocompress,2,Q9IAY0,0,0,0,0,0,0,1,1,1,1,1,1,0,0,0,0,0,0
esmc6b_3di_nocompress,2,Q9IAY1,0,0,0,0,0,0,1,1,1,1,1,1,0,0,0,0,0,0
esmc6b_3di_nocompress,2,Q9IAY2,0,0,0,0,0,0,1,1,1,1,1,1,1,1,1,1,1,1
esmc6b_3di_nocompress,2,Q9IAY3,0,0,0,0,0,0,1,1,1,1,1,1,0,0,0,0,0,0
esmc6b_3di_nocompress,2,Q9JM53,0,0,0,0,0,0,1,1,1,1,1,1,0,0,0,0,0,0
esmc6b_3di_nocompress,2,Q9KD78,0,0,0,0,0,0,1,1,1,1,1,1,0,0,0,0,0,0
esmc6b_3di_nocompress,2,Q9M088,1,1,1,1,1,1,0,0,0,0,0,0,0,0,0,0,0,0
esmc6b_3di_nocompress,2,Q9M2G1,0,1,1,1,1,1,1,0,0,0,0,0,1,0,0,0,0,0
esmc6b_3di_nocompress,2,Q9MS55,1,1,1,1,1,1,0,0,0,0,0,0,0,0,0,0,0,0
esmc6b_3di_nocompress,2,Q9MS58,1,1,1,1,1,1,0,0,0,0,0,0,0,0,0,0,0,0
esmc6b_3di_nocompress,2,Q9MS61,1,1,1,1,1,1,0,0,0,0,0,0,0,0,0,0,0,0
esmc6b_3di_nocompress,2,Q9MS64,1,1,1,1,1,1,0,0,0,0,0,0,0,0,0,0,0,0
esmc6b_3di_nocompress,2,Q9MS67,1,1,1,1,1,1,0,0,0,0,0,0,0,0,0,0,0,0
esmc6b_3di_nocompress,2,Q9MS70,1,1,1,1,1,1,0,0,0,0,0,0,0,0,0,0,0,0
esmc6b_3di_nocompress,2,Q9MS73,1,1,1,1,1,1,0,0,0,0,0,0,0,0,0,0,0,0
esmc6b_3di_nocompress,2,Q9MS76,1,1,1,1,1,1,0,0,0,0,0,0,0,0,0,0,0,0
esmc6b_3di_nocompress,2,Q9MS79,1,1,1,1,1,1,0,0,0,0,0,0,0,0,0,0,0,0
esmc6b_3di_nocompress,2,Q9MTL6,0,0,0,0,0,0,1,1,1,1,1,1,0,0,0,0,0,0
esmc6b_3di_nocompress,2,Q9MUS0,1,1,1,1,1,1,0,0,0,0,0,0,0,0,0,0,0,0
esmc6b_3di_nocompress,2,Q9N0E3,1,1,1,1,1,1,0,0,0,0,0,0,0,0,0,0,0,0
esmc6b_3di_nocompress,2,Q9N4D8,1,1,1,1,1,1,3,3,3,3,3,3,0,0,0,0,0,0
esmc6b_3di_nocompress,2,Q9N661,0,0,0,0,0,0,1,1,1,1,1,1,0,0,0,0,0,0
esmc6b_3di_nocompress,2,Q9NDE8,29,36,41,42,42,42,17,10,5,4,4,4,15,8,3,2,2,2
esmc6b_3di_nocompress,2,Q9P378,1,1,1,1,1,1,0,0,0,0,0,0,0,0,0,0,0,0
esmc6b_3di_nocompress,2,Q9PVK9,0,0,0,0,0,0,1,1,1,1,1,1,0,0,0,0,0,0
esmc6b_3di_nocompress,2,Q9PW35,0,0,0,0,0,0,1,1,1,1,1,1,0,0,0,0,0,0
esmc6b_3di_nocompress,2,Q9PW36,0,0,0,0,0,0,1,1,1,1,1,1,0,0,0,0,0,0
esmc6b_3di_nocompress,2,Q9PWJ0,0,0,0,0,0,0,1,1,1,1,1,1,0,0,0,0,0,0
esmc6b_3di_nocompress,2,Q9QUG3,1,1,1,1,1,1,0,0,0,0,0,0,0,0,0,0,0,0
esmc6b_3di_nocompress,2,Q9S0W8,0,0,0,0,0,0,1,1,1,1,1,1,1,1,1,1,1,1
esmc6b_3di_nocompress,2,Q9S9K4,0,1,1,1,1,1,1,0,0,0,0,0,2,1,1,1,1,1
esmc6b_3di_nocompress,2,Q9SD84,1,1,1,1,1,1,0,0,0,0,0,0,0,0,0,0,0,0
esmc6b_3di_nocompress,2,Q9SKW7,4,5,5,5,5,5,2,1,1,1,1,1,1,0,0,0,0,0
esmc6b_3di_nocompress,2,Q9SUV6,0,1,1,1,1,1,1,0,0,0,0,0,2,1,1,1,1,1
esmc6b_3di_nocompress,2,Q9TKY7,1,1,1,1,1,1,0,0,0,0,0,0,0,0,0,0,0,0
esmc6b_3di_nocompress,2,Q9TUX7,2,2,2,2,2,2,2,2,2,2,2,2,0,0,0,0,0,0
esmc6b_3di_nocompress,2,Q9TY83,0,1,1,1,1,1,1,0,0,0,0,0,1,0,0,0,0,0
esmc6b_3di_nocompress,2,Q9TY84,0,1,1,1,1,1,1,0,0,0,0,0,1,0,0,0,0,0
esmc6b_3di_nocompress,2,Q9U619,1,1,1,2,2,2,1,1,1,0,0,0,1,1,1,0,0,0
esmc6b_3di_nocompress,2,Q9U6Z5,0,0,0,2,2,2,2,2,2,0,0,0,2,2,2,0,0,0
esmc6b_3di_nocompress,2,Q9U6Z9,1,1,2,2,2,2,1,1,0,0,0,0,1,1,0,0,0,0
esmc6b_3di_nocompress,2,Q9U700,1,2,2,2,2,2,1,0,0,0,0,0,1,0,0,0,0,0
esmc6b_3di_nocompress,2,Q9UKY0,1,1,1,1,1,1,0,0,0,0,0,0,0,0,0,0,0,0
esmc6b_3di_nocompress,2,Q9UV63,0,0,0,0,0,0,1,1,1,1,1,1,0,0,0,0,0,0
esmc6b_3di_nocompress,2,Q9VLK4,2,2,2,2,2,2,1,1,1,1,1,1,0,0,0,0,0,0
esmc6b_3di_nocompress,2,Q9VT50,0,0,0,1,1,1,3,3,3,2,2,2,3,3,3,2,2,2
esmc6b_3di_nocompress,2,Q9VTM6,1,1,1,1,1,1,0,0,0,0,0,0,0,0,0,0,0,0
esmc6b_3di_nocompress,2,Q9VU58,0,0,0,0,0,0,3,3,3,3,3,3,1,1,1,1,1,1
esmc6b_3di_nocompress,2,Q9VVF7,5,6,6,6,6,6,2,1,1,1,1,1,1,0,0,0,0,0
esmc6b_3di_nocompress,2,Q9W7S2,0,0,0,0,0,0,1,1,1,1,1,1,0,0,0,0,0,0
esmc6b_3di_nocompress,2,Q9WUG6,0,1,1,1,1,1,1,0,0,0,0,0,2,1,1,1,1,1
esmc6b_3di_nocompress,2,Q9WVA8,1,1,1,1,1,1,3,3,3,3,3,3,1,1,1,1,1,1
esmc6b_3di_nocompress,2,Q9WVA9,1,1,2,2,2,2,3,3,2,2,2,2,1,1,0,0,0,0
esmc6b_3di_nocompress,2,Q9XZK6,0,0,2,2,2,2,2,2,0,0,0,0,2,2,0,0,0,0
esmc6b_3di_nocompress,2,Q9XZK7,0,0,2,2,2,2,2,2,0,0,0,0,2,2,0,0,0,0
esmc6b_3di_nocompress,2,Q9Y5Q6,2,2,2,2,2,2,0,0,0,0,0,0,0,0,0,0,0,0
esmc6b_3di_nocompress,2,Q9Y7Y7,0,1,1,1,1,1,1,0,0,0,0,0,1,0,0,0,0,0
esmc6b_3di_nocompress,2,Q9YI19,0,0,0,0,0,0,1,1,1,1,1,1,0,0,0,0,0,0
esmc6b_3di_nocompress,2,Q9Z0J1,0,1,1,1,1,1,1,0,0,0,0,0,1,0,0,0,0,0
esmc6b_3di_nocompress,2,Q9Z0X1,0,0,0,0,0,0,1,1,1,1,1,1,0,0,0,0,0,0
esmc6b_3di_nocompress,2,R4JJN6,2,2,2,2,2,2,0,0,0,0,0,0,0,0,0,0,0,0
esmc6b_3di_nocompress,2,R4JNJ5,2,2,2,2,2,2,0,0,0,0,0,0,0,0,0,0,0,0
esmc6b_3di_nocompress,2,R4JQZ0,2,2,2,2,2,2,0,0,0,0,0,0,0,0,0,0,0,0
esmc6b_3di_nocompress,2,R4ZCU1,0,0,2,2,4,4,4,4,2,2,0,0,4,4,2,2,0,0
esmc6b_3di_nocompress,2,S4UJW3,2,2,2,2,2,2,1,1,1,1,1,1,1,1,1,1,1,1
esmc6b_3di_nocompress,2,U4N938,0,0,0,0,0,0,1,1,1,1,1,1,2,2,2,2,2,2
esmc6b_3di_nocompress,2,U5KJC9,0,0,1,1,1,1,1,1,0,0,0,0,1,1,0,0,0,0
esmc6b_3di_nocompress,2,U5KJJ1,0,0,1,1,1,1,1,1,0,0,0,0,1,1,0,0,0,0
esmc6b_3di_nocompress,2,U5KJM4,0,0,1,1,1,1,1,1,0,0,0,0,1,1,0,0,0,0
esmc6b_3di_nocompress,2,U5KJM6,0,0,1,1,1,1,1,1,0,0,0,0,1,1,0,0,0,0
esmc6b_3di_nocompress,2,U5KJT7,0,0,1,1,1,1,1,1,0,0,0,0,1,1,0,0,0,0
esmc6b_3di_nocompress,2,U5KJZ2,0,0,1,1,1,1,1,1,0,0,0,0,1,1,0,0,0,0
esmc6b_3di_nocompress,2,W8GNV3,2,2,2,2,2,2,0,0,0,0,0,0,0,0,0,0,0,0
esmc6b_3di_nocompress,2,X5I9Y2,1,1,2,2,2,2,1,1,0,0,0,0,1,1,0,0,0,0
esmc6b_3di_nocompress,2,X5I9Z2,2,2,2,2,2,2,0,0,0,0,0,0,0,0,0,0,0,0
esmc6b_3di_nocompress,2,X5IFZ1,0,0,0,0,0,0,2,2,2,2,2,2,2,2,2,2,2,2
esmc6b_3di_nocompress,5,A0A024SH76,1,1,1,1,1,1,0,0,0,0,0,0,0,0,0,0,0,0
esmc6b_3di_nocompress,5,A0A059J5P2,1,1,1,1,1,1,0,0,0,0,0,0,0,0,0,0,0,0
esmc6b_3di_nocompress,5,A0A084G2W8,0,0,0,0,0,0,1,1,1,1,1,1,1,1,1,1,1,1
esmc6b_3di_nocompress,5,A0A125S9E4,0,0,1,1,1,1,1,1,0,0,0,0,2,2,1,1,1,1
esmc6b_3di_nocompress,5,A0A144LUY5,1,1,1,1,1,2,3,3,3,3,3,2,1,1,1,1,1,0
esmc6b_3di_nocompress,5,A0A144LVL3,0,1,1,1,1,1,4,3,3,3,3,3,1,0,0,0,0,0
esmc6b_3di_nocompress,5,A0A1B0GVD1,0,0,0,0,0,0,1,1,1,1,1,1,0,0,0,0,0,0
esmc6b_3di_nocompress,5,A0A1D0BR67,0,0,1,1,1,1,1,1,0,0,0,0,1,1,0,0,0,0
esmc6b_3di_nocompress,5,A0A1D0BZF5,1,1,1,1,1,1,0,0,0,0,0,0,0,0,0,0,0,0
esmc6b_3di_nocompress,5,A0A1P8VFM2,0,0,0,0,0,0,1,1,1,1,1,1,1,1,1,1,1,1
esmc6b_3di_nocompress,5,A0A384K116,0,1,1,1,1,1,1,0,0,0,0,0,1,0,0,0,0,0
esmc6b_3di_nocompress,5,A0A5C1ZW08,0,0,0,0,0,0,1,1,1,1,1,1,0,0,0,0,0,0
esmc6b_3di_nocompress,5,A0A5C1ZXT8,0,0,0,0,0,0,1,1,1,1,1,1,0,0,0,0,0,0
esmc6b_3di_nocompress,5,A0A5C2A2T2,0,0,0,0,0,0,1,1,1,1,1,1,0,0,0,0,0,0
esmc6b_3di_nocompress,5,A0A6B9L8Y4,0,0,0,0,1,1,2,2,2,2,1,1,2,2,2,2,1,1
esmc6b_3di_nocompress,5,A0AIY9,1,1,1,1,1,1,0,0,0,0,0,0,0,0,0,0,0,0
esmc6b_3di_nocompress,5,A0Q1T6,1,1,1,1,1,1,0,0,0,0,0,0,1,1,1,1,1,1
esmc6b_3di_nocompress,5,A0RJ49,1,1,1,1,1,1,0,0,0,0,0,0,1,1,1,1,1,1
esmc6b_3di_nocompress,5,A0RZB4,0,1,1,1,1,1,1,0,0,0,0,0,2,1,1,1,1,1
esmc6b_3di_nocompress,5,A0ZT93,0,0,0,0,0,0,1,1,1,1,1,1,1,1,1,1,1,1
esmc6b_3di_nocompress,5,A1EC31,1,1,1,1,1,1,0,0,0,0,0,0,0,0,0,0,0,0
esmc6b_3di_nocompress,5,A1JKC3,0,0,0,0,0,0,1,1,1,1,1,1,0,0,0,0,0,0
esmc6b_3di_nocompress,5,A2BDG0,0,0,0,0,0,0,1,1,1,1,1,1,2,2,2,2,2,2
esmc6b_3di_nocompress,5,A2BDG5,1,1,1,1,1,1,0,0,0,0,0,0,1,1,1,1,1,1
esmc6b_3di_nocompress,5,A2BDG9,1,1,1,1,1,1,0,0,0,0,0,0,1,1,1,1,1,1
esmc6b_3di_nocompress,5,A2RLA2,1,1,1,1,1,1,0,0,0,0,0,0,0,0,0,0,0,0
esmc6b_3di_nocompress,5,A2VE33,0,0,0,1,1,1,1,1,1,0,0,0,1,1,1,0,0,0
esmc6b_3di_nocompress,5,A2XHZ9,1,1,1,1,1,1,0,0,0,0,0,0,0,0,0,0,0,0
esmc6b_3di_nocompress,5,A2ZBG5,2,2,2,2,2,2,0,0,0,0,0,0,0,0,0,0,0,0
esmc6b_3di_nocompress,5,A3DBS4,1,1,1,1,1,1,0,0,0,0,0,0,0,0,0,0,0,0
esmc6b_3di_nocompress,5,A3F7X2,0,0,0,0,1,1,1,1,1,1,0,0,1,1,1,1,0,0
esmc6b_3di_nocompress,5,A4TL44,0,0,0,1,1,1,1,1,1,0,0,0,2,2,2,1,1,1
esmc6b_3di_nocompress,5,A4VUF9,1,1,1,1,1,1,0,0,0,0,0,0,0,0,0,0,0,0
esmc6b_3di_nocompress,5,A4W0Q0,1,1,1,1,1,1,0,0,0,0,0,0,0,0,0,0,0,0
esmc6b_3di_nocompress,5,A4XJS7,1,1,1,1,1,1,0,0,0,0,0,0,0,0,0,0,0,0
esmc6b_3di_nocompress,5,A5A6J6,1,1,1,1,1,1,0,0,0,0,0,0,0,0,0,0,0,0
esmc6b_3di_nocompress,5,A5A6P7,0,0,1,1,1,1,1,1,0,0,0,0,1,1,0,0,0,0
esmc6b_3di_nocompress,5,A5A752,1,1,1,1,1,1,0,0,0,0,0,0,0,0,0,0,0,0
esmc6b_3di_nocompress,5,A5I667,1,1,1,1,1,1,0,0,0,0,0,0,1,1,1,1,1,1
esmc6b_3di_nocompress,5,A5ITG9,1,1,1,1,1,1,0,0,0,0,0,0,1,1,1,1,1,1
esmc6b_3di_nocompress,5,A5LHG2,1,1,1,1,1,1,1,1,1,1,1,1,1,1,1,1,1,1
esmc6b_3di_nocompress,5,A5N6K1,1,1,1,1,1,1,0,0,0,0,0,0,1,1,1,1,1,1
esmc6b_3di_nocompress,5,A5VKS3,1,1,1,1,1,1,0,0,0,0,0,0,0,0,0,0,0,0
esmc6b_3di_nocompress,5,A6BM07,0,0,0,0,0,0,1,1,1,1,1,1,0,0,0,0,0,0
esmc6b_3di_nocompress,5,A6LQR8,1,1,1,1,1,1,0,0,0,0,0,0,1,1,1,1,1,1
esmc6b_3di_nocompress,5,A6MFK9,0,0,0,0,0,0,1,1,1,1,1,1,0,0,0,0,0,0
esmc6b_3di_nocompress,5,A6P3B2,18,18,18,18,18,18,0,0,0,0,0,0,2,2,2,2,2,2
esmc6b_3di_nocompress,5,A6QHI7,1,1,1,1,1,1,0,0,0,0,0,0,1,1,1,1,1,1
esmc6b_3di_nocompress,5,A6U2B3,1,1,1,1,1,1,0,0,0,0,0,0,1,1,1,1,1,1
esmc6b_3di_nocompress,5,A6XN32,0,1,1,1,1,1,1,0,0,0,0,0,2,1,1,1,1,1
esmc6b_3di_nocompress,5,A7FFL9,0,0,0,1,1,1,1,1,1,0,0,0,2,2,2,1,1,1
esmc6b_3di_nocompress,5,A7FXU7,1,1,1,1,1,1,0,0,0,0,0,0,1,1,1,1,1,1
esmc6b_3di_nocompress,5,A7GHK3,1,1,1,1,1,1,0,0,0,0,0,0,1,1,1,1,1,1
esmc6b_3di_nocompress,5,A7GTC2,1,1,1,1,1,1,0,0,0,0,0,0,1,1,1,1,1,1
esmc6b_3di_nocompress,5,A7RMN1,1,1,1,1,1,1,0,0,0,0,0,0,0,0,0,0,0,0
esmc6b_3di_nocompress,5,A7X362,1,1,1,1,1,1,0,0,0,0,0,0,1,1,1,1,1,1
esmc6b_3di_nocompress,5,A7Z783,1,1,1,1,1,1,0,0,0,0,0,0,1,1,1,1,1,1
esmc6b_3di_nocompress,5,A8AWF9,1,1,1,1,1,1,0,0,0,0,0,0,0,0,0,0,0,0
esmc6b_3di_nocompress,5,A8D888,1,1,1,1,1,1,0,0,0,0,0,0,0,0,0,0,0,0
esmc6b_3di_nocompress,5,A8FFT0,1,1,1,1,1,1,0,0,0,0,0,0,1,1,1,1,1,1
esmc6b_3di_nocompress,5,A8WU84,3,3,3,3,3,3,0,0,0,0,0,0,0,0,0,0,0,0
esmc6b_3di_nocompress,5,A8Z2H3,1,1,1,1,1,1,0,0,0,0,0,0,1,1,1,1,1,1
esmc6b_3di_nocompress,5,A9KMF6,1,1,1,1,1,1,0,0,0,0,0,0,1,1,1,1,1,1
esmc6b_3di_nocompress,5,A9R3T6,0,0,0,1,1,1,1,1,1,0,0,0,2,2,2,1,1,1
esmc6b_3di_nocompress,5,A9VIR7,1,1,1,1,1,1,0,0,0,0,0,0,1,1,1,1,1,1
esmc6b_3di_nocompress,5,B0BND0,0,0,1,1,1,1,1,1,0,0,0,0,1,1,0,0,0,0
esmc6b_3di_nocompress,5,B0K416,1,1,1,1,1,1,0,0,0,0,0,0,1,1,1,1,1,1
esmc6b_3di_nocompress,5,B0KAC0,1,1,1,1,1,1,0,0,0,0,0,0,1,1,1,1,1,1
esmc6b_3di_nocompress,5,B0TBW5,1,1,1,1,1,1,0,0,0,0,0,0,1,1,1,1,1,1
esmc6b_3di_nocompress,5,B0XZV8,1,1,1,1,1,1,0,0,0,0,0,0,1,1,1,1,1,1
esmc6b_3di_nocompress,5,B0Y665,1,1,1,1,1,1,0,0,0,0,0,0,1,1,1,1,1,1
esmc6b_3di_nocompress,5,B1AIJ8,1,1,1,1,1,1,0,0,0,0,0,0,1,1,1,1,1,1
esmc6b_3di_nocompress,5,B1B6T1,1,1,1,1,1,1,0,0,0,0,0,0,0,0,0,0,0,0
esmc6b_3di_nocompress,5,B1IBP4,1,1,1,1,1,1,0,0,0,0,0,0,0,0,0,0,0,0
esmc6b_3di_nocompress,5,B1ILY6,1,1,1,1,1,1,0,0,0,0,0,0,1,1,1,1,1,1
esmc6b_3di_nocompress,5,B1IQZ3,0,0,0,0,0,0,1,1,1,1,1,1,0,0,0,0,0,0
esmc6b_3di_nocompress,5,B1JR58,0,0,0,1,1,1,1,1,1,0,0,0,2,2,2,1,1,1
esmc6b_3di_nocompress,5,B1KZR4,1,1,1,1,1,1,0,0,0,0,0,0,1,1,1,1,1,1
esmc6b_3di_nocompress,5,B1P1A2,0,1,1,1,1,1,1,0,0,0,0,0,2,1,1,1,1,1
esmc6b_3di_nocompress,5,B1P1A4,2,2,2,2,2,2,0,0,0,0,0,0,0,0,0,0,0,0
esmc6b_3di_nocompress,5,B1P1B6,1,1,1,1,1,1,1,1,1,1,1,1,0,0,0,0,0,0
esmc6b_3di_nocompress,5,B1P1B7,1,1,1,1,1,1,1,1,1,1,1,1,0,0,0,0,0,0
esmc6b_3di_nocompress,5,B1P1B8,1,1,1,1,1,1,1,1,1,1,1,1,0,0,0,0,0,0
esmc6b_3di_nocompress,5,B1P1B9,2,2,2,2,2,2,0,0,0,0,0,0,0,0,0,0,0,0
esmc6b_3di_nocompress,5,B1P1C2,1,1,1,2,2,2,1,1,1,0,0,0,1,1,1,0,0,0
esmc6b_3di_nocompress,5,B1P1C6,2,2,2,2,2,2,0,0,0,0,0,0,0,0,0,0,0,0
esmc6b_3di_nocompress,5,B1P1C7,1,1,1,1,1,1,1,1,1,1,1,1,0,0,0,0,0,0
esmc6b_3di_nocompress,5,B1P1C8,1,1,1,2,2,2,1,1,1,0,0,0,1,1,1,0,0,0
esmc6b_3di_nocompress,5,B1P1D7,2,2,2,2,2,2,0,0,0,0,0,0,0,0,0,0,0,0
esmc6b_3di_nocompress,5,B1P1D8,0,2,2,2,2,2,2,0,0,0,0,0,2,0,0,0,0,0
esmc6b_3di_nocompress,5,B1P1D9,2,2,2,2,2,2,0,0,0,0,0,0,0,0,0,0,0,0
esmc6b_3di_nocompress,5,B1P1E0,2,2,2,2,2,2,0,0,0,0,0,0,0,0,0,0,0,0
esmc6b_3di_nocompress,5,B1P1E1,2,2,2,2,2,2,0,0,0,0,0,0,0,0,0,0,0,0
esmc6b_3di_nocompress,5,B1P1E2,1,1,1,1,1,1,0,0,0,0,0,0,1,1,1,1,1,1
esmc6b_3di_nocompress,5,B1P1E3,2,2,2,2,2,2,0,0,0,0,0,0,0,0,0,0,0,0
esmc6b_3di_nocompress,5,B1P1E4,2,2,2,2,2,2,0,0,0,0,0,0,0,0,0,0,0,0
esmc6b_3di_nocompress,5,B1P1E5,1,2,2,2,2,2,1,0,0,0,0,0,1,0,0,0,0,0
esmc6b_3di_nocompress,5,B1P1E6,1,2,2,2,2,2,1,0,0,0,0,0,1,0,0,0,0,0
esmc6b_3di_nocompress,5,B1P1E7,2,2,2,2,2,2,0,0,0,0,0,0,0,0,0,0,0,0
esmc6b_3di_nocompress,5,B1P1E8,1,2,2,2,2,2,1,0,0,0,0,0,1,0,0,0,0,0
esmc6b_3di_nocompress,5,B1P1F1,2,2,2,2,2,2,0,0,0,0,0,0,0,0,0,0,0,0
esmc6b_3di_nocompress,5,B1P1F3,2,2,2,2,2,2,0,0,0,0,0,0,0,0,0,0,0,0
esmc6b_3di_nocompress,5,B1P1F4,2,2,2,2,2,2,0,0,0,0,0,0,0,0,0,0,0,0
esmc6b_3di_nocompress,5,B1P1F5,1,1,1,1,1,1,1,1,1,1,1,1,0,0,0,0,0,0
esmc6b_3di_nocompress,5,B1P1F6,0,1,1,1,1,1,2,1,1,1,1,1,1,0,0,0,0,0
esmc6b_3di_nocompress,5,B1P1F7,1,1,1,1,1,1,1,1,1,1,1,1,0,0,0,0,0,0
esmc6b_3di_nocompress,5,B1P1F8,2,2,2,2,2,2,0,0,0,0,0,0,0,0,0,0,0,0
esmc6b_3di_nocompress,5,B1P1F9,2,2,2,2,2,2,0,0,0,0,0,0,0,0,0,0,0,0
esmc6b_3di_nocompress,5,B1P1G0,2,2,2,2,2,2,0,0,0,0,0,0,0,0,0,0,0,0
esmc6b_3di_nocompress,5,B1P1G1,0,1,1,1,1,1,3,2,2,2,2,2,1,0,0,0,0,0
esmc6b_3di_nocompress,5,B1P1G2,2,2,2,2,2,2,0,0,0,0,0,0,0,0,0,0,0,0
esmc6b_3di_nocompress,5,B1P1G3,2,2,2,2,2,2,0,0,0,0,0,0,0,0,0,0,0,0
esmc6b_3di_nocompress,5,B1P1G4,1,1,1,1,1,1,1,1,1,1,1,1,0,0,0,0,0,0
esmc6b_3di_nocompress,5,B1P1G5,1,1,1,1,1,1,1,1,1,1,1,1,0,0,0,0,0,0
esmc6b_3di_nocompress,5,B1P1G6,0,1,1,1,1,1,2,1,1,1,1,1,1,0,0,0,0,0
esmc6b_3di_nocompress,5,B1P1H0,1,1,1,1,1,1,0,0,0,0,0,0,0,0,0,0,0,0
esmc6b_3di_nocompress,5,B1P1H1,0,2,2,2,2,2,2,0,0,0,0,0,2,0,0,0,0,0
esmc6b_3di_nocompress,5,B1P1H2,1,1,1,1,1,1,1,1,1,1,1,1,0,0,0,0,0,0
esmc6b_3di_nocompress,5,B1P1H9,1,2,2,2,2,2,1,0,0,0,0,0,1,0,0,0,0,0
esmc6b_3di_nocompress,5,B1P1I1,1,1,1,1,1,1,0,0,0,0,0,0,0,0,0,0,0,0
esmc6b_3di_nocompress,5,B1P1I2,1,1,1,1,1,1,0,0,0,0,0,0,0,0,0,0,0,0
esmc6b_3di_nocompress,5,B1P1I3,0,1,1,1,1,1,1,0,0,0,0,0,1,0,0,0,0,0
esmc6b_3di_nocompress,5,B1P1I4,0,0,0,0,0,0,1,1,1,1,1,1,1,1,1,1,1,1
esmc6b_3di_nocompress,5,B1P1I5,1,1,1,1,1,1,0,0,0,0,0,0,0,0,0,0,0,0
esmc6b_3di_nocompress,5,B1P1I6,1,1,1,1,1,1,0,0,0,0,0,0,0,0,0,0,0,0
esmc6b_3di_nocompress,5,B1VAF3,1,1,1,1,1,1,0,0,0,0,0,0,1,1,1,1,1,1
esmc6b_3di_nocompress,5,B1XF62,0,0,0,0,0,0,1,1,1,1,1,1,0,0,0,0,0,0
esmc6b_3di_nocompress,5,B1YJS1,1,1,1,1,1,1,0,0,0,0,0,0,1,1,1,1,1,1
esmc6b_3di_nocompress,5,B2A6B5,1,1,1,1,1,1,0,0,0,0,0,0,0,0,0,0,0,0
esmc6b_3di_nocompress,5,B2G856,1,1,1,1,1,1,0,0,0,0,0,0,0,0,0,0,0,0
esmc6b_3di_nocompress,5,B2GD71,1,1,1,1,1,1,0,0,0,0,0,0,0,0,0,0,0,0
esmc6b_3di_nocompress,5,B2IQ02,1,1,1,1,1,1,0,0,0,0,0,0,0,0,0,0,0,0
esmc6b_3di_nocompress,5,B2KAB7,0,0,0,1,1,1,1,1,1,0,0,0,2,2,2,1,1,1
esmc6b_3di_nocompress,5,B2MW54,1,1,1,1,1,1,0,0,0,0,0,0,0,0,0,0,0,0
esmc6b_3di_nocompress,5,B2RH57,1,1,1,1,1,1,0,0,0,0,0,0,0,0,0,0,0,0
esmc6b_3di_nocompress,5,B2TK69,1,1,1,1,1,1,0,0,0,0,0,0,1,1,1,1,1,1
esmc6b_3di_nocompress,5,B2V0A7,1,1,1,1,1,1,0,0,0,0,0,0,1,1,1,1,1,1
esmc6b_3di_nocompress,5,B2ZB95,2,2,2,2,2,2,3,3,3,3,3,3,0,0,0,0,0,0
esmc6b_3di_nocompress,5,B2ZB96,2,2,2,2,2,2,3,3,3,3,3,3,0,0,0,0,0,0
esmc6b_3di_nocompress,5,B2ZB98,2,2,2,2,2,2,3,3,3,3,3,3,0,0,0,0,0,0
esmc6b_3di_nocompress,5,B2ZB99,2,2,2,2,2,2,3,3,3,3,3,3,0,0,0,0,0,0
esmc6b_3di_nocompress,5,B2ZBA0,2,2,2,2,2,2,3,3,3,3,3,3,0,0,0,0,0,0
esmc6b_3di_nocompress,5,B2ZBA1,2,2,2,2,2,2,3,3,3,3,3,3,0,0,0,0,0,0
esmc6b_3di_nocompress,5,B3EWM3,0,0,0,0,0,1,1,1,1,1,1,0,1,1,1,1,1,0
esmc6b_3di_nocompress,5,B3FIN4,1,1,1,1,1,1,0,0,0,0,0,0,0,0,0,0,0,0
esmc6b_3di_nocompress,5,B3FIS2,1,1,1,1,1,1,0,0,0,0,0,0,1,1,1,1,1,1
esmc6b_3di_nocompress,5,B3FIS3,1,1,1,1,1,1,0,0,0,0,0,0,1,1,1,1,1,1
esmc6b_3di_nocompress,5,B3FIS4,1,1,1,1,1,1,0,0,0,0,0,0,1,1,1,1,1,1
esmc6b_3di_nocompress,5,B3H587,0,0,1,1,1,1,1,1,0,0,0,0,1,1,0,0,0,0
esmc6b_3di_nocompress,5,B3H5Q2,1,1,1,1,1,1,0,0,0,0,0,0,0,0,0,0,0,0
esmc6b_3di_nocompress,5,B3QZT2,1,1,1,1,1,1,0,0,0,0,0,0,1,1,1,1,1,1
esmc6b_3di_nocompress,5,B4THR7,0,0,0,0,0,0,1,1,1,1,1,1,0,0,0,0,0,0
esmc6b_3di_nocompress,5,B5E4L9,1,1,1,1,1,1,0,0,0,0,0,0,0,0,0,0,0,0
esmc6b_3di_nocompress,5,B5ZB18,1,1,1,1,1,1,0,0,0,0,0,0,1,1,1,1,1,1
esmc6b_3di_nocompress,5,B6DD59,1,1,1,1,1,1,0,0,0,0,0,0,0,0,0,0,0,0
esmc6b_3di_nocompress,5,B6IB31,0,1,1,1,1,1,1,0,0,0,0,0,1,0,0,0,0,0
esmc6b_3di_nocompress,5,B7GIR0,1,1,1,1,1,1,0,0,0,0,0,0,1,1,1,1,1,1
esmc6b_3di_nocompress,5,B7HE75,1,1,1,1,1,1,0,0,0,0,0,0,1,1,1,1,1,1
esmc6b_3di_nocompress,5,B7HQK0,1,1,1,1,1,1,0,0,0,0,0,0,1,1,1,1,1,1
esmc6b_3di_nocompress,5,B7IIV4,1,1,1,1,1,1,0,0,0,0,0,0,1,1,1,1,1,1
esmc6b_3di_nocompress,5,B7JQ28,1,1,1,1,1,1,0,0,0,0,0,0,1,1,1,1,1,1
esmc6b_3di_nocompress,5,B7L5E9,0,1,1,1,1,1,1,0,0,0,0,0,1,0,0,0,0,0
esmc6b_3di_nocompress,5,B7LZY9,0,1,1,1,1,1,1,0,0,0,0,0,1,0,0,0,0,0
esmc6b_3di_nocompress,5,B7M9V0,0,0,0,0,0,0,1,1,1,1,1,1,0,0,0,0,0,0
esmc6b_3di_nocompress,5,B7MV44,0,1,1,1,1,1,1,0,0,0,0,0,1,0,0,0,0,0
esmc6b_3di_nocompress,5,B7NB47,0,0,0,0,0,0,1,1,1,1,1,1,0,0,0,0,0,0
esmc6b_3di_nocompress,5,B7NUP2,0,0,0,0,0,0,1,1,1,1,1,1,0,0,0,0,0,0
esmc6b_3di_nocompress,5,B7URT6,0,0,0,0,0,0,1,1,1,1,1,1,0,0,0,0,0,0
esmc6b_3di_nocompress,5,B8DHK8,1,1,1,1,1,1,0,0,0,0,0,0,0,0,0,0,0,0
esmc6b_3di_nocompress,5,B8FUS1,1,1,1,1,1,1,0,0,0,0,0,0,1,1,1,1,1,1
esmc6b_3di_nocompress,5,B8I178,1,1,1,1,1,1,0,0,0,0,0,0,1,1,1,1,1,1
esmc6b_3di_nocompress,5,B8K1V9,0,0,0,0,0,0,3,3,3,3,3,3,0,0,0,0,0,0
esmc6b_3di_nocompress,5,B8ZPV1,1,1,1,1,1,1,0,0,0,0,0,0,0,0,0,0,0,0
esmc6b_3di_nocompress,5,B9DNE8,1,1,1,1,1,1,0,0,0,0,0,0,1,1,1,1,1,1
esmc6b_3di_nocompress,5,B9DU56,1,1,1,1,1,1,0,0,0,0,0,0,0,0,0,0,0,0
esmc6b_3di_nocompress,5,B9E020,1,1,1,1,1,1,0,0,0,0,0,0,1,1,1,1,1,1
esmc6b_3di_nocompress,5,B9ENM6,1,1,1,1,1,1,0,0,0,0,0,0,0,0,0,0,0,0
esmc6b_3di_nocompress,5,B9IZ18,1,1,1,1,1,1,0,0,0,0,0,0,1,1,1,1,1,1
esmc6b_3di_nocompress,5,B9MRB7,1,1,1,1,1,1,0,0,0,0,0,0,0,0,0,0,0,0
esmc6b_3di_nocompress,5,B9TQX1,1,1,1,1,1,1,0,0,0,0,0,0,0,0,0,0,0,0
esmc6b_3di_nocompress,5,B9TQX2,0,0,1,1,1,1,1,1,0,0,0,0,1,1,0,0,0,0
esmc6b_3di_nocompress,5,B9TQX3,0,0,1,1,1,1,1,1,0,0,0,0,1,1,0,0,0,0
esmc6b_3di_nocompress,5,B9TQX4,0,0,0,0,0,0,1,1,1,1,1,1,0,0,0,0,0,0
esmc6b_3di_nocompress,5,C0HJK2,0,0,0,0,0,0,1,1,1,1,1,1,0,0,0,0,0,0
esmc6b_3di_nocompress,5,C0HJK4,0,0,0,1,1,1,1,1,1,0,0,0,1,1,1,0,0,0
esmc6b_3di_nocompress,5,C0HK27,0,0,0,0,0,0,2,2,2,2,2,2,1,1,1,1,1,1
esmc6b_3di_nocompress,5,C0HKS3,0,0,0,0,0,0,3,3,3,3,3,3,3,3,3,3,3,3
esmc6b_3di_nocompress,5,C0HKS5,0,0,0,0,0,0,3,3,3,3,3,3,3,3,3,3,3,3
esmc6b_3di_nocompress,5,C0HKU2,1,1,1,1,1,1,0,0,0,0,0,0,1,1,1,1,1,1
esmc6b_3di_nocompress,5,C0HL17,5,5,5,5,5,5,2,2,2,2,2,2,3,3,3,3,3,3
esmc6b_3di_nocompress,5,C0M7I0,1,1,1,1,1,1,0,0,0,0,0,0,0,0,0,0,0,0
esmc6b_3di_nocompress,5,C0ME76,1,1,1,1,1,1,0,0,0,0,0,0,0,0,0,0,0,0
esmc6b_3di_nocompress,5,C1BJ98,1,1,1,1,1,1,0,0,0,0,0,0,0,0,0,0,0,0
esmc6b_3di_nocompress,5,C1C7A1,1,1,1,1,1,1,0,0,0,0,0,0,0,0,0,0,0,0
esmc6b_3di_nocompress,5,C1CE94,1,1,1,1,1,1,0,0,0,0,0,0,0,0,0,0,0,0
esmc6b_3di_nocompress,5,C1CKH0,1,1,1,1,1,1,0,0,0,0,0,0,0,0,0,0,0,0
esmc6b_3di_nocompress,5,C1CRK7,1,1,1,1,1,1,0,0,0,0,0,0,0,0,0,0,0,0
esmc6b_3di_nocompress,5,C1ETN9,1,1,1,1,1,1,0,0,0,0,0,0,1,1,1,1,1,1
esmc6b_3di_nocompress,5,C1FVW6,1,1,1,1,1,1,0,0,0,0,0,0,1,1,1,1,1,1
esmc6b_3di_nocompress,5,C1KVI7,1,1,1,1,1,1,0,0,0,0,0,0,0,0,0,0,0,0
esmc6b_3di_nocompress,5,C3L3J4,1,1,1,1,1,1,0,0,0,0,0,0,1,1,1,1,1,1
esmc6b_3di_nocompress,5,C3L6X4,1,1,1,1,1,1,0,0,0,0,0,0,1,1,1,1,1,1
esmc6b_3di_nocompress,5,C3P9C8,1,1,1,1,1,1,0,0,0,0,0,0,1,1,1,1,1,1
esmc6b_3di_nocompress,5,C4L4N3,1,1,1,1,1,1,0,0,0,0,0,0,1,1,1,1,1,1
esmc6b_3di_nocompress,5,C4YMJ3,1,1,1,1,1,1,0,0,0,0,0,0,0,0,0,0,0,0
esmc6b_3di_nocompress,5,C4YNQ5,1,1,1,1,1,1,0,0,0,0,0,0,0,0,0,0,0,0
esmc6b_3di_nocompress,5,C4YSF6,1,1,1,1,1,1,0,0,0,0,0,0,0,0,0,0,0,0
esmc6b_3di_nocompress,5,C4Z9Z8,1,1,1,1,1,1,0,0,0,0,0,0,1,1,1,1,1,1
esmc6b_3di_nocompress,5,C4ZY59,0,0,0,0,0,0,1,1,1,1,1,1,0,0,0,0,0,0
esmc6b_3di_nocompress,5,C5D5G7,1,1,1,1,1,1,0,0,0,0,0,0,1,1,1,1,1,1
esmc6b_3di_nocompress,5,C6EVG7,1,1,1,1,1,2,9,9,9,9,9,8,4,4,4,4,4,3
esmc6b_3di_nocompress,5,C6Y4B5,0,0,0,0,0,0,1,1,1,1,1,1,0,0,0,0,0,0
esmc6b_3di_nocompress,5,D0PX84,1,1,1,1,1,1,0,0,0,0,0,0,1,1,1,1,1,1
esmc6b_3di_nocompress,5,D0PX85,0,0,1,1,1,1,1,1,0,0,0,0,2,2,1,1,1,1
esmc6b_3di_nocompress,5,D2Y1X9,1,1,2,2,2,2,1,1,0,0,0,0,1,1,0,0,0,0
esmc6b_3di_nocompress,5,D2Y1Y0,1,1,1,1,1,1,1,1,1,1,1,1,0,0,0,0,0,0
esmc6b_3di_nocompress,5,D2Y1Y1,1,1,2,2,2,2,1,1,0,0,0,0,1,1,0,0,0,0
esmc6b_3di_nocompress,5,D2Y1Y2,1,1,2,2,2,2,1,1,0,0,0,0,1,1,0,0,0,0
esmc6b_3di_nocompress,5,D2Y1Y3,1,1,1,1,1,1,1,1,1,1,1,1,0,0,0,0,0,0
esmc6b_3di_nocompress,5,D2Y1Y4,2,2,2,2,2,2,0,0,0,0,0,0,0,0,0,0,0,0
esmc6b_3di_nocompress,5,D2Y1Y5,1,1,1,1,1,1,1,1,1,1,1,1,0,0,0,0,0,0
esmc6b_3di_nocompress,5,D2Y1Y6,2,2,2,2,2,2,0,0,0,0,0,0,0,0,0,0,0,0
esmc6b_3di_nocompress,5,D2Y1Y7,1,1,2,2,2,2,1,1,0,0,0,0,1,1,0,0,0,0
esmc6b_3di_nocompress,5,D2Y1Y8,2,2,2,2,2,2,0,0,0,0,0,0,0,0,0,0,0,0
esmc6b_3di_nocompress,5,D2Y1Y9,1,1,1,1,1,1,1,1,1,1,1,1,0,0,0,0,0,0
esmc6b_3di_nocompress,5,D2Y1Z0,2,2,2,2,2,2,0,0,0,0,0,0,0,0,0,0,0,0
esmc6b_3di_nocompress,5,D2Y1Z2,2,2,2,2,2,2,0,0,0,0,0,0,0,0,0,0,0,0
esmc6b_3di_nocompress,5,D2Y1Z4,1,1,2,2,2,2,1,1,0,0,0,0,1,1,0,0,0,0
esmc6b_3di_nocompress,5,D2Y1Z5,2,2,2,2,2,2,0,0,0,0,0,0,0,0,0,0,0,0
esmc6b_3di_nocompress,5,D2Y1Z6,1,1,1,1,1,1,1,1,1,1,1,1,0,0,0,0,0,0
esmc6b_3di_nocompress,5,D2Y1Z7,1,1,2,2,2,2,1,1,0,0,0,0,1,1,0,0,0,0
esmc6b_3di_nocompress,5,D2Y1Z8,1,1,2,2,2,2,1,1,0,0,0,0,1,1,0,0,0,0
esmc6b_3di_nocompress,5,D2Y1Z9,2,2,2,2,2,2,0,0,0,0,0,0,0,0,0,0,0,0
esmc6b_3di_nocompress,5,D2Y200,2,2,2,2,2,2,0,0,0,0,0,0,0,0,0,0,0,0
esmc6b_3di_nocompress,5,D2Y201,2,2,2,2,2,2,0,0,0,0,0,0,0,0,0,0,0,0
esmc6b_3di_nocompress,5,D2Y202,2,2,2,2,2,2,0,0,0,0,0,0,0,0,0,0,0,0
esmc6b_3di_nocompress,5,D2Y203,2,2,2,2,2,2,0,0,0,0,0,0,0,0,0,0,0,0
esmc6b_3di_nocompress,5,D2Y232,2,2,2,2,2,2,0,0,0,0,0,0,0,0,0,0,0,0
esmc6b_3di_nocompress,5,D2Y233,2,2,2,2,2,2,0,0,0,0,0,0,0,0,0,0,0,0
esmc6b_3di_nocompress,5,D2Y236,2,2,2,2,2,2,0,0,0,0,0,0,0,0,0,0,0,0
esmc6b_3di_nocompress,5,D2Y237,2,2,2,2,2,2,0,0,0,0,0,0,0,0,0,0,0,0
esmc6b_3di_nocompress,5,D2Y238,2,2,2,2,2,2,0,0,0,0,0,0,0,0,0,0,0,0
esmc6b_3di_nocompress,5,D2Y239,2,2,2,2,2,2,0,0,0,0,0,0,0,0,0,0,0,0
esmc6b_3di_nocompress,5,D2Y240,1,1,2,2,2,2,1,1,0,0,0,0,1,1,0,0,0,0
esmc6b_3di_nocompress,5,D2Y241,1,1,2,2,2,2,1,1,0,0,0,0,1,1,0,0,0,0
esmc6b_3di_nocompress,5,D2Y242,1,1,2,2,2,2,1,1,0,0,0,0,1,1,0,0,0,0
esmc6b_3di_nocompress,5,D2Y243,1,1,2,2,2,2,1,1,0,0,0,0,1,1,0,0,0,0
esmc6b_3di_nocompress,5,D2Y244,1,1,2,2,2,2,1,1,0,0,0,0,1,1,0,0,0,0
esmc6b_3di_nocompress,5,D2Y245,1,1,2,2,2,2,1,1,0,0,0,0,1,1,0,0,0,0
esmc6b_3di_nocompress,5,D2Y246,1,1,2,2,2,2,1,1,0,0,0,0,1,1,0,0,0,0
esmc6b_3di_nocompress,5,D2Y247,1,1,2,2,2,2,1,1,0,0,0,0,1,1,0,0,0,0
esmc6b_3di_nocompress,5,D2Y248,2,2,2,2,2,2,0,0,0,0,0,0,0,0,0,0,0,0
esmc6b_3di_nocompress,5,D2Y249,1,1,2,2,2,2,1,1,0,0,0,0,1,1,0,0,0,0
esmc6b_3di_nocompress,5,D2Y250,1,1,2,2,2,2,1,1,0,0,0,0,1,1,0,0,0,0
esmc6b_3di_nocompress,5,D2Y251,0,1,1,1,1,1,1,0,0,0,0,0,1,0,0,0,0,0
esmc6b_3di_nocompress,5,D2Y252,0,1,1,1,1,1,1,0,0,0,0,0,1,0,0,0,0,0
esmc6b_3di_nocompress,5,D2Y2A0,0,0,1,1,1,1,2,2,1,1,1,1,1,1,0,0,0,0
esmc6b_3di_nocompress,5,D2Y2A1,0,0,1,1,1,1,2,2,1,1,1,1,1,1,0,0,0,0
esmc6b_3di_nocompress,5,D2Y2A2,0,0,0,0,0,1,2,2,2,2,2,1,1,1,1,1,1,0
esmc6b_3di_nocompress,5,D2Y2A3,0,0,1,1,1,1,2,2,1,1,1,1,1,1,0,0,0,0
esmc6b_3di_nocompress,5,D2Y2A4,0,0,1,1,1,1,2,2,1,1,1,1,1,1,0,0,0,0
esmc6b_3di_nocompress,5,D2Y2A5,0,0,1,1,1,1,2,2,1,1,1,1,1,1,0,0,0,0
esmc6b_3di_nocompress,5,D2Y2A6,0,0,1,1,1,1,2,2,1,1,1,1,1,1,0,0,0,0
esmc6b_3di_nocompress,5,D2Y2A7,0,0,1,1,1,1,2,2,1,1,1,1,1,1,0,0,0,0
esmc6b_3di_nocompress,5,D2Y2A8,0,0,1,1,1,1,2,2,1,1,1,1,1,1,0,0,0,0
esmc6b_3di_nocompress,5,D2Y2A9,0,0,1,1,1,1,2,2,1,1,1,1,1,1,0,0,0,0
esmc6b_3di_nocompress,5,D2Y2B0,0,0,1,1,1,1,2,2,1,1,1,1,1,1,0,0,0,0
esmc6b_3di_nocompress,5,D2Y2B1,0,0,1,1,1,1,2,2,1,1,1,1,1,1,0,0,0,0
esmc6b_3di_nocompress,5,D2Y2B2,0,0,1,1,1,1,2,2,1,1,1,1,1,1,0,0,0,0
esmc6b_3di_nocompress,5,D2Y2B3,0,0,1,1,1,1,2,2,1,1,1,1,1,1,0,0,0,0
esmc6b_3di_nocompress,5,D2Y2B4,0,0,1,1,1,1,2,2,1,1,1,1,1,1,0,0,0,0
esmc6b_3di_nocompress,5,D2Y2B5,0,0,1,1,1,1,2,2,1,1,1,1,1,1,0,0,0,0
esmc6b_3di_nocompress,5,D2Y2B6,0,0,1,1,1,1,1,1,0,0,0,0,1,1,0,0,0,0
esmc6b_3di_nocompress,5,D2Y2B7,0,0,1,1,1,1,1,1,0,0,0,0,1,1,0,0,0,0
esmc6b_3di_nocompress,5,D2Y2B8,0,0,1,1,1,1,1,1,0,0,0,0,1,1,0,0,0,0
esmc6b_3di_nocompress,5,D2Y2B9,0,0,1,1,1,1,1,1,0,0,0,0,1,1,0,0,0,0
esmc6b_3di_nocompress,5,D2Y2C1,1,1,2,2,2,2,1,1,0,0,0,0,1,1,0,0,0,0
esmc6b_3di_nocompress,5,D2Y2D2,1,1,2,2,2,2,1,1,0,0,0,0,1,1,0,0,0,0
esmc6b_3di_nocompress,5,D2Y2D7,2,2,2,2,2,2,0,0,0,0,0,0,0,0,0,0,0,0
esmc6b_3di_nocompress,5,D2Y2D8,0,0,1,1,1,1,1,1,0,0,0,0,1,1,0,0,0,0
esmc6b_3di_nocompress,5,D2Y2D9,0,0,1,1,1,1,1,1,0,0,0,0,1,1,0,0,0,0
esmc6b_3di_nocompress,5,D2Y2E8,2,2,2,2,2,2,0,0,0,0,0,0,0,0,0,0,0,0
esmc6b_3di_nocompress,5,D2Y2E9,2,2,2,2,2,2,0,0,0,0,0,0,0,0,0,0,0,0
esmc6b_3di_nocompress,5,D2Y2F0,2,2,2,2,2,2,0,0,0,0,0,0,0,0,0,0,0,0
esmc6b_3di_nocompress,5,D2Y2F1,2,2,2,2,2,2,0,0,0,0,0,0,0,0,0,0,0,0
esmc6b_3di_nocompress,5,D2Y2G3,1,1,2,2,2,2,1,1,0,0,0,0,1,1,0,0,0,0
esmc6b_3di_nocompress,5,D2Y2G4,1,1,2,2,2,2,1,1,0,0,0,0,1,1,0,0,0,0
esmc6b_3di_nocompress,5,D2Y2G5,1,1,2,2,2,2,1,1,0,0,0,0,1,1,0,0,0,0
esmc6b_3di_nocompress,5,D2Y2G6,1,1,2,2,2,2,1,1,0,0,0,0,1,1,0,0,0,0
esmc6b_3di_nocompress,5,D2Y2G7,1,1,2,2,2,2,1,1,0,0,0,0,1,1,0,0,0,0
esmc6b_3di_nocompress,5,D2Y2G8,1,1,2,2,2,2,1,1,0,0,0,0,1,1,0,0,0,0
esmc6b_3di_nocompress,5,D2Y2G9,1,1,2,2,2,2,1,1,0,0,0,0,1,1,0,0,0,0
esmc6b_3di_nocompress,5,D2Y2H1,0,1,1,1,1,1,1,0,0,0,0,0,1,0,0,0,0,0
esmc6b_3di_nocompress,5,D2Y2H2,0,1,1,1,1,1,1,0,0,0,0,0,1,0,0,0,0,0
esmc6b_3di_nocompress,5,D2Y2H3,0,0,1,1,1,1,2,2,1,1,1,1,1,1,0,0,0,0
esmc6b_3di_nocompress,5,D2Y2H4,0,0,1,1,1,1,2,2,1,1,1,1,1,1,0,0,0,0
esmc6b_3di_nocompress,5,D2Y2H5,0,0,1,1,1,1,2,2,1,1,1,1,1,1,0,0,0,0
esmc6b_3di_nocompress,5,D2Y2H6,1,1,2,2,2,2,1,1,0,0,0,0,1,1,0,0,0,0
esmc6b_3di_nocompress,5,D2Y2H7,1,1,2,2,2,2,1,1,0,0,0,0,1,1,0,0,0,0
esmc6b_3di_nocompress,5,D2Y2H8,1,1,2,2,2,2,1,1,0,0,0,0,1,1,0,0,0,0
esmc6b_3di_nocompress,5,D2Y2I3,0,0,1,1,1,1,2,2,1,1,1,1,1,1,0,0,0,0
esmc6b_3di_nocompress,5,D2Y2I5,1,1,2,2,2,2,1,1,0,0,0,0,1,1,0,0,0,0
esmc6b_3di_nocompress,5,D2Y2I6,2,2,2,2,2,2,0,0,0,0,0,0,0,0,0,0,0,0
esmc6b_3di_nocompress,5,D2Y2L5,2,2,2,2,2,2,0,0,0,0,0,0,0,0,0,0,0,0
esmc6b_3di_nocompress,5,D2Y2M0,1,1,2,2,2,2,1,1,0,0,0,0,1,1,0,0,0,0
esmc6b_3di_nocompress,5,D2Y2M1,1,1,2,2,2,2,1,1,0,0,0,0,1,1,0,0,0,0
esmc6b_3di_nocompress,5,D2Y2M2,1,1,2,2,2,2,1,1,0,0,0,0,1,1,0,0,0,0
esmc6b_3di_nocompress,5,D2Y2M3,1,1,2,2,2,2,1,1,0,0,0,0,1,1,0,0,0,0
esmc6b_3di_nocompress,5,D2Y2M4,1,1,2,2,2,2,1,1,0,0,0,0,1,1,0,0,0,0
esmc6b_3di_nocompress,5,D2Y2M5,2,2,2,2,2,2,0,0,0,0,0,0,0,0,0,0,0,0
esmc6b_3di_nocompress,5,D2Y2M6,1,1,2,2,2,2,1,1,0,0,0,0,1,1,0,0,0,0
esmc6b_3di_nocompress,5,D2Y2M8,1,1,2,2,2,2,1,1,0,0,0,0,1,1,0,0,0,0
esmc6b_3di_nocompress,5,D2Y2M9,1,1,2,2,2,2,1,1,0,0,0,0,1,1,0,0,0,0
esmc6b_3di_nocompress,5,D2Y2N0,1,1,2,2,2,2,1,1,0,0,0,0,1,1,0,0,0,0
esmc6b_3di_nocompress,5,D2Y2N1,1,1,2,2,2,2,1,1,0,0,0,0,1,1,0,0,0,0
esmc6b_3di_nocompress,5,D2Y2N2,1,1,2,2,2,2,1,1,0,0,0,0,1,1,0,0,0,0
esmc6b_3di_nocompress,5,D2Y2N3,1,1,2,2,2,2,1,1,0,0,0,0,1,1,0,0,0,0
esmc6b_3di_nocompress,5,D2Y2N4,1,1,2,2,2,2,1,1,0,0,0,0,1,1,0,0,0,0
esmc6b_3di_nocompress,5,D2Y2N5,1,1,2,2,2,2,1,1,0,0,0,0,1,1,0,0,0,0
esmc6b_3di_nocompress,5,D2Y2N6,1,1,2,2,2,2,1,1,0,0,0,0,1,1,0,0,0,0
esmc6b_3di_nocompress,5,D2Y2N7,1,1,2,2,2,2,1,1,0,0,0,0,1,1,0,0,0,0
esmc6b_3di_nocompress,5,D2Y2N9,0,1,1,1,1,1,1,0,0,0,0,0,1,0,0,0,0,0
esmc6b_3di_nocompress,5,D2Y2P0,0,1,1,1,1,1,1,0,0,0,0,0,1,0,0,0,0,0
esmc6b_3di_nocompress,5,D2Y2P1,0,1,1,1,1,1,1,0,0,0,0,0,1,0,0,0,0,0
esmc6b_3di_nocompress,5,D2Y2P2,0,1,1,1,1,1,1,0,0,0,0,0,1,0,0,0,0,0
esmc6b_3di_nocompress,5,D3ZTT2,0,0,0,0,1,1,1,1,1,1,0,0,1,1,1,1,0,0
esmc6b_3di_nocompress,5,D4B388,1,1,1,1,1,1,0,0,0,0,0,0,0,0,0,0,0,0
esmc6b_3di_nocompress,5,D5J9S0,0,0,0,0,0,0,2,2,2,2,2,2,1,1,1,1,1,1
esmc6b_3di_nocompress,5,D5KXH3,0,1,1,1,1,1,1,0,0,0,0,0,1,0,0,0,0,0
esmc6b_3di_nocompress,5,D9IX97,0,0,0,0,0,0,1,1,1,1,1,1,2,2,2,2,2,2
esmc6b_3di_nocompress,5,E2A3M7,1,1,1,1,1,1,0,0,0,0,0,0,0,0,0,0,0,0
esmc6b_3di_nocompress,5,E2E4L2,0,0,0,0,0,0,1,1,1,1,1,1,2,2,2,2,2,2
esmc6b_3di_nocompress,5,E2S064,1,1,2,2,2,2,1,1,0,0,0,0,1,1,0,0,0,0
esmc6b_3di_nocompress,5,E5KIB6,0,1,1,2,2,2,2,1,1,0,0,0,2,1,1,0,0,0
esmc6b_3di_nocompress,5,F1N5C8,1,1,1,1,1,1,0,0,0,0,0,0,0,0,0,0,0,0
esmc6b_3di_nocompress,5,F1R4U0,0,0,0,1,1,1,1,1,1,0,0,0,1,1,1,0,0,0
esmc6b_3di_nocompress,5,F4IVN9,1,1,1,1,1,1,0,0,0,0,0,0,0,0,0,0,0,0
esmc6b_3di_nocompress,5,F4JL85,1,1,1,1,1,1,0,0,0,0,0,0,0,0,0,0,0,0
esmc6b_3di_nocompress,5,F4K6R7,0,0,0,0,0,0,1,1,1,1,1,1,1,1,1,1,1,1
esmc6b_3di_nocompress,5,F4KB79,1,1,1,1,1,1,2,2,2,2,2,2,0,0,0,0,0,0
esmc6b_3di_nocompress,5,F5CPE8,0,0,0,0,0,0,2,2,2,2,2,2,2,2,2,2,2,2
esmc6b_3di_nocompress,5,F6KSI8,0,0,0,0,0,0,1,1,1,1,1,1,1,1,1,1,1,1
esmc6b_3di_nocompress,5,G1UBC2,1,1,1,1,1,1,0,0,0,0,0,0,0,0,0,0,0,0
esmc6b_3di_nocompress,5,G3MU46,2,2,2,2,2,3,4,4,4,4,4,3,4,4,4,4,4,3
esmc6b_3di_nocompress,5,H3BJG9,0,0,0,0,0,1,1,1,1,1,1,0,2,2,2,2,2,1
esmc6b_3di_nocompress,5,I1S2N3,0,0,0,0,0,0,1,1,1,1,1,1,1,1,1,1,1,1
esmc6b_3di_nocompress,5,K7LFJ0,0,0,0,0,0,0,1,1,1,1,1,1,1,1,1,1,1,1
esmc6b_3di_nocompress,5,K7LSB9,0,0,0,0,0,0,1,1,1,1,1,1,1,1,1,1,1,1
esmc6b_3di_nocompress,5,L0GCJ6,0,0,0,0,0,0,2,2,2,2,2,2,2,2,2,2,2,2
esmc6b_3di_nocompress,5,M1E1F0,0,0,0,0,2,2,2,2,2,2,0,0,2,2,2,2,0,0
esmc6b_3di_nocompress,5,M1E1F1,0,0,0,0,0,1,2,2,2,2,2,1,2,2,2,2,2,1
esmc6b_3di_nocompress,5,O00451,0,0,0,1,1,1,1,1,1,0,0,0,1,1,1,0,0,0
esmc6b_3di_nocompress,5,O04500,0,1,1,1,1,1,1,0,0,0,0,0,2,1,1,1,1,1
esmc6b_3di_nocompress,5,O08619,0,1,1,1,1,1,1,0,0,0,0,0,1,0,0,0,0,0
esmc6b_3di_nocompress,5,O08842,0,0,1,1,1,1,1,1,0,0,0,0,1,1,0,0,0,0
esmc6b_3di_nocompress,5,O09164,0,0,0,0,0,0,1,1,1,1,1,1,0,0,0,0,0,0
esmc6b_3di_nocompress,5,O09209,2,2,2,2,2,2,1,1,1,1,1,1,1,1,1,1,1,1
esmc6b_3di_nocompress,5,O13035,1,1,1,1,1,1,4,4,4,4,4,4,1,1,1,1,1,1
esmc6b_3di_nocompress,5,O13156,0,0,0,1,1,1,1,1,1,0,0,0,1,1,1,0,0,0
esmc6b_3di_nocompress,5,O13157,0,0,0,1,1,1,1,1,1,0,0,0,1,1,1,0,0,0
esmc6b_3di_nocompress,5,O13351,1,1,1,1,1,1,0,0,0,0,0,0,0,0,0,0,0,0
esmc6b_3di_nocompress,5,O14669,0,0,0,0,0,0,1,1,1,1,1,1,1,1,1,1,1,1
esmc6b_3di_nocompress,5,O18492,0,0,1,1,1,1,3,3,2,2,2,2,1,1,0,0,0,0
esmc6b_3di_nocompress,5,O18493,0,0,1,1,1,1,3,3,2,2,2,2,1,1,0,0,0,0
esmc6b_3di_nocompress,5,O18641,5,5,5,5,5,5,2,2,2,2,2,2,2,2,2,2,2,2
esmc6b_3di_nocompress,5,O18794,0,0,0,0,0,0,2,2,2,2,2,2,1,1,1,1,1,1
esmc6b_3di_nocompress,5,O18811,0,0,0,0,0,0,1,1,1,1,1,1,1,1,1,1,1,1
esmc6b_3di_nocompress,5,O18815,0,0,0,1,1,1,1,1,1,0,0,0,1,1,1,0,0,0
esmc6b_3di_nocompress,5,O18845,1,1,1,1,1,1,0,0,0,0,0,0,0,0,0,0,0,0
esmc6b_3di_nocompress,5,O23006,1,1,1,1,1,1,0,0,0,0,0,0,0,0,0,0,0,0
esmc6b_3di_nocompress,5,O31422,0,0,1,1,1,1,2,2,1,1,1,1,3,3,2,2,2,2
esmc6b_3di_nocompress,5,O32388,1,1,1,1,1,1,0,0,0,0,0,0,0,0,0,0,0,0
esmc6b_3di_nocompress,5,O35118,1,1,1,1,1,1,0,0,0,0,0,0,0,0,0,0,0,0
esmc6b_3di_nocompress,5,O44662,0,0,0,0,0,0,6,6,6,6,6,6,0,0,0,0,0,0
esmc6b_3di_nocompress,5,O44663,0,0,0,0,0,0,5,5,5,5,5,5,0,0,0,0,0,0
esmc6b_3di_nocompress,5,O44664,0,0,0,0,0,0,6,6,6,6,6,6,0,0,0,0,0,0
esmc6b_3di_nocompress,5,O44665,0,0,0,0,0,0,5,5,5,5,5,5,1,1,1,1,1,1
esmc6b_3di_nocompress,5,O45027,5,5,5,5,5,5,1,1,1,1,1,1,2,2,2,2,2,2
esmc6b_3di_nocompress,5,O46617,0,0,0,1,1,1,1,1,1,0,0,0,2,2,2,1,1,1
esmc6b_3di_nocompress,5,O60609,0,0,1,1,1,1,1,1,0,0,0,0,1,1,0,0,0,0
esmc6b_3di_nocompress,5,O61016,1,1,1,1,1,1,0,0,0,0,0,0,3,3,3,3,3,3
esmc6b_3di_nocompress,5,O61271,3,3,3,3,3,3,0,0,0,0,0,0,0,0,0,0,0,0
esmc6b_3di_nocompress,5,O62697,0,1,1,1,1,1,1,0,0,0,0,0,1,0,0,0,0,0
esmc6b_3di_nocompress,5,O62820,0,0,0,0,0,0,1,1,1,1,1,1,1,1,1,1,1,1
esmc6b_3di_nocompress,5,O70176,2,2,2,2,2,2,0,0,0,0,0,0,0,0,0,0,0,0
esmc6b_3di_nocompress,5,O75326,0,0,0,0,0,0,1,1,1,1,1,1,1,1,1,1,1,1
esmc6b_3di_nocompress,5,O76198,0,1,1,1,1,1,1,0,0,0,0,0,1,0,0,0,0,0
esmc6b_3di_nocompress,5,O76818,3,3,3,3,3,3,6,6,6,6,6,6,5,5,5,5,5,5
esmc6b_3di_nocompress,5,O81003,1,1,1,1,1,1,1,1,1,1,1,1,0,0,0,0,0,0
esmc6b_3di_nocompress,5,O81277,1,1,1,1,1,1,1,1,1,1,1,1,0,0,0,0,0,0
esmc6b_3di_nocompress,5,O82227,1,1,1,1,1,1,0,0,0,0,0,0,0,0,0,0,0,0
esmc6b_3di_nocompress,5,O89117,0,1,1,1,1,1,2,1,1,1,1,1,1,0,0,0,0,0
esmc6b_3di_nocompress,5,O93512,1,1,1,1,1,1,0,0,0,0,0,0,0,0,0,0,0,0
esmc6b_3di_nocompress,5,O94549,0,0,0,0,0,1,1,1,1,1,1,0,1,1,1,1,1,0
esmc6b_3di_nocompress,5,O95399,1,1,1,1,1,1,0,0,0,0,0,0,0,0,0,0,0,0
esmc6b_3di_nocompress,5,O97395,1,1,1,1,1,1,2,2,2,2,2,2,0,0,0,0,0,0
esmc6b_3di_nocompress,5,O97946,0,0,1,1,1,1,2,2,1,1,1,1,1,1,0,0,0,0
esmc6b_3di_nocompress,5,O97980,0,0,0,0,0,0,1,1,1,1,1,1,2,2,2,2,2,2
esmc6b_3di_nocompress,5,P00273,0,0,0,0,0,0,1,1,1,1,1,1,0,0,0,0,0,0
esmc6b_3di_nocompress,5,P01165,0,0,0,0,0,0,1,1,1,1,1,1,0,0,0,0,0,0
esmc6b_3di_nocompress,5,P01203,1,1,1,1,1,1,0,0,0,0,0,0,0,0,0,0,0,0
esmc6b_3di_nocompress,5,P01205,1,1,1,1,1,1,0,0,0,0,0,0,0,0,0,0,0,0
esmc6b_3di_nocompress,5,P01282,1,2,2,2,2,2,2,1,1,1,1,1,3,2,2,2,2,2
esmc6b_3di_nocompress,5,P01283,2,3,3,3,3,3,1,0,0,0,0,0,2,1,1,1,1,1
esmc6b_3di_nocompress,5,P01284,2,2,2,2,2,2,0,0,0,0,0,0,0,0,0,0,0,0
esmc6b_3di_nocompress,5,P01298,1,1,1,1,1,1,2,2,2,2,2,2,1,1,1,1,1,1
esmc6b_3di_nocompress,5,P01299,1,1,1,1,1,1,2,2,2,2,2,2,1,1,1,1,1,1
esmc6b_3di_nocompress,5,P01300,1,1,1,1,1,1,1,1,1,1,1,1,1,1,1,1,1,1
esmc6b_3di_nocompress,5,P01301,1,1,1,1,1,1,1,1,1,1,1,1,0,0,0,0,0,0
esmc6b_3di_nocompress,5,P01302,1,1,1,1,1,1,2,2,2,2,2,2,0,0,0,0,0,0
esmc6b_3di_nocompress,5,P01303,2,2,2,2,2,2,0,0,0,0,0,0,0,0,0,0,0,0
esmc6b_3di_nocompress,5,P01304,1,1,1,1,1,1,0,0,0,0,0,0,0,0,0,0,0,0
esmc6b_3di_nocompress,5,P01307,1,1,1,1,1,1,0,0,0,0,0,0,0,0,0,0,0,0
esmc6b_3di_nocompress,5,P01347,1,1,1,1,1,2,1,1,1,1,1,0,1,1,1,1,1,0
esmc6b_3di_nocompress,5,P01348,0,0,1,1,1,2,2,2,1,1,1,0,2,2,1,1,1,0
esmc6b_3di_nocompress,5,P01349,0,0,0,0,2,2,2,2,2,2,0,0,2,2,2,2,0,0
esmc6b_3di_nocompress,5,P01364,0,0,0,0,0,0,3,3,3,3,3,3,4,4,4,4,4,4
esmc6b_3di_nocompress,5,P02814,0,0,0,0,0,0,1,1,1,1,1,1,0,0,0,0,0,0
esmc6b_3di_nocompress,5,P02866,0,0,0,0,0,0,2,2,2,2,2,2,0,0,0,0,0,0
esmc6b_3di_nocompress,5,P02870,0,0,1,1,1,1,2,2,1,1,1,1,1,1,0,0,0,0
esmc6b_3di_nocompress,5,P02873,0,0,0,0,0,0,1,1,1,1,1,1,0,0,0,0,0,0
esmc6b_3di_nocompress,5,P02896,1,1,1,1,1,1,0,0,0,0,0,0,0,0,0,0,0,0
esmc6b_3di_nocompress,5,P04058,1,1,1,1,1,1,0,0,0,0,0,0,0,0,0,0,0,0
esmc6b_3di_nocompress,5,P04090,2,2,2,2,2,2,0,0,0,0,0,0,0,0,0,0,0,0
esmc6b_3di_nocompress,5,P04279,0,0,0,0,0,0,1,1,1,1,1,1,2,2,2,2,2,2
esmc6b_3di_nocompress,5,P04566,2,2,2,2,2,2,0,0,0,0,0,0,0,0,0,0,0,0
esmc6b_3di_nocompress,5,P04808,0,1,2,2,2,2,2,1,0,0,0,0,2,1,0,0,0,0
esmc6b_3di_nocompress,5,P05140,0,0,1,1,1,1,1,1,0,0,0,0,1,1,0,0,0,0
esmc6b_3di_nocompress,5,P05161,1,1,1,1,1,1,0,0,0,0,0,0,0,0,0,0,0,0
esmc6b_3di_nocompress,5,P05186,0,1,1,1,1,1,1,0,0,0,0,0,2,1,1,1,1,1
esmc6b_3di_nocompress,5,P05187,1,1,1,1,1,1,0,0,0,0,0,0,0,0,0,0,0,0
esmc6b_3di_nocompress,5,P05408,1,1,1,1,1,1,0,0,0,0,0,0,0,0,0,0,0,0
esmc6b_3di_nocompress,5,P05657,1,1,1,1,1,1,0,0,0,0,0,0,1,1,1,1,1,1
esmc6b_3di_nocompress,5,P05834,0,0,0,0,0,0,1,1,1,1,1,1,2,2,2,2,2,2
esmc6b_3di_nocompress,5,P06303,2,2,2,2,2,2,0,0,0,0,0,0,0,0,0,0,0,0
esmc6b_3di_nocompress,5,P06884,1,1,1,1,1,1,1,1,1,1,1,1,1,1,1,1,1,1
esmc6b_3di_nocompress,5,P07140,1,1,1,1,1,1,0,0,0,0,0,0,0,0,0,0,0,0
esmc6b_3di_nocompress,5,P07224,1,1,1,1,1,1,0,0,0,0,0,0,0,0,0,0,0,0
esmc6b_3di_nocompress,5,P07225,1,1,1,1,1,1,0,0,0,0,0,0,0,0,0,0,0,0
esmc6b_3di_nocompress,5,P07602,0,0,0,1,1,1,4,4,4,3,3,3,3,3,3,2,2,2
esmc6b_3di_nocompress,5,P07662,0,0,0,0,0,0,1,1,1,1,1,1,1,1,1,1,1,1
esmc6b_3di_nocompress,5,P07692,1,1,1,1,1,1,0,0,0,0,0,0,0,0,0,0,0,0
esmc6b_3di_nocompress,5,P07808,2,2,2,2,2,2,0,0,0,0,0,0,0,0,0,0,0,0
esmc6b_3di_nocompress,5,P07987,1,1,1,1,1,1,0,0,0,0,0,0,0,0,0,0,0,0
esmc6b_3di_nocompress,5,P08289,0,0,0,1,1,1,1,1,1,0,0,0,1,1,1,0,0,0
esmc6b_3di_nocompress,5,P08697,0,0,0,0,0,0,1,1,1,1,1,1,0,0,0,0,0,0
esmc6b_3di_nocompress,5,P08947,3,3,3,3,3,3,0,0,0,0,0,0,0,0,0,0,0,0
esmc6b_3di_nocompress,5,P08948,3,3,3,3,3,3,0,0,0,0,0,0,0,0,0,0,0,0
esmc6b_3di_nocompress,5,P08950,1,1,2,2,2,2,2,2,1,1,1,1,2,2,1,1,1,1
esmc6b_3di_nocompress,5,P09040,2,2,2,2,2,2,3,3,3,3,3,3,0,0,0,0,0,0
esmc6b_3di_nocompress,5,P09242,0,1,1,1,1,1,1,0,0,0,0,0,2,1,1,1,1,1
esmc6b_3di_nocompress,5,P09475,0,1,1,1,1,1,2,1,1,1,1,1,1,0,0,0,0,0
esmc6b_3di_nocompress,5,P09487,0,0,0,0,1,1,1,1,1,1,0,0,2,2,2,2,1,1
esmc6b_3di_nocompress,5,P09681,0,0,0,0,0,0,2,2,2,2,2,2,1,1,1,1,1,1
esmc6b_3di_nocompress,5,P09923,1,1,1,1,1,1,0,0,0,0,0,0,0,0,0,0,0,0
esmc6b_3di_nocompress,5,P09971,5,5,5,5,5,5,2,2,2,2,2,2,2,2,2,2,2,2
esmc6b_3di_nocompress,5,P0A312,1,1,1,1,1,1,0,0,0,0,0,0,0,0,0,0,0,0
esmc6b_3di_nocompress,5,P0A313,1,1,1,1,1,1,0,0,0,0,0,0,0,0,0,0,0,0
esmc6b_3di_nocompress,5,P0C1T5,0,0,0,1,1,1,1,1,1,0,0,0,1,1,1,0,0,0
esmc6b_3di_nocompress,5,P0C249,0,1,1,1,1,1,1,0,0,0,0,0,1,0,0,0,0,0
esmc6b_3di_nocompress,5,P0C2S8,0,1,1,1,1,1,1,0,0,0,0,0,1,0,0,0,0,0
esmc6b_3di_nocompress,5,P0C2X7,2,2,2,2,2,2,0,0,0,0,0,0,0,0,0,0,0,0
esmc6b_3di_nocompress,5,P0C5X7,1,1,1,1,1,1,1,1,1,1,1,1,0,0,0,0,0,0
esmc6b_3di_nocompress,5,P0C8S6,1,1,1,1,1,1,0,0,0,0,0,0,0,0,0,0,0,0
esmc6b_3di_nocompress,5,P0C957,1,1,1,1,1,1,0,0,0,0,0,0,1,1,1,1,1,1
esmc6b_3di_nocompress,5,P0C958,1,1,1,1,1,1,0,0,0,0,0,0,1,1,1,1,1,1
esmc6b_3di_nocompress,5,P0CG54,1,1,1,1,1,1,0,0,0,0,0,0,0,0,0,0,0,0
esmc6b_3di_nocompress,5,P0CH28,1,1,1,1,1,1,0,0,0,0,0,0,0,0,0,0,0,0
esmc6b_3di_nocompress,5,P0CH56,2,2,2,2,2,2,0,0,0,0,0,0,0,0,0,0,0,0
esmc6b_3di_nocompress,5,P0CH70,1,1,1,1,1,1,0,0,0,0,0,0,0,0,0,0,0,0
esmc6b_3di_nocompress,5,P0CI88,0,0,0,0,0,0,1,1,1,1,1,1,0,0,0,0,0,0
esmc6b_3di_nocompress,5,P0CS83,1,1,1,1,1,1,0,0,0,0,0,0,0,0,0,0,0,0
esmc6b_3di_nocompress,5,P0CS93,0,0,0,0,0,0,1,1,1,1,1,1,1,1,1,1,1,1
esmc6b_3di_nocompress,5,P0CW02,0,0,0,0,0,0,1,1,1,1,1,1,1,1,1,1,1,1
esmc6b_3di_nocompress,5,P0CW03,0,0,0,0,0,0,1,1,1,1,1,1,1,1,1,1,1,1
esmc6b_3di_nocompress,5,P0CY26,1,1,1,1,1,1,0,0,0,0,0,0,0,0,0,0,0,0
esmc6b_3di_nocompress,5,P0CY27,1,1,1,1,1,1,0,0,0,0,0,0,0,0,0,0,0,0
esmc6b_3di_nocompress,5,P0CY28,1,1,1,1,1,1,0,0,0,0,0,0,0,0,0,0,0,0
esmc6b_3di_nocompress,5,P0CY29,1,1,1,1,1,1,0,0,0,0,0,0,0,0,0,0,0,0
esmc6b_3di_nocompress,5,P0DE28,1,1,1,1,1,1,0,0,0,0,0,0,0,0,0,0,0,0
esmc6b_3di_nocompress,5,P0DE29,1,1,1,1,1,1,0,0,0,0,0,0,0,0,0,0,0,0
esmc6b_3di_nocompress,5,P0DJ06,1,1,1,1,1,1,0,0,0,0,0,0,0,0,0,0,0,0
esmc6b_3di_nocompress,5,P0DJ95,1,1,1,1,1,1,0,0,0,0,0,0,0,0,0,0,0,0
esmc6b_3di_nocompress,5,P0DJI8,0,0,0,0,0,0,1,1,1,1,1,1,0,0,0,0,0,0
esmc6b_3di_nocompress,5,P0DKL3,0,0,0,1,1,1,1,1,1,0,0,0,1,1,1,0,0,0
esmc6b_3di_nocompress,5,P0DKM3,0,0,0,0,0,0,1,1,1,1,1,1,1,1,1,1,1,1
esmc6b_3di_nocompress,5,P0DKN1,0,0,0,0,0,0,1,1,1,1,1,1,0,0,0,0,0,0
esmc6b_3di_nocompress,5,P0DL57,0,1,1,1,1,1,1,0,0,0,0,0,1,0,0,0,0,0
esmc6b_3di_nocompress,5,P0DL58,0,1,1,1,1,1,2,1,1,1,1,1,1,0,0,0,0,0
esmc6b_3di_nocompress,5,P0DM55,0,0,0,0,0,0,1,1,1,1,1,1,0,0,0,0,0,0
esmc6b_3di_nocompress,5,P0DM67,1,1,1,1,1,1,0,0,0,0,0,0,0,0,0,0,0,0
esmc6b_3di_nocompress,5,P0DM68,1,1,1,1,1,1,1,1,1,1,1,1,0,0,0,0,0,0
esmc6b_3di_nocompress,5,P0DMD7,1,1,1,1,1,1,1,1,1,1,1,1,1,1,1,1,1,1
esmc6b_3di_nocompress,5,P0DMG0,1,1,1,1,1,1,1,1,1,1,1,1,2,2,2,2,2,2
esmc6b_3di_nocompress,5,P0DN01,0,1,1,1,1,1,1,0,0,0,0,0,2,1,1,1,1,1
esmc6b_3di_nocompress,5,P0DN03,1,1,1,1,1,1,0,0,0,0,0,0,1,1,1,1,1,1
esmc6b_3di_nocompress,5,P0DN04,1,1,1,1,1,1,0,0,0,0,0,0,0,0,0,0,0,0
esmc6b_3di_nocompress,5,P0DN98,1,1,1,1,1,1,0,0,0,0,0,0,0,0,0,0,0,0
esmc6b_3di_nocompress,5,P0DP14,0,1,1,1,1,1,1,0,0,0,0,0,1,0,0,0,0,0
esmc6b_3di_nocompress,5,P0DP55,2,2,2,2,2,2,0,0,0,0,0,0,0,0,0,0,0,0
esmc6b_3di_nocompress,5,P0DPU4,0,0,0,0,0,0,1,1,1,1,1,1,0,0,0,0,0,0
esmc6b_3di_nocompress,5,P0DQA3,0,0,0,0,0,0,1,1,1,1,1,1,0,0,0,0,0,0
esmc6b_3di_nocompress,5,P0DQA4,0,0,0,0,0,0,1,1,1,1,1,1,0,0,0,0,0,0
esmc6b_3di_nocompress,5,P0DQA5,1,1,1,1,1,1,0,0,0,0,0,0,0,0,0,0,0,0
esmc6b_3di_nocompress,5,P0DRB9,0,0,1,1,1,1,1,1,0,0,0,0,2,2,1,1,1,1
esmc6b_3di_nocompress,5,P0DRC4,0,0,0,0,0,0,1,1,1,1,1,1,0,0,0,0,0,0
esmc6b_3di_nocompress,5,P0DRI2,0,0,0,0,1,1,2,2,2,2,1,1,3,3,3,3,2,2
esmc6b_3di_nocompress,5,P0DRJ4,6,8,12,12,12,12,8,6,2,2,2,2,6,4,0,0,0,0
esmc6b_3di_nocompress,5,P0DTJ9,0,0,0,0,0,0,2,2,2,2,2,2,3,3,3,3,3,3
esmc6b_3di_nocompress,5,P0DUT2,2,2,3,3,3,5,4,4,3,3,3,1,4,4,3,3,3,1
esmc6b_3di_nocompress,5,P0DUT6,1,3,3,3,3,3,4,2,2,2,2,2,2,0,0,0,0,0
esmc6b_3di_nocompress,5,P0DY21,0,0,1,1,1,1,1,1,0,0,0,0,2,2,1,1,1,1
esmc6b_3di_nocompress,5,P10082,1,1,1,1,1,1,1,1,1,1,1,1,1,1,1,1,1,1
esmc6b_3di_nocompress,5,P10419,0,3,3,3,3,3,3,0,0,0,0,0,34,31,31,31,31,31
esmc6b_3di_nocompress,5,P10552,7,8,9,13,13,13,9,8,7,3,3,3,8,7,6,2,2,2
esmc6b_3di_nocompress,5,P10601,2,2,2,2,2,2,0,0,0,0,0,0,0,0,0,0,0,0
esmc6b_3di_nocompress,5,P10631,2,2,2,2,2,2,0,0,0,0,0,0,0,0,0,0,0,0
esmc6b_3di_nocompress,5,P10674,0,1,1,1,1,1,1,0,0,0,0,0,1,0,0,0,0,0
esmc6b_3di_nocompress,5,P10675,0,0,0,1,1,1,1,1,1,0,0,0,1,1,1,0,0,0
esmc6b_3di_nocompress,5,P10696,1,1,1,1,1,1,0,0,0,0,0,0,0,0,0,0,0,0
esmc6b_3di_nocompress,5,P10960,1,1,1,1,1,1,2,2,2,2,2,2,1,1,1,1,1,1
esmc6b_3di_nocompress,5,P11159,5,5,5,5,5,5,2,2,2,2,2,2,2,2,2,2,2,2
esmc6b_3di_nocompress,5,P11184,0,0,0,0,0,0,2,2,2,2,2,2,1,1,1,1,1,1
esmc6b_3di_nocompress,5,P11185,0,0,0,1,1,2,2,2,2,1,1,0,2,2,2,1,1,0
esmc6b_3di_nocompress,5,P11952,0,0,0,0,0,0,2,2,2,2,2,2,2,2,2,2,2,2
esmc6b_3di_nocompress,5,P11953,0,0,0,0,2,2,2,2,2,2,0,0,2,2,2,2,0,0
esmc6b_3di_nocompress,5,P12872,1,1,1,1,1,1,0,0,0,0,0,0,0,0,0,0,0,0
esmc6b_3di_nocompress,5,P12961,0,0,0,0,0,0,1,1,1,1,1,1,0,0,0,0,0,0
esmc6b_3di_nocompress,5,P13083,1,1,1,1,1,1,0,0,0,0,0,0,0,0,0,0,0,0
esmc6b_3di_nocompress,5,P13589,2,2,2,2,2,2,0,0,0,0,0,0,0,0,0,0,0,0
esmc6b_3di_nocompress,5,P14138,1,1,1,1,1,1,0,0,0,0,0,0,0,0,0,0,0,0
esmc6b_3di_nocompress,5,P14608,0,0,0,0,0,0,1,1,1,1,1,1,0,0,0,0,0,0
esmc6b_3di_nocompress,5,P14765,2,2,2,2,2,2,0,0,0,0,0,0,0,0,0,0,0,0
esmc6b_3di_nocompress,5,P14894,0,0,0,0,0,0,2,2,2,2,2,2,0,0,0,0,0,0
esmc6b_3di_nocompress,5,P14904,0,0,0,0,0,0,1,1,1,1,1,1,0,0,0,0,0,0
esmc6b_3di_nocompress,5,P15369,0,1,1,1,1,1,1,0,0,0,0,0,1,0,0,0,0,0
esmc6b_3di_nocompress,5,P15411,2,3,3,3,3,3,1,0,0,0,0,0,1,0,0,0,0,0
esmc6b_3di_nocompress,5,P15513,18,18,18,19,19,19,1,1,1,0,0,0,2,2,2,1,1,1
esmc6b_3di_nocompress,5,P15693,0,0,0,0,0,0,1,1,1,1,1,1,1,1,1,1,1,1
esmc6b_3di_nocompress,5,P15797,0,0,0,0,0,0,1,1,1,1,1,1,0,0,0,0,0,0
esmc6b_3di_nocompress,5,P16404,0,0,0,0,0,0,1,1,1,1,1,1,0,0,0,0,0,0
esmc6b_3di_nocompress,5,P16613,1,1,1,1,1,1,1,1,1,1,1,1,2,2,2,2,2,2
esmc6b_3di_nocompress,5,P17118,0,0,0,0,0,0,1,1,1,1,1,1,1,1,1,1,1,1
esmc6b_3di_nocompress,5,P17681,1,1,1,1,1,1,2,2,2,2,2,2,1,1,1,1,1,1
esmc6b_3di_nocompress,5,P18509,1,1,1,1,1,1,1,1,1,1,1,1,0,0,0,0,0,0
esmc6b_3di_nocompress,5,P18844,1,1,1,1,1,1,0,0,0,0,0,0,1,1,1,1,1,1
esmc6b_3di_nocompress,5,P19111,1,1,1,1,1,1,0,0,0,0,0,0,0,0,0,0,0,0
esmc6b_3di_nocompress,5,P19260,0,0,1,1,1,1,1,1,0,0,0,0,1,1,0,0,0,0
esmc6b_3di_nocompress,5,P19425,0,0,0,0,0,0,1,1,1,1,1,1,0,0,0,0,0,0
esmc6b_3di_nocompress,5,P19599,0,0,0,0,0,0,1,1,1,1,1,1,0,0,0,0,0,0
esmc6b_3di_nocompress,5,P19660,1,1,1,1,1,1,0,0,0,0,0,0,0,0,0,0,0,0
esmc6b_3di_nocompress,5,P19707,0,0,0,0,0,0,1,1,1,1,1,1,0,0,0,0,0,0
esmc6b_3di_nocompress,5,P19708,0,0,0,0,0,0,1,1,1,1,1,1,0,0,0,0,0,0
esmc6b_3di_nocompress,5,P19884,1,2,2,2,2,2,1,0,0,0,0,0,1,0,0,0,0,0
esmc6b_3di_nocompress,5,P19971,0,0,0,0,0,0,1,1,1,1,1,1,0,0,0,0,0,0
esmc6b_3di_nocompress,5,P19998,1,1,1,1,1,1,0,0,0,0,0,0,0,0,0,0,0,0
esmc6b_3di_nocompress,5,P20481,26,29,29,29,29,29,7,4,4,4,4,4,5,2,2,2,2,2
esmc6b_3di_nocompress,5,P20948,0,0,0,0,0,0,1,1,1,1,1,1,1,1,1,1,1,1
esmc6b_3di_nocompress,5,P21591,0,0,0,2,2,2,2,2,2,0,0,0,2,2,2,0,0,0
esmc6b_3di_nocompress,5,P22226,0,0,0,0,0,0,1,1,1,1,1,1,0,0,0,0,0,0
esmc6b_3di_nocompress,5,P22287,0,0,0,0,0,0,2,2,2,2,2,2,0,0,0,0,0,0
esmc6b_3di_nocompress,5,P22304,1,1,1,1,1,1,0,0,0,0,0,0,0,0,0,0,0,0
esmc6b_3di_nocompress,5,P22969,0,1,2,2,2,2,2,1,0,0,0,0,2,1,0,0,0,0
esmc6b_3di_nocompress,5,P23431,1,1,1,1,1,1,0,0,0,0,0,0,0,0,0,0,0,0
esmc6b_3di_nocompress,5,P23535,0,0,0,0,0,0,1,1,1,1,1,1,0,0,0,0,0,0
esmc6b_3di_nocompress,5,P23546,0,0,0,0,0,0,1,1,1,1,1,1,0,0,0,0,0,0
esmc6b_3di_nocompress,5,P24665,1,1,1,1,1,2,1,1,1,1,1,0,1,1,1,1,1,0
esmc6b_3di_nocompress,5,P24822,1,1,1,1,1,1,0,0,0,0,0,0,0,0,0,0,0,0
esmc6b_3di_nocompress,5,P24823,1,1,1,1,1,1,0,0,0,0,0,0,0,0,0,0,0,0
esmc6b_3di_nocompress,5,P26329,1,1,1,1,1,1,0,0,0,0,0,0,0,0,0,0,0,0
esmc6b_3di_nocompress,5,P26334,1,1,1,1,1,1,0,0,0,0,0,0,0,0,0,0,0,0
esmc6b_3di_nocompress,5,P26335,0,0,0,0,0,0,1,1,1,1,1,1,1,1,1,1,1,1
esmc6b_3di_nocompress,5,P26727,3,3,3,3,3,3,0,0,0,0,0,0,0,0,0,0,0,0
esmc6b_3di_nocompress,5,P26731,2,3,3,3,3,3,1,0,0,0,0,0,1,0,0,0,0,0
esmc6b_3di_nocompress,5,P26733,2,2,3,3,3,3,1,1,0,0,0,0,1,1,0,0,0,0
esmc6b_3di_nocompress,5,P26734,2,2,3,3,3,3,1,1,0,0,0,0,1,1,0,0,0,0
esmc6b_3di_nocompress,5,P26735,3,3,3,3,3,3,0,0,0,0,0,0,0,0,0,0,0,0
esmc6b_3di_nocompress,5,P26736,2,3,3,3,3,3,1,0,0,0,0,0,1,0,0,0,0,0
esmc6b_3di_nocompress,5,P26737,2,2,3,3,3,3,1,1,0,0,0,0,1,1,0,0,0,0
esmc6b_3di_nocompress,5,P26738,2,2,3,3,3,3,1,1,0,0,0,0,1,1,0,0,0,0
esmc6b_3di_nocompress,5,P26739,0,0,1,1,1,2,3,3,2,2,2,1,2,2,1,1,1,0
esmc6b_3di_nocompress,5,P26740,2,2,3,3,3,3,1,1,0,0,0,0,1,1,0,0,0,0
esmc6b_3di_nocompress,5,P26741,2,2,3,3,3,3,1,1,0,0,0,0,1,1,0,0,0,0
esmc6b_3di_nocompress,5,P26742,2,2,3,3,3,3,1,1,0,0,0,0,1,1,0,0,0,0
esmc6b_3di_nocompress,5,P26743,0,0,1,1,1,2,3,3,2,2,2,1,2,2,1,1,1,0
esmc6b_3di_nocompress,5,P26779,1,1,1,1,1,1,3,3,3,3,3,3,2,2,2,2,2,2
esmc6b_3di_nocompress,5,P27114,0,0,0,0,0,0,1,1,1,1,1,1,1,1,1,1,1,1
esmc6b_3di_nocompress,5,P27666,0,0,0,0,0,0,1,1,1,1,1,1,0,0,0,0,0,0
esmc6b_3di_nocompress,5,P27682,0,0,0,0,0,0,1,1,1,1,1,1,0,0,0,0,0,0
esmc6b_3di_nocompress,5,P28672,2,2,2,2,2,2,0,0,0,0,0,0,0,0,0,0,0,0
esmc6b_3di_nocompress,5,P28673,2,2,2,2,2,2,0,0,0,0,0,0,0,0,0,0,0,0
esmc6b_3di_nocompress,5,P28674,2,2,2,2,2,2,0,0,0,0,0,0,0,0,0,0,0,0
esmc6b_3di_nocompress,5,P28800,0,0,0,0,0,0,1,1,1,1,1,1,0,0,0,0,0,0
esmc6b_3di_nocompress,5,P28825,1,1,1,1,1,1,0,0,0,0,0,0,0,0,0,0,0,0
esmc6b_3di_nocompress,5,P28826,0,0,1,1,1,1,1,1,0,0,0,0,1,1,0,0,0,0
esmc6b_3di_nocompress,5,P29425,0,1,1,1,1,1,1,0,0,0,0,0,1,0,0,0,0,0
esmc6b_3di_nocompress,5,P29519,2,2,3,3,3,3,1,1,0,0,0,0,1,1,0,0,0,0
esmc6b_3di_nocompress,5,P29523,1,1,1,1,1,1,0,0,0,0,0,0,1,1,1,1,1,1
esmc6b_3di_nocompress,5,P32089,0,0,0,1,1,1,1,1,1,0,0,0,1,1,1,0,0,0
esmc6b_3di_nocompress,5,P32194,0,0,0,1,1,1,1,1,1,0,0,0,1,1,1,0,0,0
esmc6b_3di_nocompress,5,P32195,0,0,1,1,1,1,1,1,0,0,0,0,2,2,1,1,1,1
esmc6b_3di_nocompress,5,P32196,0,0,0,1,1,1,1,1,1,0,0,0,1,1,1,0,0,0
esmc6b_3di_nocompress,5,P32329,2,2,2,2,2,2,0,0,0,0,0,0,0,0,0,0,0,0
esmc6b_3di_nocompress,5,P32623,1,1,1,1,1,1,0,0,0,0,0,0,0,0,0,0,0,0
esmc6b_3di_nocompress,5,P32648,2,3,3,3,3,3,1,0,0,0,0,0,2,1,1,1,1,1
esmc6b_3di_nocompress,5,P32649,2,2,2,2,2,2,0,0,0,0,0,0,0,0,0,0,0,0
esmc6b_3di_nocompress,5,P32950,0,0,1,1,1,1,1,1,0,0,0,0,1,1,0,0,0,0
esmc6b_3di_nocompress,5,P32951,0,0,1,1,1,1,1,1,0,0,0,0,1,1,0,0,0,0
esmc6b_3di_nocompress,5,P33046,1,1,1,1,1,1,0,0,0,0,0,0,0,0,0,0,0,0
esmc6b_3di_nocompress,5,P33689,2,2,2,2,2,2,0,0,0,0,0,0,0,0,0,0,0,0
esmc6b_3di_nocompress,5,P33715,1,1,1,1,1,1,0,0,0,0,0,0,0,0,0,0,0,0
esmc6b_3di_nocompress,5,P33718,3,3,3,3,3,3,0,0,0,0,0,0,0,0,0,0,0,0
esmc6b_3di_nocompress,5,P33719,3,3,3,3,3,3,0,0,0,0,0,0,0,0,0,0,0,0
esmc6b_3di_nocompress,5,P33720,3,3,3,3,3,3,0,0,0,0,0,0,0,0,0,0,0,0
esmc6b_3di_nocompress,5,P33721,3,3,3,3,3,3,0,0,0,0,0,0,0,0,0,0,0,0
esmc6b_3di_nocompress,5,P33722,3,3,3,3,3,3,0,0,0,0,0,0,0,0,0,0,0,0
esmc6b_3di_nocompress,5,P34026,1,1,1,1,1,1,0,0,0,0,0,0,0,0,0,0,0,0
esmc6b_3di_nocompress,5,P34806,0,0,0,0,0,0,1,1,1,1,1,1,1,1,1,1,1,1
esmc6b_3di_nocompress,5,P34962,1,1,1,1,1,1,0,0,0,0,0,0,1,1,1,1,1,1
esmc6b_3di_nocompress,5,P34963,0,0,1,1,1,1,1,1,0,0,0,0,1,1,0,0,0,0
esmc6b_3di_nocompress,5,P34964,0,0,0,0,0,0,1,1,1,1,1,1,0,0,0,0,0,0
esmc6b_3di_nocompress,5,P35460,0,0,0,0,0,0,1,1,1,1,1,1,1,1,1,1,1,1
esmc6b_3di_nocompress,5,P35461,1,1,1,1,1,1,0,0,0,0,0,0,0,0,0,0,0,0
esmc6b_3di_nocompress,5,P35518,1,1,1,1,1,1,0,0,0,0,0,0,0,0,0,0,0,0
esmc6b_3di_nocompress,5,P36193,0,0,1,1,1,1,2,2,1,1,1,1,2,2,1,1,1,1
esmc6b_3di_nocompress,5,P36560,0,0,0,0,0,0,1,1,1,1,1,1,0,0,0,0,0,0
esmc6b_3di_nocompress,5,P39105,1,1,1,1,1,1,0,0,0,0,0,0,0,0,0,0,0,0
esmc6b_3di_nocompress,5,P40765,0,0,0,0,0,0,1,1,1,1,1,1,0,0,0,0,0,0
esmc6b_3di_nocompress,5,P41365,0,1,1,1,1,1,1,0,0,0,0,0,1,0,0,0,0,0
esmc6b_3di_nocompress,5,P41534,1,1,1,1,1,1,1,1,1,1,1,1,2,2,2,2,2,2
esmc6b_3di_nocompress,5,P41535,1,1,1,1,1,1,1,1,1,1,1,1,1,1,1,1,1,1
esmc6b_3di_nocompress,5,P41585,0,0,0,0,0,0,2,2,2,2,2,2,3,3,3,3,3,3
esmc6b_3di_nocompress,5,P41876,10,11,11,11,11,11,2,1,1,1,1,1,3,2,2,2,2,2
esmc6b_3di_nocompress,5,P41964,0,0,0,0,0,0,1,1,1,1,1,1,0,0,0,0,0,0
esmc6b_3di_nocompress,5,P42723,0,0,0,1,1,1,2,2,2,1,1,1,1,1,1,0,0,0
esmc6b_3di_nocompress,5,P42785,0,0,0,0,1,1,1,1,1,1,0,0,1,1,1,1,0,0
esmc6b_3di_nocompress,5,P43030,0,0,0,0,0,0,1,1,1,1,1,1,0,0,0,0,0,0
esmc6b_3di_nocompress,5,P43443,2,2,2,2,2,2,0,0,0,0,0,0,0,0,0,0,0,0
esmc6b_3di_nocompress,5,P45644,2,3,3,3,3,3,2,1,1,1,1,1,2,1,1,1,1,1
esmc6b_3di_nocompress,5,P46157,0,1,1,1,1,1,2,1,1,1,1,1,1,0,0,0,0,0
esmc6b_3di_nocompress,5,P46158,0,0,0,0,0,0,2,2,2,2,2,2,1,1,1,1,1,1
esmc6b_3di_nocompress,5,P46161,0,0,1,1,1,1,1,1,0,0,0,0,1,1,0,0,0,0
esmc6b_3di_nocompress,5,P46167,0,0,1,1,1,1,1,1,0,0,0,0,1,1,0,0,0,0
esmc6b_3di_nocompress,5,P46591,1,1,1,1,1,1,0,0,0,0,0,0,0,0,0,0,0,0
esmc6b_3di_nocompress,5,P47476,1,1,1,1,1,1,0,0,0,0,0,0,1,1,1,1,1,1
esmc6b_3di_nocompress,5,P47932,1,1,1,1,1,2,1,1,1,1,1,0,1,1,1,1,1,0
esmc6b_3di_nocompress,5,P48097,2,2,2,2,2,2,0,0,0,0,0,0,0,0,0,0,0,0
esmc6b_3di_nocompress,5,P48098,1,1,2,2,2,2,1,1,0,0,0,0,1,1,0,0,0,0
esmc6b_3di_nocompress,5,P48143,1,1,1,1,1,1,3,3,3,3,3,3,2,2,2,2,2,2
esmc6b_3di_nocompress,5,P48144,0,0,0,0,0,0,3,3,3,3,3,3,3,3,3,3,3,3
esmc6b_3di_nocompress,5,P48299,1,1,1,1,1,1,0,0,0,0,0,0,0,0,0,0,0,0
esmc6b_3di_nocompress,5,P48503,0,0,0,0,0,0,1,1,1,1,1,1,0,0,0,0,0,0
esmc6b_3di_nocompress,5,P48756,0,1,1,1,1,1,2,1,1,1,1,1,2,1,1,1,1,1
esmc6b_3di_nocompress,5,P49126,0,0,0,0,0,0,1,1,1,1,1,1,1,1,1,1,1,1
esmc6b_3di_nocompress,5,P49913,0,0,0,0,0,0,1,1,1,1,1,1,0,0,0,0,0,0
esmc6b_3di_nocompress,5,P49928,0,1,1,1,1,1,1,0,0,0,0,0,1,0,0,0,0,0
esmc6b_3di_nocompress,5,P49929,0,1,1,1,1,1,1,0,0,0,0,0,1,0,0,0,0,0
esmc6b_3di_nocompress,5,P49930,0,0,1,1,1,1,1,1,0,0,0,0,1,1,0,0,0,0
esmc6b_3di_nocompress,5,P49931,0,1,1,1,1,1,1,0,0,0,0,0,1,0,0,0,0,0
esmc6b_3di_nocompress,5,P49932,1,1,1,1,1,1,0,0,0,0,0,0,0,0,0,0,0,0
esmc6b_3di_nocompress,5,P49933,0,0,1,1,1,1,1,1,0,0,0,0,2,2,1,1,1,1
esmc6b_3di_nocompress,5,P49934,0,0,0,1,1,1,1,1,1,0,0,0,1,1,1,0,0,0
esmc6b_3di_nocompress,5,P50496,0,0,1,1,1,1,1,1,0,0,0,0,1,1,0,0,0,0
esmc6b_3di_nocompress,5,P50497,0,0,1,1,1,1,1,1,0,0,0,0,1,1,0,0,0,0
esmc6b_3di_nocompress,5,P50498,0,0,1,1,1,1,1,1,0,0,0,0,1,1,0,0,0,0
esmc6b_3di_nocompress,5,P50499,0,0,0,0,0,0,1,1,1,1,1,1,0,0,0,0,0,0
esmc6b_3di_nocompress,5,P51437,0,0,0,0,0,0,1,1,1,1,1,1,0,0,0,0,0,0
esmc6b_3di_nocompress,5,P51453,1,1,1,1,1,1,0,0,0,0,0,0,1,1,1,1,1,1
esmc6b_3di_nocompress,5,P51454,1,1,2,2,2,2,1,1,0,0,0,0,1,1,0,0,0,0
esmc6b_3di_nocompress,5,P51455,1,1,2,2,2,2,1,1,0,0,0,0,1,1,0,0,0,0
esmc6b_3di_nocompress,5,P51456,2,2,2,2,2,2,0,0,0,0,0,0,0,0,0,0,0,0
esmc6b_3di_nocompress,5,P51524,0,0,0,0,0,0,1,1,1,1,1,1,3,3,3,3,3,3
esmc6b_3di_nocompress,5,P51654,0,0,1,1,1,1,1,1,0,0,0,0,1,1,0,0,0,0
esmc6b_3di_nocompress,5,P51694,2,2,2,2,2,2,0,0,0,0,0,0,0,0,0,0,0,0
esmc6b_3di_nocompress,5,P51740,0,1,1,1,1,1,1,0,0,0,0,0,1,0,0,0,0,0
esmc6b_3di_nocompress,5,P52400,0,0,0,0,0,0,1,1,1,1,1,1,0,0,0,0,0,0
esmc6b_3di_nocompress,5,P52401,0,0,0,0,0,0,1,1,1,1,1,1,0,0,0,0,0,0
esmc6b_3di_nocompress,5,P52402,0,0,0,0,0,0,1,1,1,1,1,1,0,0,0,0,0,0
esmc6b_3di_nocompress,5,P52407,0,0,0,0,0,0,1,1,1,1,1,1,1,1,1,1,1,1
esmc6b_3di_nocompress,5,P52700,0,0,0,0,0,0,1,1,1,1,1,1,1,1,1,1,1,1
esmc6b_3di_nocompress,5,P52718,0,0,1,1,1,1,1,1,0,0,0,0,1,1,0,0,0,0
esmc6b_3di_nocompress,5,P52719,0,0,0,0,0,0,1,1,1,1,1,1,0,0,0,0,0,0
esmc6b_3di_nocompress,5,P53007,0,0,0,1,1,1,1,1,1,0,0,0,1,1,1,0,0,0
esmc6b_3di_nocompress,5,P53140,0,0,0,0,0,0,1,1,1,1,1,1,1,1,1,1,1,1
esmc6b_3di_nocompress,5,P53379,1,1,1,1,1,1,1,1,1,1,1,1,0,0,0,0,0,0
esmc6b_3di_nocompress,5,P53813,1,1,1,1,1,1,0,0,0,0,0,0,0,0,0,0,0,0
esmc6b_3di_nocompress,5,P54228,0,0,0,0,0,0,1,1,1,1,1,1,0,0,0,0,0,0
esmc6b_3di_nocompress,5,P54229,0,1,1,1,1,1,1,0,0,0,0,0,1,0,0,0,0,0
esmc6b_3di_nocompress,5,P54230,0,0,0,0,0,0,1,1,1,1,1,1,1,1,1,1,1,1
esmc6b_3di_nocompress,5,P54422,0,0,0,0,0,0,1,1,1,1,1,1,0,0,0,0,0,0
esmc6b_3di_nocompress,5,P55854,1,1,1,1,1,1,0,0,0,0,0,0,0,0,0,0,0,0
esmc6b_3di_nocompress,5,P56159,0,0,0,0,0,0,1,1,1,1,1,1,1,1,1,1,1,1
esmc6b_3di_nocompress,5,P56161,0,0,0,0,0,0,1,1,1,1,1,1,0,0,0,0,0,0
esmc6b_3di_nocompress,5,P56386,0,1,1,2,2,2,2,1,1,0,0,0,2,1,1,0,0,0
esmc6b_3di_nocompress,5,P56425,0,1,1,1,1,1,1,0,0,0,0,0,1,0,0,0,0,0
esmc6b_3di_nocompress,5,P56568,0,0,0,0,0,0,1,1,1,1,1,1,0,0,0,0,0,0
esmc6b_3di_nocompress,5,P57774,2,2,2,2,2,2,0,0,0,0,0,0,0,0,0,0,0,0
esmc6b_3di_nocompress,5,P58906,0,0,0,0,0,0,1,1,1,1,1,1,0,0,0,0,0,0
esmc6b_3di_nocompress,5,P59082,0,0,0,0,1,1,1,1,1,1,0,0,1,1,1,1,0,0
esmc6b_3di_nocompress,5,P59097,0,0,0,0,0,0,1,1,1,1,1,1,1,1,1,1,1,1
esmc6b_3di_nocompress,5,P60022,0,0,0,0,0,0,2,2,2,2,2,2,1,1,1,1,1,1
esmc6b_3di_nocompress,5,P60023,0,0,0,0,0,0,2,2,2,2,2,2,1,1,1,1,1,1
esmc6b_3di_nocompress,5,P60590,1,1,1,2,2,2,1,1,1,0,0,0,1,1,1,0,0,0
esmc6b_3di_nocompress,5,P60980,2,2,2,2,2,2,0,0,0,0,0,0,0,0,0,0,0,0
esmc6b_3di_nocompress,5,P61103,1,1,1,1,1,1,0,0,0,0,0,0,1,1,1,1,1,1
esmc6b_3di_nocompress,5,P61104,0,1,1,1,1,1,1,0,0,0,0,0,2,1,1,1,1,1
esmc6b_3di_nocompress,5,P61261,0,0,0,0,0,0,2,2,2,2,2,2,1,1,1,1,1,1
esmc6b_3di_nocompress,5,P61262,0,0,0,0,0,0,2,2,2,2,2,2,1,1,1,1,1,1
esmc6b_3di_nocompress,5,P61263,0,0,0,0,0,0,2,2,2,2,2,2,1,1,1,1,1,1
esmc6b_3di_nocompress,5,P61409,1,1,1,1,1,1,1,1,1,1,1,1,0,0,0,0,0,0
esmc6b_3di_nocompress,5,P61849,1,1,1,1,1,1,0,0,0,0,0,0,0,0,0,0,0,0
esmc6b_3di_nocompress,5,P62530,1,1,1,1,1,1,0,0,0,0,0,0,0,0,0,0,0,0
esmc6b_3di_nocompress,5,P62531,1,1,1,1,1,1,0,0,0,0,0,0,0,0,0,0,0,0
esmc6b_3di_nocompress,5,P63186,0,0,0,0,0,0,1,1,1,1,1,1,0,0,0,0,0,0
esmc6b_3di_nocompress,5,P66125,1,1,1,1,1,1,0,0,0,0,0,0,0,0,0,0,0,0
esmc6b_3di_nocompress,5,P66126,1,1,1,1,1,1,0,0,0,0,0,0,0,0,0,0,0,0
esmc6b_3di_nocompress,5,P66133,1,1,1,1,1,1,0,0,0,0,0,0,1,1,1,1,1,1
esmc6b_3di_nocompress,5,P66134,1,1,1,1,1,1,0,0,0,0,0,0,1,1,1,1,1,1
esmc6b_3di_nocompress,5,P66135,1,1,1,1,1,1,0,0,0,0,0,0,0,0,0,0,0,0
esmc6b_3di_nocompress,5,P66136,1,1,1,1,1,1,0,0,0,0,0,0,0,0,0,0,0,0
esmc6b_3di_nocompress,5,P66137,1,1,1,1,1,1,0,0,0,0,0,0,0,0,0,0,0,0
esmc6b_3di_nocompress,5,P66139,1,1,1,1,1,1,0,0,0,0,0,0,0,0,0,0,0,0
esmc6b_3di_nocompress,5,P68004,0,0,0,0,0,0,1,1,1,1,1,1,0,0,0,0,0,0
esmc6b_3di_nocompress,5,P68005,0,0,0,0,0,0,1,1,1,1,1,1,0,0,0,0,0,0
esmc6b_3di_nocompress,5,P68248,0,0,0,0,0,0,1,1,1,1,1,1,2,2,2,2,2,2
esmc6b_3di_nocompress,5,P68426,1,1,1,1,1,1,0,0,0,0,0,0,1,1,1,1,1,1
esmc6b_3di_nocompress,5,P68827,0,0,0,0,0,0,1,1,1,1,1,1,0,0,0,0,0,0
esmc6b_3di_nocompress,5,P75458,1,1,1,1,1,1,0,0,0,0,0,0,1,1,1,1,1,1
esmc6b_3di_nocompress,5,P79076,0,0,0,0,0,0,1,1,1,1,1,1,1,1,1,1,1,1
esmc6b_3di_nocompress,5,P79110,0,0,0,1,1,1,1,1,1,0,0,0,1,1,1,0,0,0
esmc6b_3di_nocompress,5,P79362,1,1,1,1,1,1,0,0,0,0,0,0,0,0,0,0,0,0
esmc6b_3di_nocompress,5,P79799,0,0,0,0,0,0,2,2,2,2,2,2,0,0,0,0,0,0
esmc6b_3di_nocompress,5,P80710,0,0,1,1,1,1,3,3,2,2,2,2,1,1,0,0,0,0
esmc6b_3di_nocompress,5,P80713,0,0,1,1,1,1,3,3,2,2,2,2,1,1,0,0,0,0
esmc6b_3di_nocompress,5,P80734,1,1,1,1,1,1,0,0,0,0,0,0,0,0,0,0,0,0
esmc6b_3di_nocompress,5,P80735,1,1,1,1,1,1,0,0,0,0,0,0,0,0,0,0,0,0
esmc6b_3di_nocompress,5,P80957,0,0,1,1,1,1,1,1,0,0,0,0,1,1,0,0,0,0
esmc6b_3di_nocompress,5,P81191,0,0,0,0,0,0,1,1,1,1,1,1,1,1,1,1,1,1
esmc6b_3di_nocompress,5,P81401,1,2,2,2,2,2,3,2,2,2,2,2,3,2,2,2,2,2
esmc6b_3di_nocompress,5,P81592,1,1,1,1,1,1,1,1,1,1,1,1,8,8,8,8,8,8
esmc6b_3di_nocompress,5,P82018,1,1,1,1,1,1,0,0,0,0,0,0,0,0,0,0,0,0
esmc6b_3di_nocompress,5,P83211,0,0,0,0,0,0,1,1,1,1,1,1,2,2,2,2,2,2
esmc6b_3di_nocompress,5,P83303,1,1,1,1,1,1,0,0,0,0,0,0,1,1,1,1,1,1
esmc6b_3di_nocompress,5,P83412,0,1,1,1,1,1,1,0,0,0,0,0,1,0,0,0,0,0
esmc6b_3di_nocompress,5,P83974,1,1,1,1,1,1,0,0,0,0,0,0,0,0,0,0,0,0
esmc6b_3di_nocompress,5,P84213,0,0,0,2,2,2,2,2,2,0,0,0,2,2,2,0,0,0
esmc6b_3di_nocompress,5,P84408,0,0,0,0,0,0,1,1,1,1,1,1,0,0,0,0,0,0
esmc6b_3di_nocompress,5,P84808,0,0,0,0,0,0,1,1,1,1,1,1,0,0,0,0,0,0
esmc6b_3di_nocompress,5,P85527,1,1,1,1,1,1,0,0,0,0,0,0,0,0,0,0,0,0
esmc6b_3di_nocompress,5,P86442,1,1,1,1,1,1,2,2,2,2,2,2,1,1,1,1,1,1
esmc6b_3di_nocompress,5,P86828,0,0,0,0,0,0,1,1,1,1,1,1,0,0,0,0,0,0
esmc6b_3di_nocompress,5,P91896,2,2,3,3,3,3,1,1,0,0,0,0,1,1,0,0,0,0
esmc6b_3di_nocompress,5,P93248,0,0,1,1,1,1,1,1,0,0,0,0,1,1,0,0,0,0
esmc6b_3di_nocompress,5,P93328,0,1,1,1,1,1,1,0,0,0,0,0,1,0,0,0,0,0
esmc6b_3di_nocompress,5,P97785,0,0,0,0,0,0,1,1,1,1,1,1,1,1,1,1,1,1
esmc6b_3di_nocompress,5,Q00663,1,1,1,1,1,1,0,0,0,0,0,0,0,0,0,0,0,0
esmc6b_3di_nocompress,5,Q00676,0,0,0,1,1,1,1,1,1,0,0,0,2,2,2,1,1,1
esmc6b_3di_nocompress,5,Q01133,0,0,0,0,0,0,4,4,4,4,4,4,20,20,20,20,20,20
esmc6b_3di_nocompress,5,Q01413,0,0,0,0,0,0,1,1,1,1,1,1,0,0,0,0,0,0
esmc6b_3di_nocompress,5,Q01416,0,1,1,1,1,1,1,0,0,0,0,0,1,0,0,0,0,0
esmc6b_3di_nocompress,5,Q01758,1,1,1,1,1,1,0,0,0,0,0,0,0,0,0,0,0,0
esmc6b_3di_nocompress,5,Q02ZA6,1,1,1,1,1,1,0,0,0,0,0,0,0,0,0,0,0,0
esmc6b_3di_nocompress,5,Q03467,0,0,0,0,0,0,1,1,1,1,1,1,0,0,0,0,0,0
esmc6b_3di_nocompress,5,Q03643,0,0,1,1,1,1,1,1,0,0,0,0,1,1,0,0,0,0
esmc6b_3di_nocompress,5,Q03644,0,0,1,1,1,1,1,1,0,0,0,0,1,1,0,0,0,0
esmc6b_3di_nocompress,5,Q03645,0,0,1,1,1,1,1,1,0,0,0,0,1,1,0,0,0,0
esmc6b_3di_nocompress,5,Q03646,0,0,1,1,1,1,1,1,0,0,0,0,1,1,0,0,0,0
esmc6b_3di_nocompress,5,Q03674,1,1,1,1,1,1,0,0,0,0,0,0,0,0,0,0,0,0
esmc6b_3di_nocompress,5,Q03994,0,0,1,1,1,1,1,1,0,0,0,0,1,1,0,0,0,0
esmc6b_3di_nocompress,5,Q03FZ9,0,1,1,1,1,1,1,0,0,0,0,0,1,0,0,0,0,0
esmc6b_3di_nocompress,5,Q03M32,1,1,1,1,1,1,0,0,0,0,0,0,0,0,0,0,0,0
esmc6b_3di_nocompress,5,Q04KI2,1,1,1,1,1,1,0,0,0,0,0,0,0,0,0,0,0,0
esmc6b_3di_nocompress,5,Q058G9,2,2,2,2,2,2,0,0,0,0,0,0,1,1,1,1,1,1
esmc6b_3di_nocompress,5,Q06145,0,1,1,1,1,1,2,1,1,1,1,1,2,1,1,1,1,1
esmc6b_3di_nocompress,5,Q07053,0,1,1,1,1,1,1,0,0,0,0,0,1,0,0,0,0,0
esmc6b_3di_nocompress,5,Q07988,1,1,1,1,1,1,0,0,0,0,0,0,0,0,0,0,0,0
esmc6b_3di_nocompress,5,Q08108,1,1,1,1,1,1,0,0,0,0,0,0,0,0,0,0,0,0
esmc6b_3di_nocompress,5,Q08761,1,1,1,1,1,1,0,0,0,0,0,0,0,0,0,0,0,0
esmc6b_3di_nocompress,5,Q08890,0,0,0,0,0,0,1,1,1,1,1,1,0,0,0,0,0,0
esmc6b_3di_nocompress,5,Q08906,0,0,0,0,0,0,1,1,1,1,1,1,1,1,1,1,1,1
esmc6b_3di_nocompress,5,Q08907,1,1,1,1,1,1,0,0,0,0,0,0,0,0,0,0,0,0
esmc6b_3di_nocompress,5,Q09169,1,1,1,1,1,1,1,1,1,1,1,1,2,2,2,2,2,2
esmc6b_3di_nocompress,5,Q09175,0,0,0,0,0,0,1,1,1,1,1,1,0,0,0,0,0,0
esmc6b_3di_nocompress,5,Q09982,1,1,1,1,1,1,3,3,3,3,3,3,1,1,1,1,1,1
esmc6b_3di_nocompress,5,Q09JK2,1,1,1,1,1,1,0,0,0,0,0,0,0,0,0,0,0,0
esmc6b_3di_nocompress,5,Q0AWJ2,1,1,1,1,1,1,0,0,0,0,0,0,1,1,1,1,1,1
esmc6b_3di_nocompress,5,Q0EAE5,1,1,2,2,2,2,1,1,0,0,0,0,1,1,0,0,0,0
esmc6b_3di_nocompress,5,Q0H293,0,0,0,0,1,1,1,1,1,1,0,0,1,1,1,1,0,0
esmc6b_3di_nocompress,5,Q0IUL4,2,2,2,2,2,2,0,0,0,0,0,0,0,0,0,0,0,0
esmc6b_3di_nocompress,5,Q0MWV8,1,1,1,1,1,1,1,1,1,1,1,1,0,0,0,0,0,0
esmc6b_3di_nocompress,5,Q0SR53,1,1,1,1,1,1,0,0,0,0,0,0,1,1,1,1,1,1
esmc6b_3di_nocompress,5,Q0THN1,0,0,0,0,0,0,1,1,1,1,1,1,0,0,0,0,0,0
esmc6b_3di_nocompress,5,Q0TNI4,1,1,1,1,1,1,0,0,0,0,0,0,1,1,1,1,1,1
esmc6b_3di_nocompress,5,Q10416,1,1,1,1,1,1,0,0,0,0,0,0,0,0,0,0,0,0
esmc6b_3di_nocompress,5,Q10JL1,1,1,1,1,1,1,0,0,0,0,0,0,0,0,0,0,0,0
esmc6b_3di_nocompress,5,Q12303,2,2,2,2,2,2,0,0,0,0,0,0,0,0,0,0,0,0
esmc6b_3di_nocompress,5,Q14641,1,1,1,1,1,1,1,1,1,1,1,1,1,1,1,1,1,1
esmc6b_3di_nocompress,5,Q14BU0,0,0,0,0,0,0,1,1,1,1,1,1,0,0,0,0,0,0
esmc6b_3di_nocompress,5,Q15726,0,0,1,1,1,1,1,1,0,0,0,0,2,2,1,1,1,1
esmc6b_3di_nocompress,5,Q16819,1,1,1,1,1,1,0,0,0,0,0,0,0,0,0,0,0,0
esmc6b_3di_nocompress,5,Q16820,1,1,1,1,1,1,0,0,0,0,0,0,0,0,0,0,0,0
esmc6b_3di_nocompress,5,Q16994,0,3,3,3,3,3,5,2,2,2,2,2,35,32,32,32,32,32
esmc6b_3di_nocompress,5,Q16RI5,1,1,1,1,1,1,0,0,0,0,0,0,0,0,0,0,0,0
esmc6b_3di_nocompress,5,Q17192,3,3,3,3,3,3,0,0,0,0,0,0,0,0,0,0,0,0
esmc6b_3di_nocompress,5,Q17194,3,3,3,3,3,3,0,0,0,0,0,0,0,0,0,0,0,0
esmc6b_3di_nocompress,5,Q17196,1,1,2,2,3,3,2,2,1,1,0,0,2,2,1,1,0,0
esmc6b_3di_nocompress,5,Q17QV3,1,1,1,1,1,1,0,0,0,0,0,0,0,0,0,0,0,0
esmc6b_3di_nocompress,5,Q18184,3,3,3,3,3,3,0,0,0,0,0,0,0,0,0,0,0,0
esmc6b_3di_nocompress,5,Q18234,1,1,1,1,1,1,0,0,0,0,0,0,1,1,1,1,1,1
esmc6b_3di_nocompress,5,Q18B22,1,1,1,1,1,1,0,0,0,0,0,0,1,1,1,1,1,1
esmc6b_3di_nocompress,5,Q1C5C7,0,0,0,1,1,1,1,1,1,0,0,0,2,2,2,1,1,1
esmc6b_3di_nocompress,5,Q1CKL2,0,0,0,1,1,1,1,1,1,0,0,0,2,2,2,1,1,1
esmc6b_3di_nocompress,5,Q1ELU4,6,9,10,10,10,10,4,1,0,0,0,0,4,1,0,0,0,0
esmc6b_3di_nocompress,5,Q1ELU5,7,8,12,12,12,12,5,4,0,0,0,0,5,4,0,0,0,0
esmc6b_3di_nocompress,5,Q1ELU7,2,2,2,3,3,3,1,1,1,0,0,0,1,1,1,0,0,0
esmc6b_3di_nocompress,5,Q1ELU8,1,1,1,1,1,1,2,2,2,2,2,2,3,3,3,3,3,3
esmc6b_3di_nocompress,5,Q1JPW9,0,0,1,1,1,1,1,1,0,0,0,0,2,2,1,1,1,1
esmc6b_3di_nocompress,5,Q1KLX1,0,0,0,0,0,0,1,1,1,1,1,1,0,0,0,0,0,0
esmc6b_3di_nocompress,5,Q1KLX2,0,0,0,0,0,0,1,1,1,1,1,1,0,0,0,0,0,0
esmc6b_3di_nocompress,5,Q1KLX3,0,0,0,0,0,0,1,1,1,1,1,1,0,0,0,0,0,0
esmc6b_3di_nocompress,5,Q1KLX4,1,1,1,1,1,1,0,0,0,0,0,0,0,0,0,0,0,0
esmc6b_3di_nocompress,5,Q1KLX5,0,0,0,0,0,0,1,1,1,1,1,1,0,0,0,0,0,0
esmc6b_3di_nocompress,5,Q1KLX6,1,1,1,1,1,1,0,0,0,0,0,0,0,0,0,0,0,0
esmc6b_3di_nocompress,5,Q1KLX7,1,1,1,1,1,1,0,0,0,0,0,0,0,0,0,0,0,0
esmc6b_3di_nocompress,5,Q1KLX8,0,0,0,0,0,0,1,1,1,1,1,1,0,0,0,0,0,0
esmc6b_3di_nocompress,5,Q1KLY0,0,0,0,0,0,0,1,1,1,1,1,1,0,0,0,0,0,0
esmc6b_3di_nocompress,5,Q1KLY2,0,0,0,0,0,0,1,1,1,1,1,1,0,0,0,0,0,0
esmc6b_3di_nocompress,5,Q1KLY3,0,0,0,0,0,0,1,1,1,1,1,1,0,0,0,0,0,0
esmc6b_3di_nocompress,5,Q1KLY4,0,0,0,0,0,0,1,1,1,1,1,1,0,0,0,0,0,0
esmc6b_3di_nocompress,5,Q1KLY5,0,0,0,0,0,0,1,1,1,1,1,1,0,0,0,0,0,0
esmc6b_3di_nocompress,5,Q1KLY6,0,0,0,0,0,0,1,1,1,1,1,1,0,0,0,0,0,0
esmc6b_3di_nocompress,5,Q1KLY7,0,1,1,1,1,1,1,0,0,0,0,0,1,0,0,0,0,0
esmc6b_3di_nocompress,5,Q1KLY8,0,1,1,1,1,1,1,0,0,0,0,0,1,0,0,0,0,0
esmc6b_3di_nocompress,5,Q1PFD8,1,1,1,1,1,1,0,0,0,0,0,0,0,0,0,0,0,0
esmc6b_3di_nocompress,5,Q24238,1,1,1,1,1,1,0,0,0,0,0,0,0,0,0,0,0,0
esmc6b_3di_nocompress,5,Q25413,16,17,17,17,17,17,2,1,1,1,1,1,4,3,3,3,3,3
esmc6b_3di_nocompress,5,Q27173,1,1,1,1,1,1,0,0,0,0,0,0,1,1,1,1,1,1
esmc6b_3di_nocompress,5,Q27174,0,0,0,1,1,1,1,1,1,0,0,0,2,2,2,1,1,1
esmc6b_3di_nocompress,5,Q27181,0,0,0,1,1,1,1,1,1,0,0,0,2,2,2,1,1,1
esmc6b_3di_nocompress,5,Q27677,1,1,1,1,1,1,0,0,0,0,0,0,0,0,0,0,0,0
esmc6b_3di_nocompress,5,Q28HK1,0,0,1,1,1,1,1,1,0,0,0,0,1,1,0,0,0,0
esmc6b_3di_nocompress,5,Q29486,0,0,0,1,1,1,1,1,1,0,0,0,1,1,1,0,0,0
esmc6b_3di_nocompress,5,Q295C6,2,2,2,2,2,2,3,3,3,3,3,3,0,0,0,0,0,0
esmc6b_3di_nocompress,5,Q29B55,1,2,2,2,2,2,1,0,0,0,0,0,1,0,0,0,0,0
esmc6b_3di_nocompress,5,Q29W19,1,1,1,1,1,1,1,1,1,1,1,1,0,0,0,0,0,0
esmc6b_3di_nocompress,5,Q2FG82,1,1,1,1,1,1,0,0,0,0,0,0,1,1,1,1,1,1
esmc6b_3di_nocompress,5,Q2FUW9,1,1,1,1,1,1,0,0,0,0,0,0,0,0,0,0,0,0
esmc6b_3di_nocompress,5,Q2FXT0,1,1,1,1,1,1,0,0,0,0,0,0,1,1,1,1,1,1
esmc6b_3di_nocompress,5,Q2HYY9,0,0,1,1,1,1,1,1,0,0,0,0,1,1,0,0,0,0
esmc6b_3di_nocompress,5,Q2IAL6,0,0,0,0,1,1,1,1,1,1,0,0,1,1,1,1,0,0
esmc6b_3di_nocompress,5,Q2IAL7,0,0,0,0,1,1,1,1,1,1,0,0,1,1,1,1,0,0
esmc6b_3di_nocompress,5,Q2KJI7,0,0,0,0,1,1,1,1,1,1,0,0,1,1,1,1,0,0
esmc6b_3di_nocompress,5,Q2NIJ9,1,1,1,1,1,1,0,0,0,0,0,0,1,1,1,1,1,1
esmc6b_3di_nocompress,5,Q2SS74,1,1,1,1,1,1,0,0,0,0,0,0,1,1,1,1,1,1
esmc6b_3di_nocompress,5,Q2TA14,0,0,0,0,0,0,1,1,1,1,1,1,1,1,1,1,1,1
esmc6b_3di_nocompress,5,Q2YT85,1,1,1,1,1,1,0,0,0,0,0,0,1,1,1,1,1,1
esmc6b_3di_nocompress,5,Q32ZI4,1,1,1,1,1,1,0,0,0,0,0,0,0,0,0,0,0,0
esmc6b_3di_nocompress,5,Q39131,0,1,1,1,1,1,1,0,0,0,0,0,1,0,0,0,0,0
esmc6b_3di_nocompress,5,Q39962,0,0,0,0,0,0,1,1,1,1,1,1,0,0,0,0,0,0
esmc6b_3di_nocompress,5,Q3C255,0,0,1,1,1,1,1,1,0,0,0,0,1,1,0,0,0,0
esmc6b_3di_nocompress,5,Q3C256,0,0,1,1,1,1,1,1,0,0,0,0,1,1,0,0,0,0
esmc6b_3di_nocompress,5,Q3SB03,0,0,0,0,0,0,1,1,1,1,1,1,0,0,0,0,0,0
esmc6b_3di_nocompress,5,Q3SB04,0,0,0,0,0,0,1,1,1,1,1,1,0,0,0,0,0,0
esmc6b_3di_nocompress,5,Q3SB05,0,0,0,0,0,0,1,1,1,1,1,1,0,0,0,0,0,0
esmc6b_3di_nocompress,5,Q3SB06,0,0,0,0,0,0,1,1,1,1,1,1,0,0,0,0,0,0
esmc6b_3di_nocompress,5,Q3SB07,0,0,0,0,0,0,1,1,1,1,1,1,0,0,0,0,0,0
esmc6b_3di_nocompress,5,Q40987,0,0,0,0,0,0,1,1,1,1,1,1,1,1,1,1,1,1
esmc6b_3di_nocompress,5,Q41114,0,0,0,0,0,0,1,1,1,1,1,1,0,0,0,0,0,0
esmc6b_3di_nocompress,5,Q42460,0,1,1,1,1,1,1,0,0,0,0,0,1,0,0,0,0,0
esmc6b_3di_nocompress,5,Q48501,2,2,2,2,2,2,0,0,0,0,0,0,0,0,0,0,0,0
esmc6b_3di_nocompress,5,Q49Y83,1,1,1,1,1,1,0,0,0,0,0,0,1,1,1,1,1,1
esmc6b_3di_nocompress,5,Q4L6Z1,1,1,1,1,1,1,0,0,0,0,0,0,1,1,1,1,1,1
esmc6b_3di_nocompress,5,Q4PSZ8,0,0,0,0,0,0,1,1,1,1,1,1,1,1,1,1,1,1
esmc6b_3di_nocompress,5,Q4WFV6,1,1,1,1,1,1,0,0,0,0,0,0,0,0,0,0,0,0
esmc6b_3di_nocompress,5,Q4WI46,1,1,1,1,1,1,0,0,0,0,0,0,0,0,0,0,0,0
esmc6b_3di_nocompress,5,Q53I06,1,1,1,1,1,1,0,0,0,0,0,0,0,0,0,0,0,0
esmc6b_3di_nocompress,5,Q54EQ7,1,1,1,1,1,1,0,0,0,0,0,0,0,0,0,0,0,0
esmc6b_3di_nocompress,5,Q58D68,1,1,1,1,1,1,0,0,0,0,0,0,0,0,0,0,0,0
esmc6b_3di_nocompress,5,Q59PF9,0,0,0,0,1,1,1,1,1,1,0,0,1,1,1,1,0,0
esmc6b_3di_nocompress,5,Q59SU1,1,1,1,1,1,1,0,0,0,0,0,0,0,0,0,0,0,0
esmc6b_3di_nocompress,5,Q59XB0,1,1,1,1,1,1,0,0,0,0,0,0,0,0,0,0,0,0
esmc6b_3di_nocompress,5,Q5A029,1,1,1,1,1,1,0,0,0,0,0,0,0,0,0,0,0,0
esmc6b_3di_nocompress,5,Q5A210,1,1,1,1,1,1,0,0,0,0,0,0,0,0,0,0,0,0
esmc6b_3di_nocompress,5,Q5A651,0,1,1,1,1,1,1,0,0,0,0,0,2,1,1,1,1,1
esmc6b_3di_nocompress,5,Q5A6M2,1,1,1,1,1,1,0,0,0,0,0,0,0,0,0,0,0,0
esmc6b_3di_nocompress,5,Q5A6U1,1,1,1,1,1,1,0,0,0,0,0,0,0,0,0,0,0,0
esmc6b_3di_nocompress,5,Q5ACP5,0,0,0,0,0,0,1,1,1,1,1,1,0,0,0,0,0,0
esmc6b_3di_nocompress,5,Q5AD34,1,1,1,1,1,1,0,0,0,0,0,0,0,0,0,0,0,0
esmc6b_3di_nocompress,5,Q5AJC0,1,1,1,1,1,1,0,0,0,0,0,0,0,0,0,0,0,0
esmc6b_3di_nocompress,5,Q5AL03,1,1,1,1,1,1,0,0,0,0,0,0,0,0,0,0,0,0
esmc6b_3di_nocompress,5,Q5BIV7,1,1,1,1,1,1,0,0,0,0,0,0,2,2,2,2,2,2
esmc6b_3di_nocompress,5,Q5BIV9,0,1,1,1,1,1,1,0,0,0,0,0,2,1,1,1,1,1
esmc6b_3di_nocompress,5,Q5BKW7,1,1,1,1,1,1,0,0,0,0,0,0,0,0,0,0,0,0
esmc6b_3di_nocompress,5,Q5CZK6,1,1,1,1,1,1,1,1,1,1,1,1,1,1,1,1,1,1
esmc6b_3di_nocompress,5,Q5E9X0,0,1,1,1,1,1,1,0,0,0,0,0,1,0,0,0,0,0
esmc6b_3di_nocompress,5,Q5G234,0,0,0,0,0,0,1,1,1,1,1,1,1,1,1,1,1,1
esmc6b_3di_nocompress,5,Q5HFB8,1,1,1,1,1,1,0,0,0,0,0,0,1,1,1,1,1,1
esmc6b_3di_nocompress,5,Q5HNQ6,1,1,1,1,1,1,0,0,0,0,0,0,1,1,1,1,1,1
esmc6b_3di_nocompress,5,Q5JNJ5,0,0,0,0,0,0,1,1,1,1,1,1,1,1,1,1,1,1
esmc6b_3di_nocompress,5,Q5KWP3,1,1,1,1,1,1,0,0,0,0,0,0,1,1,1,1,1,1
esmc6b_3di_nocompress,5,Q5M158,1,1,1,1,1,1,0,0,0,0,0,0,0,0,0,0,0,0
esmc6b_3di_nocompress,5,Q5PU89,1,1,1,1,1,1,0,0,0,0,0,0,0,0,0,0,0,0
esmc6b_3di_nocompress,5,Q5RAD6,0,0,0,1,1,1,1,1,1,0,0,0,1,1,1,0,0,0
esmc6b_3di_nocompress,5,Q5RB45,0,1,1,1,1,1,1,0,0,0,0,0,1,0,0,0,0,0
esmc6b_3di_nocompress,5,Q5RBU7,0,0,0,0,1,1,1,1,1,1,0,0,1,1,1,1,0,0
esmc6b_3di_nocompress,5,Q5WES5,1,1,1,1,1,1,0,0,0,0,0,0,1,1,1,1,1,1
esmc6b_3di_nocompress,5,Q5XCS5,1,1,1,1,1,1,0,0,0,0,0,0,0,0,0,0,0,0
esmc6b_3di_nocompress,5,Q5XIF4,1,1,1,1,1,1,0,0,0,0,0,0,0,0,0,0,0,0
esmc6b_3di_nocompress,5,Q5Z9C8,1,1,1,1,1,1,0,0,0,0,0,0,0,0,0,0,0,0
esmc6b_3di_nocompress,5,Q60E70,1,1,1,1,1,1,0,0,0,0,0,0,0,0,0,0,0,0
esmc6b_3di_nocompress,5,Q61207,1,1,1,1,1,1,2,2,2,2,2,2,1,1,1,1,1,1
esmc6b_3di_nocompress,5,Q61247,0,0,0,0,0,0,1,1,1,1,1,1,0,0,0,0,0,0
esmc6b_3di_nocompress,5,Q61847,0,0,1,1,1,1,1,1,0,0,0,0,1,1,0,0,0,0
esmc6b_3di_nocompress,5,Q62997,0,0,0,0,0,0,1,1,1,1,1,1,1,1,1,1,1,1
esmc6b_3di_nocompress,5,Q634A1,1,1,1,1,1,1,0,0,0,0,0,0,1,1,1,1,1,1
esmc6b_3di_nocompress,5,Q64171,1,1,1,1,1,2,1,1,1,1,1,0,1,1,1,1,1,0
esmc6b_3di_nocompress,5,Q64230,1,1,1,1,1,1,0,0,0,0,0,0,0,0,0,0,0,0
esmc6b_3di_nocompress,5,Q64339,1,1,1,1,1,1,0,0,0,0,0,0,0,0,0,0,0,0
esmc6b_3di_nocompress,5,Q65DC2,1,1,1,1,1,1,0,0,0,0,0,0,0,0,0,0,0,0
esmc6b_3di_nocompress,5,Q65GM5,1,1,1,1,1,1,0,0,0,0,0,0,1,1,1,1,1,1
esmc6b_3di_nocompress,5,Q667N8,0,0,0,1,1,1,1,1,1,0,0,0,2,2,2,1,1,1
esmc6b_3di_nocompress,5,Q66IA6,1,1,1,1,1,1,0,0,0,0,0,0,0,0,0,0,0,0
esmc6b_3di_nocompress,5,Q67SC7,1,1,1,1,1,1,0,0,0,0,0,0,1,1,1,1,1,1
esmc6b_3di_nocompress,5,Q6DDP3,1,1,1,1,1,1,0,0,0,0,0,0,0,0,0,0,0,0
esmc6b_3di_nocompress,5,Q6E3K9,0,0,0,1,1,1,1,1,1,0,0,0,1,1,1,0,0,0
esmc6b_3di_nocompress,5,Q6ECK6,1,3,3,3,3,3,3,1,1,1,1,1,2,0,0,0,0,0
esmc6b_3di_nocompress,5,Q6F125,1,1,1,1,1,1,0,0,0,0,0,0,1,1,1,1,1,1
esmc6b_3di_nocompress,5,Q6G8S4,1,1,1,1,1,1,0,0,0,0,0,0,1,1,1,1,1,1
esmc6b_3di_nocompress,5,Q6GG59,1,1,1,1,1,1,0,0,0,0,0,0,1,1,1,1,1,1
esmc6b_3di_nocompress,5,Q6HD83,1,1,1,1,1,1,0,0,0,0,0,0,1,1,1,1,1,1
esmc6b_3di_nocompress,5,Q6IV23,0,0,0,0,0,0,1,1,1,1,1,1,1,1,1,1,1,1
esmc6b_3di_nocompress,5,Q6IV26,0,0,0,0,0,0,1,1,1,1,1,1,1,1,1,1,1,1
esmc6b_3di_nocompress,5,Q6LZM3,1,1,1,1,1,1,0,0,0,0,0,0,0,0,0,0,0,0
esmc6b_3di_nocompress,5,Q6MT50,1,1,1,1,1,1,0,0,0,0,0,0,1,1,1,1,1,1
esmc6b_3di_nocompress,5,Q6NLD7,0,1,1,1,1,1,1,0,0,0,0,0,2,1,1,1,1,1
esmc6b_3di_nocompress,5,Q6NLF7,0,0,1,1,1,1,1,1,0,0,0,0,1,1,0,0,0,0
esmc6b_3di_nocompress,5,Q6NNL3,1,1,1,1,1,1,0,0,0,0,0,0,0,0,0,0,0,0
esmc6b_3di_nocompress,5,Q6NUJ1,0,0,0,0,0,0,5,5,5,5,5,5,0,0,0,0,0,0
esmc6b_3di_nocompress,5,Q6NWB6,0,0,0,0,0,0,1,1,1,1,1,1,1,1,1,1,1,1
esmc6b_3di_nocompress,5,Q6QLQ5,0,0,0,0,1,1,1,1,1,1,0,0,1,1,1,1,0,0
esmc6b_3di_nocompress,5,Q6QLR1,0,0,0,0,0,0,1,1,1,1,1,1,1,1,1,1,1,1
esmc6b_3di_nocompress,5,Q6QWR1,0,0,0,0,0,0,1,1,1,1,1,1,0,0,0,0,0,0
esmc6b_3di_nocompress,5,Q6RUW3,2,2,2,2,2,2,0,0,0,0,0,0,0,0,0,0,0,0
esmc6b_3di_nocompress,5,Q6UG02,0,0,0,0,0,0,1,1,1,1,1,1,1,1,1,1,1,1
esmc6b_3di_nocompress,5,Q6UQ28,0,0,0,0,0,0,1,1,1,1,1,1,1,1,1,1,1,1
esmc6b_3di_nocompress,5,Q6UWR7,1,1,1,1,1,1,0,0,0,0,0,0,0,0,0,0,0,0
esmc6b_3di_nocompress,5,Q6UX82,0,0,0,0,0,0,1,1,1,1,1,1,1,1,1,1,1,1
esmc6b_3di_nocompress,5,Q6XMH8,0,0,1,1,1,1,2,2,1,1,1,1,2,2,1,1,1,1
esmc6b_3di_nocompress,5,Q6Y4S4,0,0,0,0,0,0,1,1,1,1,1,1,2,2,2,2,2,2
esmc6b_3di_nocompress,5,Q6YRC7,1,1,1,1,1,1,0,0,0,0,0,0,1,1,1,1,1,1
esmc6b_3di_nocompress,5,Q6Z4G7,1,1,1,1,1,1,0,0,0,0,0,0,0,0,0,0,0,0
esmc6b_3di_nocompress,5,Q6Z4G8,0,1,1,1,1,1,1,0,0,0,0,0,1,0,0,0,0,0
esmc6b_3di_nocompress,5,Q71ZD0,1,1,1,1,1,1,0,0,0,0,0,0,0,0,0,0,0,0
esmc6b_3di_nocompress,5,Q72ZY3,1,1,1,1,1,1,0,0,0,0,0,0,1,1,1,1,1,1
esmc6b_3di_nocompress,5,Q74IL5,1,1,1,1,1,1,0,0,0,0,0,0,0,0,0,0,0,0
esmc6b_3di_nocompress,5,Q75UG5,1,1,1,1,1,1,1,1,1,1,1,1,2,2,2,2,2,2
esmc6b_3di_nocompress,5,Q75WG7,1,1,1,1,1,1,0,0,0,0,0,0,0,0,0,0,0,0
esmc6b_3di_nocompress,5,Q75WH2,1,1,2,2,2,2,1,1,0,0,0,0,1,1,0,0,0,0
esmc6b_3di_nocompress,5,Q75WH4,1,1,1,1,1,1,0,0,0,0,0,0,0,0,0,0,0,0
esmc6b_3di_nocompress,5,Q75WH5,1,1,1,1,1,1,0,0,0,0,0,0,1,1,1,1,1,1
esmc6b_3di_nocompress,5,Q75WH6,1,1,1,1,1,1,0,0,0,0,0,0,1,1,1,1,1,1
esmc6b_3di_nocompress,5,Q765Z4,1,1,1,1,1,1,0,0,0,0,0,0,0,0,0,0,0,0
esmc6b_3di_nocompress,5,Q76CL2,1,1,1,1,1,1,1,1,1,1,1,1,1,1,1,1,1,1
esmc6b_3di_nocompress,5,Q7JGL8,0,0,0,0,0,0,2,2,2,2,2,2,1,1,1,1,1,1
esmc6b_3di_nocompress,5,Q7JGL9,0,0,0,0,0,0,2,2,2,2,2,2,1,1,1,1,1,1
esmc6b_3di_nocompress,5,Q7JGM0,0,0,0,0,0,0,2,2,2,2,2,2,1,1,1,1,1,1
esmc6b_3di_nocompress,5,Q7JGM1,0,0,0,0,0,0,2,2,2,2,2,2,1,1,1,1,1,1
esmc6b_3di_nocompress,5,Q7JGM2,0,0,0,0,0,0,2,2,2,2,2,2,1,1,1,1,1,1
esmc6b_3di_nocompress,5,Q7KUD5,1,1,1,2,2,3,2,2,2,1,1,0,2,2,2,1,1,0
esmc6b_3di_nocompress,5,Q7M3V5,2,2,2,2,2,2,0,0,0,0,0,0,0,0,0,0,0,0
esmc6b_3di_nocompress,5,Q7NBB0,1,1,1,1,1,1,0,0,0,0,0,0,1,1,1,1,1,1
esmc6b_3di_nocompress,5,Q7Q7R8,1,1,1,1,1,1,0,0,0,0,0,0,1,1,1,1,1,1
esmc6b_3di_nocompress,5,Q7TMR0,0,0,0,0,0,0,1,1,1,1,1,1,1,1,1,1,1,1
esmc6b_3di_nocompress,5,Q7TQN2,0,1,1,1,1,1,1,0,0,0,0,0,1,0,0,0,0,0
esmc6b_3di_nocompress,5,Q7TSB7,0,0,0,0,0,0,1,1,1,1,1,1,2,2,2,2,2,2
esmc6b_3di_nocompress,5,Q7XR91,0,0,0,0,0,0,1,1,1,1,1,1,1,1,1,1,1,1
esmc6b_3di_nocompress,5,Q7YXK5,0,0,1,1,1,1,1,1,0,0,0,0,1,1,0,0,0,0
esmc6b_3di_nocompress,5,Q803Y4,1,1,1,1,1,1,0,0,0,0,0,0,0,0,0,0,0,0
esmc6b_3di_nocompress,5,Q817U4,1,1,1,1,1,1,0,0,0,0,0,0,1,1,1,1,1,1
esmc6b_3di_nocompress,5,Q81LE8,1,1,1,1,1,1,0,0,0,0,0,0,1,1,1,1,1,1
esmc6b_3di_nocompress,5,Q836X4,1,1,1,1,1,1,0,0,0,0,0,0,1,1,1,1,1,1
esmc6b_3di_nocompress,5,Q83RD2,0,1,1,1,1,1,1,0,0,0,0,0,1,0,0,0,0,0
esmc6b_3di_nocompress,5,Q84JV2,0,0,0,0,0,1,1,1,1,1,1,0,1,1,1,1,1,0
esmc6b_3di_nocompress,5,Q84W98,1,1,1,1,1,1,0,0,0,0,0,0,0,0,0,0,0,0
esmc6b_3di_nocompress,5,Q86C51,1,1,1,1,1,1,0,0,0,0,0,0,1,1,1,1,1,1
esmc6b_3di_nocompress,5,Q86MA7,31,32,32,32,32,32,34,33,33,33,33,33,4,3,3,3,3,3
esmc6b_3di_nocompress,5,Q86QN6,0,1,1,1,1,1,1,0,0,0,0,0,1,0,0,0,0,0
esmc6b_3di_nocompress,5,Q86UU9,1,2,3,3,3,3,3,2,1,1,1,1,2,1,0,0,0,0
esmc6b_3di_nocompress,5,Q86Y78,0,0,0,0,1,1,1,1,1,1,0,0,1,1,1,1,0,0
esmc6b_3di_nocompress,5,Q88WN3,1,1,1,1,1,1,0,0,0,0,0,0,1,1,1,1,1,1
esmc6b_3di_nocompress,5,Q892N6,1,1,1,1,1,1,0,0,0,0,0,0,0,0,0,0,0,0
esmc6b_3di_nocompress,5,Q8AVA3,0,0,0,0,0,0,1,1,1,1,1,1,0,0,0,0,0,0
esmc6b_3di_nocompress,5,Q8AVA4,0,0,0,0,0,0,1,1,1,1,1,1,0,0,0,0,0,0
esmc6b_3di_nocompress,5,Q8BGN3,0,1,1,1,1,1,1,0,0,0,0,0,1,0,0,0,0,0
esmc6b_3di_nocompress,5,Q8BGN6,0,0,0,0,0,0,1,1,1,1,1,1,1,1,1,1,1,1
esmc6b_3di_nocompress,5,Q8BH61,0,1,1,1,1,1,1,0,0,0,0,0,1,0,0,0,0,0
esmc6b_3di_nocompress,5,Q8BJ48,0,0,0,0,0,0,1,1,1,1,1,1,0,0,0,0,0,0
esmc6b_3di_nocompress,5,Q8BPP5,0,0,0,0,1,1,1,1,1,1,0,0,1,1,1,1,0,0
esmc6b_3di_nocompress,5,Q8BWU1,1,1,1,1,1,1,0,0,0,0,0,0,2,2,2,2,2,2
esmc6b_3di_nocompress,5,Q8C1C1,0,0,0,0,0,0,5,5,5,5,5,5,0,0,0,0,0,0
esmc6b_3di_nocompress,5,Q8CFZ4,1,1,1,1,1,1,0,0,0,0,0,0,0,0,0,0,0,0
esmc6b_3di_nocompress,5,Q8CH01,1,1,1,1,1,1,1,1,1,1,1,1,0,0,0,0,0,0
esmc6b_3di_nocompress,5,Q8CS89,1,1,1,1,1,1,0,0,0,0,0,0,1,1,1,1,1,1
esmc6b_3di_nocompress,5,Q8CW15,0,0,0,0,0,0,1,1,1,1,1,1,0,0,0,0,0,0
esmc6b_3di_nocompress,5,Q8DUQ4,1,1,1,1,1,1,0,0,0,0,0,0,0,0,0,0,0,0
esmc6b_3di_nocompress,5,Q8DYV5,1,1,1,1,1,1,0,0,0,0,0,0,0,0,0,0,0,0
esmc6b_3di_nocompress,5,Q8E4G3,1,1,1,1,1,1,0,0,0,0,0,0,0,0,0,0,0,0
esmc6b_3di_nocompress,5,Q8EPP8,1,1,1,1,1,1,0,0,0,0,0,0,0,0,0,0,0,0
esmc6b_3di_nocompress,5,Q8EVW5,1,1,1,1,1,1,0,0,0,0,0,0,1,1,1,1,1,1
esmc6b_3di_nocompress,5,Q8GCB2,1,1,1,1,1,1,0,0,0,0,0,0,0,0,0,0,0,0
esmc6b_3di_nocompress,5,Q8GTM0,0,0,1,1,1,1,1,1,0,0,0,0,1,1,0,0,0,0
esmc6b_3di_nocompress,5,Q8H6Q0,0,0,1,1,1,1,1,1,0,0,0,0,1,1,0,0,0,0
esmc6b_3di_nocompress,5,Q8H6Q1,0,0,1,1,1,1,1,1,0,0,0,0,1,1,0,0,0,0
esmc6b_3di_nocompress,5,Q8HYC2,1,1,1,1,1,1,0,0,0,0,0,0,0,0,0,0,0,0
esmc6b_3di_nocompress,5,Q8I423,0,0,0,0,0,0,1,1,1,1,1,1,1,1,1,1,1,1
esmc6b_3di_nocompress,5,Q8ILP3,0,1,1,1,1,1,1,0,0,0,0,0,1,0,0,0,0,0
esmc6b_3di_nocompress,5,Q8IV16,0,0,1,1,1,1,1,1,0,0,0,0,1,1,0,0,0,0
esmc6b_3di_nocompress,5,Q8J136,0,0,0,0,0,0,1,1,1,1,1,1,1,1,1,1,1,1
esmc6b_3di_nocompress,5,Q8J2V8,0,0,0,1,1,1,1,1,1,0,0,0,1,1,1,0,0,0
esmc6b_3di_nocompress,5,Q8JZQ2,0,0,0,0,0,1,1,1,1,1,1,0,1,1,1,1,1,0
esmc6b_3di_nocompress,5,Q8JZU2,0,0,0,1,1,1,1,1,1,0,0,0,1,1,1,0,0,0
esmc6b_3di_nocompress,5,Q8L6Z5,1,1,1,1,1,1,0,0,0,0,0,0,0,0,0,0,0,0
esmc6b_3di_nocompress,5,Q8L8Q7,1,1,1,1,1,1,0,0,0,0,0,0,0,0,0,0,0,0
esmc6b_3di_nocompress,5,Q8LA14,1,1,1,1,1,1,0,0,0,0,0,0,0,0,0,0,0,0
esmc6b_3di_nocompress,5,Q8LC95,0,0,1,1,1,1,1,1,0,0,0,0,1,1,0,0,0,0
esmc6b_3di_nocompress,5,Q8LD63,1,1,1,1,1,1,0,0,0,0,0,0,0,0,0,0,0,0
esmc6b_3di_nocompress,5,Q8LEE9,1,1,1,1,1,1,0,0,0,0,0,0,0,0,0,0,0,0
esmc6b_3di_nocompress,5,Q8LEJ6,1,1,1,1,1,1,0,0,0,0,0,0,0,0,0,0,0,0
esmc6b_3di_nocompress,5,Q8MP00,1,1,1,1,1,1,0,0,0,0,0,0,1,1,1,1,1,1
esmc6b_3di_nocompress,5,Q8NI32,0,0,1,1,1,1,1,1,0,0,0,0,1,1,0,0,0,0
esmc6b_3di_nocompress,5,Q8QGP7,0,0,0,1,1,1,2,2,2,1,1,1,2,2,2,1,1,1
esmc6b_3di_nocompress,5,Q8R182,1,1,1,1,1,1,0,0,0,0,0,0,0,0,0,0,0,0
esmc6b_3di_nocompress,5,Q8RBA7,1,1,1,1,1,1,0,0,0,0,0,0,1,1,1,1,1,1
esmc6b_3di_nocompress,5,Q8REI3,1,1,1,1,1,1,0,0,0,0,0,0,0,0,0,0,0,0
esmc6b_3di_nocompress,5,Q8T112,2,2,2,2,2,2,0,0,0,0,0,0,0,0,0,0,0,0
esmc6b_3di_nocompress,5,Q8T1G4,0,0,0,0,0,0,1,1,1,1,1,1,0,0,0,0,0,0
esmc6b_3di_nocompress,5,Q8T1G5,0,0,0,0,0,0,1,1,1,1,1,1,0,0,0,0,0,0
esmc6b_3di_nocompress,5,Q8T1G6,0,0,0,0,0,0,1,1,1,1,1,1,0,0,0,0,0,0
esmc6b_3di_nocompress,5,Q8VXF2,0,0,1,1,1,1,2,2,1,1,1,1,1,1,0,0,0,0
esmc6b_3di_nocompress,5,Q8WVF2,0,0,0,0,0,0,1,1,1,1,1,1,0,0,0,0,0,0
esmc6b_3di_nocompress,5,Q8X783,0,0,0,0,0,0,1,1,1,1,1,1,0,0,0,0,0,0
esmc6b_3di_nocompress,5,Q8XIJ1,1,1,1,1,1,1,0,0,0,0,0,0,1,1,1,1,1,1
esmc6b_3di_nocompress,5,Q8ZDC4,0,0,0,1,1,1,1,1,1,0,0,0,2,2,2,1,1,1
esmc6b_3di_nocompress,5,Q8ZPK9,0,0,0,0,0,0,1,1,1,1,1,1,0,0,0,0,0,0
esmc6b_3di_nocompress,5,Q90WF4,2,2,2,2,2,2,0,0,0,0,0,0,0,0,0,0,0,0
esmc6b_3di_nocompress,5,Q91V70,0,0,0,1,1,1,1,1,1,0,0,0,1,1,1,0,0,0
esmc6b_3di_nocompress,5,Q91V82,0,0,0,1,1,1,1,1,1,0,0,0,1,1,1,0,0,0
esmc6b_3di_nocompress,5,Q92058,0,1,1,1,1,1,1,0,0,0,0,0,1,0,0,0,0,0
esmc6b_3di_nocompress,5,Q924B5,1,1,1,1,1,1,0,0,0,0,0,0,0,0,0,0,0,0
esmc6b_3di_nocompress,5,Q931Q3,1,1,1,1,1,1,0,0,0,0,0,0,1,1,1,1,1,1
esmc6b_3di_nocompress,5,Q93MH4,0,0,0,0,0,0,1,1,1,1,1,1,0,0,0,0,0,0
esmc6b_3di_nocompress,5,Q93MH6,0,0,0,0,0,0,1,1,1,1,1,1,0,0,0,0,0,0
esmc6b_3di_nocompress,5,Q93WH6,0,0,1,1,1,1,2,2,1,1,1,1,1,1,0,0,0,0
esmc6b_3di_nocompress,5,Q93X49,0,0,1,1,1,1,2,2,1,1,1,1,1,1,0,0,0,0
esmc6b_3di_nocompress,5,Q93XK2,0,0,0,0,0,0,1,1,1,1,1,1,0,0,0,0,0,0
esmc6b_3di_nocompress,5,Q941C5,1,1,1,1,1,1,0,0,0,0,0,0,0,0,0,0,0,0
esmc6b_3di_nocompress,5,Q94BT2,1,1,1,1,1,1,0,0,0,0,0,0,0,0,0,0,0,0
esmc6b_3di_nocompress,5,Q94DM8,1,1,1,1,1,1,0,0,0,0,0,0,0,0,0,0,0,0
esmc6b_3di_nocompress,5,Q94EY2,1,1,1,1,1,1,0,0,0,0,0,0,1,1,1,1,1,1
esmc6b_3di_nocompress,5,Q94F08,1,1,1,1,1,1,0,0,0,0,0,0,0,0,0,0,0,0
esmc6b_3di_nocompress,5,Q94KT8,1,1,1,1,1,1,0,0,0,0,0,0,0,0,0,0,0,0
esmc6b_3di_nocompress,5,Q95J18,0,0,0,0,0,0,2,2,2,2,2,2,1,1,1,1,1,1
esmc6b_3di_nocompress,5,Q95J22,0,0,0,0,0,0,2,2,2,2,2,2,1,1,1,1,1,1
esmc6b_3di_nocompress,5,Q95J24,0,0,0,0,0,0,2,2,2,2,2,2,1,1,1,1,1,1
esmc6b_3di_nocompress,5,Q95J46,1,1,1,1,1,1,0,0,0,0,0,0,0,0,0,0,0,0
esmc6b_3di_nocompress,5,Q95M66,0,0,0,0,0,0,2,2,2,2,2,2,0,0,0,0,0,0
esmc6b_3di_nocompress,5,Q95P48,5,5,5,5,5,5,2,2,2,2,2,2,3,3,3,3,3,3
esmc6b_3di_nocompress,5,Q97JL5,1,1,1,1,1,1,0,0,0,0,0,0,0,0,0,0,0,0
esmc6b_3di_nocompress,5,Q99317,0,0,1,1,1,1,1,1,0,0,0,0,1,1,0,0,0,0
esmc6b_3di_nocompress,5,Q99319,0,0,1,1,1,1,1,1,0,0,0,0,1,1,0,0,0,0
esmc6b_3di_nocompress,5,Q99320,0,0,1,1,1,1,1,1,0,0,0,0,1,1,0,0,0,0
esmc6b_3di_nocompress,5,Q99MP5,1,1,1,1,1,1,0,0,0,0,0,0,0,0,0,0,0,0
esmc6b_3di_nocompress,5,Q99N14,0,1,1,1,1,1,2,1,1,1,1,1,1,0,0,0,0,0
esmc6b_3di_nocompress,5,Q9AR88,0,0,0,0,1,1,2,2,2,2,1,1,1,1,1,1,0,0
esmc6b_3di_nocompress,5,Q9BY14,0,1,1,1,1,1,1,0,0,0,0,0,1,0,0,0,0,0
esmc6b_3di_nocompress,5,Q9BZD6,0,0,0,0,0,0,1,1,1,1,1,1,0,0,0,0,0,0
esmc6b_3di_nocompress,5,Q9CA23,1,1,1,1,1,1,0,0,0,0,0,0,0,0,0,0,0,0
esmc6b_3di_nocompress,5,Q9CGL5,1,1,1,1,1,1,0,0,0,0,0,0,0,0,0,0,0,0
esmc6b_3di_nocompress,5,Q9D1N2,0,0,1,1,1,1,1,1,0,0,0,0,1,1,0,0,0,0
esmc6b_3di_nocompress,5,Q9D7F2,0,1,1,1,1,1,1,0,0,0,0,0,1,0,0,0,0,0
esmc6b_3di_nocompress,5,Q9D7S0,1,1,1,1,1,1,0,0,0,0,0,0,0,0,0,0,0,0
esmc6b_3di_nocompress,5,Q9DGK7,2,2,2,2,2,2,0,0,0,0,0,0,0,0,0,0,0,0
esmc6b_3di_nocompress,5,Q9EPI2,0,0,0,1,1,1,1,1,1,0,0,0,1,1,1,0,0,0
esmc6b_3di_nocompress,5,Q9EPS2,2,2,2,2,2,2,0,0,0,0,0,0,0,0,0,0,0,0
esmc6b_3di_nocompress,5,Q9FEB4,1,1,1,1,1,1,1,1,1,1,1,1,0,0,0,0,0,0
esmc6b_3di_nocompress,5,Q9FFH6,1,1,1,1,1,1,0,0,0,0,0,0,0,0,0,0,0,0
esmc6b_3di_nocompress,5,Q9FHQ6,0,1,1,1,1,1,1,0,0,0,0,0,1,0,0,0,0,0
esmc6b_3di_nocompress,5,Q9FIW0,0,0,0,0,0,0,2,2,2,2,2,2,3,3,3,3,3,3
esmc6b_3di_nocompress,5,Q9FIW1,0,0,0,0,0,0,2,2,2,2,2,2,2,2,2,2,2,2
esmc6b_3di_nocompress,5,Q9FRF9,0,0,0,0,0,0,2,2,2,2,2,2,1,1,1,1,1,1
esmc6b_3di_nocompress,5,Q9FS10,1,1,1,1,1,1,1,1,1,1,1,1,0,0,0,0,0,0
esmc6b_3di_nocompress,5,Q9GLV5,1,1,1,1,1,1,0,0,0,0,0,0,0,0,0,0,0,0
esmc6b_3di_nocompress,5,Q9GQV7,1,1,3,3,5,5,5,5,3,3,1,1,7,7,5,5,3,3
esmc6b_3di_nocompress,5,Q9GZZ7,0,0,1,1,1,1,1,1,0,0,0,0,1,1,0,0,0,0
esmc6b_3di_nocompress,5,Q9I8P2,1,1,1,1,1,1,1,1,1,1,1,1,1,1,1,1,1,1
esmc6b_3di_nocompress,5,Q9I8P3,2,2,2,2,2,2,0,0,0,0,0,0,0,0,0,0,0,0
esmc6b_3di_nocompress,5,Q9I9D3,1,1,1,1,1,1,1,1,1,1,1,1,0,0,0,0,0,0
esmc6b_3di_nocompress,5,Q9JJT2,0,0,0,1,1,1,1,1,1,0,0,0,1,1,1,0,0,0
esmc6b_3di_nocompress,5,Q9JMI7,1,1,1,1,1,1,0,0,0,0,0,0,0,0,0,0,0,0
esmc6b_3di_nocompress,5,Q9K8J7,1,1,1,1,1,1,0,0,0,0,0,0,1,1,1,1,1,1
esmc6b_3di_nocompress,5,Q9L5D6,0,0,0,0,0,0,1,1,1,1,1,1,0,0,0,0,0,0
esmc6b_3di_nocompress,5,Q9LE56,1,1,1,1,1,1,0,0,0,0,0,0,0,0,0,0,0,0
esmc6b_3di_nocompress,5,Q9LFW3,0,0,0,0,0,1,1,1,1,1,1,0,1,1,1,1,1,0
esmc6b_3di_nocompress,5,Q9LII0,0,0,0,0,0,0,1,1,1,1,1,1,1,1,1,1,1,1
esmc6b_3di_nocompress,5,Q9LJU1,1,1,1,1,1,1,0,0,0,0,0,0,0,0,0,0,0,0
esmc6b_3di_nocompress,5,Q9LMY9,1,1,1,1,1,1,1,1,1,1,1,1,0,0,0,0,0,0
esmc6b_3di_nocompress,5,Q9LUA1,1,1,1,1,1,1,0,0,0,0,0,0,0,0,0,0,0,0
esmc6b_3di_nocompress,5,Q9M0A1,1,1,1,1,1,1,0,0,0,0,0,0,0,0,0,0,0,0
esmc6b_3di_nocompress,5,Q9M2Y0,1,1,1,1,1,1,1,1,1,1,1,1,0,0,0,0,0,0
esmc6b_3di_nocompress,5,Q9MAC1,1,1,1,1,1,1,0,0,0,0,0,0,0,0,0,0,0,0
esmc6b_3di_nocompress,5,Q9MYK8,1,2,2,2,2,2,1,0,0,0,0,0,2,1,1,1,1,1
esmc6b_3di_nocompress,5,Q9N5R0,1,1,1,1,1,1,0,0,0,0,0,0,0,0,0,0,0,0
esmc6b_3di_nocompress,5,Q9NL82,13,14,14,14,14,14,3,2,2,2,2,2,3,2,2,2,2,2
esmc6b_3di_nocompress,5,Q9NL83,12,13,13,13,13,13,3,2,2,2,2,2,3,2,2,2,2,2
esmc6b_3di_nocompress,5,Q9P3E4,0,0,0,0,0,0,1,1,1,1,1,1,0,0,0,0,0,0
esmc6b_3di_nocompress,5,Q9PQT2,1,1,1,1,1,1,0,0,0,0,0,0,1,1,1,1,1,1
esmc6b_3di_nocompress,5,Q9PT98,2,2,2,2,2,2,0,0,0,0,0,0,0,0,0,0,0,0
esmc6b_3di_nocompress,5,Q9PT99,1,1,1,1,1,1,1,1,1,1,1,1,1,1,1,1,1,1
esmc6b_3di_nocompress,5,Q9PTA0,2,2,2,2,2,2,0,0,0,0,0,0,0,0,0,0,0,0
esmc6b_3di_nocompress,5,Q9PW68,2,2,2,2,2,2,0,0,0,0,0,0,0,0,0,0,0,0
esmc6b_3di_nocompress,5,Q9QUR8,0,0,0,0,0,0,1,1,1,1,1,1,1,1,1,1,1,1
esmc6b_3di_nocompress,5,Q9QZQ3,0,0,0,1,1,1,1,1,1,0,0,0,1,1,1,0,0,0
esmc6b_3di_nocompress,5,Q9QZQ4,0,0,0,1,1,1,1,1,1,0,0,0,1,1,1,0,0,0
esmc6b_3di_nocompress,5,Q9SIL7,0,0,1,1,1,1,1,1,0,0,0,0,1,1,0,0,0,0
esmc6b_3di_nocompress,5,Q9SJ81,0,1,1,1,1,1,1,0,0,0,0,0,1,0,0,0,0,0
esmc6b_3di_nocompress,5,Q9SK27,1,1,1,1,1,1,0,0,0,0,0,0,0,0,0,0,0,0
esmc6b_3di_nocompress,5,Q9SQN9,1,1,1,1,1,1,0,0,0,0,0,0,0,0,0,0,0,0
esmc6b_3di_nocompress,5,Q9SRT7,0,0,0,0,0,0,1,1,1,1,1,1,1,1,1,1,1,1
esmc6b_3di_nocompress,5,Q9SSG3,0,0,0,0,0,0,1,1,1,1,1,1,1,1,1,1,1,1
esmc6b_3di_nocompress,5,Q9STH5,1,1,1,1,1,1,0,0,0,0,0,0,0,0,0,0,0,0
esmc6b_3di_nocompress,5,Q9SZ51,1,1,1,1,1,1,0,0,0,0,0,0,0,0,0,0,0,0
esmc6b_3di_nocompress,5,Q9SZG4,0,0,0,0,0,0,2,2,2,2,2,2,0,0,0,0,0,0
esmc6b_3di_nocompress,5,Q9TR93,0,0,0,0,0,0,1,1,1,1,1,1,0,0,0,0,0,0
esmc6b_3di_nocompress,5,Q9TRM8,1,1,1,1,1,1,1,1,1,1,1,1,2,2,2,2,2,2
esmc6b_3di_nocompress,5,Q9UK23,0,0,0,0,0,0,1,1,1,1,1,1,0,0,0,0,0,0
esmc6b_3di_nocompress,5,Q9VET0,1,1,1,1,1,1,2,2,2,2,2,2,1,1,1,1,1,1
esmc6b_3di_nocompress,5,Q9VPR7,1,1,1,1,1,1,0,0,0,0,0,0,0,0,0,0,0,0
esmc6b_3di_nocompress,5,Q9VT52,0,0,1,1,1,1,3,3,2,2,2,2,3,3,2,2,2,2
esmc6b_3di_nocompress,5,Q9WTL0,1,1,1,1,1,1,0,0,0,0,0,0,0,0,0,0,0,0
esmc6b_3di_nocompress,5,Q9XSE2,1,1,1,1,1,1,0,0,0,0,0,0,0,0,0,0,0,0
esmc6b_3di_nocompress,5,Q9XSW6,2,2,2,2,2,2,0,0,0,0,0,0,0,0,0,0,0,0
esmc6b_3di_nocompress,5,Q9Y4W6,0,0,0,0,1,1,1,1,1,1,0,0,1,1,1,1,0,0
esmc6b_3di_nocompress,5,Q9Z172,1,1,1,1,1,1,0,0,0,0,0,0,0,0,0,0,0,0
esmc6b_3di_nocompress,5,Q9ZQG9,0,0,1,1,1,1,1,1,0,0,0,0,1,1,0,0,0,0
esmc6b_3di_nocompress,5,Q9ZWA8,1,1,1,1,1,1,0,0,0,0,0,0,0,0,0,0,0,0
esmc6b_3di_nocompress,5,W4VRV4,1,1,1,1,1,1,0,0,0,0,0,0,1,1,1,1,1,1
esmc6b_3di_nocompress,5,W4VS49,1,1,1,1,1,1,0,0,0,0,0,0,1,1,1,1,1,1
esmc6b_3di_nocompress,5,W4VSC0,1,1,1,1,1,1,0,0,0,0,0,0,0,0,0,0,0,0
esmc6b_3di_nocompress,5,W4VSG7,0,1,1,1,1,1,3,2,2,2,2,2,2,1,1,1,1,1
esmc6b_3di_nocompress,5,W4VSI9,1,1,1,1,1,1,0,0,0,0,0,0,1,1,1,1,1,1
