{
  "precision peptides": 0.4,
  "recall peptides": 0.25,
  "f1 peptides": 0.3076923076923077,
  "precision propeptides": 0.7333333333333333,
  "recall propeptides": 0.559322033898305,
  "f1 propeptides": 0.6346153846153846,
  "precision all": 0.6307692307692307,
  "recall all": 0.45054945054945056,
  "f1 all": 0.5256410256410257,
  "residue mcc peptides": 0.5488497024740502,
  "residue positives peptides": 778,
  "residue total peptides": 29231,
  "residue roc_auc peptides": 0.9399556857260751,
  "residue mcc propeptides": 0.7196631070559774,
  "residue positives propeptides": 1488,
  "residue total propeptides": 29231,
  "residue roc_auc propeptides": 0.9813682052510387,
  "residue mcc all": 0.7139587991377817,
  "residue positives all": 2266,
  "residue total all": 29231,
  "residue roc_auc all": 0.9657756638864836,
  "loss": 9.485239744186401
}