{
  "precision peptides": 0.4,
  "recall peptides": 0.25,
  "f1 peptides": 0.3076923076923077,
  "precision propeptides": 0.7333333333333333,
  "recall propeptides": 0.559322033898305,
  "f1 propeptides": 0.6346153846153846,
  "precision all": 0.6307692307692307,
  "recall all": 0.45054945054945056,
  "f1 all": 0.5256410256410257
}