{
  "precision peptides": 0.2926829268292683,
  "recall peptides": 0.375,
  "f1 peptides": 0.32876712328767116,
  "precision propeptides": 0.6222222222222222,
  "recall propeptides": 0.5283018867924528,
  "f1 propeptides": 0.5714285714285715,
  "precision all": 0.46511627906976744,
  "recall all": 0.47058823529411764,
  "f1 all": 0.4678362573099415
}