{
  "precision peptides": 0.2926829268292683,
  "recall peptides": 0.375,
  "f1 peptides": 0.32876712328767116,
  "precision propeptides": 0.6222222222222222,
  "recall propeptides": 0.5283018867924528,
  "f1 propeptides": 0.5714285714285715,
  "precision all": 0.46511627906976744,
  "recall all": 0.47058823529411764,
  "f1 all": 0.4678362573099415,
  "residue mcc peptides": 0.48492014716094806,
  "residue positives peptides": 778,
  "residue total peptides": 22018,
  "residue roc_auc peptides": 0.9348772626707139,
  "residue mcc propeptides": 0.7038849649586476,
  "residue positives propeptides": 1316,
  "residue total propeptides": 22018,
  "residue roc_auc propeptides": 0.9462227266707561,
  "residue mcc all": 0.6661325397620003,
  "residue positives all": 2094,
  "residue total all": 22018,
  "residue roc_auc all": 0.9412643882474511,
  "loss": 24.14762020111084
}