{
  "precision peptides": 0.4375,
  "recall peptides": 0.21212121212121213,
  "f1 peptides": 0.2857142857142857,
  "precision propeptides": 0.38,
  "recall propeptides": 0.3584905660377358,
  "f1 propeptides": 0.3689320388349514,
  "precision all": 0.3939393939393939,
  "recall all": 0.3023255813953488,
  "f1 all": 0.34210526315789475
}