{
  "precision peptides": 0.4375,
  "recall peptides": 0.21212121212121213,
  "f1 peptides": 0.2857142857142857,
  "precision propeptides": 0.38,
  "recall propeptides": 0.3584905660377358,
  "f1 propeptides": 0.3689320388349514,
  "precision all": 0.3939393939393939,
  "recall all": 0.3023255813953488,
  "f1 all": 0.34210526315789475,
  "residue mcc peptides": 0.5608985439137616,
  "residue positives peptides": 778,
  "residue total peptides": 22018,
  "residue roc_auc peptides": 0.8964861431842717,
  "residue mcc propeptides": 0.7050904858121749,
  "residue positives propeptides": 1316,
  "residue total propeptides": 22018,
  "residue roc_auc propeptides": 0.622649908426979,
  "residue mcc all": 0.7029327117895969,
  "residue positives all": 2094,
  "residue total all": 22018,
  "residue roc_auc all": 0.7500382542486664,
  "loss": 13.22606372833252
}