{
  "precision peptides": 0,
  "recall peptides": 0.0,
  "f1 peptides": 0,
  "precision propeptides": 0.5357142857142857,
  "recall propeptides": 0.375,
  "f1 propeptides": 0.44117647058823534,
  "precision all": 0.5357142857142857,
  "recall all": 0.3191489361702128,
  "f1 all": 0.4,
  "residue mcc peptides": null,
  "residue positives peptides": 70,
  "residue total peptides": 19404,
  "residue roc_auc peptides": 0.8571886683710415,
  "residue mcc propeptides": 0.6998278519850298,
  "residue positives propeptides": 989,
  "residue total propeptides": 19404,
  "residue roc_auc propeptides": 0.9702575191071375,
  "residue mcc all": 0.6822813935574473,
  "residue positives all": 1059,
  "residue total all": 19404,
  "residue roc_auc all": 0.9727721040769575,
  "loss": 9.20195484161377
}