{
  "precision peptides": 0,
  "recall peptides": 0.0,
  "f1 peptides": 0,
  "precision propeptides": 0.5357142857142857,
  "recall propeptides": 0.375,
  "f1 propeptides": 0.44117647058823534,
  "precision all": 0.5357142857142857,
  "recall all": 0.3191489361702128,
  "f1 all": 0.4,
  "residue mcc peptides": null,
  "residue positives peptides": 70,
  "residue total peptides": 19404,
  "residue roc_auc peptides": 0.7729909559768875,
  "residue mcc propeptides": 0.6887621406808841,
  "residue positives propeptides": 989,
  "residue total propeptides": 19404,
  "residue roc_auc propeptides": 0.5096076938641099,
  "residue mcc all": 0.677678474919545,
  "residue positives all": 1059,
  "residue total all": 19404,
  "residue roc_auc all": 0.5291904636529264,
  "loss": 9.204062461853027
}