{
  "precision peptides": 0,
  "recall peptides": 0.0,
  "f1 peptides": 0,
  "precision propeptides": 0.5357142857142857,
  "recall propeptides": 0.375,
  "f1 propeptides": 0.44117647058823534,
  "precision all": 0.5357142857142857,
  "recall all": 0.3191489361702128,
  "f1 all": 0.4
}