{
  "precision peptides": 0.44,
  "recall peptides": 0.34375,
  "f1 peptides": 0.3859649122807018,
  "precision propeptides": 0.5813953488372093,
  "recall propeptides": 0.4716981132075472,
  "f1 propeptides": 0.5208333333333334,
  "precision all": 0.5294117647058824,
  "recall all": 0.4235294117647059,
  "f1 all": 0.47058823529411764
}