{
  "precision peptides": 0.44,
  "recall peptides": 0.34375,
  "f1 peptides": 0.3859649122807018,
  "precision propeptides": 0.5813953488372093,
  "recall propeptides": 0.4716981132075472,
  "f1 propeptides": 0.5208333333333334,
  "precision all": 0.5294117647058824,
  "recall all": 0.4235294117647059,
  "f1 all": 0.47058823529411764,
  "residue mcc peptides": 0.581494013298673,
  "residue positives peptides": 726,
  "residue total peptides": 22018,
  "residue roc_auc peptides": 0.7930106316525458,
  "residue mcc propeptides": 0.6896534176018,
  "residue positives propeptides": 1316,
  "residue total propeptides": 22018,
  "residue roc_auc propeptides": 0.25294620815456503,
  "residue mcc all": 0.6922105375830565,
  "residue positives all": 2042,
  "residue total all": 22018,
  "residue roc_auc all": 0.459820834952972,
  "loss": 21.33420753479004
}