{
  "f1 all": 0.47058823529411764,
  "precision all": 0.5294117647058824,
  "recall all": 0.4235294117647059,
  "f1 peptides": 0.3859649122807018,
  "precision peptides": 0.44,
  "recall peptides": 0.34375,
  "f1 propeptides": 0.5208333333333334,
  "precision propeptides": 0.5813953488372093,
  "recall propeptides": 0.4716981132075472,
  "residue mcc all": 0.6815453676345054,
  "residue positives all": 2068,
  "residue total all": 22018,
  "residue roc_auc all": 0.4550987478367098,
  "residue mcc peptides": 0.558272423482844,
  "residue positives peptides": 752,
  "residue total peptides": 22018,
  "residue roc_auc peptides": 0.7716479056570172,
  "residue mcc propeptides": 0.6884666025191337,
  "residue positives propeptides": 1316,
  "residue total propeptides": 22018,
  "residue roc_auc propeptides": 0.25228899517512804,
  "loss": 21.7591609954834
}