{
  "precision peptides": 0.6042363433667781,
  "recall peptides": 0.464041095890411,
  "f1 peptides": 0.5249394673123488,
  "precision propeptides": 0.6909272183449651,
  "recall propeptides": 0.5003610108303249,
  "f1 propeptides": 0.5804020100502513,
  "precision all": 0.65,
  "recall all": 0.4837446141793968,
  "f1 all": 0.5546822366943633,
  "residue mcc peptides": 0.6483708393505456,
  "residue positives peptides": 27324,
  "residue total peptides": 309829,
  "residue roc_auc peptides": 0.8787569609425014,
  "residue mcc propeptides": 0.714546860680026,
  "residue positives propeptides": 30387,
  "residue total propeptides": 309829,
  "residue roc_auc propeptides": 0.6670813098137375,
  "residue mcc all": 0.7021066761958675,
  "residue positives all": 57711,
  "residue total all": 309829,
  "residue roc_auc all": 0.8114789067279153,
  "loss": 16.15530180550636
}