{
  "precision peptides": 0.6156462585034014,
  "recall peptides": 0.47094535993061576,
  "f1 peptides": 0.5336609336609337,
  "precision propeptides": 0.6795634920634921,
  "recall propeptides": 0.49458483754512633,
  "f1 propeptides": 0.5725031341412453,
  "precision all": 0.6497354497354497,
  "recall all": 0.4838455476753349,
  "f1 all": 0.5546522131887984,
  "residue mcc peptides": 0.6497257144018163,
  "residue positives peptides": 27289,
  "residue total peptides": 309829,
  "residue roc_auc peptides": 0.8764523966993553,
  "residue mcc propeptides": 0.7126674121310232,
  "residue positives propeptides": 30387,
  "residue total propeptides": 309829,
  "residue roc_auc propeptides": 0.6485924959495515,
  "residue mcc all": 0.7033323098408758,
  "residue positives all": 57676,
  "residue total all": 309829,
  "residue roc_auc all": 0.7993958309628229,
  "loss": 16.055572394360887
}