{
  "precision peptides": 0.8148148148148148,
  "recall peptides": 0.30985915492957744,
  "f1 peptides": 0.4489795918367347,
  "precision propeptides": 0.6481481481481481,
  "recall propeptides": 0.4794520547945205,
  "f1 propeptides": 0.5511811023622046,
  "precision all": 0.7037037037037037,
  "recall all": 0.3958333333333333,
  "f1 all": 0.5066666666666667,
  "residue mcc peptides": 0.5649604204336637,
  "residue positives peptides": 1420,
  "residue total peptides": 35648,
  "residue roc_auc peptides": 0.7698872576936435,
  "residue mcc propeptides": 0.6582405308766038,
  "residue positives propeptides": 1615,
  "residue total propeptides": 35648,
  "residue roc_auc propeptides": 0.40733079230420954,
  "residue mcc all": 0.6491806831300672,
  "residue positives all": 3035,
  "residue total all": 35648,
  "residue roc_auc all": 0.5962544221482917,
  "loss": 14.32663091023763
}