{
  "precision peptides": 0.8148148148148148,
  "recall peptides": 0.30985915492957744,
  "f1 peptides": 0.4489795918367347,
  "precision propeptides": 0.6382978723404256,
  "recall propeptides": 0.410958904109589,
  "f1 propeptides": 0.4999999999999999,
  "precision all": 0.7027027027027027,
  "recall all": 0.3611111111111111,
  "f1 all": 0.47706422018348627,
  "residue mcc peptides": 0.6054598030168288,
  "residue positives peptides": 1480,
  "residue total peptides": 35648,
  "residue roc_auc peptides": 0.7650445908768755,
  "residue mcc propeptides": 0.6894421083497464,
  "residue positives propeptides": 1615,
  "residue total propeptides": 35648,
  "residue roc_auc propeptides": 0.4167942078436163,
  "residue mcc all": 0.6415655237370825,
  "residue positives all": 3095,
  "residue total all": 35648,
  "residue roc_auc all": 0.6035632161832571,
  "loss": 12.420366605122885
}