{
  "precision peptides": 0.8148148148148148,
  "recall peptides": 0.30985915492957744,
  "f1 peptides": 0.4489795918367347,
  "precision propeptides": 0.6382978723404256,
  "recall propeptides": 0.410958904109589,
  "f1 propeptides": 0.4999999999999999,
  "precision all": 0.7027027027027027,
  "recall all": 0.3611111111111111,
  "f1 all": 0.47706422018348627
}