{
  "precision peptides": 0.5,
  "recall peptides": 0.2727272727272727,
  "f1 peptides": 0.3529411764705882,
  "precision propeptides": 0.6341463414634146,
  "recall propeptides": 0.49056603773584906,
  "f1 propeptides": 0.5531914893617021,
  "precision all": 0.5932203389830508,
  "recall all": 0.4069767441860465,
  "f1 all": 0.48275862068965514,
  "residue mcc peptides": 0.5970089779417365,
  "residue positives peptides": 778,
  "residue total peptides": 22018,
  "residue roc_auc peptides": 0.9489849752370991,
  "residue mcc propeptides": 0.7450054301429944,
  "residue positives propeptides": 1316,
  "residue total propeptides": 22018,
  "residue roc_auc propeptides": 0.9573587151763381,
  "residue mcc all": 0.7280164639028547,
  "residue positives all": 2094,
  "residue total all": 22018,
  "residue roc_auc all": 0.953627653277296,
  "loss": 12.52827262878418
}