{
  "precision peptides": 0.5,
  "recall peptides": 0.2727272727272727,
  "f1 peptides": 0.3529411764705882,
  "precision propeptides": 0.6341463414634146,
  "recall propeptides": 0.49056603773584906,
  "f1 propeptides": 0.5531914893617021,
  "precision all": 0.5932203389830508,
  "recall all": 0.4069767441860465,
  "f1 all": 0.48275862068965514
}