{
  "precision peptides": 0.5,
  "recall peptides": 0.2727272727272727,
  "f1 peptides": 0.3529411764705882,
  "precision propeptides": 0.6341463414634146,
  "recall propeptides": 0.49056603773584906,
  "f1 propeptides": 0.5531914893617021,
  "precision all": 0.5932203389830508,
  "recall all": 0.4069767441860465,
  "f1 all": 0.48275862068965514,
  "residue mcc peptides": 0.6003951768854415,
  "residue positives peptides": 715,
  "residue total peptides": 22018,
  "residue roc_auc peptides": 0.8821938470861157,
  "residue mcc propeptides": 0.7450054301429944,
  "residue positives propeptides": 1316,
  "residue total propeptides": 22018,
  "residue roc_auc propeptides": 0.386637221224973,
  "residue mcc all": 0.7248062717651306,
  "residue positives all": 2031,
  "residue total all": 22018,
  "residue roc_auc all": 0.5779849960081143,
  "loss": 12.176146030426025
}