{
  "precision peptides": 0.5,
  "recall peptides": 0.2727272727272727,
  "f1 peptides": 0.3529411764705882,
  "precision propeptides": 0.6341463414634146,
  "recall propeptides": 0.49056603773584906,
  "f1 propeptides": 0.5531914893617021,
  "precision all": 0.5932203389830508,
  "recall all": 0.4069767441860465,
  "f1 all": 0.48275862068965514,
  "residue mcc peptides": 0.5957979030308019,
  "residue positives peptides": 781,
  "residue total peptides": 22018,
  "residue roc_auc peptides": 0.8785811092266009,
  "residue mcc propeptides": 0.7450054301429944,
  "residue positives propeptides": 1316,
  "residue total propeptides": 22018,
  "residue roc_auc propeptides": 0.386637221224973,
  "residue mcc all": 0.7274274674565449,
  "residue positives all": 2097,
  "residue total all": 22018,
  "residue roc_auc all": 0.5870491493377861,
  "loss": 12.526456832885742
}