{
  "precision peptides": 0.0,
  "recall peptides": 0.0,
  "f1 peptides": 0,
  "precision propeptides": 0.5882352941176471,
  "recall propeptides": 0.5263157894736842,
  "f1 propeptides": 0.5555555555555555,
  "precision all": 0.5405405405405406,
  "recall all": 0.4444444444444444,
  "f1 all": 0.4878048780487805
}