{
  "f1 all": 0.4878048780487805,
  "precision all": 0.5405405405405406,
  "recall all": 0.4444444444444444,
  "f1 peptides": 0,
  "precision peptides": 0.0,
  "recall peptides": 0.0,
  "f1 propeptides": 0.5555555555555555,
  "precision propeptides": 0.5882352941176471,
  "recall propeptides": 0.5263157894736842,
  "residue mcc all": 0.7256331375095658,
  "residue positives all": 997,
  "residue total all": 16532,
  "residue roc_auc all": 0.1213786192823724,
  "residue mcc peptides": -0.004489720196259199,
  "residue positives peptides": 78,
  "residue total peptides": 16532,
  "residue roc_auc peptides": 0.3400716215837159,
  "residue mcc propeptides": 0.7605566705288325,
  "residue positives propeptides": 919,
  "residue total propeptides": 16532,
  "residue roc_auc propeptides": 0.1050867044127104,
  "loss": 24.506847381591797
}