{
  "precision peptides": 0.0,
  "recall peptides": 0.0,
  "f1 peptides": 0,
  "precision propeptides": 0.5882352941176471,
  "recall propeptides": 0.5263157894736842,
  "f1 propeptides": 0.5555555555555555,
  "precision all": 0.5405405405405406,
  "recall all": 0.4444444444444444,
  "f1 all": 0.4878048780487805,
  "residue mcc peptides": -0.004252217227554368,
  "residue positives peptides": 70,
  "residue total peptides": 16532,
  "residue roc_auc peptides": 0.32942447541524206,
  "residue mcc propeptides": 0.7635902901273408,
  "residue positives propeptides": 919,
  "residue total propeptides": 16532,
  "residue roc_auc propeptides": 0.10517932832262838,
  "residue mcc all": 0.7315783658275161,
  "residue positives all": 989,
  "residue total all": 16532,
  "residue roc_auc all": 0.11913679308525806,
  "loss": 24.03653907775879
}