{
  "precision peptides": 0.0,
  "recall peptides": 0.0,
  "f1 peptides": 0,
  "precision propeptides": 0.5882352941176471,
  "recall propeptides": 0.5263157894736842,
  "f1 propeptides": 0.5555555555555555,
  "precision all": 0.5405405405405406,
  "recall all": 0.4444444444444444,
  "f1 all": 0.4878048780487805,
  "residue mcc peptides": -0.004575663512503401,
  "residue positives peptides": 81,
  "residue total peptides": 16532,
  "residue roc_auc peptides": 0.34645122702586284,
  "residue mcc propeptides": 0.7605566705288325,
  "residue positives propeptides": 919,
  "residue total propeptides": 16532,
  "residue roc_auc propeptides": 0.1050867044127104,
  "residue mcc all": 0.7244315109307377,
  "residue positives all": 1000,
  "residue total all": 16532,
  "residue roc_auc all": 0.12243291269636879,
  "loss": 24.67239761352539
}