{
  "precision peptides": 0.42857142857142855,
  "recall peptides": 0.28125,
  "f1 peptides": 0.3396226415094339,
  "precision propeptides": 0.5348837209302325,
  "recall propeptides": 0.4339622641509434,
  "f1 propeptides": 0.47916666666666663,
  "precision all": 0.5,
  "recall all": 0.3764705882352941,
  "f1 all": 0.42953020134228187,
  "residue mcc peptides": 0.5864830916692702,
  "residue positives peptides": 772,
  "residue total peptides": 22018,
  "residue roc_auc peptides": 0.8434617256817376,
  "residue mcc propeptides": 0.7268432515873754,
  "residue positives propeptides": 1316,
  "residue total propeptides": 22018,
  "residue roc_auc propeptides": 0.36622491285366904,
  "residue mcc all": 0.6922384181184634,
  "residue positives all": 2088,
  "residue total all": 22018,
  "residue roc_auc all": 0.5597990356093069,
  "loss": 11.984424591064453
}