{
  "precision peptides": 0.42857142857142855,
  "recall peptides": 0.28125,
  "f1 peptides": 0.3396226415094339,
  "precision propeptides": 0.5348837209302325,
  "recall propeptides": 0.4339622641509434,
  "f1 propeptides": 0.47916666666666663,
  "precision all": 0.5,
  "recall all": 0.3764705882352941,
  "f1 all": 0.42953020134228187,
  "residue mcc peptides": 0.5769888295826989,
  "residue positives peptides": 778,
  "residue total peptides": 22018,
  "residue roc_auc peptides": 0.9571495916420975,
  "residue mcc propeptides": 0.7268432515873754,
  "residue positives propeptides": 1316,
  "residue total propeptides": 22018,
  "residue roc_auc propeptides": 0.9344496765359587,
  "residue mcc all": 0.6882488206937949,
  "residue positives all": 2094,
  "residue total all": 22018,
  "residue roc_auc all": 0.9459356850204608,
  "loss": 12.162803649902344
}