{
  "precision peptides": 0.42857142857142855,
  "recall peptides": 0.28125,
  "f1 peptides": 0.3396226415094339,
  "precision propeptides": 0.5348837209302325,
  "recall propeptides": 0.4339622641509434,
  "f1 propeptides": 0.47916666666666663,
  "precision all": 0.5,
  "recall all": 0.3764705882352941,
  "f1 all": 0.42953020134228187
}