{
  "precision peptides": 0.36,
  "recall peptides": 0.28125,
  "f1 peptides": 0.3157894736842105,
  "precision propeptides": 0.6410256410256411,
  "recall propeptides": 0.4716981132075472,
  "f1 propeptides": 0.5434782608695652,
  "precision all": 0.53125,
  "recall all": 0.4,
  "f1 all": 0.45637583892617456
}