{
  "precision peptides": 0.36,
  "recall peptides": 0.28125,
  "f1 peptides": 0.3157894736842105,
  "precision propeptides": 0.6410256410256411,
  "recall propeptides": 0.4716981132075472,
  "f1 propeptides": 0.5434782608695652,
  "precision all": 0.53125,
  "recall all": 0.4,
  "f1 all": 0.45637583892617456,
  "residue mcc peptides": 0.42042590203304575,
  "residue positives peptides": 778,
  "residue total peptides": 22018,
  "residue roc_auc peptides": 0.944747172720627,
  "residue mcc propeptides": 0.7100358489832098,
  "residue positives propeptides": 1316,
  "residue total propeptides": 22018,
  "residue roc_auc propeptides": 0.9572605278141488,
  "residue mcc all": 0.6262289067631526,
  "residue positives all": 2094,
  "residue total all": 22018,
  "residue roc_auc all": 0.9496360285608715,
  "loss": 10.519897937774658
}