{
  "precision peptides": 0.16666666666666666,
  "recall peptides": 0.0625,
  "f1 peptides": 0.09090909090909091,
  "precision propeptides": 0.56,
  "recall propeptides": 0.25,
  "f1 propeptides": 0.34567901234567905,
  "precision all": 0.43243243243243246,
  "recall all": 0.18181818181818182,
  "f1 all": 0.256,
  "residue mcc peptides": 0.31198823999681274,
  "residue positives peptides": 726,
  "residue total peptides": 26008,
  "residue roc_auc peptides": 0.8474198642617066,
  "residue mcc propeptides": 0.5529086813206906,
  "residue positives propeptides": 1412,
  "residue total propeptides": 26008,
  "residue roc_auc propeptides": 0.5539103412563456,
  "residue mcc all": 0.4908142049570561,
  "residue positives all": 2138,
  "residue total all": 26008,
  "residue roc_auc all": 0.6711198462360236,
  "loss": 9.896435260772705
}