{
  "precision peptides": 0.14285714285714285,
  "recall peptides": 0.09375,
  "f1 peptides": 0.11320754716981132,
  "precision propeptides": 0.56,
  "recall propeptides": 0.25,
  "f1 propeptides": 0.34567901234567905,
  "precision all": 0.3695652173913043,
  "recall all": 0.19318181818181818,
  "f1 all": 0.25373134328358204,
  "residue mcc peptides": 0.38813282576969343,
  "residue positives peptides": 764,
  "residue total peptides": 26008,
  "residue roc_auc peptides": 0.8490292856899903,
  "residue mcc propeptides": 0.5840446590212724,
  "residue positives propeptides": 1412,
  "residue total propeptides": 26008,
  "residue roc_auc propeptides": 0.5496408937264725,
  "residue mcc all": 0.5328786573300897,
  "residue positives all": 2176,
  "residue total all": 26008,
  "residue roc_auc all": 0.6730808116219172,
  "loss": 9.822275161743164
}