{
  "precision peptides": 0.16666666666666666,
  "recall peptides": 0.0625,
  "f1 peptides": 0.09090909090909091,
  "precision propeptides": 0.56,
  "recall propeptides": 0.25,
  "f1 propeptides": 0.34567901234567905,
  "precision all": 0.43243243243243246,
  "recall all": 0.18181818181818182,
  "f1 all": 0.256
}