{
  "precision peptides": 0.3181818181818182,
  "recall peptides": 0.21212121212121213,
  "f1 peptides": 0.2545454545454546,
  "precision propeptides": 0.7804878048780488,
  "recall propeptides": 0.5423728813559322,
  "f1 propeptides": 0.64,
  "precision all": 0.6190476190476191,
  "recall all": 0.42391304347826086,
  "f1 all": 0.503225806451613
}