{
  "precision peptides": 0.3181818181818182,
  "recall peptides": 0.21212121212121213,
  "f1 peptides": 0.2545454545454546,
  "precision propeptides": 0.7804878048780488,
  "recall propeptides": 0.5423728813559322,
  "f1 propeptides": 0.64,
  "precision all": 0.6190476190476191,
  "recall all": 0.42391304347826086,
  "f1 all": 0.503225806451613,
  "residue mcc peptides": 0.5716328004333415,
  "residue positives peptides": 778,
  "residue total peptides": 29231,
  "residue roc_auc peptides": 0.9438922276279909,
  "residue mcc propeptides": 0.7441034616932726,
  "residue positives propeptides": 1488,
  "residue total propeptides": 29231,
  "residue roc_auc propeptides": 0.984650225630877,
  "residue mcc all": 0.6953231462441177,
  "residue positives all": 2266,
  "residue total all": 29231,
  "residue roc_auc all": 0.9689082755603723,
  "loss": 6.071777820587158
}