{
  "precision peptides": 0.5,
  "recall peptides": 0.30303030303030304,
  "f1 peptides": 0.37735849056603776,
  "precision propeptides": 0.7435897435897436,
  "recall propeptides": 0.5471698113207547,
  "f1 propeptides": 0.6304347826086957,
  "precision all": 0.6610169491525424,
  "recall all": 0.45348837209302323,
  "f1 all": 0.5379310344827586,
  "residue mcc peptides": 0.5956936359585788,
  "residue positives peptides": 752,
  "residue total peptides": 22018,
  "residue roc_auc peptides": 0.8779423715510324,
  "residue mcc propeptides": 0.7420516476059705,
  "residue positives propeptides": 1316,
  "residue total propeptides": 22018,
  "residue roc_auc propeptides": 0.5070682787942606,
  "residue mcc all": 0.6966270103727175,
  "residue positives all": 2068,
  "residue total all": 22018,
  "residue roc_auc all": 0.6601645312507575,
  "loss": 11.846034526824951
}