{
  "precision peptides": 0.5,
  "recall peptides": 0.30303030303030304,
  "f1 peptides": 0.37735849056603776,
  "precision propeptides": 0.7435897435897436,
  "recall propeptides": 0.5471698113207547,
  "f1 propeptides": 0.6304347826086957,
  "precision all": 0.6610169491525424,
  "recall all": 0.45348837209302323,
  "f1 all": 0.5379310344827586
}