{
  "precision peptides": 0.16666666666666666,
  "recall peptides": 0.029411764705882353,
  "f1 peptides": 0.05,
  "precision propeptides": 0.47619047619047616,
  "recall propeptides": 0.17857142857142858,
  "f1 propeptides": 0.2597402597402597,
  "precision all": 0.4074074074074074,
  "recall all": 0.12222222222222222,
  "f1 all": 0.18803418803418803
}