{
  "f1 all": 0.21666666666666667,
  "precision all": 0.43333333333333335,
  "recall all": 0.14444444444444443,
  "f1 peptides": 0.09523809523809523,
  "precision peptides": 0.25,
  "recall peptides": 0.058823529411764705,
  "f1 propeptides": 0.28205128205128205,
  "precision propeptides": 0.5,
  "recall propeptides": 0.19642857142857142,
  "residue mcc all": 0.48703911706009617,
  "residue positives all": 2178,
  "residue total all": 26008,
  "residue roc_auc all": 0.6581267024959085,
  "residue mcc peptides": 0.29982657102020616,
  "residue positives peptides": 766,
  "residue total peptides": 26008,
  "residue roc_auc peptides": 0.8790378845568628,
  "residue mcc propeptides": 0.5383394445848565,
  "residue positives propeptides": 1412,
  "residue total propeptides": 26008,
  "residue roc_auc propeptides": 0.5174643485179423,
  "loss": 9.53148078918457
}