{
  "precision peptides": 0.16666666666666666,
  "recall peptides": 0.029411764705882353,
  "f1 peptides": 0.05,
  "precision propeptides": 0.47619047619047616,
  "recall propeptides": 0.17857142857142858,
  "f1 propeptides": 0.2597402597402597,
  "precision all": 0.4074074074074074,
  "recall all": 0.12222222222222222,
  "f1 all": 0.18803418803418803,
  "residue mcc peptides": 0.2545962923996917,
  "residue positives peptides": 726,
  "residue total peptides": 26008,
  "residue roc_auc peptides": 0.8770867098468123,
  "residue mcc propeptides": 0.5277202205735633,
  "residue positives propeptides": 1412,
  "residue total propeptides": 26008,
  "residue roc_auc propeptides": 0.5554688266638165,
  "residue mcc all": 0.4755559507732103,
  "residue positives all": 2138,
  "residue total all": 26008,
  "residue roc_auc all": 0.6782488890752568,
  "loss": 9.753024578094482
}