{
  "precision peptides": 0.3333333333333333,
  "recall peptides": 0.28125,
  "f1 peptides": 0.3050847457627119,
  "precision propeptides": 0.5581395348837209,
  "recall propeptides": 0.4528301886792453,
  "f1 propeptides": 0.5,
  "precision all": 0.4714285714285714,
  "recall all": 0.38823529411764707,
  "f1 all": 0.4258064516129032,
  "residue mcc peptides": 0.5537845022845147,
  "residue positives peptides": 778,
  "residue total peptides": 22018,
  "residue roc_auc peptides": 0.8635053120415958,
  "residue mcc propeptides": 0.7034106953186464,
  "residue positives propeptides": 1316,
  "residue total propeptides": 22018,
  "residue roc_auc propeptides": 0.3824185415619946,
  "residue mcc all": 0.684141508021726,
  "residue positives all": 2094,
  "residue total all": 22018,
  "residue roc_auc all": 0.5476028583881405,
  "loss": 43.97863006591797
}