{
  "precision peptides": 0.3333333333333333,
  "recall peptides": 0.28125,
  "f1 peptides": 0.3050847457627119,
  "precision propeptides": 0.5581395348837209,
  "recall propeptides": 0.4528301886792453,
  "f1 propeptides": 0.5,
  "precision all": 0.4714285714285714,
  "recall all": 0.38823529411764707,
  "f1 all": 0.4258064516129032
}