{
  "precision peptides": 0.3333333333333333,
  "recall peptides": 0.15151515151515152,
  "f1 peptides": 0.20833333333333331,
  "precision propeptides": 0.6808510638297872,
  "recall propeptides": 0.5423728813559322,
  "f1 propeptides": 0.6037735849056605,
  "precision all": 0.5967741935483871,
  "recall all": 0.40217391304347827,
  "f1 all": 0.48051948051948057,
  "residue mcc peptides": 0.5616656641332524,
  "residue positives peptides": 778,
  "residue total peptides": 29231,
  "residue roc_auc peptides": 0.9387320017307216,
  "residue mcc propeptides": 0.6821196636255431,
  "residue positives propeptides": 1488,
  "residue total propeptides": 29231,
  "residue roc_auc propeptides": 0.9405180406837101,
  "residue mcc all": 0.6791548105473743,
  "residue positives all": 2266,
  "residue total all": 29231,
  "residue roc_auc all": 0.9391694211826026,
  "loss": 13.83512830734253
}