{
  "precision peptides": 0.3333333333333333,
  "recall peptides": 0.15151515151515152,
  "f1 peptides": 0.20833333333333331,
  "precision propeptides": 0.6530612244897959,
  "recall propeptides": 0.5423728813559322,
  "f1 propeptides": 0.5925925925925926,
  "precision all": 0.578125,
  "recall all": 0.40217391304347827,
  "f1 all": 0.47435897435897434,
  "residue mcc peptides": 0.5614850806808523,
  "residue positives peptides": 738,
  "residue total peptides": 29231,
  "residue roc_auc peptides": 0.8954022558861745,
  "residue mcc propeptides": 0.67186351144714,
  "residue positives propeptides": 1488,
  "residue total propeptides": 29231,
  "residue roc_auc propeptides": 0.47740534859321293,
  "residue mcc all": 0.6767518600832874,
  "residue positives all": 2226,
  "residue total all": 29231,
  "residue roc_auc all": 0.6300690215265783,
  "loss": 13.483042240142822
}