{
  "f1 all": 0.47435897435897434,
  "precision all": 0.578125,
  "recall all": 0.40217391304347827,
  "f1 peptides": 0.20833333333333331,
  "precision peptides": 0.3333333333333333,
  "recall peptides": 0.15151515151515152,
  "f1 propeptides": 0.5925925925925926,
  "precision propeptides": 0.6530612244897959,
  "recall propeptides": 0.5423728813559322,
  "residue mcc all": 0.6743731866596415,
  "residue positives all": 2258,
  "residue total all": 29231,
  "residue roc_auc all": 0.6337579090752992,
  "residue mcc peptides": 0.5579077947492843,
  "residue positives peptides": 770,
  "residue total peptides": 29231,
  "residue roc_auc peptides": 0.8943448017496716,
  "residue mcc propeptides": 0.67186351144714,
  "residue positives propeptides": 1488,
  "residue total propeptides": 29231,
  "residue roc_auc propeptides": 0.47740534859321293,
  "loss": 13.761685371398926
}