{
  "precision peptides": 0.3333333333333333,
  "recall peptides": 0.15151515151515152,
  "f1 peptides": 0.20833333333333331,
  "precision propeptides": 0.6666666666666666,
  "recall propeptides": 0.5423728813559322,
  "f1 propeptides": 0.5981308411214954,
  "precision all": 0.5873015873015873,
  "recall all": 0.40217391304347827,
  "f1 all": 0.4774193548387097
}