{
  "precision peptides": 0.3103448275862069,
  "recall peptides": 0.28125,
  "f1 peptides": 0.2950819672131148,
  "precision propeptides": 0.7941176470588235,
  "recall propeptides": 0.5094339622641509,
  "f1 propeptides": 0.6206896551724137,
  "precision all": 0.5714285714285714,
  "recall all": 0.4235294117647059,
  "f1 all": 0.4864864864864864,
  "residue mcc peptides": 0.5286633333084431,
  "residue positives peptides": 763,
  "residue total peptides": 22018,
  "residue roc_auc peptides": 0.8238696746398118,
  "residue mcc propeptides": 0.7211295379419643,
  "residue positives propeptides": 1316,
  "residue total propeptides": 22018,
  "residue roc_auc propeptides": 0.5334377520754056,
  "residue mcc all": 0.6775814526575622,
  "residue positives all": 2079,
  "residue total all": 22018,
  "residue roc_auc all": 0.6560168205185507,
  "loss": 8.35424518585205
}