{
  "precision peptides": 0.3103448275862069,
  "recall peptides": 0.28125,
  "f1 peptides": 0.2950819672131148,
  "precision propeptides": 0.7941176470588235,
  "recall propeptides": 0.5094339622641509,
  "f1 propeptides": 0.6206896551724137,
  "precision all": 0.5714285714285714,
  "recall all": 0.4235294117647059,
  "f1 all": 0.4864864864864864
}