{
  "precision peptides": 0.25,
  "recall peptides": 0.1875,
  "f1 peptides": 0.21428571428571427,
  "precision propeptides": 0.5636363636363636,
  "recall propeptides": 0.5254237288135594,
  "f1 propeptides": 0.543859649122807,
  "precision all": 0.46835443037974683,
  "recall all": 0.4065934065934066,
  "f1 all": 0.43529411764705883,
  "residue mcc peptides": 0.5303082636871963,
  "residue positives peptides": 778,
  "residue total peptides": 29231,
  "residue roc_auc peptides": 0.9243613944323642,
  "residue mcc propeptides": 0.7368363801536697,
  "residue positives propeptides": 1488,
  "residue total propeptides": 29231,
  "residue roc_auc propeptides": 0.6342043827581809,
  "residue mcc all": 0.7020230560019357,
  "residue positives all": 2266,
  "residue total all": 29231,
  "residue roc_auc all": 0.6680061630674525,
  "loss": 69.75090789794922
}