{
  "precision peptides": 0.25,
  "recall peptides": 0.1875,
  "f1 peptides": 0.21428571428571427,
  "precision propeptides": 0.5636363636363636,
  "recall propeptides": 0.5254237288135594,
  "f1 propeptides": 0.543859649122807,
  "precision all": 0.46835443037974683,
  "recall all": 0.4065934065934066,
  "f1 all": 0.43529411764705883
}