{
  "precision peptides": 0.36363636363636365,
  "recall peptides": 0.25,
  "f1 peptides": 0.2962962962962963,
  "precision propeptides": 0.4528301886792453,
  "recall propeptides": 0.4528301886792453,
  "f1 propeptides": 0.4528301886792453,
  "precision all": 0.4266666666666667,
  "recall all": 0.3764705882352941,
  "f1 all": 0.39999999999999997,
  "residue mcc peptides": 0.5455788587775372,
  "residue positives peptides": 778,
  "residue total peptides": 22018,
  "residue roc_auc peptides": 0.934394047221375,
  "residue mcc propeptides": 0.6977549211683223,
  "residue positives propeptides": 1316,
  "residue total propeptides": 22018,
  "residue roc_auc propeptides": 0.9333693219074322,
  "residue mcc all": 0.6906975663498589,
  "residue positives all": 2094,
  "residue total all": 22018,
  "residue roc_auc all": 0.9283537710731533,
  "loss": 18.91493320465088
}