{
  "precision peptides": 0.36363636363636365,
  "recall peptides": 0.25,
  "f1 peptides": 0.2962962962962963,
  "precision propeptides": 0.4528301886792453,
  "recall propeptides": 0.4528301886792453,
  "f1 propeptides": 0.4528301886792453,
  "precision all": 0.4266666666666667,
  "recall all": 0.3764705882352941,
  "f1 all": 0.39999999999999997
}