{
  "precision peptides": 0.2777777777777778,
  "recall peptides": 0.3225806451612903,
  "f1 peptides": 0.29850746268656714,
  "precision propeptides": 0.6046511627906976,
  "recall propeptides": 0.49056603773584906,
  "f1 propeptides": 0.5416666666666665,
  "precision all": 0.45569620253164556,
  "recall all": 0.42857142857142855,
  "f1 all": 0.4417177914110429,
  "residue mcc peptides": 0.5310329706377389,
  "residue positives peptides": 726,
  "residue total peptides": 22018,
  "residue roc_auc peptides": 0.8517315185568735,
  "residue mcc propeptides": 0.6970095742827286,
  "residue positives propeptides": 1316,
  "residue total propeptides": 22018,
  "residue roc_auc propeptides": 0.3492715892536703,
  "residue mcc all": 0.6628285653328455,
  "residue positives all": 2042,
  "residue total all": 22018,
  "residue roc_auc all": 0.5458628709005164,
  "loss": 20.092846870422363
}