{
  "f1 all": 0.43209876543209874,
  "precision all": 0.44871794871794873,
  "recall all": 0.4166666666666667,
  "f1 peptides": 0.3076923076923077,
  "precision peptides": 0.29411764705882354,
  "recall peptides": 0.3225806451612903,
  "f1 propeptides": 0.5154639175257733,
  "precision propeptides": 0.5681818181818182,
  "recall propeptides": 0.4716981132075472,
  "residue mcc all": 0.6785065580379067,
  "residue positives all": 2051,
  "residue total all": 22018,
  "residue roc_auc all": 0.5435661674527474,
  "residue mcc peptides": 0.5697298006072542,
  "residue positives peptides": 735,
  "residue total peptides": 22018,
  "residue roc_auc peptides": 0.8494367610315281,
  "residue mcc propeptides": 0.6827865060267522,
  "residue positives propeptides": 1316,
  "residue total propeptides": 22018,
  "residue roc_auc propeptides": 0.3449598793591151,
  "loss": 19.895811080932617
}