{
  "precision peptides": 0.2777777777777778,
  "recall peptides": 0.3225806451612903,
  "f1 peptides": 0.29850746268656714,
  "precision propeptides": 0.6046511627906976,
  "recall propeptides": 0.49056603773584906,
  "f1 propeptides": 0.5416666666666665,
  "precision all": 0.45569620253164556,
  "recall all": 0.42857142857142855,
  "f1 all": 0.4417177914110429
}