{
  "precision peptides": 0.29411764705882354,
  "recall peptides": 0.3225806451612903,
  "f1 peptides": 0.3076923076923077,
  "precision propeptides": 0.5681818181818182,
  "recall propeptides": 0.4716981132075472,
  "f1 propeptides": 0.5154639175257733,
  "precision all": 0.44871794871794873,
  "recall all": 0.4166666666666667,
  "f1 all": 0.43209876543209874,
  "residue mcc peptides": 0.5503138901935867,
  "residue positives peptides": 767,
  "residue total peptides": 22018,
  "residue roc_auc peptides": 0.8523316365754887,
  "residue mcc propeptides": 0.6827865060267522,
  "residue positives propeptides": 1316,
  "residue total propeptides": 22018,
  "residue roc_auc propeptides": 0.3449598793591151,
  "residue mcc all": 0.6695345978822868,
  "residue positives all": 2083,
  "residue total all": 22018,
  "residue roc_auc all": 0.5495647700923344,
  "loss": 20.234678268432617
}