{
  "precision peptides": 0.6351531291611185,
  "recall peptides": 0.5665083135391924,
  "f1 peptides": 0.5988700564971752,
  "precision propeptides": 0.5510416666666667,
  "recall propeptides": 0.5047709923664122,
  "f1 propeptides": 0.5268924302788844,
  "precision all": 0.5879602571595558,
  "recall all": 0.5322751322751322,
  "f1 all": 0.5587336850874757
}