{
  "precision peptides": 0.6351531291611185,
  "recall peptides": 0.5665083135391924,
  "f1 peptides": 0.5988700564971752,
  "precision propeptides": 0.5510416666666667,
  "recall propeptides": 0.5047709923664122,
  "f1 propeptides": 0.5268924302788844,
  "precision all": 0.5879602571595558,
  "recall all": 0.5322751322751322,
  "f1 all": 0.5587336850874757,
  "residue mcc peptides": 0.7205632306562025,
  "residue positives peptides": 20456,
  "residue total peptides": 231696,
  "residue roc_auc peptides": 0.8811779956103288,
  "residue mcc propeptides": 0.6902632391944131,
  "residue positives propeptides": 22980,
  "residue total propeptides": 231696,
  "residue roc_auc propeptides": 0.6352535824078229,
  "residue mcc all": 0.7399659809790432,
  "residue positives all": 43436,
  "residue total all": 231696,
  "residue roc_auc all": 0.7968157275579609,
  "loss": 14.369313498338064
}