{
  "precision peptides": 0.3684210526315789,
  "recall peptides": 0.3684210526315789,
  "f1 peptides": 0.3684210526315789,
  "precision propeptides": 0.39473684210526316,
  "recall propeptides": 0.38461538461538464,
  "f1 propeptides": 0.38961038961038963,
  "precision all": 0.38596491228070173,
  "recall all": 0.3793103448275862,
  "f1 all": 0.38260869565217387,
  "residue mcc peptides": 0.6191381966426025,
  "residue positives peptides": 455,
  "residue total peptides": 16493,
  "residue roc_auc peptides": 0.8905430646171387,
  "residue mcc propeptides": 0.6336413023562537,
  "residue positives propeptides": 1027,
  "residue total propeptides": 16493,
  "residue roc_auc propeptides": 0.5387133708252962,
  "residue mcc all": 0.6590116894204089,
  "residue positives all": 1482,
  "residue total all": 16493,
  "residue roc_auc all": 0.6659626620190627,
  "loss": 17.434452056884766
}