{
  "precision peptides": 0.37037037037037035,
  "recall peptides": 0.3125,
  "f1 peptides": 0.3389830508474576,
  "precision propeptides": 0.5625,
  "recall propeptides": 0.5094339622641509,
  "f1 propeptides": 0.5346534653465346,
  "precision all": 0.49333333333333335,
  "recall all": 0.43529411764705883,
  "f1 all": 0.4625,
  "residue mcc peptides": 0.5762615220986672,
  "residue positives peptides": 746,
  "residue total peptides": 22018,
  "residue roc_auc peptides": 0.88352257546075,
  "residue mcc propeptides": 0.7429869534565887,
  "residue positives propeptides": 1316,
  "residue total propeptides": 22018,
  "residue roc_auc propeptides": 0.42835325074681124,
  "residue mcc all": 0.6968235340042183,
  "residue positives all": 2062,
  "residue total all": 22018,
  "residue roc_auc all": 0.6084151743923926,
  "loss": 12.114222526550293
}