{
  "precision peptides": 0.37037037037037035,
  "recall peptides": 0.3125,
  "f1 peptides": 0.3389830508474576,
  "precision propeptides": 0.5510204081632653,
  "recall propeptides": 0.5094339622641509,
  "f1 propeptides": 0.5294117647058822,
  "precision all": 0.4868421052631579,
  "recall all": 0.43529411764705883,
  "f1 all": 0.45962732919254656,
  "residue mcc peptides": 0.5524515751846932,
  "residue positives peptides": 778,
  "residue total peptides": 22018,
  "residue roc_auc peptides": 0.9462625690480686,
  "residue mcc propeptides": 0.7437080042400933,
  "residue positives propeptides": 1316,
  "residue total propeptides": 22018,
  "residue roc_auc propeptides": 0.9600990785730878,
  "residue mcc all": 0.6928764837800778,
  "residue positives all": 2094,
  "residue total all": 22018,
  "residue roc_auc all": 0.9472431126532974,
  "loss": 12.512550354003906
}