{
  "precision peptides": 0.37037037037037035,
  "recall peptides": 0.3125,
  "f1 peptides": 0.3389830508474576,
  "precision propeptides": 0.5625,
  "recall propeptides": 0.5094339622641509,
  "f1 propeptides": 0.5346534653465346,
  "precision all": 0.49333333333333335,
  "recall all": 0.43529411764705883,
  "f1 all": 0.4625,
  "residue mcc peptides": 0.5726921133547836,
  "residue positives peptides": 730,
  "residue total peptides": 22018,
  "residue roc_auc peptides": 0.8825329595939317,
  "residue mcc propeptides": 0.7429869534565887,
  "residue positives propeptides": 1316,
  "residue total propeptides": 22018,
  "residue roc_auc propeptides": 0.42835325074681124,
  "residue mcc all": 0.6957024256544329,
  "residue positives all": 2046,
  "residue total all": 22018,
  "residue roc_auc all": 0.6057239788685587,
  "loss": 12.097198486328125
}