{
  "precision peptides": 0.37037037037037035,
  "recall peptides": 0.3125,
  "f1 peptides": 0.3389830508474576,
  "precision propeptides": 0.5510204081632653,
  "recall propeptides": 0.5094339622641509,
  "f1 propeptides": 0.5294117647058822,
  "precision all": 0.4868421052631579,
  "recall all": 0.43529411764705883,
  "f1 all": 0.45962732919254656
}