{
  "precision peptides": 0.29411764705882354,
  "recall peptides": 0.15625,
  "f1 peptides": 0.20408163265306123,
  "precision propeptides": 0.631578947368421,
  "recall propeptides": 0.21428571428571427,
  "f1 propeptides": 0.32,
  "precision all": 0.4722222222222222,
  "recall all": 0.19318181818181818,
  "f1 all": 0.27419354838709675,
  "residue mcc peptides": 0.43638476837632734,
  "residue positives peptides": 769,
  "residue total peptides": 26008,
  "residue roc_auc peptides": 0.8610026765706325,
  "residue mcc propeptides": 0.5165209003199398,
  "residue positives propeptides": 1412,
  "residue total propeptides": 26008,
  "residue roc_auc propeptides": 0.566203877320387,
  "residue mcc all": 0.5222365260340797,
  "residue positives all": 2181,
  "residue total all": 26008,
  "residue roc_auc all": 0.6858304532671093,
  "loss": 9.211868524551392
}