{
  "precision peptides": 0.1794871794871795,
  "recall peptides": 0.21875,
  "f1 peptides": 0.19718309859154928,
  "precision propeptides": 0.3235294117647059,
  "recall propeptides": 0.19642857142857142,
  "f1 propeptides": 0.2444444444444444,
  "precision all": 0.2465753424657534,
  "recall all": 0.20454545454545456,
  "f1 all": 0.22360248447204967
}