{
  "precision peptides": 0.1794871794871795,
  "recall peptides": 0.21875,
  "f1 peptides": 0.19718309859154928,
  "precision propeptides": 0.3235294117647059,
  "recall propeptides": 0.19642857142857142,
  "f1 propeptides": 0.2444444444444444,
  "precision all": 0.2465753424657534,
  "recall all": 0.20454545454545456,
  "f1 all": 0.22360248447204967,
  "residue mcc peptides": 0.42196418040952643,
  "residue positives peptides": 726,
  "residue total peptides": 26008,
  "residue roc_auc peptides": 0.9225807818931926,
  "residue mcc propeptides": 0.5305040156365898,
  "residue positives propeptides": 1412,
  "residue total propeptides": 26008,
  "residue roc_auc propeptides": 0.9553345375719214,
  "residue mcc all": 0.5212953659689092,
  "residue positives all": 2138,
  "residue total all": 26008,
  "residue roc_auc all": 0.9467428419373258,
  "loss": 10.660335540771484
}