{
  "precision peptides": 0.36,
  "recall peptides": 0.28125,
  "f1 peptides": 0.3157894736842105,
  "precision propeptides": 0.6190476190476191,
  "recall propeptides": 0.49056603773584906,
  "f1 propeptides": 0.5473684210526316,
  "precision all": 0.5223880597014925,
  "recall all": 0.4117647058823529,
  "f1 all": 0.4605263157894737
}