{
  "precision peptides": 0.36,
  "recall peptides": 0.28125,
  "f1 peptides": 0.3157894736842105,
  "precision propeptides": 0.6190476190476191,
  "recall propeptides": 0.49056603773584906,
  "f1 propeptides": 0.5473684210526316,
  "precision all": 0.5223880597014925,
  "recall all": 0.4117647058823529,
  "f1 all": 0.4605263157894737,
  "residue mcc peptides": 0.5280678665732784,
  "residue positives peptides": 778,
  "residue total peptides": 22018,
  "residue roc_auc peptides": 0.8328843998566996,
  "residue mcc propeptides": 0.684650581967692,
  "residue positives propeptides": 1316,
  "residue total propeptides": 22018,
  "residue roc_auc propeptides": 0.3555230776639645,
  "residue mcc all": 0.6689697850319948,
  "residue positives all": 2094,
  "residue total all": 22018,
  "residue roc_auc all": 0.5477698611936438,
  "loss": 20.270084857940674
}