{
  "f1 all": 0.445859872611465,
  "precision all": 0.4861111111111111,
  "recall all": 0.4117647058823529,
  "f1 peptides": 0.3076923076923077,
  "precision peptides": 0.30303030303030304,
  "recall peptides": 0.3125,
  "f1 propeptides": 0.5434782608695652,
  "precision propeptides": 0.6410256410256411,
  "recall propeptides": 0.4716981132075472
}