{
  "precision peptides": 0.30303030303030304,
  "recall peptides": 0.3125,
  "f1 peptides": 0.3076923076923077,
  "precision propeptides": 0.6410256410256411,
  "recall propeptides": 0.4716981132075472,
  "f1 propeptides": 0.5434782608695652,
  "precision all": 0.4861111111111111,
  "recall all": 0.4117647058823529,
  "f1 all": 0.445859872611465,
  "residue mcc peptides": 0.5188648792181909,
  "residue positives peptides": 778,
  "residue total peptides": 22018,
  "residue roc_auc peptides": 0.897443496773319,
  "residue mcc propeptides": 0.6457087172615039,
  "residue positives propeptides": 1316,
  "residue total propeptides": 22018,
  "residue roc_auc propeptides": 0.8760751424395804,
  "residue mcc all": 0.6281239634967162,
  "residue positives all": 2094,
  "residue total all": 22018,
  "residue roc_auc all": 0.9163615434927798,
  "loss": 15.572855472564697
}