{
  "f1 all": 0.4370860927152318,
  "precision all": 0.5,
  "recall all": 0.38823529411764707,
  "f1 peptides": 0.27586206896551724,
  "precision peptides": 0.3076923076923077,
  "recall peptides": 0.25,
  "f1 propeptides": 0.5376344086021505,
  "precision propeptides": 0.625,
  "recall propeptides": 0.4716981132075472,
  "residue mcc all": 0.6510457488688509,
  "residue positives all": 2060,
  "residue total all": 22018,
  "residue roc_auc all": 0.5140119858498964,
  "residue mcc peptides": 0.5445519787243231,
  "residue positives peptides": 744,
  "residue total peptides": 22018,
  "residue roc_auc peptides": 0.8008358491510157,
  "residue mcc propeptides": 0.6444693447334441,
  "residue positives propeptides": 1316,
  "residue total propeptides": 22018,
  "residue roc_auc propeptides": 0.32696892639772557,
  "loss": 15.092520236968994
}