{
  "precision peptides": 0.4,
  "recall peptides": 0.24242424242424243,
  "f1 peptides": 0.30188679245283023,
  "precision propeptides": 0.6829268292682927,
  "recall propeptides": 0.5283018867924528,
  "f1 propeptides": 0.5957446808510638,
  "precision all": 0.5901639344262295,
  "recall all": 0.4186046511627907,
  "f1 all": 0.4897959183673469,
  "residue mcc peptides": 0.5967506574966711,
  "residue positives peptides": 778,
  "residue total peptides": 22018,
  "residue roc_auc peptides": 0.865251967960728,
  "residue mcc propeptides": 0.7288346264754213,
  "residue positives propeptides": 1316,
  "residue total propeptides": 22018,
  "residue roc_auc propeptides": 0.4987911942783967,
  "residue mcc all": 0.7158232146062025,
  "residue positives all": 2094,
  "residue total all": 22018,
  "residue roc_auc all": 0.6544057964678385,
  "loss": 14.51624345779419
}