{
  "precision peptides": 0.4,
  "recall peptides": 0.24242424242424243,
  "f1 peptides": 0.30188679245283023,
  "precision propeptides": 0.6829268292682927,
  "recall propeptides": 0.5283018867924528,
  "f1 propeptides": 0.5957446808510638,
  "precision all": 0.5901639344262295,
  "recall all": 0.4186046511627907,
  "f1 all": 0.4897959183673469
}