run,orig_peptides_precision,orig_peptides_recall,orig_peptides_f1,orig_propeptides_precision,orig_propeptides_recall,orig_propeptides_f1,orig_all_precision,orig_all_recall,orig_all_f1,corr_peptides_precision,corr_peptides_recall,corr_peptides_f1,corr_propeptides_precision,corr_propeptides_recall,corr_propeptides_f1,corr_all_precision,corr_all_recall,corr_all_f1
esmc6b_boundary_bond,0.658494,0.652778,0.655623,0.77512,0.572438,0.658537,0.71422,0.608492,0.657131,0.674185,0.707274,0.690334,0.775763,0.574558,0.660171,0.721604,0.633803,0.674859
train_run_esm2,0.648649,0.565445,0.604196,0.633463,0.587726,0.609738,0.640105,0.577637,0.607269,0.657227,0.589833,0.621709,0.63908,0.602166,0.620074,0.647059,0.596595,0.620803
esmc_6b,0.52568,0.604692,0.562424,0.613363,0.577385,0.594831,0.569654,0.589634,0.579471,0.538913,0.643295,0.586496,0.621602,0.59788,0.60951,0.580242,0.618153,0.598598
