{
  "f1 all": 0.5076923076923077,
  "precision all": 0.717391304347826,
  "recall all": 0.39285714285714285,
  "f1 peptides": 0.31999999999999995,
  "precision peptides": 0.42105263157894735,
  "recall peptides": 0.25806451612903225,
  "f1 propeptides": 0.625,
  "precision propeptides": 0.9259259259259259,
  "recall propeptides": 0.4716981132075472,
}