{
  "precision peptides": 0.42105263157894735,
  "recall peptides": 0.25806451612903225,
  "f1 peptides": 0.31999999999999995,
  "precision propeptides": 0.9259259259259259,
  "recall propeptides": 0.4716981132075472,
  "f1 propeptides": 0.625,
  "precision all": 0.717391304347826,
  "recall all": 0.39285714285714285,
  "f1 all": 0.5076923076923077,
  "residue mcc peptides": 0.4682339122596884,
  "residue positives peptides": 778,
  "residue total peptides": 22018,
  "residue roc_auc peptides": 0.7548015942176327,
  "residue mcc propeptides": 0.65773480878814,
  "residue positives propeptides": 1316,
  "residue total propeptides": 22018,
  "residue roc_auc propeptides": 0.6830679142346788,
  "residue mcc all": 0.6107070160089042,
  "residue positives all": 2094,
  "residue total all": 22018,
  "residue roc_auc all": 0.7170634154773813,
  "loss": 16.900163650512695
}