{
  "precision peptides": 0.42105263157894735,
  "recall peptides": 0.25806451612903225,
  "f1 peptides": 0.31999999999999995,
  "precision propeptides": 0.9259259259259259,
  "recall propeptides": 0.4716981132075472,
  "f1 propeptides": 0.625,
  "precision all": 0.717391304347826,
  "recall all": 0.39285714285714285,
  "f1 all": 0.5076923076923077,
  "residue mcc peptides": 0.47407535752989705,
  "residue positives peptides": 786,
  "residue total peptides": 22018,
  "residue roc_auc peptides": 0.5057200375447498,
  "residue mcc propeptides": 0.65773480878814,
  "residue positives propeptides": 1316,
  "residue total propeptides": 22018,
  "residue roc_auc propeptides": 0.22038949953883138,
  "residue mcc all": 0.6129297426456474,
  "residue positives all": 2102,
  "residue total all": 22018,
  "residue roc_auc all": 0.33147141400160407,
  "loss": 16.783443450927734
}