{
  "precision peptides": 0.5263157894736842,
  "recall peptides": 0.30303030303030304,
  "f1 peptides": 0.38461538461538464,
  "precision propeptides": 0.6923076923076923,
  "recall propeptides": 0.5094339622641509,
  "f1 propeptides": 0.5869565217391305,
  "precision all": 0.6379310344827587,
  "recall all": 0.43023255813953487,
  "f1 all": 0.5138888888888888,
  "residue mcc peptides": 0.618545610728018,
  "residue positives peptides": 778,
  "residue total peptides": 22018,
  "residue roc_auc peptides": 0.9293971093004904,
  "residue mcc propeptides": 0.730090800514505,
  "residue positives propeptides": 1316,
  "residue total propeptides": 22018,
  "residue roc_auc propeptides": 0.9531389343466807,
  "residue mcc all": 0.7153442266988532,
  "residue positives all": 2094,
  "residue total all": 22018,
  "residue roc_auc all": 0.9397550472118789,
  "loss": 13.61433458328247
}