{
  "f1 all": 0.5138888888888888,
  "precision all": 0.6379310344827587,
  "recall all": 0.43023255813953487,
  "f1 peptides": 0.38461538461538464,
  "precision peptides": 0.5263157894736842,
  "recall peptides": 0.30303030303030304,
  "f1 propeptides": 0.5869565217391305,
  "precision propeptides": 0.6923076923076923,
  "recall propeptides": 0.5094339622641509
}