{
  "f1 all": 0.5277777777777777,
  "precision all": 0.6551724137931034,
  "recall all": 0.4418604651162791,
  "f1 peptides": 0.43137254901960786,
  "precision peptides": 0.6111111111111112,
  "recall peptides": 0.3333333333333333,
  "f1 propeptides": 0.5806451612903226,
  "precision propeptides": 0.675,
  "recall propeptides": 0.5094339622641509,
  "residue mcc all": 0.7198652932270037,
  "residue positives all": 2088,
  "residue total all": 22018,
  "residue roc_auc all": 0.603696486553512,
  "residue mcc peptides": 0.622320140094257,
  "residue positives peptides": 772,
  "residue total peptides": 22018,
  "residue roc_auc peptides": 0.8734205195101645,
  "residue mcc propeptides": 0.7424659714445179,
  "residue positives propeptides": 1316,
  "residue total propeptides": 22018,
  "residue roc_auc propeptides": 0.4208053771583968,
  "loss": 13.50149393081665
}