{
  "precision peptides": 0.6111111111111112,
  "recall peptides": 0.3333333333333333,
  "f1 peptides": 0.43137254901960786,
  "precision propeptides": 0.675,
  "recall propeptides": 0.5094339622641509,
  "f1 propeptides": 0.5806451612903226,
  "precision all": 0.6551724137931034,
  "recall all": 0.4418604651162791,
  "f1 all": 0.5277777777777777,
  "residue mcc peptides": 0.6334642148274235,
  "residue positives peptides": 731,
  "residue total peptides": 22018,
  "residue roc_auc peptides": 0.8724227621502934,
  "residue mcc propeptides": 0.7424659714445179,
  "residue positives propeptides": 1316,
  "residue total propeptides": 22018,
  "residue roc_auc propeptides": 0.4208053771583968,
  "residue mcc all": 0.7254838250905593,
  "residue positives all": 2047,
  "residue total all": 22018,
  "residue roc_auc all": 0.5973389308977743,
  "loss": 13.150404453277588
}