{
  "precision peptides": 0.47368421052631576,
  "recall peptides": 0.2727272727272727,
  "f1 peptides": 0.34615384615384615,
  "precision propeptides": 0.6078431372549019,
  "recall propeptides": 0.5166666666666667,
  "f1 propeptides": 0.5585585585585585,
  "precision all": 0.5714285714285714,
  "recall all": 0.43010752688172044,
  "f1 all": 0.49079754601226994,
  "residue mcc peptides": 0.5882691224672262,
  "residue positives peptides": 712,
  "residue total peptides": 32854,
  "residue roc_auc peptides": 0.8506621381314238,
  "residue mcc propeptides": 0.7234305519019258,
  "residue positives propeptides": 1500,
  "residue total propeptides": 32854,
  "residue roc_auc propeptides": 0.5994209351278943,
  "residue mcc all": 0.7072835588447343,
  "residue positives all": 2212,
  "residue total all": 32854,
  "residue roc_auc all": 0.6945187410748145,
  "loss": 12.288592338562012
}