{
  "f1 all": 0.5030674846625767,
  "precision all": 0.5857142857142857,
  "recall all": 0.44086021505376344,
  "f1 peptides": 0.34615384615384615,
  "precision peptides": 0.47368421052631576,
  "recall peptides": 0.2727272727272727,
  "f1 propeptides": 0.5765765765765766,
  "precision propeptides": 0.6274509803921569,
  "recall propeptides": 0.5333333333333333
}