{
  "precision peptides": 0.47368421052631576,
  "recall peptides": 0.2727272727272727,
  "f1 peptides": 0.34615384615384615,
  "precision propeptides": 0.6274509803921569,
  "recall propeptides": 0.5333333333333333,
  "f1 propeptides": 0.5765765765765766,
  "precision all": 0.5857142857142857,
  "recall all": 0.44086021505376344,
  "f1 all": 0.5030674846625767,
  "residue mcc peptides": 0.5888336893898917,
  "residue positives peptides": 778,
  "residue total peptides": 32854,
  "residue roc_auc peptides": 0.8576032549302092,
  "residue mcc propeptides": 0.7155049080524852,
  "residue positives propeptides": 1500,
  "residue total propeptides": 32854,
  "residue roc_auc propeptides": 0.5913578809721248,
  "residue mcc all": 0.6951648148651123,
  "residue positives all": 2278,
  "residue total all": 32854,
  "residue roc_auc all": 0.6968614297039137,
  "loss": 12.300545692443848
}