{
  "precision peptides": 0.3225806451612903,
  "recall peptides": 0.3125,
  "f1 peptides": 0.3174603174603175,
  "precision propeptides": 0.5853658536585366,
  "recall propeptides": 0.4528301886792453,
  "f1 propeptides": 0.5106382978723404,
  "precision all": 0.4722222222222222,
  "recall all": 0.4,
  "f1 all": 0.4331210191082802,
  "residue mcc peptides": 0.5527799645542206,
  "residue positives peptides": 731,
  "residue total peptides": 22018,
  "residue roc_auc peptides": 0.8959161282034591,
  "residue mcc propeptides": 0.7343274838090067,
  "residue positives propeptides": 1316,
  "residue total propeptides": 22018,
  "residue roc_auc propeptides": 0.5334526178255687,
  "residue mcc all": 0.7002711505484427,
  "residue positives all": 2047,
  "residue total all": 22018,
  "residue roc_auc all": 0.6799139039834433,
  "loss": 16.51201343536377
}