{
  "precision peptides": 0.3225806451612903,
  "recall peptides": 0.3125,
  "f1 peptides": 0.3174603174603175,
  "precision propeptides": 0.5853658536585366,
  "recall propeptides": 0.4528301886792453,
  "f1 propeptides": 0.5106382978723404,
  "precision all": 0.4722222222222222,
  "recall all": 0.4,
  "f1 all": 0.4331210191082802
}