{
  "precision peptides": 0.5,
  "recall peptides": 0.18181818181818182,
  "f1 peptides": 0.26666666666666666,
  "precision propeptides": 0.6097560975609756,
  "recall propeptides": 0.4716981132075472,
  "f1 propeptides": 0.5319148936170213,
  "precision all": 0.5849056603773585,
  "recall all": 0.36046511627906974,
  "f1 all": 0.4460431654676259,
  "residue mcc peptides": 0.6114259574187593,
  "residue positives peptides": 731,
  "residue total peptides": 22018,
  "residue roc_auc peptides": 0.8623756225339871,
  "residue mcc propeptides": 0.6862704920684076,
  "residue positives propeptides": 1316,
  "residue total propeptides": 22018,
  "residue roc_auc propeptides": 0.3333502056538889,
  "residue mcc all": 0.6723637529568027,
  "residue positives all": 2047,
  "residue total all": 22018,
  "residue roc_auc all": 0.5399480688131156,
  "loss": 13.144373416900635
}