{
  "precision peptides": 0.5,
  "recall peptides": 0.18181818181818182,
  "f1 peptides": 0.26666666666666666,
  "precision propeptides": 0.6097560975609756,
  "recall propeptides": 0.4716981132075472,
  "f1 propeptides": 0.5319148936170213,
  "precision all": 0.5849056603773585,
  "recall all": 0.36046511627906974,
  "f1 all": 0.4460431654676259
}